<?xml version="1.0" encoding="UTF-8"?>
<gpx version="1.1" creator="AIS-to-GPX Converter" xmlns="http://www.topografix.com/GPX/1/1">
                <trk>
                    <name>anon0446</name>
                    <trkseg>
                                            <trkpt lat="54.555535" lon="10.519095">
                        <ele>0</ele>
                        <time>2022-08-18T12:19:48Z</time>
                                                <extensions>
                            <sog>14.4</sog>
<cog>245.6</cog>
                        </extensions>
                    </trkpt>
                    <trkpt lat="54.553403333333335" lon="10.510916666666667">
                        <ele>0</ele>
                        <time>2022-08-18T12:21:06Z</time>
                                                <extensions>
                            <sog>14.4</sog>
<cog>246.2</cog>
                        </extensions>
                    </trkpt>
                    <trkpt lat="54.55275166666667" lon="10.508398333333334">
                        <ele>0</ele>
                        <time>2022-08-18T12:21:31Z</time>
                                                <extensions>
                            <sog>14.4</sog>
<cog>245.8</cog>
                        </extensions>
                    </trkpt>
                    <trkpt lat="54.55258833333333" lon="10.507769999999999">
                        <ele>0</ele>
                        <time>2022-08-18T12:21:37Z</time>
                                                <extensions>
                            <sog>14.4</sog>
<cog>245.6</cog>
                        </extensions>
                    </trkpt>
                    <trkpt lat="54.55242333333333" lon="10.507141666666666">
                        <ele>0</ele>
                        <time>2022-08-18T12:21:42Z</time>
                                                <extensions>
                            <sog>14.4</sog>
<cog>245.6</cog>
                        </extensions>
                    </trkpt>
                    <trkpt lat="54.551651666666665" lon="10.504093333333334">
                        <ele>0</ele>
                        <time>2022-08-18T12:22:12Z</time>
                                                <extensions>
                            <sog>14.4</sog>
<cog>247.2</cog>
                        </extensions>
                    </trkpt>
                    <trkpt lat="54.550245000000004" lon="10.498291666666667">
                        <ele>0</ele>
                        <time>2022-08-18T12:23:06Z</time>
                                                <extensions>
                            <sog>14.3</sog>
<cog>247.4</cog>
                        </extensions>
                    </trkpt>
                    <trkpt lat="54.55011833333333" lon="10.497766666666667">
                        <ele>0</ele>
                        <time>2022-08-18T12:23:12Z</time>
                                                <extensions>
                            <sog>14.2</sog>
<cog>247.4</cog>
                        </extensions>
                    </trkpt>
                    <trkpt lat="54.54507833333333" lon="10.476771666666668">
                        <ele>0</ele>
                        <time>2022-08-18T12:26:37Z</time>
                                                <extensions>
                            <sog>13.7</sog>
<cog>247.5</cog>
                        </extensions>
                    </trkpt>
                    <trkpt lat="54.54364333333333" lon="10.47073">
                        <ele>0</ele>
                        <time>2022-08-18T12:27:37Z</time>
                                                <extensions>
                            <sog>13.6</sog>
<cog>247.8</cog>
                        </extensions>
                    </trkpt>
                    <trkpt lat="54.542785" lon="10.467115">
                        <ele>0</ele>
                        <time>2022-08-18T12:28:12Z</time>
                                                <extensions>
                            <sog>13.6</sog>
<cog>247.7</cog>
                        </extensions>
                    </trkpt>
                    <trkpt lat="54.54222" lon="10.464705">
                        <ele>0</ele>
                        <time>2022-08-18T12:28:37Z</time>
                                                <extensions>
                            <sog>13.6</sog>
<cog>247.8</cog>
                        </extensions>
                    </trkpt>
                    <trkpt lat="54.54151" lon="10.461698333333334">
                        <ele>0</ele>
                        <time>2022-08-18T12:29:07Z</time>
                                                <extensions>
                            <sog>13.7</sog>
<cog>247.9</cog>
                        </extensions>
                    </trkpt>
                    <trkpt lat="54.54080333333333" lon="10.458691666666665">
                        <ele>0</ele>
                        <time>2022-08-18T12:29:37Z</time>
                                                <extensions>
                            <sog>13.5</sog>
<cog>247.8</cog>
                        </extensions>
                    </trkpt>
                    <trkpt lat="54.53639" lon="10.439588333333335">
                        <ele>0</ele>
                        <time>2022-08-18T12:32:46Z</time>
                                                <extensions>
                            <sog>13.6</sog>
<cog>248.4</cog>
                        </extensions>
                    </trkpt>
                    <trkpt lat="54.53156166666667" lon="10.419701666666667">
                        <ele>0</ele>
                        <time>2022-08-18T12:36:06Z</time>
                                                <extensions>
                            <sog>13.4</sog>
<cog>246.8</cog>
                        </extensions>
                    </trkpt>
                    <trkpt lat="54.530795" lon="10.41665">
                        <ele>0</ele>
                        <time>2022-08-18T12:36:37Z</time>
                                                <extensions>
                            <sog>13.5</sog>
<cog>246.4</cog>
                        </extensions>
                    </trkpt>
                    <trkpt lat="54.53032833333334" lon="10.41478">
                        <ele>0</ele>
                        <time>2022-08-18T12:36:56Z</time>
                                                <extensions>
                            <sog>13.4</sog>
<cog>246.9</cog>
                        </extensions>
                    </trkpt>
                    <trkpt lat="54.53008333333333" lon="10.413795">
                        <ele>0</ele>
                        <time>2022-08-18T12:37:06Z</time>
                                                <extensions>
                            <sog>13.5</sog>
<cog>246.8</cog>
                        </extensions>
                    </trkpt>
                    <trkpt lat="54.529331666666664" lon="10.410743333333333">
                        <ele>0</ele>
                        <time>2022-08-18T12:37:37Z</time>
                                                <extensions>
                            <sog>13.4</sog>
<cog>246.9</cog>
                        </extensions>
                    </trkpt>
                    <trkpt lat="54.52887166666667" lon="10.408876666666666">
                        <ele>0</ele>
                        <time>2022-08-18T12:37:56Z</time>
                                                <extensions>
                            <sog>13.4</sog>
<cog>247.1</cog>
                        </extensions>
                    </trkpt>
                    <trkpt lat="54.52863166666667" lon="10.407895">
                        <ele>0</ele>
                        <time>2022-08-18T12:38:06Z</time>
                                                <extensions>
                            <sog>13.4</sog>
<cog>247.4</cog>
                        </extensions>
                    </trkpt>
                    <trkpt lat="54.52836833333333" lon="10.406815">
                        <ele>0</ele>
                        <time>2022-08-18T12:38:17Z</time>
                                                <extensions>
                            <sog>13.3</sog>
<cog>247.0</cog>
                        </extensions>
                    </trkpt>
                    <trkpt lat="54.52789" lon="10.404855">
                        <ele>0</ele>
                        <time>2022-08-18T12:38:37Z</time>
                                                <extensions>
                            <sog>13.3</sog>
<cog>247.2</cog>
                        </extensions>
                    </trkpt>
                    <trkpt lat="54.52743833333333" lon="10.402993333333335">
                        <ele>0</ele>
                        <time>2022-08-18T12:38:56Z</time>
                                                <extensions>
                            <sog>13.3</sog>
<cog>247.0</cog>
                        </extensions>
                    </trkpt>
                    <trkpt lat="54.52719666666667" lon="10.402011666666668">
                        <ele>0</ele>
                        <time>2022-08-18T12:39:06Z</time>
                                                <extensions>
                            <sog>13.4</sog>
<cog>247.1</cog>
                        </extensions>
                    </trkpt>
                    <trkpt lat="54.52693333333333" lon="10.400928333333333">
                        <ele>0</ele>
                        <time>2022-08-18T12:39:17Z</time>
                                                <extensions>
                            <sog>13.4</sog>
<cog>247.1</cog>
                        </extensions>
                    </trkpt>
                    <trkpt lat="54.526716666666665" lon="10.400043333333334">
                        <ele>0</ele>
                        <time>2022-08-18T12:39:26Z</time>
                                                <extensions>
                            <sog>13.4</sog>
<cog>247.5</cog>
                        </extensions>
                    </trkpt>
                    <trkpt lat="54.52650166666667" lon="10.399156666666666">
                        <ele>0</ele>
                        <time>2022-08-18T12:39:36Z</time>
                                                <extensions>
                            <sog>13.3</sog>
<cog>247.6</cog>
                        </extensions>
                    </trkpt>
                    <trkpt lat="54.52623833333334" lon="10.398076666666666">
                        <ele>0</ele>
                        <time>2022-08-18T12:39:46Z</time>
                                                <extensions>
                            <sog>13.3</sog>
<cog>247.1</cog>
                        </extensions>
                    </trkpt>
                    <trkpt lat="54.525999999999996" lon="10.397093333333334">
                        <ele>0</ele>
                        <time>2022-08-18T12:39:56Z</time>
                                                <extensions>
                            <sog>13.4</sog>
<cog>247.0</cog>
                        </extensions>
                    </trkpt>
                    <trkpt lat="54.5255" lon="10.395025">
                        <ele>0</ele>
                        <time>2022-08-18T12:40:17Z</time>
                                                <extensions>
                            <sog>13.4</sog>
<cog>247.5</cog>
                        </extensions>
                    </trkpt>
                    <trkpt lat="54.525286666666666" lon="10.39414">
                        <ele>0</ele>
                        <time>2022-08-18T12:40:26Z</time>
                                                <extensions>
                            <sog>13.4</sog>
<cog>247.3</cog>
                        </extensions>
                    </trkpt>
                    <trkpt lat="54.52507166666667" lon="10.393256666666668">
                        <ele>0</ele>
                        <time>2022-08-18T12:40:36Z</time>
                                                <extensions>
                            <sog>13.3</sog>
<cog>247.3</cog>
                        </extensions>
                    </trkpt>
                    <trkpt lat="54.52457666666667" lon="10.391195000000002">
                        <ele>0</ele>
                        <time>2022-08-18T12:40:56Z</time>
                                                <extensions>
                            <sog>13.3</sog>
<cog>247.6</cog>
                        </extensions>
                    </trkpt>
                    <trkpt lat="54.52434" lon="10.390213333333332">
                        <ele>0</ele>
                        <time>2022-08-18T12:41:06Z</time>
                                                <extensions>
                            <sog>13.3</sog>
<cog>247.4</cog>
                        </extensions>
                    </trkpt>
                    <trkpt lat="54.52365333333333" lon="10.387376666666666">
                        <ele>0</ele>
                        <time>2022-08-18T12:41:36Z</time>
                                                <extensions>
                            <sog>13.3</sog>
<cog>247.8</cog>
                        </extensions>
                    </trkpt>
                    <trkpt lat="54.52316333333333" lon="10.38532">
                        <ele>0</ele>
                        <time>2022-08-18T12:41:56Z</time>
                                                <extensions>
                            <sog>13.2</sog>
<cog>247.5</cog>
                        </extensions>
                    </trkpt>
                    <trkpt lat="54.52292833333333" lon="10.384341666666668">
                        <ele>0</ele>
                        <time>2022-08-18T12:42:06Z</time>
                                                <extensions>
                            <sog>13.3</sog>
<cog>247.0</cog>
                        </extensions>
                    </trkpt>
                    <trkpt lat="54.52245333333334" lon="10.382388333333333">
                        <ele>0</ele>
                        <time>2022-08-18T12:42:26Z</time>
                                                <extensions>
                            <sog>13.3</sog>
<cog>247.3</cog>
                        </extensions>
                    </trkpt>
                    <trkpt lat="54.522241666666666" lon="10.381509999999999">
                        <ele>0</ele>
                        <time>2022-08-18T12:42:36Z</time>
                                                <extensions>
                            <sog>13.3</sog>
<cog>247.4</cog>
                        </extensions>
                    </trkpt>
                    <trkpt lat="54.52195833333334" lon="10.380333333333335">
                        <ele>0</ele>
                        <time>2022-08-18T12:42:47Z</time>
                                                <extensions>
                            <sog>13.3</sog>
<cog>247.3</cog>
                        </extensions>
                    </trkpt>
                    <trkpt lat="54.521719999999995" lon="10.379358333333332">
                        <ele>0</ele>
                        <time>2022-08-18T12:42:57Z</time>
                                                <extensions>
                            <sog>13.3</sog>
<cog>247.0</cog>
                        </extensions>
                    </trkpt>
                    <trkpt lat="54.52153" lon="10.378578333333333">
                        <ele>0</ele>
                        <time>2022-08-18T12:43:06Z</time>
                                                <extensions>
                            <sog>13.3</sog>
<cog>247.2</cog>
                        </extensions>
                    </trkpt>
                    <trkpt lat="54.52103" lon="10.376526666666667">
                        <ele>0</ele>
                        <time>2022-08-18T12:43:26Z</time>
                                                <extensions>
                            <sog>13.2</sog>
<cog>247.4</cog>
                        </extensions>
                    </trkpt>
                    <trkpt lat="54.52082" lon="10.375646666666666">
                        <ele>0</ele>
                        <time>2022-08-18T12:43:36Z</time>
                                                <extensions>
                            <sog>13.3</sog>
<cog>247.6</cog>
                        </extensions>
                    </trkpt>
                    <trkpt lat="54.520538333333334" lon="10.374471666666667">
                        <ele>0</ele>
                        <time>2022-08-18T12:43:47Z</time>
                                                <extensions>
                            <sog>13.3</sog>
<cog>247.5</cog>
                        </extensions>
                    </trkpt>
                    <trkpt lat="54.52030333333333" lon="10.373493333333332">
                        <ele>0</ele>
                        <time>2022-08-18T12:43:57Z</time>
                                                <extensions>
                            <sog>13.2</sog>
<cog>247.6</cog>
                        </extensions>
                    </trkpt>
                    <trkpt lat="54.52011666666667" lon="10.372711666666667">
                        <ele>0</ele>
                        <time>2022-08-18T12:44:06Z</time>
                                                <extensions>
                            <sog>13.2</sog>
<cog>247.6</cog>
                        </extensions>
                    </trkpt>
                    <trkpt lat="54.51962666666667" lon="10.370656666666667">
                        <ele>0</ele>
                        <time>2022-08-18T12:44:26Z</time>
                                                <extensions>
                            <sog>13.3</sog>
<cog>247.6</cog>
                        </extensions>
                    </trkpt>
                    <trkpt lat="54.51936833333333" lon="10.369581666666667">
                        <ele>0</ele>
                        <time>2022-08-18T12:44:37Z</time>
                                                <extensions>
                            <sog>13.3</sog>
<cog>247.4</cog>
                        </extensions>
                    </trkpt>
                    <trkpt lat="54.519130000000004" lon="10.368605">
                        <ele>0</ele>
                        <time>2022-08-18T12:44:47Z</time>
                                                <extensions>
                            <sog>13.3</sog>
<cog>246.9</cog>
                        </extensions>
                    </trkpt>
                    <trkpt lat="54.51888666666667" lon="10.36763">
                        <ele>0</ele>
                        <time>2022-08-18T12:44:57Z</time>
                                                <extensions>
                            <sog>13.3</sog>
<cog>246.6</cog>
                        </extensions>
                    </trkpt>
                    <trkpt lat="54.51869" lon="10.36685">
                        <ele>0</ele>
                        <time>2022-08-18T12:45:06Z</time>
                                                <extensions>
                            <sog>13.3</sog>
<cog>246.7</cog>
                        </extensions>
                    </trkpt>
                    <trkpt lat="54.51844666666667" lon="10.365871666666667">
                        <ele>0</ele>
                        <time>2022-08-18T12:45:16Z</time>
                                                <extensions>
                            <sog>13.4</sog>
<cog>246.5</cog>
                        </extensions>
                    </trkpt>
                    <trkpt lat="54.51817333333334" lon="10.364798333333333">
                        <ele>0</ele>
                        <time>2022-08-18T12:45:26Z</time>
                                                <extensions>
                            <sog>13.4</sog>
<cog>246.1</cog>
                        </extensions>
                    </trkpt>
                    <trkpt lat="54.51789333333333" lon="10.363728333333334">
                        <ele>0</ele>
                        <time>2022-08-18T12:45:37Z</time>
                                                <extensions>
                            <sog>13.4</sog>
<cog>245.4</cog>
                        </extensions>
                    </trkpt>
                    <trkpt lat="54.51763166666667" lon="10.362753333333334">
                        <ele>0</ele>
                        <time>2022-08-18T12:45:47Z</time>
                                                <extensions>
                            <sog>13.5</sog>
<cog>245.2</cog>
                        </extensions>
                    </trkpt>
                    <trkpt lat="54.517156666666665" lon="10.360988333333333">
                        <ele>0</ele>
                        <time>2022-08-18T12:46:06Z</time>
                                                <extensions>
                            <sog>13.6</sog>
<cog>245.5</cog>
                        </extensions>
                    </trkpt>
                    <trkpt lat="54.516895" lon="10.360003333333333">
                        <ele>0</ele>
                        <time>2022-08-18T12:46:16Z</time>
                                                <extensions>
                            <sog>13.6</sog>
<cog>245.5</cog>
                        </extensions>
                    </trkpt>
                    <trkpt lat="54.51660833333334" lon="10.358920000000001">
                        <ele>0</ele>
                        <time>2022-08-18T12:46:26Z</time>
                                                <extensions>
                            <sog>13.5</sog>
<cog>245.7</cog>
                        </extensions>
                    </trkpt>
                    <trkpt lat="54.516055" lon="10.356856666666665">
                        <ele>0</ele>
                        <time>2022-08-18T12:46:47Z</time>
                                                <extensions>
                            <sog>13.6</sog>
<cog>245.1</cog>
                        </extensions>
                    </trkpt>
                    <trkpt lat="54.51578833333333" lon="10.355875">
                        <ele>0</ele>
                        <time>2022-08-18T12:46:57Z</time>
                                                <extensions>
                            <sog>13.6</sog>
<cog>244.9</cog>
                        </extensions>
                    </trkpt>
                    <trkpt lat="54.51557666666667" lon="10.355089999999999">
                        <ele>0</ele>
                        <time>2022-08-18T12:47:06Z</time>
                                                <extensions>
                            <sog>13.6</sog>
<cog>245.0</cog>
                        </extensions>
                    </trkpt>
                    <trkpt lat="54.51531333333333" lon="10.354105">
                        <ele>0</ele>
                        <time>2022-08-18T12:47:16Z</time>
                                                <extensions>
                            <sog>13.6</sog>
<cog>245.4</cog>
                        </extensions>
                    </trkpt>
                    <trkpt lat="54.51502833333333" lon="10.353019999999999">
                        <ele>0</ele>
                        <time>2022-08-18T12:47:26Z</time>
                                                <extensions>
                            <sog>13.6</sog>
<cog>245.6</cog>
                        </extensions>
                    </trkpt>
                    <trkpt lat="54.514739999999996" lon="10.35194">
                        <ele>0</ele>
                        <time>2022-08-18T12:47:37Z</time>
                                                <extensions>
                            <sog>13.6</sog>
<cog>245.4</cog>
                        </extensions>
                    </trkpt>
                    <trkpt lat="54.514215" lon="10.349978333333333">
                        <ele>0</ele>
                        <time>2022-08-18T12:47:57Z</time>
                                                <extensions>
                            <sog>13.6</sog>
<cog>245.1</cog>
                        </extensions>
                    </trkpt>
                    <trkpt lat="54.514003333333335" lon="10.349191666666666">
                        <ele>0</ele>
                        <time>2022-08-18T12:48:06Z</time>
                                                <extensions>
                            <sog>13.6</sog>
<cog>245.2</cog>
                        </extensions>
                    </trkpt>
                    <trkpt lat="54.51374" lon="10.348205">
                        <ele>0</ele>
                        <time>2022-08-18T12:48:16Z</time>
                                                <extensions>
                            <sog>13.6</sog>
<cog>245.3</cog>
                        </extensions>
                    </trkpt>
                    <trkpt lat="54.51345166666667" lon="10.347121666666668">
                        <ele>0</ele>
                        <time>2022-08-18T12:48:26Z</time>
                                                <extensions>
                            <sog>13.6</sog>
<cog>245.1</cog>
                        </extensions>
                    </trkpt>
                    <trkpt lat="54.51316" lon="10.346038333333333">
                        <ele>0</ele>
                        <time>2022-08-18T12:48:37Z</time>
                                                <extensions>
                            <sog>13.6</sog>
<cog>244.9</cog>
                        </extensions>
                    </trkpt>
                    <trkpt lat="54.512895" lon="10.345058333333332">
                        <ele>0</ele>
                        <time>2022-08-18T12:48:47Z</time>
                                                <extensions>
                            <sog>13.6</sog>
<cog>244.8</cog>
                        </extensions>
                    </trkpt>
                    <trkpt lat="54.51242333333333" lon="10.343301666666667">
                        <ele>0</ele>
                        <time>2022-08-18T12:49:06Z</time>
                                                <extensions>
                            <sog>13.4</sog>
<cog>245.1</cog>
                        </extensions>
                    </trkpt>
                    <trkpt lat="54.51159500000001" lon="10.340208333333333">
                        <ele>0</ele>
                        <time>2022-08-18T12:49:37Z</time>
                                                <extensions>
                            <sog>13.3</sog>
<cog>245.1</cog>
                        </extensions>
                    </trkpt>
                    <trkpt lat="54.51136333333333" lon="10.339341666666666">
                        <ele>0</ele>
                        <time>2022-08-18T12:49:46Z</time>
                                                <extensions>
                            <sog>13.3</sog>
<cog>245.3</cog>
                        </extensions>
                    </trkpt>
                    <trkpt lat="54.51088" lon="10.3375">
                        <ele>0</ele>
                        <time>2022-08-18T12:50:05Z</time>
                                                <extensions>
                            <sog>13.4</sog>
<cog>245.6</cog>
                        </extensions>
                    </trkpt>
                    <trkpt lat="54.510623333333335" lon="10.336528333333332">
                        <ele>0</ele>
                        <time>2022-08-18T12:50:16Z</time>
                                                <extensions>
                            <sog>13.4</sog>
<cog>245.4</cog>
                        </extensions>
                    </trkpt>
                    <trkpt lat="54.51033666666667" lon="10.335460000000001">
                        <ele>0</ele>
                        <time>2022-08-18T12:50:26Z</time>
                                                <extensions>
                            <sog>13.4</sog>
<cog>244.9</cog>
                        </extensions>
                    </trkpt>
                    <trkpt lat="54.51007333333334" lon="10.334485">
                        <ele>0</ele>
                        <time>2022-08-18T12:50:36Z</time>
                                                <extensions>
                            <sog>13.5</sog>
<cog>245.1</cog>
                        </extensions>
                    </trkpt>
                    <trkpt lat="54.50981" lon="10.333505">
                        <ele>0</ele>
                        <time>2022-08-18T12:50:46Z</time>
                                                <extensions>
                            <sog>13.5</sog>
<cog>245.3</cog>
                        </extensions>
                    </trkpt>
                    <trkpt lat="54.50952333333333" lon="10.332423333333333">
                        <ele>0</ele>
                        <time>2022-08-18T12:50:57Z</time>
                                                <extensions>
                            <sog>13.6</sog>
<cog>245.4</cog>
                        </extensions>
                    </trkpt>
                    <trkpt lat="54.50931333333333" lon="10.331635">
                        <ele>0</ele>
                        <time>2022-08-18T12:51:05Z</time>
                                                <extensions>
                            <sog>13.6</sog>
<cog>245.5</cog>
                        </extensions>
                    </trkpt>
                    <trkpt lat="54.50905" lon="10.330646666666667">
                        <ele>0</ele>
                        <time>2022-08-18T12:51:16Z</time>
                                                <extensions>
                            <sog>13.7</sog>
<cog>245.0</cog>
                        </extensions>
                    </trkpt>
                    <trkpt lat="54.508754999999994" lon="10.329558333333333">
                        <ele>0</ele>
                        <time>2022-08-18T12:51:26Z</time>
                                                <extensions>
                            <sog>13.8</sog>
<cog>244.9</cog>
                        </extensions>
                    </trkpt>
                    <trkpt lat="54.50822" lon="10.32756">
                        <ele>0</ele>
                        <time>2022-08-18T12:51:46Z</time>
                                                <extensions>
                            <sog>13.9</sog>
<cog>245.7</cog>
                        </extensions>
                    </trkpt>
                    <trkpt lat="54.507925" lon="10.326451666666665">
                        <ele>0</ele>
                        <time>2022-08-18T12:51:57Z</time>
                                                <extensions>
                            <sog>13.9</sog>
<cog>245.2</cog>
                        </extensions>
                    </trkpt>
                    <trkpt lat="54.50770833333333" lon="10.32565">
                        <ele>0</ele>
                        <time>2022-08-18T12:52:05Z</time>
                                                <extensions>
                            <sog>13.8</sog>
<cog>244.9</cog>
                        </extensions>
                    </trkpt>
                    <trkpt lat="54.50743833333333" lon="10.324651666666666">
                        <ele>0</ele>
                        <time>2022-08-18T12:52:16Z</time>
                                                <extensions>
                            <sog>13.8</sog>
<cog>244.9</cog>
                        </extensions>
                    </trkpt>
                    <trkpt lat="54.50714" lon="10.323556666666667">
                        <ele>0</ele>
                        <time>2022-08-18T12:52:26Z</time>
                                                <extensions>
                            <sog>13.8</sog>
<cog>244.9</cog>
                        </extensions>
                    </trkpt>
                    <trkpt lat="54.506598333333336" lon="10.321575">
                        <ele>0</ele>
                        <time>2022-08-18T12:52:46Z</time>
                                                <extensions>
                            <sog>13.6</sog>
<cog>245.0</cog>
                        </extensions>
                    </trkpt>
                    <trkpt lat="54.50630666666667" lon="10.320498333333335">
                        <ele>0</ele>
                        <time>2022-08-18T12:52:57Z</time>
                                                <extensions>
                            <sog>13.5</sog>
<cog>244.8</cog>
                        </extensions>
                    </trkpt>
                    <trkpt lat="54.505833333333335" lon="10.318774999999999">
                        <ele>0</ele>
                        <time>2022-08-18T12:53:16Z</time>
                                                <extensions>
                            <sog>13.0</sog>
<cog>244.8</cog>
                        </extensions>
                    </trkpt>
                    <trkpt lat="54.50555166666666" lon="10.317751666666668">
                        <ele>0</ele>
                        <time>2022-08-18T12:53:26Z</time>
                                                <extensions>
                            <sog>12.8</sog>
<cog>244.4</cog>
                        </extensions>
                    </trkpt>
                    <trkpt lat="54.50530333333334" lon="10.316845">
                        <ele>0</ele>
                        <time>2022-08-18T12:53:36Z</time>
                                                <extensions>
                            <sog>12.4</sog>
<cog>244.9</cog>
                        </extensions>
                    </trkpt>
                    <trkpt lat="54.505086666666664" lon="10.316051666666668">
                        <ele>0</ele>
                        <time>2022-08-18T12:53:46Z</time>
                                                <extensions>
                            <sog>12.1</sog>
<cog>244.9</cog>
                        </extensions>
                    </trkpt>
                    <trkpt lat="54.50463166666667" lon="10.31437">
                        <ele>0</ele>
                        <time>2022-08-18T12:54:05Z</time>
                                                <extensions>
                            <sog>11.2</sog>
<cog>245.0</cog>
                        </extensions>
                    </trkpt>
                    <trkpt lat="54.504416666666664" lon="10.313571666666666">
                        <ele>0</ele>
                        <time>2022-08-18T12:54:16Z</time>
                                                <extensions>
                            <sog>10.8</sog>
<cog>244.9</cog>
                        </extensions>
                    </trkpt>
                    <trkpt lat="54.504205" lon="10.312796666666666">
                        <ele>0</ele>
                        <time>2022-08-18T12:54:26Z</time>
                                                <extensions>
                            <sog>10.5</sog>
<cog>245.0</cog>
                        </extensions>
                    </trkpt>
                    <trkpt lat="54.50359" lon="10.310475">
                        <ele>0</ele>
                        <time>2022-08-18T12:54:57Z</time>
                                                <extensions>
                            <sog>9.6</sog>
<cog>245.9</cog>
                        </extensions>
                    </trkpt>
                    <trkpt lat="54.50345" lon="10.309926666666666">
                        <ele>0</ele>
                        <time>2022-08-18T12:55:05Z</time>
                                                <extensions>
                            <sog>9.3</sog>
<cog>246.3</cog>
                        </extensions>
                    </trkpt>
                    <trkpt lat="54.503278333333334" lon="10.309256666666666">
                        <ele>0</ele>
                        <time>2022-08-18T12:55:16Z</time>
                                                <extensions>
                            <sog>9.0</sog>
<cog>246.4</cog>
                        </extensions>
                    </trkpt>
                    <trkpt lat="54.50311666666666" lon="10.3086">
                        <ele>0</ele>
                        <time>2022-08-18T12:55:26Z</time>
                                                <extensions>
                            <sog>8.8</sog>
<cog>247.2</cog>
                        </extensions>
                    </trkpt>
                    <trkpt lat="54.502518333333335" lon="10.306105">
                        <ele>0</ele>
                        <time>2022-08-18T12:56:05Z</time>
                                                <extensions>
                            <sog>8.1</sog>
<cog>248.0</cog>
                        </extensions>
                    </trkpt>
                    <trkpt lat="54.50237666666667" lon="10.305506666666668">
                        <ele>0</ele>
                        <time>2022-08-18T12:56:16Z</time>
                                                <extensions>
                            <sog>8.1</sog>
<cog>247.5</cog>
                        </extensions>
                    </trkpt>
                    <trkpt lat="54.50194" lon="10.303773333333334">
                        <ele>0</ele>
                        <time>2022-08-18T12:56:46Z</time>
                                                <extensions>
                            <sog>7.8</sog>
<cog>245.6</cog>
                        </extensions>
                    </trkpt>
                    <trkpt lat="54.50176" lon="10.303106666666668">
                        <ele>0</ele>
                        <time>2022-08-18T12:56:57Z</time>
                                                <extensions>
                            <sog>7.6</sog>
<cog>244.8</cog>
                        </extensions>
                    </trkpt>
                    <trkpt lat="54.501468333333335" lon="10.302076666666666">
                        <ele>0</ele>
                        <time>2022-08-18T12:57:17Z</time>
                                                <extensions>
                            <sog>7.5</sog>
<cog>243.8</cog>
                        </extensions>
                    </trkpt>
                    <trkpt lat="54.501173333333334" lon="10.301073333333333">
                        <ele>0</ele>
                        <time>2022-08-18T12:57:36Z</time>
                                                <extensions>
                            <sog>7.3</sog>
<cog>243.3</cog>
                        </extensions>
                    </trkpt>
                    <trkpt lat="54.501020000000004" lon="10.30055">
                        <ele>0</ele>
                        <time>2022-08-18T12:57:46Z</time>
                                                <extensions>
                            <sog>7.3</sog>
<cog>243.2</cog>
                        </extensions>
                    </trkpt>
                    <trkpt lat="54.500840000000004" lon="10.299923333333334">
                        <ele>0</ele>
                        <time>2022-08-18T12:57:57Z</time>
                                                <extensions>
                            <sog>7.3</sog>
<cog>243.4</cog>
                        </extensions>
                    </trkpt>
                    <trkpt lat="54.500706666666666" lon="10.299451666666666">
                        <ele>0</ele>
                        <time>2022-08-18T12:58:06Z</time>
                                                <extensions>
                            <sog>7.3</sog>
<cog>244.1</cog>
                        </extensions>
                    </trkpt>
                    <trkpt lat="54.50056" lon="10.298928333333333">
                        <ele>0</ele>
                        <time>2022-08-18T12:58:17Z</time>
                                                <extensions>
                            <sog>7.3</sog>
<cog>244.4</cog>
                        </extensions>
                    </trkpt>
                    <trkpt lat="54.500285" lon="10.297921666666667">
                        <ele>0</ele>
                        <time>2022-08-18T12:58:36Z</time>
                                                <extensions>
                            <sog>7.4</sog>
<cog>244.8</cog>
                        </extensions>
                    </trkpt>
                    <trkpt lat="54.50011" lon="10.297273333333333">
                        <ele>0</ele>
                        <time>2022-08-18T12:58:47Z</time>
                                                <extensions>
                            <sog>7.5</sog>
<cog>245.4</cog>
                        </extensions>
                    </trkpt>
                    <trkpt lat="54.499964999999996" lon="10.296721666666667">
                        <ele>0</ele>
                        <time>2022-08-18T12:58:57Z</time>
                                                <extensions>
                            <sog>7.6</sog>
<cog>245.7</cog>
                        </extensions>
                    </trkpt>
                    <trkpt lat="54.49983833333333" lon="10.296211666666666">
                        <ele>0</ele>
                        <time>2022-08-18T12:59:06Z</time>
                                                <extensions>
                            <sog>7.8</sog>
<cog>247.3</cog>
                        </extensions>
                    </trkpt>
                    <trkpt lat="54.499696666666665" lon="10.29563">
                        <ele>0</ele>
                        <time>2022-08-18T12:59:17Z</time>
                                                <extensions>
                            <sog>8.0</sog>
<cog>247.2</cog>
                        </extensions>
                    </trkpt>
                    <trkpt lat="54.499563333333334" lon="10.295093333333334">
                        <ele>0</ele>
                        <time>2022-08-18T12:59:25Z</time>
                                                <extensions>
                            <sog>8.2</sog>
<cog>246.3</cog>
                        </extensions>
                    </trkpt>
                    <trkpt lat="54.499383333333334" lon="10.294426666666668">
                        <ele>0</ele>
                        <time>2022-08-18T12:59:36Z</time>
                                                <extensions>
                            <sog>8.5</sog>
<cog>244.2</cog>
                        </extensions>
                    </trkpt>
                    <trkpt lat="54.499183333333335" lon="10.29375">
                        <ele>0</ele>
                        <time>2022-08-18T12:59:47Z</time>
                                                <extensions>
                            <sog>8.8</sog>
<cog>242.0</cog>
                        </extensions>
                    </trkpt>
                    <trkpt lat="54.498979999999996" lon="10.293125">
                        <ele>0</ele>
                        <time>2022-08-18T12:59:57Z</time>
                                                <extensions>
                            <sog>9.1</sog>
<cog>239.9</cog>
                        </extensions>
                    </trkpt>
                    <trkpt lat="54.498781666666666" lon="10.292555">
                        <ele>0</ele>
                        <time>2022-08-18T13:00:06Z</time>
                                                <extensions>
                            <sog>9.4</sog>
<cog>238.4</cog>
                        </extensions>
                    </trkpt>
                    <trkpt lat="54.498781666666666" lon="10.292555">
                        <ele>0</ele>
                        <time>2022-08-18T13:00:06Z</time>
                                                <extensions>
                            <sog>9.4</sog>
<cog>238.4</cog>
                        </extensions>
                    </trkpt>
                    <trkpt lat="54.49855" lon="10.291908333333334">
                        <ele>0</ele>
                        <time>2022-08-18T13:00:17Z</time>
                                                <extensions>
                            <sog>9.7</sog>
<cog>237.8</cog>
                        </extensions>
                    </trkpt>
                    <trkpt lat="54.49855" lon="10.291908333333334">
                        <ele>0</ele>
                        <time>2022-08-18T13:00:17Z</time>
                                                <extensions>
                            <sog>9.7</sog>
<cog>237.8</cog>
                        </extensions>
                    </trkpt>
                    <trkpt lat="54.49805166666667" lon="10.29057">
                        <ele>0</ele>
                        <time>2022-08-18T13:00:36Z</time>
                                                <extensions>
                            <sog>10.3</sog>
<cog>237.8</cog>
                        </extensions>
                    </trkpt>
                    <trkpt lat="54.49805166666667" lon="10.29057">
                        <ele>0</ele>
                        <time>2022-08-18T13:00:36Z</time>
                                                <extensions>
                            <sog>10.3</sog>
<cog>237.8</cog>
                        </extensions>
                    </trkpt>
                    <trkpt lat="54.495545" lon="10.284733333333332">
                        <ele>0</ele>
                        <time>2022-08-18T13:01:57Z</time>
                                                <extensions>
                            <sog>12.2</sog>
<cog>231.6</cog>
                        </extensions>
                    </trkpt>
                    <trkpt lat="54.495218333333334" lon="10.284056666666666">
                        <ele>0</ele>
                        <time>2022-08-18T13:02:06Z</time>
                                                <extensions>
                            <sog>12.3</sog>
<cog>229.0</cog>
                        </extensions>
                    </trkpt>
                    <trkpt lat="54.49482666666667" lon="10.283326666666666">
                        <ele>0</ele>
                        <time>2022-08-18T13:02:17Z</time>
                                                <extensions>
                            <sog>12.6</sog>
<cog>226.2</cog>
                        </extensions>
                    </trkpt>
                    <trkpt lat="54.49400333333333" lon="10.281863333333332">
                        <ele>0</ele>
                        <time>2022-08-18T13:02:36Z</time>
                                                <extensions>
                            <sog>13.0</sog>
<cog>226.3</cog>
                        </extensions>
                    </trkpt>
                    <trkpt lat="54.49354" lon="10.281043333333335">
                        <ele>0</ele>
                        <time>2022-08-18T13:02:47Z</time>
                                                <extensions>
                            <sog>13.1</sog>
<cog>225.2</cog>
                        </extensions>
                    </trkpt>
                    <trkpt lat="54.49140333333333" lon="10.277321666666667">
                        <ele>0</ele>
                        <time>2022-08-18T13:03:36Z</time>
                                                <extensions>
                            <sog>13.6</sog>
<cog>225.1</cog>
                        </extensions>
                    </trkpt>
                    <trkpt lat="54.490903333333335" lon="10.276483333333335">
                        <ele>0</ele>
                        <time>2022-08-18T13:03:47Z</time>
                                                <extensions>
                            <sog>13.7</sog>
<cog>223.5</cog>
                        </extensions>
                    </trkpt>
                    <trkpt lat="54.49066666666667" lon="10.276115">
                        <ele>0</ele>
                        <time>2022-08-18T13:03:53Z</time>
                                                <extensions>
                            <sog>13.8</sog>
<cog>221.1</cog>
                        </extensions>
                    </trkpt>
                    <trkpt lat="54.490325" lon="10.275616666666668">
                        <ele>0</ele>
                        <time>2022-08-18T13:03:59Z</time>
                                                <extensions>
                            <sog>13.8</sog>
<cog>219.4</cog>
                        </extensions>
                    </trkpt>
                    <trkpt lat="54.490175" lon="10.275408333333333">
                        <ele>0</ele>
                        <time>2022-08-18T13:04:03Z</time>
                                                <extensions>
                            <sog>13.8</sog>
<cog>218.5</cog>
                        </extensions>
                    </trkpt>
                    <trkpt lat="54.48997166666666" lon="10.275136666666667">
                        <ele>0</ele>
                        <time>2022-08-18T13:04:06Z</time>
                                                <extensions>
                            <sog>13.9</sog>
<cog>217.6</cog>
                        </extensions>
                    </trkpt>
                    <trkpt lat="54.48981833333333" lon="10.274935">
                        <ele>0</ele>
                        <time>2022-08-18T13:04:10Z</time>
                                                <extensions>
                            <sog>14.0</sog>
<cog>217.0</cog>
                        </extensions>
                    </trkpt>
                    <trkpt lat="54.48945666666667" lon="10.274465">
                        <ele>0</ele>
                        <time>2022-08-18T13:04:17Z</time>
                                                <extensions>
                            <sog>14.0</sog>
<cog>217.2</cog>
                        </extensions>
                    </trkpt>
                    <trkpt lat="54.488835" lon="10.273658333333334">
                        <ele>0</ele>
                        <time>2022-08-18T13:04:28Z</time>
                                                <extensions>
                            <sog>14.1</sog>
<cog>216.3</cog>
                        </extensions>
                    </trkpt>
                    <trkpt lat="54.488515" lon="10.273266666666666">
                        <ele>0</ele>
                        <time>2022-08-18T13:04:35Z</time>
                                                <extensions>
                            <sog>14.1</sog>
<cog>214.7</cog>
                        </extensions>
                    </trkpt>
                    <trkpt lat="54.48840666666667" lon="10.273140000000001">
                        <ele>0</ele>
                        <time>2022-08-18T13:04:36Z</time>
                                                <extensions>
                            <sog>14.1</sog>
<cog>213.9</cog>
                        </extensions>
                    </trkpt>
                    <trkpt lat="54.48779833333333" lon="10.272471666666666">
                        <ele>0</ele>
                        <time>2022-08-18T13:04:47Z</time>
                                                <extensions>
                            <sog>14.2</sog>
<cog>211.9</cog>
                        </extensions>
                    </trkpt>
                    <trkpt lat="54.48752" lon="10.272171666666667">
                        <ele>0</ele>
                        <time>2022-08-18T13:04:52Z</time>
                                                <extensions>
                            <sog>14.3</sog>
<cog>211.7</cog>
                        </extensions>
                    </trkpt>
                    <trkpt lat="54.48723833333334" lon="10.271871666666668">
                        <ele>0</ele>
                        <time>2022-08-18T13:04:57Z</time>
                                                <extensions>
                            <sog>14.2</sog>
<cog>211.8</cog>
                        </extensions>
                    </trkpt>
                    <trkpt lat="54.487183333333334" lon="10.271811666666668">
                        <ele>0</ele>
                        <time>2022-08-18T13:04:59Z</time>
                                                <extensions>
                            <sog>14.2</sog>
<cog>212.2</cog>
                        </extensions>
                    </trkpt>
                    <trkpt lat="54.486848333333334" lon="10.271443333333334">
                        <ele>0</ele>
                        <time>2022-08-18T13:05:04Z</time>
                                                <extensions>
                            <sog>14.3</sog>
<cog>213.0</cog>
                        </extensions>
                    </trkpt>
                    <trkpt lat="54.48668166666666" lon="10.271256666666666">
                        <ele>0</ele>
                        <time>2022-08-18T13:05:07Z</time>
                                                <extensions>
                            <sog>14.3</sog>
<cog>213.3</cog>
                        </extensions>
                    </trkpt>
                    <trkpt lat="54.486515000000004" lon="10.27107">
                        <ele>0</ele>
                        <time>2022-08-18T13:05:11Z</time>
                                                <extensions>
                            <sog>14.3</sog>
<cog>212.9</cog>
                        </extensions>
                    </trkpt>
                    <trkpt lat="54.48618" lon="10.270701666666668">
                        <ele>0</ele>
                        <time>2022-08-18T13:05:17Z</time>
                                                <extensions>
                            <sog>14.4</sog>
<cog>211.9</cog>
                        </extensions>
                    </trkpt>
                    <trkpt lat="54.48549166666667" lon="10.270001666666667">
                        <ele>0</ele>
                        <time>2022-08-18T13:05:28Z</time>
                                                <extensions>
                            <sog>14.3</sog>
<cog>209.3</cog>
                        </extensions>
                    </trkpt>
                    <trkpt lat="54.48514" lon="10.269668333333334">
                        <ele>0</ele>
                        <time>2022-08-18T13:05:35Z</time>
                                                <extensions>
                            <sog>14.5</sog>
<cog>208.7</cog>
                        </extensions>
                    </trkpt>
                    <trkpt lat="54.484786666666665" lon="10.269336666666668">
                        <ele>0</ele>
                        <time>2022-08-18T13:05:40Z</time>
                                                <extensions>
                            <sog>14.5</sog>
<cog>208.5</cog>
                        </extensions>
                    </trkpt>
                    <trkpt lat="54.48443333333333" lon="10.269003333333334">
                        <ele>0</ele>
                        <time>2022-08-18T13:05:46Z</time>
                                                <extensions>
                            <sog>14.5</sog>
<cog>208.7</cog>
                        </extensions>
                    </trkpt>
                    <trkpt lat="54.48408" lon="10.268668333333332">
                        <ele>0</ele>
                        <time>2022-08-18T13:05:52Z</time>
                                                <extensions>
                            <sog>14.5</sog>
<cog>208.9</cog>
                        </extensions>
                    </trkpt>
                    <trkpt lat="54.48372666666667" lon="10.268333333333334">
                        <ele>0</ele>
                        <time>2022-08-18T13:05:59Z</time>
                                                <extensions>
                            <sog>14.5</sog>
<cog>208.7</cog>
                        </extensions>
                    </trkpt>
                    <trkpt lat="54.48337166666667" lon="10.268001666666667">
                        <ele>0</ele>
                        <time>2022-08-18T13:06:04Z</time>
                                                <extensions>
                            <sog>14.5</sog>
<cog>208.5</cog>
                        </extensions>
                    </trkpt>
                    <trkpt lat="54.483015" lon="10.267671666666667">
                        <ele>0</ele>
                        <time>2022-08-18T13:06:11Z</time>
                                                <extensions>
                            <sog>14.6</sog>
<cog>208.2</cog>
                        </extensions>
                    </trkpt>
                    <trkpt lat="54.48265666666667" lon="10.267343333333335">
                        <ele>0</ele>
                        <time>2022-08-18T13:06:17Z</time>
                                                <extensions>
                            <sog>14.6</sog>
<cog>207.8</cog>
                        </extensions>
                    </trkpt>
                    <trkpt lat="54.48229833333333" lon="10.267018333333334">
                        <ele>0</ele>
                        <time>2022-08-18T13:06:22Z</time>
                                                <extensions>
                            <sog>14.5</sog>
<cog>207.9</cog>
                        </extensions>
                    </trkpt>
                    <trkpt lat="54.48194" lon="10.26669">
                        <ele>0</ele>
                        <time>2022-08-18T13:06:28Z</time>
                                                <extensions>
                            <sog>14.6</sog>
<cog>208.0</cog>
                        </extensions>
                    </trkpt>
                    <trkpt lat="54.48158" lon="10.266361666666667">
                        <ele>0</ele>
                        <time>2022-08-18T13:06:35Z</time>
                                                <extensions>
                            <sog>14.6</sog>
<cog>208.0</cog>
                        </extensions>
                    </trkpt>
                    <trkpt lat="54.48122" lon="10.266031666666667">
                        <ele>0</ele>
                        <time>2022-08-18T13:06:40Z</time>
                                                <extensions>
                            <sog>14.6</sog>
<cog>208.2</cog>
                        </extensions>
                    </trkpt>
                    <trkpt lat="54.48086333333333" lon="10.265698333333335">
                        <ele>0</ele>
                        <time>2022-08-18T13:06:46Z</time>
                                                <extensions>
                            <sog>14.7</sog>
<cog>208.5</cog>
                        </extensions>
                    </trkpt>
                    <trkpt lat="54.480505" lon="10.265363333333333">
                        <ele>0</ele>
                        <time>2022-08-18T13:06:52Z</time>
                                                <extensions>
                            <sog>14.7</sog>
<cog>208.5</cog>
                        </extensions>
                    </trkpt>
                    <trkpt lat="54.47978666666667" lon="10.264695">
                        <ele>0</ele>
                        <time>2022-08-18T13:07:04Z</time>
                                                <extensions>
                            <sog>14.7</sog>
<cog>208.3</cog>
                        </extensions>
                    </trkpt>
                    <trkpt lat="54.47942666666667" lon="10.264365">
                        <ele>0</ele>
                        <time>2022-08-18T13:07:11Z</time>
                                                <extensions>
                            <sog>14.7</sog>
<cog>208.0</cog>
                        </extensions>
                    </trkpt>
                    <trkpt lat="54.479065" lon="10.264033333333334">
                        <ele>0</ele>
                        <time>2022-08-18T13:07:17Z</time>
                                                <extensions>
                            <sog>14.7</sog>
<cog>208.1</cog>
                        </extensions>
                    </trkpt>
                    <trkpt lat="54.478343333333335" lon="10.263366666666666">
                        <ele>0</ele>
                        <time>2022-08-18T13:07:28Z</time>
                                                <extensions>
                            <sog>14.7</sog>
<cog>208.4</cog>
                        </extensions>
                    </trkpt>
                    <trkpt lat="54.47762" lon="10.262698333333333">
                        <ele>0</ele>
                        <time>2022-08-18T13:07:40Z</time>
                                                <extensions>
                            <sog>14.7</sog>
<cog>208.3</cog>
                        </extensions>
                    </trkpt>
                    <trkpt lat="54.47725833333333" lon="10.262364999999999">
                        <ele>0</ele>
                        <time>2022-08-18T13:07:46Z</time>
                                                <extensions>
                            <sog>14.8</sog>
<cog>208.0</cog>
                        </extensions>
                    </trkpt>
                    <trkpt lat="54.476895" lon="10.262033333333333">
                        <ele>0</ele>
                        <time>2022-08-18T13:07:52Z</time>
                                                <extensions>
                            <sog>14.8</sog>
<cog>207.7</cog>
                        </extensions>
                    </trkpt>
                    <trkpt lat="54.476533333333336" lon="10.2617">
                        <ele>0</ele>
                        <time>2022-08-18T13:07:59Z</time>
                                                <extensions>
                            <sog>14.8</sog>
<cog>208.3</cog>
                        </extensions>
                    </trkpt>
                    <trkpt lat="54.47617" lon="10.261365000000001">
                        <ele>0</ele>
                        <time>2022-08-18T13:08:04Z</time>
                                                <extensions>
                            <sog>14.8</sog>
<cog>208.6</cog>
                        </extensions>
                    </trkpt>
                    <trkpt lat="54.47580833333333" lon="10.261028333333334">
                        <ele>0</ele>
                        <time>2022-08-18T13:08:11Z</time>
                                                <extensions>
                            <sog>14.8</sog>
<cog>208.7</cog>
                        </extensions>
                    </trkpt>
                    <trkpt lat="54.47544666666667" lon="10.260691666666666">
                        <ele>0</ele>
                        <time>2022-08-18T13:08:17Z</time>
                                                <extensions>
                            <sog>14.8</sog>
<cog>208.5</cog>
                        </extensions>
                    </trkpt>
                    <trkpt lat="54.475085" lon="10.260356666666667">
                        <ele>0</ele>
                        <time>2022-08-18T13:08:22Z</time>
                                                <extensions>
                            <sog>14.8</sog>
<cog>208.2</cog>
                        </extensions>
                    </trkpt>
                    <trkpt lat="54.47472166666667" lon="10.260021666666667">
                        <ele>0</ele>
                        <time>2022-08-18T13:08:28Z</time>
                                                <extensions>
                            <sog>14.9</sog>
<cog>208.1</cog>
                        </extensions>
                    </trkpt>
                    <trkpt lat="54.47435666666667" lon="10.259688333333335">
                        <ele>0</ele>
                        <time>2022-08-18T13:08:35Z</time>
                                                <extensions>
                            <sog>14.8</sog>
<cog>208.1</cog>
                        </extensions>
                    </trkpt>
                    <trkpt lat="54.47399333333333" lon="10.259355">
                        <ele>0</ele>
                        <time>2022-08-18T13:08:40Z</time>
                                                <extensions>
                            <sog>14.8</sog>
<cog>208.2</cog>
                        </extensions>
                    </trkpt>
                    <trkpt lat="54.47363" lon="10.259016666666668">
                        <ele>0</ele>
                        <time>2022-08-18T13:08:46Z</time>
                                                <extensions>
                            <sog>14.8</sog>
<cog>208.6</cog>
                        </extensions>
                    </trkpt>
                    <trkpt lat="54.47326833333333" lon="10.258678333333334">
                        <ele>0</ele>
                        <time>2022-08-18T13:08:52Z</time>
                                                <extensions>
                            <sog>14.9</sog>
<cog>208.4</cog>
                        </extensions>
                    </trkpt>
                    <trkpt lat="54.472905" lon="10.258341666666666">
                        <ele>0</ele>
                        <time>2022-08-18T13:08:59Z</time>
                                                <extensions>
                            <sog>14.8</sog>
<cog>208.2</cog>
                        </extensions>
                    </trkpt>
                    <trkpt lat="54.47254" lon="10.258006666666667">
                        <ele>0</ele>
                        <time>2022-08-18T13:09:04Z</time>
                                                <extensions>
                            <sog>14.8</sog>
<cog>208.1</cog>
                        </extensions>
                    </trkpt>
                    <trkpt lat="54.472175" lon="10.257673333333335">
                        <ele>0</ele>
                        <time>2022-08-18T13:09:11Z</time>
                                                <extensions>
                            <sog>14.9</sog>
<cog>207.8</cog>
                        </extensions>
                    </trkpt>
                    <trkpt lat="54.47181" lon="10.25734">
                        <ele>0</ele>
                        <time>2022-08-18T13:09:17Z</time>
                                                <extensions>
                            <sog>14.9</sog>
<cog>207.9</cog>
                        </extensions>
                    </trkpt>
                    <trkpt lat="54.471446666666665" lon="10.257005">
                        <ele>0</ele>
                        <time>2022-08-18T13:09:22Z</time>
                                                <extensions>
                            <sog>14.9</sog>
<cog>208.0</cog>
                        </extensions>
                    </trkpt>
                    <trkpt lat="54.47071666666667" lon="10.256333333333334">
                        <ele>0</ele>
                        <time>2022-08-18T13:09:34Z</time>
                                                <extensions>
                            <sog>14.9</sog>
<cog>208.3</cog>
                        </extensions>
                    </trkpt>
                    <trkpt lat="54.46962333333333" lon="10.255321666666667">
                        <ele>0</ele>
                        <time>2022-08-18T13:09:52Z</time>
                                                <extensions>
                            <sog>14.9</sog>
<cog>208.2</cog>
                        </extensions>
                    </trkpt>
                    <trkpt lat="54.46925833333333" lon="10.254986666666667">
                        <ele>0</ele>
                        <time>2022-08-18T13:09:59Z</time>
                                                <extensions>
                            <sog>14.9</sog>
<cog>208.1</cog>
                        </extensions>
                    </trkpt>
                    <trkpt lat="54.468893333333334" lon="10.254651666666666">
                        <ele>0</ele>
                        <time>2022-08-18T13:10:04Z</time>
                                                <extensions>
                            <sog>14.9</sog>
<cog>207.9</cog>
                        </extensions>
                    </trkpt>
                    <trkpt lat="54.46858833333333" lon="10.254373333333332">
                        <ele>0</ele>
                        <time>2022-08-18T13:10:10Z</time>
                                                <extensions>
                            <sog>14.9</sog>
<cog>208.2</cog>
                        </extensions>
                    </trkpt>
                    <trkpt lat="54.46816166666667" lon="10.25398">
                        <ele>0</ele>
                        <time>2022-08-18T13:10:16Z</time>
                                                <extensions>
                            <sog>14.9</sog>
<cog>208.3</cog>
                        </extensions>
                    </trkpt>
                    <trkpt lat="54.467796666666665" lon="10.253641666666665">
                        <ele>0</ele>
                        <time>2022-08-18T13:10:22Z</time>
                                                <extensions>
                            <sog>14.9</sog>
<cog>208.2</cog>
                        </extensions>
                    </trkpt>
                    <trkpt lat="54.46743" lon="10.253305000000001">
                        <ele>0</ele>
                        <time>2022-08-18T13:10:28Z</time>
                                                <extensions>
                            <sog>14.9</sog>
<cog>208.1</cog>
                        </extensions>
                    </trkpt>
                    <trkpt lat="54.467065000000005" lon="10.252968333333333">
                        <ele>0</ele>
                        <time>2022-08-18T13:10:34Z</time>
                                                <extensions>
                            <sog>14.9</sog>
<cog>208.2</cog>
                        </extensions>
                    </trkpt>
                    <trkpt lat="54.466696666666664" lon="10.252633333333334">
                        <ele>0</ele>
                        <time>2022-08-18T13:10:40Z</time>
                                                <extensions>
                            <sog>15.0</sog>
<cog>208.1</cog>
                        </extensions>
                    </trkpt>
                    <trkpt lat="54.46633" lon="10.252298333333332">
                        <ele>0</ele>
                        <time>2022-08-18T13:10:46Z</time>
                                                <extensions>
                            <sog>15.0</sog>
<cog>207.8</cog>
                        </extensions>
                    </trkpt>
                    <trkpt lat="54.465961666666665" lon="10.251965">
                        <ele>0</ele>
                        <time>2022-08-18T13:10:52Z</time>
                                                <extensions>
                            <sog>15.0</sog>
<cog>208.0</cog>
                        </extensions>
                    </trkpt>
                    <trkpt lat="54.465595" lon="10.251628333333334">
                        <ele>0</ele>
                        <time>2022-08-18T13:10:58Z</time>
                                                <extensions>
                            <sog>14.9</sog>
<cog>208.2</cog>
                        </extensions>
                    </trkpt>
                    <trkpt lat="54.465228333333336" lon="10.251291666666667">
                        <ele>0</ele>
                        <time>2022-08-18T13:11:04Z</time>
                                                <extensions>
                            <sog>15.0</sog>
<cog>208.0</cog>
                        </extensions>
                    </trkpt>
                    <trkpt lat="54.46492166666667" lon="10.251011666666667">
                        <ele>0</ele>
                        <time>2022-08-18T13:11:10Z</time>
                                                <extensions>
                            <sog>14.9</sog>
<cog>208.2</cog>
                        </extensions>
                    </trkpt>
                    <trkpt lat="54.46449333333333" lon="10.250618333333334">
                        <ele>0</ele>
                        <time>2022-08-18T13:11:16Z</time>
                                                <extensions>
                            <sog>15.0</sog>
<cog>208.0</cog>
                        </extensions>
                    </trkpt>
                    <trkpt lat="54.464124999999996" lon="10.250281666666666">
                        <ele>0</ele>
                        <time>2022-08-18T13:11:22Z</time>
                                                <extensions>
                            <sog>15.0</sog>
<cog>208.0</cog>
                        </extensions>
                    </trkpt>
                    <trkpt lat="54.46375666666667" lon="10.249945">
                        <ele>0</ele>
                        <time>2022-08-18T13:11:28Z</time>
                                                <extensions>
                            <sog>15.0</sog>
<cog>207.9</cog>
                        </extensions>
                    </trkpt>
                    <trkpt lat="54.463388333333334" lon="10.249608333333333">
                        <ele>0</ele>
                        <time>2022-08-18T13:11:34Z</time>
                                                <extensions>
                            <sog>15.0</sog>
<cog>208.2</cog>
                        </extensions>
                    </trkpt>
                    <trkpt lat="54.46302" lon="10.249271666666667">
                        <ele>0</ele>
                        <time>2022-08-18T13:11:40Z</time>
                                                <extensions>
                            <sog>15.0</sog>
<cog>208.0</cog>
                        </extensions>
                    </trkpt>
                    <trkpt lat="54.46265166666667" lon="10.248936666666667">
                        <ele>0</ele>
                        <time>2022-08-18T13:11:46Z</time>
                                                <extensions>
                            <sog>15.0</sog>
<cog>207.8</cog>
                        </extensions>
                    </trkpt>
                    <trkpt lat="54.46228333333333" lon="10.248600000000001">
                        <ele>0</ele>
                        <time>2022-08-18T13:11:52Z</time>
                                                <extensions>
                            <sog>15.0</sog>
<cog>208.0</cog>
                        </extensions>
                    </trkpt>
                    <trkpt lat="54.461915" lon="10.248261666666668">
                        <ele>0</ele>
                        <time>2022-08-18T13:11:58Z</time>
                                                <extensions>
                            <sog>15.0</sog>
<cog>208.2</cog>
                        </extensions>
                    </trkpt>
                    <trkpt lat="54.46154666666666" lon="10.247923333333334">
                        <ele>0</ele>
                        <time>2022-08-18T13:12:04Z</time>
                                                <extensions>
                            <sog>15.0</sog>
<cog>208.0</cog>
                        </extensions>
                    </trkpt>
                    <trkpt lat="54.461238333333334" lon="10.247643333333334">
                        <ele>0</ele>
                        <time>2022-08-18T13:12:10Z</time>
                                                <extensions>
                            <sog>15.0</sog>
<cog>207.9</cog>
                        </extensions>
                    </trkpt>
                    <trkpt lat="54.46080666666667" lon="10.247251666666667">
                        <ele>0</ele>
                        <time>2022-08-18T13:12:16Z</time>
                                                <extensions>
                            <sog>15.0</sog>
<cog>207.7</cog>
                        </extensions>
                    </trkpt>
                    <trkpt lat="54.46043833333333" lon="10.246916666666667">
                        <ele>0</ele>
                        <time>2022-08-18T13:12:22Z</time>
                                                <extensions>
                            <sog>15.1</sog>
<cog>208.0</cog>
                        </extensions>
                    </trkpt>
                    <trkpt lat="54.46006833333333" lon="10.246578333333334">
                        <ele>0</ele>
                        <time>2022-08-18T13:12:29Z</time>
                                                <extensions>
                            <sog>15.1</sog>
<cog>208.0</cog>
                        </extensions>
                    </trkpt>
                    <trkpt lat="54.4597" lon="10.246238333333334">
                        <ele>0</ele>
                        <time>2022-08-18T13:12:34Z</time>
                                                <extensions>
                            <sog>15.0</sog>
<cog>208.2</cog>
                        </extensions>
                    </trkpt>
                    <trkpt lat="54.45933166666667" lon="10.245898333333335">
                        <ele>0</ele>
                        <time>2022-08-18T13:12:40Z</time>
                                                <extensions>
                            <sog>15.1</sog>
<cog>208.1</cog>
                        </extensions>
                    </trkpt>
                    <trkpt lat="54.45890166666666" lon="10.245503333333334">
                        <ele>0</ele>
                        <time>2022-08-18T13:12:47Z</time>
                                                <extensions>
                            <sog>15.0</sog>
<cog>208.0</cog>
                        </extensions>
                    </trkpt>
                    <trkpt lat="54.45859333333333" lon="10.245221666666668">
                        <ele>0</ele>
                        <time>2022-08-18T13:12:52Z</time>
                                                <extensions>
                            <sog>15.1</sog>
<cog>207.8</cog>
                        </extensions>
                    </trkpt>
                    <trkpt lat="54.458225" lon="10.244885">
                        <ele>0</ele>
                        <time>2022-08-18T13:12:58Z</time>
                                                <extensions>
                            <sog>15.1</sog>
<cog>208.2</cog>
                        </extensions>
                    </trkpt>
                    <trkpt lat="54.457548333333335" lon="10.244265">
                        <ele>0</ele>
                        <time>2022-08-18T13:13:10Z</time>
                                                <extensions>
                            <sog>15.0</sog>
<cog>208.0</cog>
                        </extensions>
                    </trkpt>
                    <trkpt lat="54.457118333333334" lon="10.24387">
                        <ele>0</ele>
                        <time>2022-08-18T13:13:16Z</time>
                                                <extensions>
                            <sog>15.0</sog>
<cog>208.2</cog>
                        </extensions>
                    </trkpt>
                    <trkpt lat="54.45675000000001" lon="10.243533333333334">
                        <ele>0</ele>
                        <time>2022-08-18T13:13:22Z</time>
                                                <extensions>
                            <sog>15.0</sog>
<cog>208.0</cog>
                        </extensions>
                    </trkpt>
                    <trkpt lat="54.456381666666665" lon="10.243194999999998">
                        <ele>0</ele>
                        <time>2022-08-18T13:13:29Z</time>
                                                <extensions>
                            <sog>15.0</sog>
<cog>208.1</cog>
                        </extensions>
                    </trkpt>
                    <trkpt lat="54.45601333333333" lon="10.242858333333334">
                        <ele>0</ele>
                        <time>2022-08-18T13:13:34Z</time>
                                                <extensions>
                            <sog>15.0</sog>
<cog>208.1</cog>
                        </extensions>
                    </trkpt>
                    <trkpt lat="54.455645" lon="10.242521666666667">
                        <ele>0</ele>
                        <time>2022-08-18T13:13:40Z</time>
                                                <extensions>
                            <sog>15.0</sog>
<cog>208.1</cog>
                        </extensions>
                    </trkpt>
                    <trkpt lat="54.455214999999995" lon="10.24213">
                        <ele>0</ele>
                        <time>2022-08-18T13:13:47Z</time>
                                                <extensions>
                            <sog>15.0</sog>
<cog>207.8</cog>
                        </extensions>
                    </trkpt>
                    <trkpt lat="54.454910000000005" lon="10.24185">
                        <ele>0</ele>
                        <time>2022-08-18T13:13:52Z</time>
                                                <extensions>
                            <sog>15.0</sog>
<cog>208.2</cog>
                        </extensions>
                    </trkpt>
                    <trkpt lat="54.454541666666664" lon="10.241513333333334">
                        <ele>0</ele>
                        <time>2022-08-18T13:13:58Z</time>
                                                <extensions>
                            <sog>15.0</sog>
<cog>208.0</cog>
                        </extensions>
                    </trkpt>
                    <trkpt lat="54.45417333333333" lon="10.241176666666666">
                        <ele>0</ele>
                        <time>2022-08-18T13:14:04Z</time>
                                                <extensions>
                            <sog>14.9</sog>
<cog>208.1</cog>
                        </extensions>
                    </trkpt>
                    <trkpt lat="54.45386833333334" lon="10.240896666666666">
                        <ele>0</ele>
                        <time>2022-08-18T13:14:10Z</time>
                                                <extensions>
                            <sog>14.9</sog>
<cog>208.3</cog>
                        </extensions>
                    </trkpt>
                    <trkpt lat="54.45344" lon="10.240503333333333">
                        <ele>0</ele>
                        <time>2022-08-18T13:14:17Z</time>
                                                <extensions>
                            <sog>15.0</sog>
<cog>207.8</cog>
                        </extensions>
                    </trkpt>
                    <trkpt lat="54.453073333333336" lon="10.240168333333335">
                        <ele>0</ele>
                        <time>2022-08-18T13:14:22Z</time>
                                                <extensions>
                            <sog>14.9</sog>
<cog>208.1</cog>
                        </extensions>
                    </trkpt>
                    <trkpt lat="54.45270666666667" lon="10.239831666666667">
                        <ele>0</ele>
                        <time>2022-08-18T13:14:29Z</time>
                                                <extensions>
                            <sog>14.9</sog>
<cog>208.1</cog>
                        </extensions>
                    </trkpt>
                    <trkpt lat="54.45234000000001" lon="10.239496666666668">
                        <ele>0</ele>
                        <time>2022-08-18T13:14:34Z</time>
                                                <extensions>
                            <sog>14.9</sog>
<cog>207.7</cog>
                        </extensions>
                    </trkpt>
                    <trkpt lat="54.451971666666665" lon="10.239161666666666">
                        <ele>0</ele>
                        <time>2022-08-18T13:14:40Z</time>
                                                <extensions>
                            <sog>14.9</sog>
<cog>208.1</cog>
                        </extensions>
                    </trkpt>
                    <trkpt lat="54.451545" lon="10.238769999999999">
                        <ele>0</ele>
                        <time>2022-08-18T13:14:47Z</time>
                                                <extensions>
                            <sog>14.9</sog>
<cog>208.3</cog>
                        </extensions>
                    </trkpt>
                    <trkpt lat="54.45124" lon="10.23849">
                        <ele>0</ele>
                        <time>2022-08-18T13:14:52Z</time>
                                                <extensions>
                            <sog>14.9</sog>
<cog>208.2</cog>
                        </extensions>
                    </trkpt>
                    <trkpt lat="54.45050833333333" lon="10.237815000000001">
                        <ele>0</ele>
                        <time>2022-08-18T13:15:04Z</time>
                                                <extensions>
                            <sog>14.9</sog>
<cog>208.1</cog>
                        </extensions>
                    </trkpt>
                    <trkpt lat="54.450203333333334" lon="10.237536666666667">
                        <ele>0</ele>
                        <time>2022-08-18T13:15:10Z</time>
                                                <extensions>
                            <sog>14.9</sog>
<cog>208.1</cog>
                        </extensions>
                    </trkpt>
                    <trkpt lat="54.44977666666667" lon="10.237146666666666">
                        <ele>0</ele>
                        <time>2022-08-18T13:15:17Z</time>
                                                <extensions>
                            <sog>15.0</sog>
<cog>207.7</cog>
                        </extensions>
                    </trkpt>
                    <trkpt lat="54.44940833333333" lon="10.236815">
                        <ele>0</ele>
                        <time>2022-08-18T13:15:22Z</time>
                                                <extensions>
                            <sog>14.9</sog>
<cog>207.7</cog>
                        </extensions>
                    </trkpt>
                    <trkpt lat="54.449041666666666" lon="10.236481666666666">
                        <ele>0</ele>
                        <time>2022-08-18T13:15:29Z</time>
                                                <extensions>
                            <sog>14.9</sog>
<cog>208.1</cog>
                        </extensions>
                    </trkpt>
                    <trkpt lat="54.448676666666664" lon="10.236146666666667">
                        <ele>0</ele>
                        <time>2022-08-18T13:15:34Z</time>
                                                <extensions>
                            <sog>14.9</sog>
<cog>208.0</cog>
                        </extensions>
                    </trkpt>
                    <trkpt lat="54.44831166666667" lon="10.235813333333335">
                        <ele>0</ele>
                        <time>2022-08-18T13:15:40Z</time>
                                                <extensions>
                            <sog>14.9</sog>
<cog>207.8</cog>
                        </extensions>
                    </trkpt>
                    <trkpt lat="54.44788333333334" lon="10.235426666666665">
                        <ele>0</ele>
                        <time>2022-08-18T13:15:47Z</time>
                                                <extensions>
                            <sog>14.9</sog>
<cog>207.7</cog>
                        </extensions>
                    </trkpt>
                    <trkpt lat="54.44757833333333" lon="10.23515">
                        <ele>0</ele>
                        <time>2022-08-18T13:15:52Z</time>
                                                <extensions>
                            <sog>14.9</sog>
<cog>207.6</cog>
                        </extensions>
                    </trkpt>
                    <trkpt lat="54.44684666666667" lon="10.234485000000001">
                        <ele>0</ele>
                        <time>2022-08-18T13:16:04Z</time>
                                                <extensions>
                            <sog>14.9</sog>
<cog>208.2</cog>
                        </extensions>
                    </trkpt>
                    <trkpt lat="54.44654166666667" lon="10.234205">
                        <ele>0</ele>
                        <time>2022-08-18T13:16:10Z</time>
                                                <extensions>
                            <sog>14.9</sog>
<cog>208.3</cog>
                        </extensions>
                    </trkpt>
                    <trkpt lat="54.44611666666666" lon="10.233815">
                        <ele>0</ele>
                        <time>2022-08-18T13:16:17Z</time>
                                                <extensions>
                            <sog>14.8</sog>
<cog>208.2</cog>
                        </extensions>
                    </trkpt>
                    <trkpt lat="54.445751666666666" lon="10.233481666666668">
                        <ele>0</ele>
                        <time>2022-08-18T13:16:22Z</time>
                                                <extensions>
                            <sog>14.8</sog>
<cog>207.8</cog>
                        </extensions>
                    </trkpt>
                    <trkpt lat="54.445386666666664" lon="10.23315">
                        <ele>0</ele>
                        <time>2022-08-18T13:16:29Z</time>
                                                <extensions>
                            <sog>14.9</sog>
<cog>207.5</cog>
                        </extensions>
                    </trkpt>
                    <trkpt lat="54.44502" lon="10.23282">
                        <ele>0</ele>
                        <time>2022-08-18T13:16:34Z</time>
                                                <extensions>
                            <sog>14.9</sog>
<cog>207.8</cog>
                        </extensions>
                    </trkpt>
                    <trkpt lat="54.444655" lon="10.23249">
                        <ele>0</ele>
                        <time>2022-08-18T13:16:40Z</time>
                                                <extensions>
                            <sog>14.9</sog>
<cog>207.9</cog>
                        </extensions>
                    </trkpt>
                    <trkpt lat="54.44422833333333" lon="10.232103333333333">
                        <ele>0</ele>
                        <time>2022-08-18T13:16:47Z</time>
                                                <extensions>
                            <sog>14.9</sog>
<cog>208.0</cog>
                        </extensions>
                    </trkpt>
                    <trkpt lat="54.443925" lon="10.231824999999999">
                        <ele>0</ele>
                        <time>2022-08-18T13:16:52Z</time>
                                                <extensions>
                            <sog>14.8</sog>
<cog>207.8</cog>
                        </extensions>
                    </trkpt>
                    <trkpt lat="54.443194999999996" lon="10.231161666666667">
                        <ele>0</ele>
                        <time>2022-08-18T13:17:04Z</time>
                                                <extensions>
                            <sog>14.8</sog>
<cog>207.9</cog>
                        </extensions>
                    </trkpt>
                    <trkpt lat="54.44289166666667" lon="10.230885">
                        <ele>0</ele>
                        <time>2022-08-18T13:17:10Z</time>
                                                <extensions>
                            <sog>14.8</sog>
<cog>207.9</cog>
                        </extensions>
                    </trkpt>
                    <trkpt lat="54.44246666666666" lon="10.230498333333333">
                        <ele>0</ele>
                        <time>2022-08-18T13:17:17Z</time>
                                                <extensions>
                            <sog>14.8</sog>
<cog>207.9</cog>
                        </extensions>
                    </trkpt>
                    <trkpt lat="54.442101666666666" lon="10.230166666666666">
                        <ele>0</ele>
                        <time>2022-08-18T13:17:22Z</time>
                                                <extensions>
                            <sog>14.8</sog>
<cog>207.5</cog>
                        </extensions>
                    </trkpt>
                    <trkpt lat="54.441735" lon="10.229838333333333">
                        <ele>0</ele>
                        <time>2022-08-18T13:17:29Z</time>
                                                <extensions>
                            <sog>14.8</sog>
<cog>207.8</cog>
                        </extensions>
                    </trkpt>
                    <trkpt lat="54.44100666666667" lon="10.229171666666668">
                        <ele>0</ele>
                        <time>2022-08-18T13:17:40Z</time>
                                                <extensions>
                            <sog>14.8</sog>
<cog>208.3</cog>
                        </extensions>
                    </trkpt>
                    <trkpt lat="54.44058333333333" lon="10.22878">
                        <ele>0</ele>
                        <time>2022-08-18T13:17:47Z</time>
                                                <extensions>
                            <sog>14.9</sog>
<cog>208.3</cog>
                        </extensions>
                    </trkpt>
                    <trkpt lat="54.44028166666667" lon="10.2285">
                        <ele>0</ele>
                        <time>2022-08-18T13:17:52Z</time>
                                                <extensions>
                            <sog>14.8</sog>
<cog>208.0</cog>
                        </extensions>
                    </trkpt>
                    <trkpt lat="54.43949166666666" lon="10.227781666666667">
                        <ele>0</ele>
                        <time>2022-08-18T13:18:05Z</time>
                                                <extensions>
                            <sog>14.8</sog>
<cog>207.9</cog>
                        </extensions>
                    </trkpt>
                    <trkpt lat="54.438824999999994" lon="10.22717">
                        <ele>0</ele>
                        <time>2022-08-18T13:18:16Z</time>
                                                <extensions>
                            <sog>14.9</sog>
<cog>208.1</cog>
                        </extensions>
                    </trkpt>
                    <trkpt lat="54.43846166666666" lon="10.226835">
                        <ele>0</ele>
                        <time>2022-08-18T13:18:22Z</time>
                                                <extensions>
                            <sog>14.8</sog>
<cog>208.5</cog>
                        </extensions>
                    </trkpt>
                    <trkpt lat="54.4381" lon="10.2265">
                        <ele>0</ele>
                        <time>2022-08-18T13:18:29Z</time>
                                                <extensions>
                            <sog>14.8</sog>
<cog>208.1</cog>
                        </extensions>
                    </trkpt>
                    <trkpt lat="54.437734999999996" lon="10.226166666666668">
                        <ele>0</ele>
                        <time>2022-08-18T13:18:34Z</time>
                                                <extensions>
                            <sog>14.8</sog>
<cog>208.2</cog>
                        </extensions>
                    </trkpt>
                    <trkpt lat="54.437371666666664" lon="10.225833333333332">
                        <ele>0</ele>
                        <time>2022-08-18T13:18:40Z</time>
                                                <extensions>
                            <sog>14.9</sog>
<cog>208.2</cog>
                        </extensions>
                    </trkpt>
                    <trkpt lat="54.43700833333333" lon="10.2255">
                        <ele>0</ele>
                        <time>2022-08-18T13:18:46Z</time>
                                                <extensions>
                            <sog>14.8</sog>
<cog>208.2</cog>
                        </extensions>
                    </trkpt>
                    <trkpt lat="54.436643333333336" lon="10.225166666666667">
                        <ele>0</ele>
                        <time>2022-08-18T13:18:52Z</time>
                                                <extensions>
                            <sog>14.8</sog>
<cog>208.0</cog>
                        </extensions>
                    </trkpt>
                    <trkpt lat="54.435860000000005" lon="10.224435">
                        <ele>0</ele>
                        <time>2022-08-18T13:19:05Z</time>
                                                <extensions>
                            <sog>14.8</sog>
<cog>209.2</cog>
                        </extensions>
                    </trkpt>
                    <trkpt lat="54.435561666666665" lon="10.224146666666666">
                        <ele>0</ele>
                        <time>2022-08-18T13:19:10Z</time>
                                                <extensions>
                            <sog>14.8</sog>
<cog>209.2</cog>
                        </extensions>
                    </trkpt>
                    <trkpt lat="54.43483666666667" lon="10.223478333333333">
                        <ele>0</ele>
                        <time>2022-08-18T13:19:23Z</time>
                                                <extensions>
                            <sog>14.8</sog>
<cog>207.5</cog>
                        </extensions>
                    </trkpt>
                    <trkpt lat="54.43409833333333" lon="10.222859999999999">
                        <ele>0</ele>
                        <time>2022-08-18T13:19:34Z</time>
                                                <extensions>
                            <sog>14.8</sog>
<cog>205.2</cog>
                        </extensions>
                    </trkpt>
                    <trkpt lat="54.433724999999995" lon="10.222558333333334">
                        <ele>0</ele>
                        <time>2022-08-18T13:19:40Z</time>
                                                <extensions>
                            <sog>14.8</sog>
<cog>205.1</cog>
                        </extensions>
                    </trkpt>
                    <trkpt lat="54.433355" lon="10.222254999999999">
                        <ele>0</ele>
                        <time>2022-08-18T13:19:46Z</time>
                                                <extensions>
                            <sog>14.8</sog>
<cog>205.7</cog>
                        </extensions>
                    </trkpt>
                    <trkpt lat="54.43298666666667" lon="10.221941666666668">
                        <ele>0</ele>
                        <time>2022-08-18T13:19:52Z</time>
                                                <extensions>
                            <sog>14.8</sog>
<cog>206.4</cog>
                        </extensions>
                    </trkpt>
                    <trkpt lat="54.43261666666667" lon="10.221630000000001">
                        <ele>0</ele>
                        <time>2022-08-18T13:19:59Z</time>
                                                <extensions>
                            <sog>14.7</sog>
<cog>205.7</cog>
                        </extensions>
                    </trkpt>
                    <trkpt lat="54.432183333333334" lon="10.22128">
                        <ele>0</ele>
                        <time>2022-08-18T13:20:05Z</time>
                                                <extensions>
                            <sog>14.8</sog>
<cog>204.9</cog>
                        </extensions>
                    </trkpt>
                    <trkpt lat="54.43187" lon="10.221041666666668">
                        <ele>0</ele>
                        <time>2022-08-18T13:20:10Z</time>
                                                <extensions>
                            <sog>14.8</sog>
<cog>203.3</cog>
                        </extensions>
                    </trkpt>
                    <trkpt lat="54.431490000000004" lon="10.220771666666668">
                        <ele>0</ele>
                        <time>2022-08-18T13:20:16Z</time>
                                                <extensions>
                            <sog>14.8</sog>
<cog>202.3</cog>
                        </extensions>
                    </trkpt>
                    <trkpt lat="54.431108333333334" lon="10.220506666666667">
                        <ele>0</ele>
                        <time>2022-08-18T13:20:23Z</time>
                                                <extensions>
                            <sog>14.8</sog>
<cog>202.0</cog>
                        </extensions>
                    </trkpt>
                    <trkpt lat="54.430725" lon="10.220245">
                        <ele>0</ele>
                        <time>2022-08-18T13:20:28Z</time>
                                                <extensions>
                            <sog>14.8</sog>
<cog>201.4</cog>
                        </extensions>
                    </trkpt>
                    <trkpt lat="54.43034333333333" lon="10.219985000000001">
                        <ele>0</ele>
                        <time>2022-08-18T13:20:34Z</time>
                                                <extensions>
                            <sog>14.8</sog>
<cog>201.6</cog>
                        </extensions>
                    </trkpt>
                    <trkpt lat="54.42996" lon="10.21972">
                        <ele>0</ele>
                        <time>2022-08-18T13:20:40Z</time>
                                                <extensions>
                            <sog>14.8</sog>
<cog>202.0</cog>
                        </extensions>
                    </trkpt>
                    <trkpt lat="54.42957833333333" lon="10.219456666666668">
                        <ele>0</ele>
                        <time>2022-08-18T13:20:46Z</time>
                                                <extensions>
                            <sog>14.7</sog>
<cog>202.0</cog>
                        </extensions>
                    </trkpt>
                    <trkpt lat="54.42919666666667" lon="10.219191666666667">
                        <ele>0</ele>
                        <time>2022-08-18T13:20:52Z</time>
                                                <extensions>
                            <sog>14.8</sog>
<cog>202.1</cog>
                        </extensions>
                    </trkpt>
                    <trkpt lat="54.428815" lon="10.218925">
                        <ele>0</ele>
                        <time>2022-08-18T13:20:59Z</time>
                                                <extensions>
                            <sog>14.8</sog>
<cog>202.0</cog>
                        </extensions>
                    </trkpt>
                    <trkpt lat="54.42837" lon="10.218616666666666">
                        <ele>0</ele>
                        <time>2022-08-18T13:21:05Z</time>
                                                <extensions>
                            <sog>14.9</sog>
<cog>201.9</cog>
                        </extensions>
                    </trkpt>
                    <trkpt lat="54.42805166666667" lon="10.218396666666667">
                        <ele>0</ele>
                        <time>2022-08-18T13:21:10Z</time>
                                                <extensions>
                            <sog>14.8</sog>
<cog>201.8</cog>
                        </extensions>
                    </trkpt>
                    <trkpt lat="54.42766833333334" lon="10.218135">
                        <ele>0</ele>
                        <time>2022-08-18T13:21:16Z</time>
                                                <extensions>
                            <sog>14.8</sog>
<cog>201.7</cog>
                        </extensions>
                    </trkpt>
                    <trkpt lat="54.427285" lon="10.217871666666667">
                        <ele>0</ele>
                        <time>2022-08-18T13:21:23Z</time>
                                                <extensions>
                            <sog>14.8</sog>
<cog>202.1</cog>
                        </extensions>
                    </trkpt>
                    <trkpt lat="54.426903333333335" lon="10.217606666666667">
                        <ele>0</ele>
                        <time>2022-08-18T13:21:28Z</time>
                                                <extensions>
                            <sog>14.8</sog>
<cog>201.9</cog>
                        </extensions>
                    </trkpt>
                    <trkpt lat="54.426521666666666" lon="10.217343333333334">
                        <ele>0</ele>
                        <time>2022-08-18T13:21:34Z</time>
                                                <extensions>
                            <sog>14.8</sog>
<cog>201.8</cog>
                        </extensions>
                    </trkpt>
                    <trkpt lat="54.426138333333334" lon="10.217081666666667">
                        <ele>0</ele>
                        <time>2022-08-18T13:21:40Z</time>
                                                <extensions>
                            <sog>14.8</sog>
<cog>201.6</cog>
                        </extensions>
                    </trkpt>
                    <trkpt lat="54.42537333333333" lon="10.216556666666666">
                        <ele>0</ele>
                        <time>2022-08-18T13:21:52Z</time>
                                                <extensions>
                            <sog>14.9</sog>
<cog>201.7</cog>
                        </extensions>
                    </trkpt>
                    <trkpt lat="54.42499" lon="10.216293333333335">
                        <ele>0</ele>
                        <time>2022-08-18T13:21:59Z</time>
                                                <extensions>
                            <sog>14.8</sog>
<cog>202.0</cog>
                        </extensions>
                    </trkpt>
                    <trkpt lat="54.42454333333333" lon="10.215985">
                        <ele>0</ele>
                        <time>2022-08-18T13:22:05Z</time>
                                                <extensions>
                            <sog>14.8</sog>
<cog>202.0</cog>
                        </extensions>
                    </trkpt>
                    <trkpt lat="54.42422666666666" lon="10.215763333333333">
                        <ele>0</ele>
                        <time>2022-08-18T13:22:10Z</time>
                                                <extensions>
                            <sog>14.8</sog>
<cog>202.0</cog>
                        </extensions>
                    </trkpt>
                    <trkpt lat="54.423845" lon="10.215498333333333">
                        <ele>0</ele>
                        <time>2022-08-18T13:22:16Z</time>
                                                <extensions>
                            <sog>14.8</sog>
<cog>202.0</cog>
                        </extensions>
                    </trkpt>
                    <trkpt lat="54.423465" lon="10.215235">
                        <ele>0</ele>
                        <time>2022-08-18T13:22:23Z</time>
                                                <extensions>
                            <sog>14.7</sog>
<cog>201.9</cog>
                        </extensions>
                    </trkpt>
                    <trkpt lat="54.42308833333333" lon="10.214976666666667">
                        <ele>0</ele>
                        <time>2022-08-18T13:22:28Z</time>
                                                <extensions>
                            <sog>14.5</sog>
<cog>201.7</cog>
                        </extensions>
                    </trkpt>
                    <trkpt lat="54.422715000000004" lon="10.214721666666666">
                        <ele>0</ele>
                        <time>2022-08-18T13:22:34Z</time>
                                                <extensions>
                            <sog>14.4</sog>
<cog>201.8</cog>
                        </extensions>
                    </trkpt>
                    <trkpt lat="54.422345" lon="10.21447">
                        <ele>0</ele>
                        <time>2022-08-18T13:22:40Z</time>
                                                <extensions>
                            <sog>14.3</sog>
<cog>201.6</cog>
                        </extensions>
                    </trkpt>
                    <trkpt lat="54.42161333333333" lon="10.213973333333334">
                        <ele>0</ele>
                        <time>2022-08-18T13:22:52Z</time>
                                                <extensions>
                            <sog>14.1</sog>
<cog>201.5</cog>
                        </extensions>
                    </trkpt>
                    <trkpt lat="54.42125333333333" lon="10.213726666666668">
                        <ele>0</ele>
                        <time>2022-08-18T13:22:59Z</time>
                                                <extensions>
                            <sog>13.9</sog>
<cog>201.7</cog>
                        </extensions>
                    </trkpt>
                    <trkpt lat="54.42054333333333" lon="10.213231666666667">
                        <ele>0</ele>
                        <time>2022-08-18T13:23:10Z</time>
                                                <extensions>
                            <sog>13.7</sog>
<cog>202.3</cog>
                        </extensions>
                    </trkpt>
                    <trkpt lat="54.420195" lon="10.212978333333332">
                        <ele>0</ele>
                        <time>2022-08-18T13:23:16Z</time>
                                                <extensions>
                            <sog>13.5</sog>
<cog>203.0</cog>
                        </extensions>
                    </trkpt>
                    <trkpt lat="54.41985" lon="10.212728333333333">
                        <ele>0</ele>
                        <time>2022-08-18T13:23:23Z</time>
                                                <extensions>
                            <sog>13.4</sog>
<cog>202.7</cog>
                        </extensions>
                    </trkpt>
                    <trkpt lat="54.419505" lon="10.212486666666667">
                        <ele>0</ele>
                        <time>2022-08-18T13:23:28Z</time>
                                                <extensions>
                            <sog>13.3</sog>
<cog>202.1</cog>
                        </extensions>
                    </trkpt>
                    <trkpt lat="54.41916166666667" lon="10.212256666666667">
                        <ele>0</ele>
                        <time>2022-08-18T13:23:34Z</time>
                                                <extensions>
                            <sog>13.2</sog>
<cog>200.3</cog>
                        </extensions>
                    </trkpt>
                    <trkpt lat="54.418816666666665" lon="10.212043333333334">
                        <ele>0</ele>
                        <time>2022-08-18T13:23:40Z</time>
                                                <extensions>
                            <sog>13.1</sog>
<cog>199.4</cog>
                        </extensions>
                    </trkpt>
                    <trkpt lat="54.418128333333335" lon="10.211649999999999">
                        <ele>0</ele>
                        <time>2022-08-18T13:23:52Z</time>
                                                <extensions>
                            <sog>13.0</sog>
<cog>197.7</cog>
                        </extensions>
                    </trkpt>
                    <trkpt lat="54.417786666666665" lon="10.211463333333334">
                        <ele>0</ele>
                        <time>2022-08-18T13:23:58Z</time>
                                                <extensions>
                            <sog>12.9</sog>
<cog>197.7</cog>
                        </extensions>
                    </trkpt>
                    <trkpt lat="54.41739" lon="10.211245">
                        <ele>0</ele>
                        <time>2022-08-18T13:24:05Z</time>
                                                <extensions>
                            <sog>12.8</sog>
<cog>197.7</cog>
                        </extensions>
                    </trkpt>
                    <trkpt lat="54.41711" lon="10.211088333333333">
                        <ele>0</ele>
                        <time>2022-08-18T13:24:10Z</time>
                                                <extensions>
                            <sog>12.7</sog>
<cog>197.9</cog>
                        </extensions>
                    </trkpt>
                    <trkpt lat="54.41677666666667" lon="10.210898333333335">
                        <ele>0</ele>
                        <time>2022-08-18T13:24:16Z</time>
                                                <extensions>
                            <sog>12.5</sog>
<cog>198.7</cog>
                        </extensions>
                    </trkpt>
                    <trkpt lat="54.41644833333333" lon="10.210708333333335">
                        <ele>0</ele>
                        <time>2022-08-18T13:24:23Z</time>
                                                <extensions>
                            <sog>12.4</sog>
<cog>198.9</cog>
                        </extensions>
                    </trkpt>
                    <trkpt lat="54.41612333333333" lon="10.210518333333333">
                        <ele>0</ele>
                        <time>2022-08-18T13:24:28Z</time>
                                                <extensions>
                            <sog>12.4</sog>
<cog>199.0</cog>
                        </extensions>
                    </trkpt>
                    <trkpt lat="54.41580166666667" lon="10.210325000000001">
                        <ele>0</ele>
                        <time>2022-08-18T13:24:34Z</time>
                                                <extensions>
                            <sog>12.2</sog>
<cog>199.2</cog>
                        </extensions>
                    </trkpt>
                    <trkpt lat="54.415481666666665" lon="10.210135000000001">
                        <ele>0</ele>
                        <time>2022-08-18T13:24:40Z</time>
                                                <extensions>
                            <sog>12.1</sog>
<cog>199.6</cog>
                        </extensions>
                    </trkpt>
                    <trkpt lat="54.415166666666664" lon="10.209943333333333">
                        <ele>0</ele>
                        <time>2022-08-18T13:24:46Z</time>
                                                <extensions>
                            <sog>12.0</sog>
<cog>199.4</cog>
                        </extensions>
                    </trkpt>
                    <trkpt lat="54.414851666666664" lon="10.209756666666667">
                        <ele>0</ele>
                        <time>2022-08-18T13:24:52Z</time>
                                                <extensions>
                            <sog>11.9</sog>
<cog>199.0</cog>
                        </extensions>
                    </trkpt>
                    <trkpt lat="54.414541666666665" lon="10.209570000000001">
                        <ele>0</ele>
                        <time>2022-08-18T13:24:58Z</time>
                                                <extensions>
                            <sog>11.9</sog>
<cog>199.0</cog>
                        </extensions>
                    </trkpt>
                    <trkpt lat="54.41418" lon="10.209354999999999">
                        <ele>0</ele>
                        <time>2022-08-18T13:25:05Z</time>
                                                <extensions>
                            <sog>11.7</sog>
<cog>198.9</cog>
                        </extensions>
                    </trkpt>
                    <trkpt lat="54.413925" lon="10.209203333333333">
                        <ele>0</ele>
                        <time>2022-08-18T13:25:10Z</time>
                                                <extensions>
                            <sog>11.6</sog>
<cog>199.2</cog>
                        </extensions>
                    </trkpt>
                    <trkpt lat="54.41362" lon="10.209023333333333">
                        <ele>0</ele>
                        <time>2022-08-18T13:25:16Z</time>
                                                <extensions>
                            <sog>11.6</sog>
<cog>199.0</cog>
                        </extensions>
                    </trkpt>
                    <trkpt lat="54.413318333333336" lon="10.208845">
                        <ele>0</ele>
                        <time>2022-08-18T13:25:23Z</time>
                                                <extensions>
                            <sog>11.5</sog>
<cog>199.3</cog>
                        </extensions>
                    </trkpt>
                    <trkpt lat="54.41301833333333" lon="10.208666666666666">
                        <ele>0</ele>
                        <time>2022-08-18T13:25:28Z</time>
                                                <extensions>
                            <sog>11.4</sog>
<cog>198.4</cog>
                        </extensions>
                    </trkpt>
                    <trkpt lat="54.41272" lon="10.208491666666667">
                        <ele>0</ele>
                        <time>2022-08-18T13:25:34Z</time>
                                                <extensions>
                            <sog>11.3</sog>
<cog>198.9</cog>
                        </extensions>
                    </trkpt>
                    <trkpt lat="54.41242333333333" lon="10.208318333333333">
                        <ele>0</ele>
                        <time>2022-08-18T13:25:41Z</time>
                                                <extensions>
                            <sog>11.2</sog>
<cog>198.9</cog>
                        </extensions>
                    </trkpt>
                    <trkpt lat="54.412128333333335" lon="10.208148333333332">
                        <ele>0</ele>
                        <time>2022-08-18T13:25:46Z</time>
                                                <extensions>
                            <sog>11.2</sog>
<cog>198.7</cog>
                        </extensions>
                    </trkpt>
                    <trkpt lat="54.411834999999996" lon="10.207978333333333">
                        <ele>0</ele>
                        <time>2022-08-18T13:25:52Z</time>
                                                <extensions>
                            <sog>11.1</sog>
<cog>198.5</cog>
                        </extensions>
                    </trkpt>
                    <trkpt lat="54.411543333333334" lon="10.207808333333332">
                        <ele>0</ele>
                        <time>2022-08-18T13:25:58Z</time>
                                                <extensions>
                            <sog>11.0</sog>
<cog>198.7</cog>
                        </extensions>
                    </trkpt>
                    <trkpt lat="54.411205" lon="10.207611666666667">
                        <ele>0</ele>
                        <time>2022-08-18T13:26:05Z</time>
                                                <extensions>
                            <sog>11.0</sog>
<cog>198.7</cog>
                        </extensions>
                    </trkpt>
                    <trkpt lat="54.410965000000004" lon="10.207471666666667">
                        <ele>0</ele>
                        <time>2022-08-18T13:26:10Z</time>
                                                <extensions>
                            <sog>10.9</sog>
<cog>199.0</cog>
                        </extensions>
                    </trkpt>
                    <trkpt lat="54.41068" lon="10.207303333333334">
                        <ele>0</ele>
                        <time>2022-08-18T13:26:16Z</time>
                                                <extensions>
                            <sog>10.9</sog>
<cog>198.7</cog>
                        </extensions>
                    </trkpt>
                    <trkpt lat="54.410583333333335" lon="10.207248333333332">
                        <ele>0</ele>
                        <time>2022-08-18T13:26:18Z</time>
                                                <extensions>
                            <sog>10.8</sog>
<cog>198.4</cog>
                        </extensions>
                    </trkpt>
                    <trkpt lat="54.41039333333333" lon="10.207138333333335">
                        <ele>0</ele>
                        <time>2022-08-18T13:26:23Z</time>
                                                <extensions>
                            <sog>10.8</sog>
<cog>199.1</cog>
                        </extensions>
                    </trkpt>
                    <trkpt lat="54.41011" lon="10.20697">
                        <ele>0</ele>
                        <time>2022-08-18T13:26:28Z</time>
                                                <extensions>
                            <sog>10.7</sog>
<cog>199.0</cog>
                        </extensions>
                    </trkpt>
                    <trkpt lat="54.40982833333333" lon="10.206805000000001">
                        <ele>0</ele>
                        <time>2022-08-18T13:26:34Z</time>
                                                <extensions>
                            <sog>10.7</sog>
<cog>198.8</cog>
                        </extensions>
                    </trkpt>
                    <trkpt lat="54.409686666666666" lon="10.206721666666665">
                        <ele>0</ele>
                        <time>2022-08-18T13:26:37Z</time>
                                                <extensions>
                            <sog>10.7</sog>
<cog>198.8</cog>
                        </extensions>
                    </trkpt>
                    <trkpt lat="54.409546666666664" lon="10.20664">
                        <ele>0</ele>
                        <time>2022-08-18T13:26:41Z</time>
                                                <extensions>
                            <sog>10.7</sog>
<cog>199.2</cog>
                        </extensions>
                    </trkpt>
                    <trkpt lat="54.40926666666667" lon="10.206473333333333">
                        <ele>0</ele>
                        <time>2022-08-18T13:26:46Z</time>
                                                <extensions>
                            <sog>10.6</sog>
<cog>199.1</cog>
                        </extensions>
                    </trkpt>
                    <trkpt lat="54.40898833333333" lon="10.206308333333334">
                        <ele>0</ele>
                        <time>2022-08-18T13:26:52Z</time>
                                                <extensions>
                            <sog>10.6</sog>
<cog>199.3</cog>
                        </extensions>
                    </trkpt>
                    <trkpt lat="54.40871" lon="10.206143333333333">
                        <ele>0</ele>
                        <time>2022-08-18T13:26:58Z</time>
                                                <extensions>
                            <sog>10.5</sog>
<cog>199.0</cog>
                        </extensions>
                    </trkpt>
                    <trkpt lat="54.408294999999995" lon="10.205898333333332">
                        <ele>0</ele>
                        <time>2022-08-18T13:27:07Z</time>
                                                <extensions>
                            <sog>10.5</sog>
<cog>198.9</cog>
                        </extensions>
                    </trkpt>
                    <trkpt lat="54.40779166666667" lon="10.205601666666666">
                        <ele>0</ele>
                        <time>2022-08-18T13:27:18Z</time>
                                                <extensions>
                            <sog>10.4</sog>
<cog>199.1</cog>
                        </extensions>
                    </trkpt>
                    <trkpt lat="54.407336666666666" lon="10.205333333333334">
                        <ele>0</ele>
                        <time>2022-08-18T13:27:28Z</time>
                                                <extensions>
                            <sog>10.3</sog>
<cog>199.2</cog>
                        </extensions>
                    </trkpt>
                    <trkpt lat="54.40692833333333" lon="10.205093333333334">
                        <ele>0</ele>
                        <time>2022-08-18T13:27:37Z</time>
                                                <extensions>
                            <sog>10.3</sog>
<cog>198.9</cog>
                        </extensions>
                    </trkpt>
                    <trkpt lat="54.40639" lon="10.204763333333334">
                        <ele>0</ele>
                        <time>2022-08-18T13:27:49Z</time>
                                                <extensions>
                            <sog>10.2</sog>
<cog>200.4</cog>
                        </extensions>
                    </trkpt>
                    <trkpt lat="54.405989999999996" lon="10.204508333333333">
                        <ele>0</ele>
                        <time>2022-08-18T13:27:58Z</time>
                                                <extensions>
                            <sog>10.2</sog>
<cog>200.3</cog>
                        </extensions>
                    </trkpt>
                    <trkpt lat="54.40559" lon="10.204263333333333">
                        <ele>0</ele>
                        <time>2022-08-18T13:28:07Z</time>
                                                <extensions>
                            <sog>10.2</sog>
<cog>199.0</cog>
                        </extensions>
                    </trkpt>
                    <trkpt lat="54.40509833333333" lon="10.203993333333333">
                        <ele>0</ele>
                        <time>2022-08-18T13:28:18Z</time>
                                                <extensions>
                            <sog>10.1</sog>
<cog>196.6</cog>
                        </extensions>
                    </trkpt>
                    <trkpt lat="54.404646666666665" lon="10.203771666666666">
                        <ele>0</ele>
                        <time>2022-08-18T13:28:28Z</time>
                                                <extensions>
                            <sog>10.1</sog>
<cog>195.3</cog>
                        </extensions>
                    </trkpt>
                    <trkpt lat="54.40423833333333" lon="10.203586666666666">
                        <ele>0</ele>
                        <time>2022-08-18T13:28:37Z</time>
                                                <extensions>
                            <sog>10.1</sog>
<cog>194.4</cog>
                        </extensions>
                    </trkpt>
                    <trkpt lat="54.40369666666666" lon="10.203343333333333">
                        <ele>0</ele>
                        <time>2022-08-18T13:28:49Z</time>
                                                <extensions>
                            <sog>10.1</sog>
<cog>194.3</cog>
                        </extensions>
                    </trkpt>
                    <trkpt lat="54.40329" lon="10.203165">
                        <ele>0</ele>
                        <time>2022-08-18T13:28:58Z</time>
                                                <extensions>
                            <sog>10.1</sog>
<cog>194.5</cog>
                        </extensions>
                    </trkpt>
                    <trkpt lat="54.40288333333333" lon="10.202985">
                        <ele>0</ele>
                        <time>2022-08-18T13:29:07Z</time>
                                                <extensions>
                            <sog>10.0</sog>
<cog>194.7</cog>
                        </extensions>
                    </trkpt>
                    <trkpt lat="54.40239" lon="10.202761666666667">
                        <ele>0</ele>
                        <time>2022-08-18T13:29:18Z</time>
                                                <extensions>
                            <sog>9.9</sog>
<cog>194.8</cog>
                        </extensions>
                    </trkpt>
                    <trkpt lat="54.40189833333333" lon="10.202538333333333">
                        <ele>0</ele>
                        <time>2022-08-18T13:29:29Z</time>
                                                <extensions>
                            <sog>10.0</sog>
<cog>194.7</cog>
                        </extensions>
                    </trkpt>
                    <trkpt lat="54.40154" lon="10.202375">
                        <ele>0</ele>
                        <time>2022-08-18T13:29:37Z</time>
                                                <extensions>
                            <sog>10.0</sog>
<cog>194.8</cog>
                        </extensions>
                    </trkpt>
                    <trkpt lat="54.401005000000005" lon="10.202133333333334">
                        <ele>0</ele>
                        <time>2022-08-18T13:29:49Z</time>
                                                <extensions>
                            <sog>10.0</sog>
<cog>194.7</cog>
                        </extensions>
                    </trkpt>
                    <trkpt lat="54.400605000000006" lon="10.20195">
                        <ele>0</ele>
                        <time>2022-08-18T13:29:58Z</time>
                                                <extensions>
                            <sog>9.9</sog>
<cog>195.0</cog>
                        </extensions>
                    </trkpt>
                    <trkpt lat="54.400205" lon="10.201766666666666">
                        <ele>0</ele>
                        <time>2022-08-18T13:30:07Z</time>
                                                <extensions>
                            <sog>9.9</sog>
<cog>195.2</cog>
                        </extensions>
                    </trkpt>
                    <trkpt lat="54.39971666666667" lon="10.20154">
                        <ele>0</ele>
                        <time>2022-08-18T13:30:18Z</time>
                                                <extensions>
                            <sog>9.9</sog>
<cog>195.1</cog>
                        </extensions>
                    </trkpt>
                    <trkpt lat="54.399229999999996" lon="10.201311666666667">
                        <ele>0</ele>
                        <time>2022-08-18T13:30:29Z</time>
                                                <extensions>
                            <sog>9.9</sog>
<cog>195.2</cog>
                        </extensions>
                    </trkpt>
                    <trkpt lat="54.39887833333333" lon="10.201146666666666">
                        <ele>0</ele>
                        <time>2022-08-18T13:30:37Z</time>
                                                <extensions>
                            <sog>9.8</sog>
<cog>195.3</cog>
                        </extensions>
                    </trkpt>
                    <trkpt lat="54.39834833333334" lon="10.200898333333333">
                        <ele>0</ele>
                        <time>2022-08-18T13:30:49Z</time>
                                                <extensions>
                            <sog>9.9</sog>
<cog>194.9</cog>
                        </extensions>
                    </trkpt>
                    <trkpt lat="54.39795166666667" lon="10.200716666666667">
                        <ele>0</ele>
                        <time>2022-08-18T13:30:58Z</time>
                                                <extensions>
                            <sog>9.8</sog>
<cog>194.9</cog>
                        </extensions>
                    </trkpt>
                    <trkpt lat="54.397555000000004" lon="10.200535">
                        <ele>0</ele>
                        <time>2022-08-18T13:31:07Z</time>
                                                <extensions>
                            <sog>9.8</sog>
<cog>195.0</cog>
                        </extensions>
                    </trkpt>
                    <trkpt lat="54.39702666666667" lon="10.200296666666667">
                        <ele>0</ele>
                        <time>2022-08-18T13:31:19Z</time>
                                                <extensions>
                            <sog>9.8</sog>
<cog>194.8</cog>
                        </extensions>
                    </trkpt>
                    <trkpt lat="54.396586666666664" lon="10.200096666666667">
                        <ele>0</ele>
                        <time>2022-08-18T13:31:29Z</time>
                                                <extensions>
                            <sog>9.8</sog>
<cog>194.8</cog>
                        </extensions>
                    </trkpt>
                    <trkpt lat="54.396235000000004" lon="10.199938333333334">
                        <ele>0</ele>
                        <time>2022-08-18T13:31:37Z</time>
                                                <extensions>
                            <sog>9.8</sog>
<cog>194.7</cog>
                        </extensions>
                    </trkpt>
                    <trkpt lat="54.39570666666667" lon="10.199705">
                        <ele>0</ele>
                        <time>2022-08-18T13:31:49Z</time>
                                                <extensions>
                            <sog>9.8</sog>
<cog>194.3</cog>
                        </extensions>
                    </trkpt>
                    <trkpt lat="54.39531" lon="10.199528333333335">
                        <ele>0</ele>
                        <time>2022-08-18T13:31:58Z</time>
                                                <extensions>
                            <sog>9.8</sog>
<cog>194.9</cog>
                        </extensions>
                    </trkpt>
                    <trkpt lat="54.394915" lon="10.199345">
                        <ele>0</ele>
                        <time>2022-08-18T13:32:07Z</time>
                                                <extensions>
                            <sog>9.7</sog>
<cog>195.3</cog>
                        </extensions>
                    </trkpt>
                    <trkpt lat="54.39439166666667" lon="10.199091666666668">
                        <ele>0</ele>
                        <time>2022-08-18T13:32:19Z</time>
                                                <extensions>
                            <sog>9.7</sog>
<cog>196.2</cog>
                        </extensions>
                    </trkpt>
                    <trkpt lat="54.39395666666667" lon="10.198873333333333">
                        <ele>0</ele>
                        <time>2022-08-18T13:32:29Z</time>
                                                <extensions>
                            <sog>9.7</sog>
<cog>196.5</cog>
                        </extensions>
                    </trkpt>
                    <trkpt lat="54.393566666666665" lon="10.198671666666666">
                        <ele>0</ele>
                        <time>2022-08-18T13:32:39Z</time>
                                                <extensions>
                            <sog>9.8</sog>
<cog>196.4</cog>
                        </extensions>
                    </trkpt>
                    <trkpt lat="54.39308833333334" lon="10.19843">
                        <ele>0</ele>
                        <time>2022-08-18T13:32:49Z</time>
                                                <extensions>
                            <sog>9.7</sog>
<cog>196.7</cog>
                        </extensions>
                    </trkpt>
                    <trkpt lat="54.392698333333335" lon="10.198228333333333">
                        <ele>0</ele>
                        <time>2022-08-18T13:32:58Z</time>
                                                <extensions>
                            <sog>9.7</sog>
<cog>197.1</cog>
                        </extensions>
                    </trkpt>
                    <trkpt lat="54.392309999999995" lon="10.198026666666667">
                        <ele>0</ele>
                        <time>2022-08-18T13:33:07Z</time>
                                                <extensions>
                            <sog>9.7</sog>
<cog>196.5</cog>
                        </extensions>
                    </trkpt>
                    <trkpt lat="54.39178666666667" lon="10.197771666666666">
                        <ele>0</ele>
                        <time>2022-08-18T13:33:19Z</time>
                                                <extensions>
                            <sog>9.7</sog>
<cog>195.7</cog>
                        </extensions>
                    </trkpt>
                    <trkpt lat="54.39134833333333" lon="10.197558333333335">
                        <ele>0</ele>
                        <time>2022-08-18T13:33:29Z</time>
                                                <extensions>
                            <sog>9.7</sog>
<cog>196.8</cog>
                        </extensions>
                    </trkpt>
                    <trkpt lat="54.39109166666666" lon="10.197415000000001">
                        <ele>0</ele>
                        <time>2022-08-18T13:33:35Z</time>
                                                <extensions>
                            <sog>9.7</sog>
<cog>199.7</cog>
                        </extensions>
                    </trkpt>
                    <trkpt lat="54.390965" lon="10.197335">
                        <ele>0</ele>
                        <time>2022-08-18T13:33:39Z</time>
                                                <extensions>
                            <sog>9.6</sog>
<cog>201.0</cog>
                        </extensions>
                    </trkpt>
                    <trkpt lat="54.39084166666667" lon="10.19725">
                        <ele>0</ele>
                        <time>2022-08-18T13:33:41Z</time>
                                                <extensions>
                            <sog>9.6</sog>
<cog>202.1</cog>
                        </extensions>
                    </trkpt>
                    <trkpt lat="54.390678333333334" lon="10.197131666666667">
                        <ele>0</ele>
                        <time>2022-08-18T13:33:45Z</time>
                                                <extensions>
                            <sog>9.6</sog>
<cog>204.0</cog>
                        </extensions>
                    </trkpt>
                    <trkpt lat="54.39051666666667" lon="10.197004999999999">
                        <ele>0</ele>
                        <time>2022-08-18T13:33:49Z</time>
                                                <extensions>
                            <sog>9.5</sog>
<cog>205.3</cog>
                        </extensions>
                    </trkpt>
                    <trkpt lat="54.390438333333336" lon="10.196938333333332">
                        <ele>0</ele>
                        <time>2022-08-18T13:33:52Z</time>
                                                <extensions>
                            <sog>9.5</sog>
<cog>206.2</cog>
                        </extensions>
                    </trkpt>
                    <trkpt lat="54.390319999999996" lon="10.196838333333334">
                        <ele>0</ele>
                        <time>2022-08-18T13:33:55Z</time>
                                                <extensions>
                            <sog>9.4</sog>
<cog>206.9</cog>
                        </extensions>
                    </trkpt>
                    <trkpt lat="54.390165" lon="10.1967">
                        <ele>0</ele>
                        <time>2022-08-18T13:33:58Z</time>
                                                <extensions>
                            <sog>9.4</sog>
<cog>207.9</cog>
                        </extensions>
                    </trkpt>
                    <trkpt lat="54.390011666666666" lon="10.196558333333334">
                        <ele>0</ele>
                        <time>2022-08-18T13:34:02Z</time>
                                                <extensions>
                            <sog>9.4</sog>
<cog>208.2</cog>
                        </extensions>
                    </trkpt>
                    <trkpt lat="54.389745" lon="10.196303333333333">
                        <ele>0</ele>
                        <time>2022-08-18T13:34:09Z</time>
                                                <extensions>
                            <sog>9.4</sog>
<cog>209.4</cog>
                        </extensions>
                    </trkpt>
                    <trkpt lat="54.38937" lon="10.195926666666667">
                        <ele>0</ele>
                        <time>2022-08-18T13:34:19Z</time>
                                                <extensions>
                            <sog>9.4</sog>
<cog>210.9</cog>
                        </extensions>
                    </trkpt>
                    <trkpt lat="54.389001666666665" lon="10.19554">
                        <ele>0</ele>
                        <time>2022-08-18T13:34:29Z</time>
                                                <extensions>
                            <sog>9.2</sog>
<cog>212.0</cog>
                        </extensions>
                    </trkpt>
                    <trkpt lat="54.38867833333334" lon="10.195188333333334">
                        <ele>0</ele>
                        <time>2022-08-18T13:34:39Z</time>
                                                <extensions>
                            <sog>9.1</sog>
<cog>212.7</cog>
                        </extensions>
                    </trkpt>
                    <trkpt lat="54.38829" lon="10.194756666666667">
                        <ele>0</ele>
                        <time>2022-08-18T13:34:49Z</time>
                                                <extensions>
                            <sog>9.0</sog>
<cog>213.2</cog>
                        </extensions>
                    </trkpt>
                    <trkpt lat="54.38797833333333" lon="10.194401666666666">
                        <ele>0</ele>
                        <time>2022-08-18T13:34:58Z</time>
                                                <extensions>
                            <sog>8.9</sog>
<cog>213.8</cog>
                        </extensions>
                    </trkpt>
                    <trkpt lat="54.3876" lon="10.193973333333334">
                        <ele>0</ele>
                        <time>2022-08-18T13:35:09Z</time>
                                                <extensions>
                            <sog>8.8</sog>
<cog>213.2</cog>
                        </extensions>
                    </trkpt>
                    <trkpt lat="54.38725833333333" lon="10.193588333333334">
                        <ele>0</ele>
                        <time>2022-08-18T13:35:19Z</time>
                                                <extensions>
                            <sog>8.8</sog>
<cog>213.2</cog>
                        </extensions>
                    </trkpt>
                    <trkpt lat="54.38695333333333" lon="10.193246666666665">
                        <ele>0</ele>
                        <time>2022-08-18T13:35:29Z</time>
                                                <extensions>
                            <sog>8.7</sog>
<cog>213.0</cog>
                        </extensions>
                    </trkpt>
                    <trkpt lat="54.38661333333334" lon="10.192873333333333">
                        <ele>0</ele>
                        <time>2022-08-18T13:35:39Z</time>
                                                <extensions>
                            <sog>8.7</sog>
<cog>212.1</cog>
                        </extensions>
                    </trkpt>
                    <trkpt lat="54.386275" lon="10.19251">
                        <ele>0</ele>
                        <time>2022-08-18T13:35:48Z</time>
                                                <extensions>
                            <sog>8.6</sog>
<cog>211.6</cog>
                        </extensions>
                    </trkpt>
                    <trkpt lat="54.385936666666666" lon="10.192151666666666">
                        <ele>0</ele>
                        <time>2022-08-18T13:35:58Z</time>
                                                <extensions>
                            <sog>8.5</sog>
<cog>211.4</cog>
                        </extensions>
                    </trkpt>
                    <trkpt lat="54.38557" lon="10.191766666666666">
                        <ele>0</ele>
                        <time>2022-08-18T13:36:09Z</time>
                                                <extensions>
                            <sog>8.3</sog>
<cog>211.7</cog>
                        </extensions>
                    </trkpt>
                    <trkpt lat="54.38524333333333" lon="10.191425">
                        <ele>0</ele>
                        <time>2022-08-18T13:36:19Z</time>
                                                <extensions>
                            <sog>8.2</sog>
<cog>211.3</cog>
                        </extensions>
                    </trkpt>
                    <trkpt lat="54.38464166666667" lon="10.19079">
                        <ele>0</ele>
                        <time>2022-08-18T13:36:38Z</time>
                                                <extensions>
                            <sog>7.9</sog>
<cog>211.5</cog>
                        </extensions>
                    </trkpt>
                    <trkpt lat="54.38433166666667" lon="10.190468333333333">
                        <ele>0</ele>
                        <time>2022-08-18T13:36:48Z</time>
                                                <extensions>
                            <sog>7.8</sog>
<cog>211.3</cog>
                        </extensions>
                    </trkpt>
                    <trkpt lat="54.384024999999994" lon="10.190146666666667">
                        <ele>0</ele>
                        <time>2022-08-18T13:36:58Z</time>
                                                <extensions>
                            <sog>7.7</sog>
<cog>211.3</cog>
                        </extensions>
                    </trkpt>
                    <trkpt lat="54.38368833333333" lon="10.189793333333334">
                        <ele>0</ele>
                        <time>2022-08-18T13:37:09Z</time>
                                                <extensions>
                            <sog>7.7</sog>
<cog>211.9</cog>
                        </extensions>
                    </trkpt>
                    <trkpt lat="54.38338666666667" lon="10.189466666666668">
                        <ele>0</ele>
                        <time>2022-08-18T13:37:19Z</time>
                                                <extensions>
                            <sog>7.6</sog>
<cog>212.6</cog>
                        </extensions>
                    </trkpt>
                    <trkpt lat="54.38312" lon="10.189168333333333">
                        <ele>0</ele>
                        <time>2022-08-18T13:37:29Z</time>
                                                <extensions>
                            <sog>7.6</sog>
<cog>213.7</cog>
                        </extensions>
                    </trkpt>
                    <trkpt lat="54.382828333333336" lon="10.18883">
                        <ele>0</ele>
                        <time>2022-08-18T13:37:38Z</time>
                                                <extensions>
                            <sog>7.6</sog>
<cog>214.1</cog>
                        </extensions>
                    </trkpt>
                    <trkpt lat="54.38254" lon="10.188486666666668">
                        <ele>0</ele>
                        <time>2022-08-18T13:37:48Z</time>
                                                <extensions>
                            <sog>7.5</sog>
<cog>215.3</cog>
                        </extensions>
                    </trkpt>
                    <trkpt lat="54.382255" lon="10.18814">
                        <ele>0</ele>
                        <time>2022-08-18T13:37:58Z</time>
                                                <extensions>
                            <sog>7.6</sog>
<cog>215.7</cog>
                        </extensions>
                    </trkpt>
                    <trkpt lat="54.38194" lon="10.187748333333333">
                        <ele>0</ele>
                        <time>2022-08-18T13:38:09Z</time>
                                                <extensions>
                            <sog>7.7</sog>
<cog>215.8</cog>
                        </extensions>
                    </trkpt>
                    <trkpt lat="54.38164833333334" lon="10.187383333333335">
                        <ele>0</ele>
                        <time>2022-08-18T13:38:19Z</time>
                                                <extensions>
                            <sog>7.8</sog>
<cog>216.1</cog>
                        </extensions>
                    </trkpt>
                    <trkpt lat="54.381385" lon="10.187053333333333">
                        <ele>0</ele>
                        <time>2022-08-18T13:38:29Z</time>
                                                <extensions>
                            <sog>7.8</sog>
<cog>215.8</cog>
                        </extensions>
                    </trkpt>
                    <trkpt lat="54.38080333333333" lon="10.186336666666667">
                        <ele>0</ele>
                        <time>2022-08-18T13:38:48Z</time>
                                                <extensions>
                            <sog>7.6</sog>
<cog>215.7</cog>
                        </extensions>
                    </trkpt>
                    <trkpt lat="54.380491666666664" lon="10.185956666666668">
                        <ele>0</ele>
                        <time>2022-08-18T13:38:59Z</time>
                                                <extensions>
                            <sog>7.4</sog>
<cog>215.2</cog>
                        </extensions>
                    </trkpt>
                    <trkpt lat="54.38021166666667" lon="10.18562">
                        <ele>0</ele>
                        <time>2022-08-18T13:39:09Z</time>
                                                <extensions>
                            <sog>7.3</sog>
<cog>214.8</cog>
                        </extensions>
                    </trkpt>
                    <trkpt lat="54.379935" lon="10.185293333333334">
                        <ele>0</ele>
                        <time>2022-08-18T13:39:19Z</time>
                                                <extensions>
                            <sog>7.2</sog>
<cog>214.5</cog>
                        </extensions>
                    </trkpt>
                    <trkpt lat="54.37969" lon="10.18501">
                        <ele>0</ele>
                        <time>2022-08-18T13:39:29Z</time>
                                                <extensions>
                            <sog>7.0</sog>
<cog>213.6</cog>
                        </extensions>
                    </trkpt>
                    <trkpt lat="54.379418333333334" lon="10.184701666666665">
                        <ele>0</ele>
                        <time>2022-08-18T13:39:38Z</time>
                                                <extensions>
                            <sog>6.9</sog>
<cog>213.3</cog>
                        </extensions>
                    </trkpt>
                    <trkpt lat="54.379149999999996" lon="10.184405">
                        <ele>0</ele>
                        <time>2022-08-18T13:39:48Z</time>
                                                <extensions>
                            <sog>6.8</sog>
<cog>212.5</cog>
                        </extensions>
                    </trkpt>
                    <trkpt lat="54.37885666666667" lon="10.184088333333333">
                        <ele>0</ele>
                        <time>2022-08-18T13:39:59Z</time>
                                                <extensions>
                            <sog>6.7</sog>
<cog>211.9</cog>
                        </extensions>
                    </trkpt>
                    <trkpt lat="54.378593333333335" lon="10.183805">
                        <ele>0</ele>
                        <time>2022-08-18T13:40:09Z</time>
                                                <extensions>
                            <sog>6.6</sog>
<cog>212.2</cog>
                        </extensions>
                    </trkpt>
                    <trkpt lat="54.37833333333333" lon="10.183528333333333">
                        <ele>0</ele>
                        <time>2022-08-18T13:40:19Z</time>
                                                <extensions>
                            <sog>6.5</sog>
<cog>211.7</cog>
                        </extensions>
                    </trkpt>
                    <trkpt lat="54.37784833333333" lon="10.183013333333333">
                        <ele>0</ele>
                        <time>2022-08-18T13:40:38Z</time>
                                                <extensions>
                            <sog>6.3</sog>
<cog>212.2</cog>
                        </extensions>
                    </trkpt>
                    <trkpt lat="54.377605" lon="10.182748333333333">
                        <ele>0</ele>
                        <time>2022-08-18T13:40:48Z</time>
                                                <extensions>
                            <sog>6.1</sog>
<cog>212.3</cog>
                        </extensions>
                    </trkpt>
                    <trkpt lat="54.377343333333336" lon="10.182459999999999">
                        <ele>0</ele>
                        <time>2022-08-18T13:40:59Z</time>
                                                <extensions>
                            <sog>6.0</sog>
<cog>213.0</cog>
                        </extensions>
                    </trkpt>
                    <trkpt lat="54.377115" lon="10.182201666666666">
                        <ele>0</ele>
                        <time>2022-08-18T13:41:09Z</time>
                                                <extensions>
                            <sog>5.8</sog>
<cog>213.4</cog>
                        </extensions>
                    </trkpt>
                    <trkpt lat="54.376891666666666" lon="10.181941666666667">
                        <ele>0</ele>
                        <time>2022-08-18T13:41:19Z</time>
                                                <extensions>
                            <sog>5.8</sog>
<cog>214.8</cog>
                        </extensions>
                    </trkpt>
                    <trkpt lat="54.37669666666667" lon="10.181700000000001">
                        <ele>0</ele>
                        <time>2022-08-18T13:41:29Z</time>
                                                <extensions>
                            <sog>5.7</sog>
<cog>217.6</cog>
                        </extensions>
                    </trkpt>
                    <trkpt lat="54.376491666666666" lon="10.181415">
                        <ele>0</ele>
                        <time>2022-08-18T13:41:38Z</time>
                                                <extensions>
                            <sog>5.7</sog>
<cog>220.0</cog>
                        </extensions>
                    </trkpt>
                    <trkpt lat="54.37629166666667" lon="10.181123333333334">
                        <ele>0</ele>
                        <time>2022-08-18T13:41:48Z</time>
                                                <extensions>
                            <sog>5.6</sog>
<cog>221.7</cog>
                        </extensions>
                    </trkpt>
                    <trkpt lat="54.37607" lon="10.180808333333333">
                        <ele>0</ele>
                        <time>2022-08-18T13:41:59Z</time>
                                                <extensions>
                            <sog>5.6</sog>
<cog>216.8</cog>
                        </extensions>
                    </trkpt>
                    <trkpt lat="54.375901666666664" lon="10.180596666666666">
                        <ele>0</ele>
                        <time>2022-08-18T13:42:07Z</time>
                                                <extensions>
                            <sog>5.6</sog>
<cog>216.5</cog>
                        </extensions>
                    </trkpt>
                    <trkpt lat="54.37564833333333" lon="10.180291666666667">
                        <ele>0</ele>
                        <time>2022-08-18T13:42:19Z</time>
                                                <extensions>
                            <sog>5.5</sog>
<cog>214.1</cog>
                        </extensions>
                    </trkpt>
                    <trkpt lat="54.37546" lon="10.180066666666667">
                        <ele>0</ele>
                        <time>2022-08-18T13:42:29Z</time>
                                                <extensions>
                            <sog>5.5</sog>
<cog>213.5</cog>
                        </extensions>
                    </trkpt>
                    <trkpt lat="54.37525" lon="10.179823333333333">
                        <ele>0</ele>
                        <time>2022-08-18T13:42:38Z</time>
                                                <extensions>
                            <sog>5.4</sog>
<cog>215.0</cog>
                        </extensions>
                    </trkpt>
                    <trkpt lat="54.375045" lon="10.179576666666666">
                        <ele>0</ele>
                        <time>2022-08-18T13:42:48Z</time>
                                                <extensions>
                            <sog>5.4</sog>
<cog>214.1</cog>
                        </extensions>
                    </trkpt>
                    <trkpt lat="54.37482166666667" lon="10.179308333333333">
                        <ele>0</ele>
                        <time>2022-08-18T13:42:59Z</time>
                                                <extensions>
                            <sog>5.3</sog>
<cog>215.4</cog>
                        </extensions>
                    </trkpt>
                    <trkpt lat="54.37465833333333" lon="10.179118333333333">
                        <ele>0</ele>
                        <time>2022-08-18T13:43:07Z</time>
                                                <extensions>
                            <sog>5.3</sog>
<cog>214.2</cog>
                        </extensions>
                    </trkpt>
                    <trkpt lat="54.37442333333333" lon="10.178841666666667">
                        <ele>0</ele>
                        <time>2022-08-18T13:43:19Z</time>
                                                <extensions>
                            <sog>5.0</sog>
<cog>213.7</cog>
                        </extensions>
                    </trkpt>
                    <trkpt lat="54.374273333333335" lon="10.178666666666667">
                        <ele>0</ele>
                        <time>2022-08-18T13:43:27Z</time>
                                                <extensions>
                            <sog>4.8</sog>
<cog>214.3</cog>
                        </extensions>
                    </trkpt>
                    <trkpt lat="54.374055" lon="10.178408333333334">
                        <ele>0</ele>
                        <time>2022-08-18T13:43:39Z</time>
                                                <extensions>
                            <sog>4.7</sog>
<cog>213.9</cog>
                        </extensions>
                    </trkpt>
                    <trkpt lat="54.37368666666667" lon="10.177933333333334">
                        <ele>0</ele>
                        <time>2022-08-18T13:43:59Z</time>
                                                <extensions>
                            <sog>5.1</sog>
<cog>216.1</cog>
                        </extensions>
                    </trkpt>
                    <trkpt lat="54.373529999999995" lon="10.177738333333334">
                        <ele>0</ele>
                        <time>2022-08-18T13:44:07Z</time>
                                                <extensions>
                            <sog>5.3</sog>
<cog>216.5</cog>
                        </extensions>
                    </trkpt>
                    <trkpt lat="54.37329166666667" lon="10.177439999999999">
                        <ele>0</ele>
                        <time>2022-08-18T13:44:19Z</time>
                                                <extensions>
                            <sog>5.2</sog>
<cog>215.3</cog>
                        </extensions>
                    </trkpt>
                    <trkpt lat="54.37313666666667" lon="10.177248333333333">
                        <ele>0</ele>
                        <time>2022-08-18T13:44:27Z</time>
                                                <extensions>
                            <sog>5.1</sog>
<cog>216.0</cog>
                        </extensions>
                    </trkpt>
                    <trkpt lat="54.372910000000005" lon="10.17697">
                        <ele>0</ele>
                        <time>2022-08-18T13:44:39Z</time>
                                                <extensions>
                            <sog>4.9</sog>
<cog>216.1</cog>
                        </extensions>
                    </trkpt>
                    <trkpt lat="54.372745" lon="10.176766666666667">
                        <ele>0</ele>
                        <time>2022-08-18T13:44:48Z</time>
                                                <extensions>
                            <sog>4.8</sog>
<cog>215.5</cog>
                        </extensions>
                    </trkpt>
                    <trkpt lat="54.37240833333333" lon="10.176358333333333">
                        <ele>0</ele>
                        <time>2022-08-18T13:45:07Z</time>
                                                <extensions>
                            <sog>4.5</sog>
<cog>214.5</cog>
                        </extensions>
                    </trkpt>
                    <trkpt lat="54.37220333333333" lon="10.17611">
                        <ele>0</ele>
                        <time>2022-08-18T13:45:19Z</time>
                                                <extensions>
                            <sog>4.4</sog>
<cog>214.5</cog>
                        </extensions>
                    </trkpt>
                    <trkpt lat="54.37206833333333" lon="10.175953333333332">
                        <ele>0</ele>
                        <time>2022-08-18T13:45:27Z</time>
                                                <extensions>
                            <sog>4.4</sog>
<cog>214.8</cog>
                        </extensions>
                    </trkpt>
                    <trkpt lat="54.37187166666667" lon="10.17572">
                        <ele>0</ele>
                        <time>2022-08-18T13:45:39Z</time>
                                                <extensions>
                            <sog>4.2</sog>
<cog>214.4</cog>
                        </extensions>
                    </trkpt>
                    <trkpt lat="54.371743333333335" lon="10.17557">
                        <ele>0</ele>
                        <time>2022-08-18T13:45:48Z</time>
                                                <extensions>
                            <sog>4.1</sog>
<cog>214.8</cog>
                        </extensions>
                    </trkpt>
                    <trkpt lat="54.371554999999994" lon="10.175356666666666">
                        <ele>0</ele>
                        <time>2022-08-18T13:45:59Z</time>
                                                <extensions>
                            <sog>4.0</sog>
<cog>213.1</cog>
                        </extensions>
                    </trkpt>
                    <trkpt lat="54.371431666666666" lon="10.175218333333333">
                        <ele>0</ele>
                        <time>2022-08-18T13:46:07Z</time>
                                                <extensions>
                            <sog>3.9</sog>
<cog>213.1</cog>
                        </extensions>
                    </trkpt>
                    <trkpt lat="54.371248333333334" lon="10.17502">
                        <ele>0</ele>
                        <time>2022-08-18T13:46:19Z</time>
                                                <extensions>
                            <sog>3.8</sog>
<cog>212.5</cog>
                        </extensions>
                    </trkpt>
                    <trkpt lat="54.37113" lon="10.174891666666667">
                        <ele>0</ele>
                        <time>2022-08-18T13:46:27Z</time>
                                                <extensions>
                            <sog>3.7</sog>
<cog>211.8</cog>
                        </extensions>
                    </trkpt>
                    <trkpt lat="54.37095166666666" lon="10.174705">
                        <ele>0</ele>
                        <time>2022-08-18T13:46:39Z</time>
                                                <extensions>
                            <sog>3.7</sog>
<cog>210.8</cog>
                        </extensions>
                    </trkpt>
                    <trkpt lat="54.37082833333333" lon="10.174588333333332">
                        <ele>0</ele>
                        <time>2022-08-18T13:46:48Z</time>
                                                <extensions>
                            <sog>3.8</sog>
<cog>208.5</cog>
                        </extensions>
                    </trkpt>
                    <trkpt lat="54.37064" lon="10.174416666666668">
                        <ele>0</ele>
                        <time>2022-08-18T13:46:59Z</time>
                                                <extensions>
                            <sog>3.8</sog>
<cog>207.4</cog>
                        </extensions>
                    </trkpt>
                    <trkpt lat="54.37051666666667" lon="10.174299999999999">
                        <ele>0</ele>
                        <time>2022-08-18T13:47:07Z</time>
                                                <extensions>
                            <sog>3.8</sog>
<cog>209.0</cog>
                        </extensions>
                    </trkpt>
                    <trkpt lat="54.37036666666667" lon="10.174153333333333">
                        <ele>0</ele>
                        <time>2022-08-18T13:47:17Z</time>
                                                <extensions>
                            <sog>3.7</sog>
<cog>209.8</cog>
                        </extensions>
                    </trkpt>
                    <trkpt lat="54.370218333333334" lon="10.173998333333333">
                        <ele>0</ele>
                        <time>2022-08-18T13:47:27Z</time>
                                                <extensions>
                            <sog>3.7</sog>
<cog>212.5</cog>
                        </extensions>
                    </trkpt>
                    <trkpt lat="54.37004666666667" lon="10.173803333333332">
                        <ele>0</ele>
                        <time>2022-08-18T13:47:39Z</time>
                                                <extensions>
                            <sog>3.7</sog>
<cog>213.6</cog>
                        </extensions>
                    </trkpt>
                    <trkpt lat="54.369931666666666" lon="10.17367">
                        <ele>0</ele>
                        <time>2022-08-18T13:47:48Z</time>
                                                <extensions>
                            <sog>3.7</sog>
<cog>213.6</cog>
                        </extensions>
                    </trkpt>
                    <trkpt lat="54.36977666666667" lon="10.173491666666667">
                        <ele>0</ele>
                        <time>2022-08-18T13:47:58Z</time>
                                                <extensions>
                            <sog>3.6</sog>
<cog>214.4</cog>
                        </extensions>
                    </trkpt>
                    <trkpt lat="54.36965333333333" lon="10.173346666666667">
                        <ele>0</ele>
                        <time>2022-08-18T13:48:07Z</time>
                                                <extensions>
                            <sog>3.5</sog>
<cog>214.0</cog>
                        </extensions>
                    </trkpt>
                    <trkpt lat="54.36952" lon="10.173186666666668">
                        <ele>0</ele>
                        <time>2022-08-18T13:48:17Z</time>
                                                <extensions>
                            <sog>3.4</sog>
<cog>215.7</cog>
                        </extensions>
                    </trkpt>
                    <trkpt lat="54.369391666666665" lon="10.173028333333333">
                        <ele>0</ele>
                        <time>2022-08-18T13:48:27Z</time>
                                                <extensions>
                            <sog>3.3</sog>
<cog>216.2</cog>
                        </extensions>
                    </trkpt>
                    <trkpt lat="54.36924333333333" lon="10.17284">
                        <ele>0</ele>
                        <time>2022-08-18T13:48:39Z</time>
                                                <extensions>
                            <sog>3.2</sog>
<cog>217.1</cog>
                        </extensions>
                    </trkpt>
                    <trkpt lat="54.369146666666666" lon="10.172715">
                        <ele>0</ele>
                        <time>2022-08-18T13:48:48Z</time>
                                                <extensions>
                            <sog>3.2</sog>
<cog>218.2</cog>
                        </extensions>
                    </trkpt>
                    <trkpt lat="54.36901833333333" lon="10.17254">
                        <ele>0</ele>
                        <time>2022-08-18T13:48:58Z</time>
                                                <extensions>
                            <sog>3.2</sog>
<cog>219.9</cog>
                        </extensions>
                    </trkpt>
                    <trkpt lat="54.36891666666667" lon="10.172391666666666">
                        <ele>0</ele>
                        <time>2022-08-18T13:49:07Z</time>
                                                <extensions>
                            <sog>3.1</sog>
<cog>220.7</cog>
                        </extensions>
                    </trkpt>
                    <trkpt lat="54.36880333333333" lon="10.17223">
                        <ele>0</ele>
                        <time>2022-08-18T13:49:17Z</time>
                                                <extensions>
                            <sog>3.1</sog>
<cog>220.4</cog>
                        </extensions>
                    </trkpt>
                    <trkpt lat="54.368695" lon="10.172071666666666">
                        <ele>0</ele>
                        <time>2022-08-18T13:49:27Z</time>
                                                <extensions>
                            <sog>3.0</sog>
<cog>220.1</cog>
                        </extensions>
                    </trkpt>
                    <trkpt lat="54.36856833333333" lon="10.171883333333334">
                        <ele>0</ele>
                        <time>2022-08-18T13:49:39Z</time>
                                                <extensions>
                            <sog>3.0</sog>
<cog>221.6</cog>
                        </extensions>
                    </trkpt>
                    <trkpt lat="54.36837" lon="10.171574999999999">
                        <ele>0</ele>
                        <time>2022-08-18T13:49:58Z</time>
                                                <extensions>
                            <sog>3.0</sog>
<cog>221.7</cog>
                        </extensions>
                    </trkpt>
                    <trkpt lat="54.36826666666666" lon="10.171416666666666">
                        <ele>0</ele>
                        <time>2022-08-18T13:50:08Z</time>
                                                <extensions>
                            <sog>2.9</sog>
<cog>223.1</cog>
                        </extensions>
                    </trkpt>
                    <trkpt lat="54.368174999999994" lon="10.171278333333333">
                        <ele>0</ele>
                        <time>2022-08-18T13:50:17Z</time>
                                                <extensions>
                            <sog>2.9</sog>
<cog>222.1</cog>
                        </extensions>
                    </trkpt>
                    <trkpt lat="54.36807833333333" lon="10.171121666666666">
                        <ele>0</ele>
                        <time>2022-08-18T13:50:27Z</time>
                                                <extensions>
                            <sog>2.8</sog>
<cog>222.4</cog>
                        </extensions>
                    </trkpt>
                    <trkpt lat="54.367961666666666" lon="10.170943333333334">
                        <ele>0</ele>
                        <time>2022-08-18T13:50:39Z</time>
                                                <extensions>
                            <sog>2.7</sog>
<cog>222.9</cog>
                        </extensions>
                    </trkpt>
                    <trkpt lat="54.36787666666667" lon="10.17081">
                        <ele>0</ele>
                        <time>2022-08-18T13:50:48Z</time>
                                                <extensions>
                            <sog>2.7</sog>
<cog>223.6</cog>
                        </extensions>
                    </trkpt>
                    <trkpt lat="54.367785000000005" lon="10.17066">
                        <ele>0</ele>
                        <time>2022-08-18T13:50:58Z</time>
                                                <extensions>
                            <sog>2.7</sog>
<cog>223.4</cog>
                        </extensions>
                    </trkpt>
                    <trkpt lat="54.367691666666666" lon="10.170506666666666">
                        <ele>0</ele>
                        <time>2022-08-18T13:51:08Z</time>
                                                <extensions>
                            <sog>2.8</sog>
<cog>225.1</cog>
                        </extensions>
                    </trkpt>
                    <trkpt lat="54.367605000000005" lon="10.170358333333333">
                        <ele>0</ele>
                        <time>2022-08-18T13:51:17Z</time>
                                                <extensions>
                            <sog>2.9</sog>
<cog>225.3</cog>
                        </extensions>
                    </trkpt>
                    <trkpt lat="54.367505" lon="10.170188333333334">
                        <ele>0</ele>
                        <time>2022-08-18T13:51:27Z</time>
                                                <extensions>
                            <sog>3.0</sog>
<cog>225.0</cog>
                        </extensions>
                    </trkpt>
                    <trkpt lat="54.367383333333336" lon="10.169985">
                        <ele>0</ele>
                        <time>2022-08-18T13:51:39Z</time>
                                                <extensions>
                            <sog>2.9</sog>
<cog>224.3</cog>
                        </extensions>
                    </trkpt>
                    <trkpt lat="54.36729666666667" lon="10.169836666666667">
                        <ele>0</ele>
                        <time>2022-08-18T13:51:48Z</time>
                                                <extensions>
                            <sog>2.9</sog>
<cog>225.3</cog>
                        </extensions>
                    </trkpt>
                    <trkpt lat="54.367201666666666" lon="10.169671666666666">
                        <ele>0</ele>
                        <time>2022-08-18T13:51:58Z</time>
                                                <extensions>
                            <sog>2.8</sog>
<cog>225.7</cog>
                        </extensions>
                    </trkpt>
                    <trkpt lat="54.367110000000004" lon="10.169508333333333">
                        <ele>0</ele>
                        <time>2022-08-18T13:52:08Z</time>
                                                <extensions>
                            <sog>2.8</sog>
<cog>227.0</cog>
                        </extensions>
                    </trkpt>
                    <trkpt lat="54.36701166666667" lon="10.169324999999999">
                        <ele>0</ele>
                        <time>2022-08-18T13:52:19Z</time>
                                                <extensions>
                            <sog>2.8</sog>
<cog>228.8</cog>
                        </extensions>
                    </trkpt>
                    <trkpt lat="54.36694333333333" lon="10.169183333333333">
                        <ele>0</ele>
                        <time>2022-08-18T13:52:27Z</time>
                                                <extensions>
                            <sog>2.9</sog>
<cog>230.8</cog>
                        </extensions>
                    </trkpt>
                    <trkpt lat="54.366838333333334" lon="10.168978333333333">
                        <ele>0</ele>
                        <time>2022-08-18T13:52:39Z</time>
                                                <extensions>
                            <sog>2.8</sog>
<cog>228.7</cog>
                        </extensions>
                    </trkpt>
                    <trkpt lat="54.36676166666667" lon="10.168826666666666">
                        <ele>0</ele>
                        <time>2022-08-18T13:52:48Z</time>
                                                <extensions>
                            <sog>2.8</sog>
<cog>227.8</cog>
                        </extensions>
                    </trkpt>
                    <trkpt lat="54.36667666666666" lon="10.168665">
                        <ele>0</ele>
                        <time>2022-08-18T13:52:58Z</time>
                                                <extensions>
                            <sog>2.7</sog>
<cog>229.3</cog>
                        </extensions>
                    </trkpt>
                    <trkpt lat="54.366593333333334" lon="10.168506666666667">
                        <ele>0</ele>
                        <time>2022-08-18T13:53:08Z</time>
                                                <extensions>
                            <sog>2.6</sog>
<cog>227.9</cog>
                        </extensions>
                    </trkpt>
                    <trkpt lat="54.366505" lon="10.168333333333333">
                        <ele>0</ele>
                        <time>2022-08-18T13:53:19Z</time>
                                                <extensions>
                            <sog>2.6</sog>
<cog>228.9</cog>
                        </extensions>
                    </trkpt>
                    <trkpt lat="54.366443333333336" lon="10.168208333333332">
                        <ele>0</ele>
                        <time>2022-08-18T13:53:27Z</time>
                                                <extensions>
                            <sog>2.6</sog>
<cog>230.8</cog>
                        </extensions>
                    </trkpt>
                    <trkpt lat="54.36635666666667" lon="10.168011666666667">
                        <ele>0</ele>
                        <time>2022-08-18T13:53:39Z</time>
                                                <extensions>
                            <sog>2.6</sog>
<cog>235.5</cog>
                        </extensions>
                    </trkpt>
                    <trkpt lat="54.36629833333333" lon="10.167846666666666">
                        <ele>0</ele>
                        <time>2022-08-18T13:53:48Z</time>
                                                <extensions>
                            <sog>2.7</sog>
<cog>240.3</cog>
                        </extensions>
                    </trkpt>
                    <trkpt lat="54.366236666666666" lon="10.167688333333333">
                        <ele>0</ele>
                        <time>2022-08-18T13:53:57Z</time>
                                                <extensions>
                            <sog>2.6</sog>
<cog>235.9</cog>
                        </extensions>
                    </trkpt>
                    <trkpt lat="54.366165" lon="10.167495">
                        <ele>0</ele>
                        <time>2022-08-18T13:54:08Z</time>
                                                <extensions>
                            <sog>2.5</sog>
<cog>236.4</cog>
                        </extensions>
                    </trkpt>
                    <trkpt lat="54.36605" lon="10.167181666666666">
                        <ele>0</ele>
                        <time>2022-08-18T13:54:27Z</time>
                                                <extensions>
                            <sog>2.5</sog>
<cog>237.1</cog>
                        </extensions>
                    </trkpt>
                    <trkpt lat="54.36598333333333" lon="10.166996666666668">
                        <ele>0</ele>
                        <time>2022-08-18T13:54:39Z</time>
                                                <extensions>
                            <sog>2.4</sog>
<cog>238.3</cog>
                        </extensions>
                    </trkpt>
                    <trkpt lat="54.36579666666667" lon="10.166500000000001">
                        <ele>0</ele>
                        <time>2022-08-18T13:55:08Z</time>
                                                <extensions>
                            <sog>2.4</sog>
<cog>237.2</cog>
                        </extensions>
                    </trkpt>
                    <trkpt lat="54.36573" lon="10.166323333333334">
                        <ele>0</ele>
                        <time>2022-08-18T13:55:19Z</time>
                                                <extensions>
                            <sog>2.3</sog>
<cog>238.3</cog>
                        </extensions>
                    </trkpt>
                    <trkpt lat="54.36568" lon="10.16618">
                        <ele>0</ele>
                        <time>2022-08-18T13:55:28Z</time>
                                                <extensions>
                            <sog>2.3</sog>
<cog>237.8</cog>
                        </extensions>
                    </trkpt>
                    <trkpt lat="54.36562166666667" lon="10.166023333333333">
                        <ele>0</ele>
                        <time>2022-08-18T13:55:39Z</time>
                                                <extensions>
                            <sog>2.3</sog>
<cog>238.7</cog>
                        </extensions>
                    </trkpt>
                    <trkpt lat="54.365568333333336" lon="10.165868333333332">
                        <ele>0</ele>
                        <time>2022-08-18T13:55:48Z</time>
                                                <extensions>
                            <sog>2.2</sog>
<cog>238.3</cog>
                        </extensions>
                    </trkpt>
                    <trkpt lat="54.36551833333333" lon="10.165731666666666">
                        <ele>0</ele>
                        <time>2022-08-18T13:55:57Z</time>
                                                <extensions>
                            <sog>2.2</sog>
<cog>239.6</cog>
                        </extensions>
                    </trkpt>
                    <trkpt lat="54.36546" lon="10.165563333333333">
                        <ele>0</ele>
                        <time>2022-08-18T13:56:08Z</time>
                                                <extensions>
                            <sog>2.2</sog>
<cog>239.7</cog>
                        </extensions>
                    </trkpt>
                    <trkpt lat="54.3654" lon="10.165391666666666">
                        <ele>0</ele>
                        <time>2022-08-18T13:56:19Z</time>
                                                <extensions>
                            <sog>2.3</sog>
<cog>239.9</cog>
                        </extensions>
                    </trkpt>
                    <trkpt lat="54.36535166666667" lon="10.165248333333333">
                        <ele>0</ele>
                        <time>2022-08-18T13:56:28Z</time>
                                                <extensions>
                            <sog>2.3</sog>
<cog>241.8</cog>
                        </extensions>
                    </trkpt>
                    <trkpt lat="54.365298333333335" lon="10.165085">
                        <ele>0</ele>
                        <time>2022-08-18T13:56:39Z</time>
                                                <extensions>
                            <sog>2.3</sog>
<cog>241.9</cog>
                        </extensions>
                    </trkpt>
                    <trkpt lat="54.36525166666667" lon="10.16494">
                        <ele>0</ele>
                        <time>2022-08-18T13:56:47Z</time>
                                                <extensions>
                            <sog>2.2</sog>
<cog>240.1</cog>
                        </extensions>
                    </trkpt>
                    <trkpt lat="54.36519833333333" lon="10.164783333333332">
                        <ele>0</ele>
                        <time>2022-08-18T13:56:57Z</time>
                                                <extensions>
                            <sog>2.2</sog>
<cog>241.0</cog>
                        </extensions>
                    </trkpt>
                    <trkpt lat="54.365145" lon="10.164615">
                        <ele>0</ele>
                        <time>2022-08-18T13:57:08Z</time>
                                                <extensions>
                            <sog>2.2</sog>
<cog>241.2</cog>
                        </extensions>
                    </trkpt>
                    <trkpt lat="54.365045" lon="10.164299999999999">
                        <ele>0</ele>
                        <time>2022-08-18T13:57:28Z</time>
                                                <extensions>
                            <sog>2.2</sog>
<cog>242.0</cog>
                        </extensions>
                    </trkpt>
                    <trkpt lat="54.36499666666667" lon="10.164136666666668">
                        <ele>0</ele>
                        <time>2022-08-18T13:57:39Z</time>
                                                <extensions>
                            <sog>2.3</sog>
<cog>243.6</cog>
                        </extensions>
                    </trkpt>
                    <trkpt lat="54.36495333333333" lon="10.163986666666666">
                        <ele>0</ele>
                        <time>2022-08-18T13:57:47Z</time>
                                                <extensions>
                            <sog>2.3</sog>
<cog>244.8</cog>
                        </extensions>
                    </trkpt>
                    <trkpt lat="54.364905" lon="10.163816666666666">
                        <ele>0</ele>
                        <time>2022-08-18T13:57:57Z</time>
                                                <extensions>
                            <sog>2.3</sog>
<cog>245.8</cog>
                        </extensions>
                    </trkpt>
                    <trkpt lat="54.364855" lon="10.163625">
                        <ele>0</ele>
                        <time>2022-08-18T13:58:08Z</time>
                                                <extensions>
                            <sog>2.4</sog>
<cog>248.2</cog>
                        </extensions>
                    </trkpt>
                    <trkpt lat="54.36481166666667" lon="10.163446666666665">
                        <ele>0</ele>
                        <time>2022-08-18T13:58:18Z</time>
                                                <extensions>
                            <sog>2.4</sog>
<cog>247.3</cog>
                        </extensions>
                    </trkpt>
                    <trkpt lat="54.36476833333334" lon="10.163258333333333">
                        <ele>0</ele>
                        <time>2022-08-18T13:58:28Z</time>
                                                <extensions>
                            <sog>2.5</sog>
<cog>250.4</cog>
                        </extensions>
                    </trkpt>
                    <trkpt lat="54.364731666666664" lon="10.163061666666666">
                        <ele>0</ele>
                        <time>2022-08-18T13:58:39Z</time>
                                                <extensions>
                            <sog>2.6</sog>
<cog>253.4</cog>
                        </extensions>
                    </trkpt>
                    <trkpt lat="54.3647" lon="10.162881666666667">
                        <ele>0</ele>
                        <time>2022-08-18T13:58:47Z</time>
                                                <extensions>
                            <sog>2.5</sog>
<cog>254.3</cog>
                        </extensions>
                    </trkpt>
                    <trkpt lat="54.364670000000004" lon="10.162685000000002">
                        <ele>0</ele>
                        <time>2022-08-18T13:58:57Z</time>
                                                <extensions>
                            <sog>2.5</sog>
<cog>256.3</cog>
                        </extensions>
                    </trkpt>
                    <trkpt lat="54.36464" lon="10.162471666666667">
                        <ele>0</ele>
                        <time>2022-08-18T13:59:08Z</time>
                                                <extensions>
                            <sog>2.5</sog>
<cog>257.2</cog>
                        </extensions>
                    </trkpt>
                    <trkpt lat="54.364596666666664" lon="10.162073333333332">
                        <ele>0</ele>
                        <time>2022-08-18T13:59:28Z</time>
                                                <extensions>
                            <sog>2.6</sog>
<cog>260.3</cog>
                        </extensions>
                    </trkpt>
                    <trkpt lat="54.36457666666667" lon="10.161865">
                        <ele>0</ele>
                        <time>2022-08-18T13:59:38Z</time>
                                                <extensions>
                            <sog>2.7</sog>
<cog>260.5</cog>
                        </extensions>
                    </trkpt>
                    <trkpt lat="54.36456" lon="10.161675">
                        <ele>0</ele>
                        <time>2022-08-18T13:59:47Z</time>
                                                <extensions>
                            <sog>2.6</sog>
<cog>263.1</cog>
                        </extensions>
                    </trkpt>
                    <trkpt lat="54.36454333333334" lon="10.161466666666666">
                        <ele>0</ele>
                        <time>2022-08-18T13:59:57Z</time>
                                                <extensions>
                            <sog>2.6</sog>
<cog>263.1</cog>
                        </extensions>
                    </trkpt>
                    <trkpt lat="54.36452833333333" lon="10.161255">
                        <ele>0</ele>
                        <time>2022-08-18T14:00:08Z</time>
                                                <extensions>
                            <sog>2.6</sog>
<cog>263.9</cog>
                        </extensions>
                    </trkpt>
                    <trkpt lat="54.36452833333333" lon="10.161255">
                        <ele>0</ele>
                        <time>2022-08-18T14:00:08Z</time>
                                                <extensions>
                            <sog>2.6</sog>
<cog>263.9</cog>
                        </extensions>
                    </trkpt>
                    <trkpt lat="54.364511666666665" lon="10.161016666666665">
                        <ele>0</ele>
                        <time>2022-08-18T14:00:18Z</time>
                                                <extensions>
                            <sog>2.8</sog>
<cog>263.6</cog>
                        </extensions>
                    </trkpt>
                    <trkpt lat="54.364511666666665" lon="10.161016666666665">
                        <ele>0</ele>
                        <time>2022-08-18T14:00:18Z</time>
                                                <extensions>
                            <sog>2.8</sog>
<cog>263.6</cog>
                        </extensions>
                    </trkpt>
                    <trkpt lat="54.36449833333334" lon="10.160816666666667">
                        <ele>0</ele>
                        <time>2022-08-18T14:00:28Z</time>
                                                <extensions>
                            <sog>2.8</sog>
<cog>262.9</cog>
                        </extensions>
                    </trkpt>
                    <trkpt lat="54.36449833333334" lon="10.160816666666667">
                        <ele>0</ele>
                        <time>2022-08-18T14:00:28Z</time>
                                                <extensions>
                            <sog>2.8</sog>
<cog>262.9</cog>
                        </extensions>
                    </trkpt>
                    <trkpt lat="54.36448166666666" lon="10.160580000000001">
                        <ele>0</ele>
                        <time>2022-08-18T14:00:38Z</time>
                                                <extensions>
                            <sog>2.7</sog>
<cog>262.8</cog>
                        </extensions>
                    </trkpt>
                    <trkpt lat="54.36448166666666" lon="10.160580000000001">
                        <ele>0</ele>
                        <time>2022-08-18T14:00:38Z</time>
                                                <extensions>
                            <sog>2.7</sog>
<cog>262.8</cog>
                        </extensions>
                    </trkpt>
                    <trkpt lat="54.364466666666665" lon="10.160388333333334">
                        <ele>0</ele>
                        <time>2022-08-18T14:00:47Z</time>
                                                <extensions>
                            <sog>2.7</sog>
<cog>262.7</cog>
                        </extensions>
                    </trkpt>
                    <trkpt lat="54.364466666666665" lon="10.160388333333334">
                        <ele>0</ele>
                        <time>2022-08-18T14:00:47Z</time>
                                                <extensions>
                            <sog>2.7</sog>
<cog>262.7</cog>
                        </extensions>
                    </trkpt>
                    <trkpt lat="54.364455" lon="10.16018">
                        <ele>0</ele>
                        <time>2022-08-18T14:00:57Z</time>
                                                <extensions>
                            <sog>2.6</sog>
<cog>263.9</cog>
                        </extensions>
                    </trkpt>
                    <trkpt lat="54.364455" lon="10.16018">
                        <ele>0</ele>
                        <time>2022-08-18T14:00:57Z</time>
                                                <extensions>
                            <sog>2.6</sog>
<cog>263.9</cog>
                        </extensions>
                    </trkpt>
                    <trkpt lat="54.364443333333334" lon="10.15997">
                        <ele>0</ele>
                        <time>2022-08-18T14:01:08Z</time>
                                                <extensions>
                            <sog>2.6</sog>
<cog>266.6</cog>
                        </extensions>
                    </trkpt>
                    <trkpt lat="54.364435" lon="10.159745">
                        <ele>0</ele>
                        <time>2022-08-18T14:01:18Z</time>
                                                <extensions>
                            <sog>2.6</sog>
<cog>266.6</cog>
                        </extensions>
                    </trkpt>
                    <trkpt lat="54.36443166666666" lon="10.159556666666667">
                        <ele>0</ele>
                        <time>2022-08-18T14:01:28Z</time>
                                                <extensions>
                            <sog>2.6</sog>
<cog>270.5</cog>
                        </extensions>
                    </trkpt>
                    <trkpt lat="54.364435" lon="10.159318333333333">
                        <ele>0</ele>
                        <time>2022-08-18T14:01:38Z</time>
                                                <extensions>
                            <sog>2.7</sog>
<cog>270.0</cog>
                        </extensions>
                    </trkpt>
                    <trkpt lat="54.364435" lon="10.159123333333334">
                        <ele>0</ele>
                        <time>2022-08-18T14:01:47Z</time>
                                                <extensions>
                            <sog>2.7</sog>
<cog>269.2</cog>
                        </extensions>
                    </trkpt>
                    <trkpt lat="54.36443333333333" lon="10.158890000000001">
                        <ele>0</ele>
                        <time>2022-08-18T14:01:58Z</time>
                                                <extensions>
                            <sog>2.6</sog>
<cog>268.6</cog>
                        </extensions>
                    </trkpt>
                    <trkpt lat="54.36443166666666" lon="10.158701666666667">
                        <ele>0</ele>
                        <time>2022-08-18T14:02:08Z</time>
                                                <extensions>
                            <sog>2.6</sog>
<cog>268.8</cog>
                        </extensions>
                    </trkpt>
                    <trkpt lat="54.36442833333333" lon="10.158455">
                        <ele>0</ele>
                        <time>2022-08-18T14:02:19Z</time>
                                                <extensions>
                            <sog>2.5</sog>
<cog>268.6</cog>
                        </extensions>
                    </trkpt>
                    <trkpt lat="54.36442666666667" lon="10.158293333333335">
                        <ele>0</ele>
                        <time>2022-08-18T14:02:28Z</time>
                                                <extensions>
                            <sog>2.5</sog>
<cog>268.8</cog>
                        </extensions>
                    </trkpt>
                    <trkpt lat="54.364425" lon="10.158073333333334">
                        <ele>0</ele>
                        <time>2022-08-18T14:02:38Z</time>
                                                <extensions>
                            <sog>2.4</sog>
<cog>269.3</cog>
                        </extensions>
                    </trkpt>
                    <trkpt lat="54.364423333333335" lon="10.157898333333332">
                        <ele>0</ele>
                        <time>2022-08-18T14:02:47Z</time>
                                                <extensions>
                            <sog>2.4</sog>
<cog>268.7</cog>
                        </extensions>
                    </trkpt>
                    <trkpt lat="54.364423333333335" lon="10.157684999999999">
                        <ele>0</ele>
                        <time>2022-08-18T14:02:58Z</time>
                                                <extensions>
                            <sog>2.4</sog>
<cog>269.7</cog>
                        </extensions>
                    </trkpt>
                    <trkpt lat="54.364423333333335" lon="10.157506666666666">
                        <ele>0</ele>
                        <time>2022-08-18T14:03:08Z</time>
                                                <extensions>
                            <sog>2.5</sog>
<cog>270.7</cog>
                        </extensions>
                    </trkpt>
                    <trkpt lat="54.364425" lon="10.157261666666667">
                        <ele>0</ele>
                        <time>2022-08-18T14:03:19Z</time>
                                                <extensions>
                            <sog>2.6</sog>
<cog>270.4</cog>
                        </extensions>
                    </trkpt>
                    <trkpt lat="54.36443166666666" lon="10.156865">
                        <ele>0</ele>
                        <time>2022-08-18T14:03:38Z</time>
                                                <extensions>
                            <sog>2.6</sog>
<cog>271.5</cog>
                        </extensions>
                    </trkpt>
                    <trkpt lat="54.364435" lon="10.156673333333334">
                        <ele>0</ele>
                        <time>2022-08-18T14:03:47Z</time>
                                                <extensions>
                            <sog>2.7</sog>
<cog>272.3</cog>
                        </extensions>
                    </trkpt>
                    <trkpt lat="54.364448333333335" lon="10.156255">
                        <ele>0</ele>
                        <time>2022-08-18T14:04:08Z</time>
                                                <extensions>
                            <sog>2.5</sog>
<cog>272.9</cog>
                        </extensions>
                    </trkpt>
                    <trkpt lat="54.36445666666667" lon="10.156011666666666">
                        <ele>0</ele>
                        <time>2022-08-18T14:04:19Z</time>
                                                <extensions>
                            <sog>2.5</sog>
<cog>273.0</cog>
                        </extensions>
                    </trkpt>
                    <trkpt lat="54.36447333333333" lon="10.155618333333333">
                        <ele>0</ele>
                        <time>2022-08-18T14:04:39Z</time>
                                                <extensions>
                            <sog>2.4</sog>
<cog>274.3</cog>
                        </extensions>
                    </trkpt>
                    <trkpt lat="54.36448333333333" lon="10.155425000000001">
                        <ele>0</ele>
                        <time>2022-08-18T14:04:49Z</time>
                                                <extensions>
                            <sog>2.4</sog>
<cog>275.8</cog>
                        </extensions>
                    </trkpt>
                    <trkpt lat="54.364493333333336" lon="10.155253333333333">
                        <ele>0</ele>
                        <time>2022-08-18T14:04:58Z</time>
                                                <extensions>
                            <sog>2.4</sog>
<cog>275.3</cog>
                        </extensions>
                    </trkpt>
                    <trkpt lat="54.364505" lon="10.155066666666666">
                        <ele>0</ele>
                        <time>2022-08-18T14:05:08Z</time>
                                                <extensions>
                            <sog>2.3</sog>
<cog>276.6</cog>
                        </extensions>
                    </trkpt>
                    <trkpt lat="54.36451666666667" lon="10.154865000000001">
                        <ele>0</ele>
                        <time>2022-08-18T14:05:19Z</time>
                                                <extensions>
                            <sog>2.2</sog>
<cog>277.5</cog>
                        </extensions>
                    </trkpt>
                    <trkpt lat="54.364525" lon="10.15472">
                        <ele>0</ele>
                        <time>2022-08-18T14:05:28Z</time>
                                                <extensions>
                            <sog>2.2</sog>
<cog>274.8</cog>
                        </extensions>
                    </trkpt>
                    <trkpt lat="54.364536666666666" lon="10.154506666666666">
                        <ele>0</ele>
                        <time>2022-08-18T14:05:39Z</time>
                                                <extensions>
                            <sog>2.2</sog>
<cog>275.9</cog>
                        </extensions>
                    </trkpt>
                    <trkpt lat="54.36454833333333" lon="10.154328333333332">
                        <ele>0</ele>
                        <time>2022-08-18T14:05:49Z</time>
                                                <extensions>
                            <sog>2.3</sog>
<cog>274.4</cog>
                        </extensions>
                    </trkpt>
                    <trkpt lat="54.364558333333335" lon="10.154161666666665">
                        <ele>0</ele>
                        <time>2022-08-18T14:05:58Z</time>
                                                <extensions>
                            <sog>2.4</sog>
<cog>276.0</cog>
                        </extensions>
                    </trkpt>
                    <trkpt lat="54.36456833333333" lon="10.153973333333333">
                        <ele>0</ele>
                        <time>2022-08-18T14:06:08Z</time>
                                                <extensions>
                            <sog>2.3</sog>
<cog>273.1</cog>
                        </extensions>
                    </trkpt>
                    <trkpt lat="54.364580000000004" lon="10.153771666666668">
                        <ele>0</ele>
                        <time>2022-08-18T14:06:19Z</time>
                                                <extensions>
                            <sog>2.2</sog>
<cog>276.2</cog>
                        </extensions>
                    </trkpt>
                    <trkpt lat="54.36459" lon="10.153590000000001">
                        <ele>0</ele>
                        <time>2022-08-18T14:06:29Z</time>
                                                <extensions>
                            <sog>2.2</sog>
<cog>275.6</cog>
                        </extensions>
                    </trkpt>
                    <trkpt lat="54.3646" lon="10.153411666666667">
                        <ele>0</ele>
                        <time>2022-08-18T14:06:39Z</time>
                                                <extensions>
                            <sog>2.3</sog>
<cog>274.6</cog>
                        </extensions>
                    </trkpt>
                    <trkpt lat="54.36461" lon="10.153235">
                        <ele>0</ele>
                        <time>2022-08-18T14:06:49Z</time>
                                                <extensions>
                            <sog>2.3</sog>
<cog>277.1</cog>
                        </extensions>
                    </trkpt>
                    <trkpt lat="54.36462166666667" lon="10.153070000000001">
                        <ele>0</ele>
                        <time>2022-08-18T14:06:58Z</time>
                                                <extensions>
                            <sog>2.3</sog>
<cog>276.2</cog>
                        </extensions>
                    </trkpt>
                    <trkpt lat="54.36463333333334" lon="10.152886666666666">
                        <ele>0</ele>
                        <time>2022-08-18T14:07:08Z</time>
                                                <extensions>
                            <sog>2.3</sog>
<cog>277.4</cog>
                        </extensions>
                    </trkpt>
                    <trkpt lat="54.364648333333335" lon="10.152683333333332">
                        <ele>0</ele>
                        <time>2022-08-18T14:07:19Z</time>
                                                <extensions>
                            <sog>2.3</sog>
<cog>278.1</cog>
                        </extensions>
                    </trkpt>
                    <trkpt lat="54.36466333333333" lon="10.152496666666668">
                        <ele>0</ele>
                        <time>2022-08-18T14:07:29Z</time>
                                                <extensions>
                            <sog>2.4</sog>
<cog>277.3</cog>
                        </extensions>
                    </trkpt>
                    <trkpt lat="54.364675000000005" lon="10.152311666666666">
                        <ele>0</ele>
                        <time>2022-08-18T14:07:39Z</time>
                                                <extensions>
                            <sog>2.3</sog>
<cog>276.5</cog>
                        </extensions>
                    </trkpt>
                    <trkpt lat="54.36468833333333" lon="10.152128333333334">
                        <ele>0</ele>
                        <time>2022-08-18T14:07:49Z</time>
                                                <extensions>
                            <sog>2.2</sog>
<cog>275.5</cog>
                        </extensions>
                    </trkpt>
                    <trkpt lat="54.3647" lon="10.151968333333334">
                        <ele>0</ele>
                        <time>2022-08-18T14:07:58Z</time>
                                                <extensions>
                            <sog>2.2</sog>
<cog>278.3</cog>
                        </extensions>
                    </trkpt>
                    <trkpt lat="54.364736666666666" lon="10.151596666666668">
                        <ele>0</ele>
                        <time>2022-08-18T14:08:19Z</time>
                                                <extensions>
                            <sog>2.3</sog>
<cog>281.7</cog>
                        </extensions>
                    </trkpt>
                    <trkpt lat="54.364754999999995" lon="10.151416666666668">
                        <ele>0</ele>
                        <time>2022-08-18T14:08:29Z</time>
                                                <extensions>
                            <sog>2.3</sog>
<cog>279.7</cog>
                        </extensions>
                    </trkpt>
                    <trkpt lat="54.36477333333333" lon="10.151231666666666">
                        <ele>0</ele>
                        <time>2022-08-18T14:08:39Z</time>
                                                <extensions>
                            <sog>2.4</sog>
<cog>278.9</cog>
                        </extensions>
                    </trkpt>
                    <trkpt lat="54.364803333333334" lon="10.150876666666667">
                        <ele>0</ele>
                        <time>2022-08-18T14:08:58Z</time>
                                                <extensions>
                            <sog>2.3</sog>
<cog>278.6</cog>
                        </extensions>
                    </trkpt>
                    <trkpt lat="54.36482" lon="10.150693333333333">
                        <ele>0</ele>
                        <time>2022-08-18T14:09:08Z</time>
                                                <extensions>
                            <sog>2.4</sog>
<cog>277.0</cog>
                        </extensions>
                    </trkpt>
                    <trkpt lat="54.364835" lon="10.150488333333334">
                        <ele>0</ele>
                        <time>2022-08-18T14:09:19Z</time>
                                                <extensions>
                            <sog>2.3</sog>
<cog>278.9</cog>
                        </extensions>
                    </trkpt>
                    <trkpt lat="54.36484666666667" lon="10.150308333333333">
                        <ele>0</ele>
                        <time>2022-08-18T14:09:29Z</time>
                                                <extensions>
                            <sog>2.3</sog>
<cog>277.7</cog>
                        </extensions>
                    </trkpt>
                    <trkpt lat="54.36486166666667" lon="10.150131666666665">
                        <ele>0</ele>
                        <time>2022-08-18T14:09:39Z</time>
                                                <extensions>
                            <sog>2.2</sog>
<cog>277.3</cog>
                        </extensions>
                    </trkpt>
                    <trkpt lat="54.364875" lon="10.149961666666666">
                        <ele>0</ele>
                        <time>2022-08-18T14:09:49Z</time>
                                                <extensions>
                            <sog>2.1</sog>
<cog>278.6</cog>
                        </extensions>
                    </trkpt>
                    <trkpt lat="54.36488666666666" lon="10.14981">
                        <ele>0</ele>
                        <time>2022-08-18T14:09:58Z</time>
                                                <extensions>
                            <sog>2.0</sog>
<cog>278.1</cog>
                        </extensions>
                    </trkpt>
                    <trkpt lat="54.3649" lon="10.149646666666666">
                        <ele>0</ele>
                        <time>2022-08-18T14:10:08Z</time>
                                                <extensions>
                            <sog>2.0</sog>
<cog>277.6</cog>
                        </extensions>
                    </trkpt>
                    <trkpt lat="54.36492666666666" lon="10.149311666666668">
                        <ele>0</ele>
                        <time>2022-08-18T14:10:29Z</time>
                                                <extensions>
                            <sog>2.0</sog>
<cog>276.5</cog>
                        </extensions>
                    </trkpt>
                    <trkpt lat="54.364938333333335" lon="10.149171666666666">
                        <ele>0</ele>
                        <time>2022-08-18T14:10:38Z</time>
                                                <extensions>
                            <sog>1.9</sog>
<cog>279.1</cog>
                        </extensions>
                    </trkpt>
                    <trkpt lat="54.36495166666667" lon="10.14902">
                        <ele>0</ele>
                        <time>2022-08-18T14:10:49Z</time>
                                                <extensions>
                            <sog>1.9</sog>
<cog>279.9</cog>
                        </extensions>
                    </trkpt>
                    <trkpt lat="54.36496666666667" lon="10.148869999999999">
                        <ele>0</ele>
                        <time>2022-08-18T14:10:58Z</time>
                                                <extensions>
                            <sog>1.8</sog>
<cog>279.0</cog>
                        </extensions>
                    </trkpt>
                    <trkpt lat="54.36498166666667" lon="10.14871">
                        <ele>0</ele>
                        <time>2022-08-18T14:11:09Z</time>
                                                <extensions>
                            <sog>1.8</sog>
<cog>279.3</cog>
                        </extensions>
                    </trkpt>
                    <trkpt lat="54.36499166666667" lon="10.148568333333333">
                        <ele>0</ele>
                        <time>2022-08-18T14:11:19Z</time>
                                                <extensions>
                            <sog>1.8</sog>
<cog>278.2</cog>
                        </extensions>
                    </trkpt>
                    <trkpt lat="54.365005" lon="10.14843">
                        <ele>0</ele>
                        <time>2022-08-18T14:11:29Z</time>
                                                <extensions>
                            <sog>1.8</sog>
<cog>279.5</cog>
                        </extensions>
                    </trkpt>
                    <trkpt lat="54.36501833333333" lon="10.148306666666667">
                        <ele>0</ele>
                        <time>2022-08-18T14:11:38Z</time>
                                                <extensions>
                            <sog>1.7</sog>
<cog>279.4</cog>
                        </extensions>
                    </trkpt>
                    <trkpt lat="54.36503166666667" lon="10.14817">
                        <ele>0</ele>
                        <time>2022-08-18T14:11:49Z</time>
                                                <extensions>
                            <sog>1.7</sog>
<cog>280.5</cog>
                        </extensions>
                    </trkpt>
                    <trkpt lat="54.365048333333334" lon="10.148033333333332">
                        <ele>0</ele>
                        <time>2022-08-18T14:11:58Z</time>
                                                <extensions>
                            <sog>1.7</sog>
<cog>282.7</cog>
                        </extensions>
                    </trkpt>
                    <trkpt lat="54.365066666666664" lon="10.147885">
                        <ele>0</ele>
                        <time>2022-08-18T14:12:09Z</time>
                                                <extensions>
                            <sog>1.7</sog>
<cog>281.5</cog>
                        </extensions>
                    </trkpt>
                    <trkpt lat="54.36508666666667" lon="10.147753333333332">
                        <ele>0</ele>
                        <time>2022-08-18T14:12:19Z</time>
                                                <extensions>
                            <sog>1.7</sog>
<cog>287.6</cog>
                        </extensions>
                    </trkpt>
                    <trkpt lat="54.365109999999994" lon="10.147625">
                        <ele>0</ele>
                        <time>2022-08-18T14:12:29Z</time>
                                                <extensions>
                            <sog>1.7</sog>
<cog>288.9</cog>
                        </extensions>
                    </trkpt>
                    <trkpt lat="54.36513333333333" lon="10.14751">
                        <ele>0</ele>
                        <time>2022-08-18T14:12:38Z</time>
                                                <extensions>
                            <sog>1.6</sog>
<cog>288.0</cog>
                        </extensions>
                    </trkpt>
                    <trkpt lat="54.365156666666664" lon="10.147383333333332">
                        <ele>0</ele>
                        <time>2022-08-18T14:12:49Z</time>
                                                <extensions>
                            <sog>1.6</sog>
<cog>289.9</cog>
                        </extensions>
                    </trkpt>
                    <trkpt lat="54.36520666666667" lon="10.14712">
                        <ele>0</ele>
                        <time>2022-08-18T14:13:09Z</time>
                                                <extensions>
                            <sog>1.6</sog>
<cog>287.4</cog>
                        </extensions>
                    </trkpt>
                    <trkpt lat="54.365226666666665" lon="10.14701">
                        <ele>0</ele>
                        <time>2022-08-18T14:13:18Z</time>
                                                <extensions>
                            <sog>1.5</sog>
<cog>288.4</cog>
                        </extensions>
                    </trkpt>
                    <trkpt lat="54.365249999999996" lon="10.146876666666666">
                        <ele>0</ele>
                        <time>2022-08-18T14:13:29Z</time>
                                                <extensions>
                            <sog>1.6</sog>
<cog>283.3</cog>
                        </extensions>
                    </trkpt>
                    <trkpt lat="54.36527" lon="10.146768333333334">
                        <ele>0</ele>
                        <time>2022-08-18T14:13:38Z</time>
                                                <extensions>
                            <sog>1.5</sog>
<cog>286.5</cog>
                        </extensions>
                    </trkpt>
                    <trkpt lat="54.36528666666666" lon="10.146648333333333">
                        <ele>0</ele>
                        <time>2022-08-18T14:13:49Z</time>
                                                <extensions>
                            <sog>1.5</sog>
<cog>283.2</cog>
                        </extensions>
                    </trkpt>
                    <trkpt lat="54.365318333333335" lon="10.146403333333334">
                        <ele>0</ele>
                        <time>2022-08-18T14:14:09Z</time>
                                                <extensions>
                            <sog>1.4</sog>
<cog>280.4</cog>
                        </extensions>
                    </trkpt>
                    <trkpt lat="54.36532833333333" lon="10.146305">
                        <ele>0</ele>
                        <time>2022-08-18T14:14:18Z</time>
                                                <extensions>
                            <sog>1.4</sog>
<cog>279.3</cog>
                        </extensions>
                    </trkpt>
                    <trkpt lat="54.36535" lon="10.146095">
                        <ele>0</ele>
                        <time>2022-08-18T14:14:38Z</time>
                                                <extensions>
                            <sog>1.3</sog>
<cog>282.3</cog>
                        </extensions>
                    </trkpt>
                    <trkpt lat="54.365363333333335" lon="10.145993333333333">
                        <ele>0</ele>
                        <time>2022-08-18T14:14:49Z</time>
                                                <extensions>
                            <sog>1.3</sog>
<cog>282.8</cog>
                        </extensions>
                    </trkpt>
                    <trkpt lat="54.365375" lon="10.145904999999999">
                        <ele>0</ele>
                        <time>2022-08-18T14:14:58Z</time>
                                                <extensions>
                            <sog>1.3</sog>
<cog>284.0</cog>
                        </extensions>
                    </trkpt>
                    <trkpt lat="54.36539166666667" lon="10.145785">
                        <ele>0</ele>
                        <time>2022-08-18T14:15:09Z</time>
                                                <extensions>
                            <sog>1.3</sog>
<cog>284.7</cog>
                        </extensions>
                    </trkpt>
                    <trkpt lat="54.365405" lon="10.14569">
                        <ele>0</ele>
                        <time>2022-08-18T14:15:18Z</time>
                                                <extensions>
                            <sog>1.4</sog>
<cog>283.5</cog>
                        </extensions>
                    </trkpt>
                    <trkpt lat="54.36542333333333" lon="10.145571666666665">
                        <ele>0</ele>
                        <time>2022-08-18T14:15:29Z</time>
                                                <extensions>
                            <sog>1.4</sog>
<cog>285.7</cog>
                        </extensions>
                    </trkpt>
                    <trkpt lat="54.36543666666667" lon="10.145478333333333">
                        <ele>0</ele>
                        <time>2022-08-18T14:15:38Z</time>
                                                <extensions>
                            <sog>1.3</sog>
<cog>286.4</cog>
                        </extensions>
                    </trkpt>
                    <trkpt lat="54.365453333333335" lon="10.145375">
                        <ele>0</ele>
                        <time>2022-08-18T14:15:49Z</time>
                                                <extensions>
                            <sog>1.3</sog>
<cog>287.0</cog>
                        </extensions>
                    </trkpt>
                    <trkpt lat="54.36546666666666" lon="10.145285">
                        <ele>0</ele>
                        <time>2022-08-18T14:15:58Z</time>
                                                <extensions>
                            <sog>1.2</sog>
<cog>285.0</cog>
                        </extensions>
                    </trkpt>
                    <trkpt lat="54.36548666666667" lon="10.145168333333334">
                        <ele>0</ele>
                        <time>2022-08-18T14:16:09Z</time>
                                                <extensions>
                            <sog>1.2</sog>
<cog>289.1</cog>
                        </extensions>
                    </trkpt>
                    <trkpt lat="54.3655" lon="10.145081666666666">
                        <ele>0</ele>
                        <time>2022-08-18T14:16:18Z</time>
                                                <extensions>
                            <sog>1.2</sog>
<cog>285.4</cog>
                        </extensions>
                    </trkpt>
                    <trkpt lat="54.36551833333333" lon="10.144978333333334">
                        <ele>0</ele>
                        <time>2022-08-18T14:16:29Z</time>
                                                <extensions>
                            <sog>1.2</sog>
<cog>283.7</cog>
                        </extensions>
                    </trkpt>
                    <trkpt lat="54.36553" lon="10.144893333333332">
                        <ele>0</ele>
                        <time>2022-08-18T14:16:38Z</time>
                                                <extensions>
                            <sog>1.2</sog>
<cog>284.4</cog>
                        </extensions>
                    </trkpt>
                    <trkpt lat="54.365545" lon="10.144801666666666">
                        <ele>0</ele>
                        <time>2022-08-18T14:16:49Z</time>
                                                <extensions>
                            <sog>1.1</sog>
<cog>283.7</cog>
                        </extensions>
                    </trkpt>
                    <trkpt lat="54.36555666666666" lon="10.144725">
                        <ele>0</ele>
                        <time>2022-08-18T14:16:58Z</time>
                                                <extensions>
                            <sog>1.1</sog>
<cog>286.1</cog>
                        </extensions>
                    </trkpt>
                    <trkpt lat="54.365586666666665" lon="10.144563333333334">
                        <ele>0</ele>
                        <time>2022-08-18T14:17:18Z</time>
                                                <extensions>
                            <sog>0.9</sog>
<cog>287.7</cog>
                        </extensions>
                    </trkpt>
                    <trkpt lat="54.3656" lon="10.14449">
                        <ele>0</ele>
                        <time>2022-08-18T14:17:29Z</time>
                                                <extensions>
                            <sog>0.9</sog>
<cog>286.7</cog>
                        </extensions>
                    </trkpt>
                    <trkpt lat="54.36561166666667" lon="10.144435">
                        <ele>0</ele>
                        <time>2022-08-18T14:17:39Z</time>
                                                <extensions>
                            <sog>0.8</sog>
<cog>286.3</cog>
                        </extensions>
                    </trkpt>
                    <trkpt lat="54.36562" lon="10.14438">
                        <ele>0</ele>
                        <time>2022-08-18T14:17:48Z</time>
                                                <extensions>
                            <sog>0.8</sog>
<cog>283.7</cog>
                        </extensions>
                    </trkpt>
                    <trkpt lat="54.36563" lon="10.144260000000001">
                        <ele>0</ele>
                        <time>2022-08-18T14:18:08Z</time>
                                                <extensions>
                            <sog>0.7</sog>
<cog>281.0</cog>
                        </extensions>
                    </trkpt>
                    <trkpt lat="54.365635" lon="10.14421">
                        <ele>0</ele>
                        <time>2022-08-18T14:18:18Z</time>
                                                <extensions>
                            <sog>0.6</sog>
<cog>279.4</cog>
                        </extensions>
                    </trkpt>
                    <trkpt lat="54.36564" lon="10.144163333333333">
                        <ele>0</ele>
                        <time>2022-08-18T14:18:28Z</time>
                                                <extensions>
                            <sog>0.6</sog>
<cog>283.2</cog>
                        </extensions>
                    </trkpt>
                    <trkpt lat="54.36564666666666" lon="10.144118333333333">
                        <ele>0</ele>
                        <time>2022-08-18T14:18:39Z</time>
                                                <extensions>
                            <sog>0.5</sog>
<cog>285.2</cog>
                        </extensions>
                    </trkpt>
                    <trkpt lat="54.36565333333333" lon="10.144081666666667">
                        <ele>0</ele>
                        <time>2022-08-18T14:18:47Z</time>
                                                <extensions>
                            <sog>0.5</sog>
<cog>289.8</cog>
                        </extensions>
                    </trkpt>
                    <trkpt lat="54.36566166666667" lon="10.144043333333334">
                        <ele>0</ele>
                        <time>2022-08-18T14:18:58Z</time>
                                                <extensions>
                            <sog>0.5</sog>
<cog>293.6</cog>
                        </extensions>
                    </trkpt>
                    <trkpt lat="54.36567" lon="10.144008333333334">
                        <ele>0</ele>
                        <time>2022-08-18T14:19:08Z</time>
                                                <extensions>
                            <sog>0.3</sog>
<cog>294.3</cog>
                        </extensions>
                    </trkpt>
                    <trkpt lat="54.36567333333333" lon="10.143983333333333">
                        <ele>0</ele>
                        <time>2022-08-18T14:19:18Z</time>
                                                <extensions>
                            <sog>0.3</sog>
<cog>277.4</cog>
                        </extensions>
                    </trkpt>
                    <trkpt lat="54.36567333333333" lon="10.143963333333334">
                        <ele>0</ele>
                        <time>2022-08-18T14:19:28Z</time>
                                                <extensions>
                            <sog>0.2</sog>
<cog>270.5</cog>
                        </extensions>
                    </trkpt>
                    <trkpt lat="54.36566833333333" lon="10.143948333333332">
                        <ele>0</ele>
                        <time>2022-08-18T14:19:39Z</time>
                                                <extensions>
                            <sog>0.1</sog>
<cog>249.4</cog>
                        </extensions>
                    </trkpt>
                    <trkpt lat="54.365665" lon="10.143939999999999">
                        <ele>0</ele>
                        <time>2022-08-18T14:19:47Z</time>
                                                <extensions>
                            <sog>0.2</sog>
<cog>248.0</cog>
                        </extensions>
                    </trkpt>
                    <trkpt lat="54.36566666666667" lon="10.143931666666667">
                        <ele>0</ele>
                        <time>2022-08-18T14:19:59Z</time>
                                                <extensions>
                            <sog>0.1</sog>
<cog>330.3</cog>
                        </extensions>
                    </trkpt>
                    <trkpt lat="54.36566833333333" lon="10.143926666666665">
                        <ele>0</ele>
                        <time>2022-08-18T14:20:08Z</time>
                                                <extensions>
                            <sog>0.0</sog>
<cog>328.0</cog>
                        </extensions>
                    </trkpt>
                    <trkpt lat="54.36567166666667" lon="10.143926666666665">
                        <ele>0</ele>
                        <time>2022-08-18T14:20:18Z</time>
                                                <extensions>
                            <sog>0.0</sog>
<cog>230.1</cog>
                        </extensions>
                    </trkpt>
                    <trkpt lat="54.36567333333333" lon="10.143930000000001">
                        <ele>0</ele>
                        <time>2022-08-18T14:20:28Z</time>
                                                <extensions>
                            <sog>0.1</sog>
<cog>30.1</cog>
                        </extensions>
                    </trkpt>
                    <trkpt lat="54.36567333333333" lon="10.143933333333333">
                        <ele>0</ele>
                        <time>2022-08-18T14:20:39Z</time>
                                                <extensions>
                            <sog>0.0</sog>
<cog>162.0</cog>
                        </extensions>
                    </trkpt>
                    <trkpt lat="54.36567166666667" lon="10.143935">
                        <ele>0</ele>
                        <time>2022-08-18T14:20:47Z</time>
                                                <extensions>
                            <sog>0.0</sog>
<cog>201.2</cog>
                        </extensions>
                    </trkpt>
                    <trkpt lat="54.36566833333333" lon="10.143936666666667">
                        <ele>0</ele>
                        <time>2022-08-18T14:20:59Z</time>
                                                <extensions>
                            <sog>0.0</sog>
<cog>119.1</cog>
                        </extensions>
                    </trkpt>
                    <trkpt lat="54.36566333333334" lon="10.143938333333333">
                        <ele>0</ele>
                        <time>2022-08-18T14:21:08Z</time>
                                                <extensions>
                            <sog>0.0</sog>
<cog>148.0</cog>
                        </extensions>
                    </trkpt>
                    <trkpt lat="54.36566333333334" lon="10.143943333333334">
                        <ele>0</ele>
                        <time>2022-08-18T14:21:19Z</time>
                                                <extensions>
                            <sog>0.0</sog>
<cog>114.0</cog>
                        </extensions>
                    </trkpt>
                    <trkpt lat="54.36566166666667" lon="10.143943333333334">
                        <ele>0</ele>
                        <time>2022-08-18T14:21:28Z</time>
                                                <extensions>
                            <sog>0.0</sog>
<cog>111.1</cog>
                        </extensions>
                    </trkpt>
                    <trkpt lat="54.365660000000005" lon="10.143945">
                        <ele>0</ele>
                        <time>2022-08-18T14:21:39Z</time>
                                                <extensions>
                            <sog>0.0</sog>
<cog>181.6</cog>
                        </extensions>
                    </trkpt>
                    <trkpt lat="54.365660000000005" lon="10.143946666666666">
                        <ele>0</ele>
                        <time>2022-08-18T14:21:47Z</time>
                                                <extensions>
                            <sog>0.0</sog>
<cog>96.3</cog>
                        </extensions>
                    </trkpt>
                    <trkpt lat="54.365660000000005" lon="10.143946666666666">
                        <ele>0</ele>
                        <time>2022-08-18T14:21:59Z</time>
                                                <extensions>
                            <sog>0.0</sog>
<cog>297.4</cog>
                        </extensions>
                    </trkpt>
                    <trkpt lat="54.365660000000005" lon="10.143945">
                        <ele>0</ele>
                        <time>2022-08-18T14:22:08Z</time>
                                                <extensions>
                            <sog>0.0</sog>
<cog>291.0</cog>
                        </extensions>
                    </trkpt>
                    <trkpt lat="54.36566166666667" lon="10.143943333333334">
                        <ele>0</ele>
                        <time>2022-08-18T14:22:19Z</time>
                                                <extensions>
                            <sog>0.0</sog>
<cog>304.6</cog>
                        </extensions>
                    </trkpt>
                    <trkpt lat="54.36566166666667" lon="10.143939999999999">
                        <ele>0</ele>
                        <time>2022-08-18T14:22:28Z</time>
                                                <extensions>
                            <sog>0.0</sog>
<cog>273.4</cog>
                        </extensions>
                    </trkpt>
                    <trkpt lat="54.36566333333334" lon="10.143939999999999">
                        <ele>0</ele>
                        <time>2022-08-18T14:22:37Z</time>
                                                <extensions>
                            <sog>0.0</sog>
<cog>160.1</cog>
                        </extensions>
                    </trkpt>
                    <trkpt lat="54.365665" lon="10.143939999999999">
                        <ele>0</ele>
                        <time>2022-08-18T14:22:47Z</time>
                                                <extensions>
                            <sog>0.0</sog>
<cog>204.7</cog>
                        </extensions>
                    </trkpt>
                    <trkpt lat="54.36566333333334" lon="10.143939999999999">
                        <ele>0</ele>
                        <time>2022-08-18T14:22:59Z</time>
                                                <extensions>
                            <sog>0.0</sog>
<cog>29.6</cog>
                        </extensions>
                    </trkpt>
                    <trkpt lat="54.36566333333334" lon="10.143939999999999">
                        <ele>0</ele>
                        <time>2022-08-18T14:23:08Z</time>
                                                <extensions>
                            <sog>0.0</sog>
<cog>177.0</cog>
                        </extensions>
                    </trkpt>
                    <trkpt lat="54.36566333333334" lon="10.143941666666667">
                        <ele>0</ele>
                        <time>2022-08-18T14:23:19Z</time>
                                                <extensions>
                            <sog>0.0</sog>
<cog>85.5</cog>
                        </extensions>
                    </trkpt>
                    <trkpt lat="54.36566333333334" lon="10.143939999999999">
                        <ele>0</ele>
                        <time>2022-08-18T14:23:28Z</time>
                                                <extensions>
                            <sog>0.0</sog>
<cog>53.9</cog>
                        </extensions>
                    </trkpt>
                    <trkpt lat="54.36566333333334" lon="10.143939999999999">
                        <ele>0</ele>
                        <time>2022-08-18T14:23:37Z</time>
                                                <extensions>
                            <sog>0.0</sog>
<cog>54.1</cog>
                        </extensions>
                    </trkpt>
                    <trkpt lat="54.36566333333334" lon="10.143939999999999">
                        <ele>0</ele>
                        <time>2022-08-18T14:23:47Z</time>
                                                <extensions>
                            <sog>0.0</sog>
<cog>32.4</cog>
                        </extensions>
                    </trkpt>
                    <trkpt lat="54.36566333333334" lon="10.143939999999999">
                        <ele>0</ele>
                        <time>2022-08-18T14:23:59Z</time>
                                                <extensions>
                            <sog>0.0</sog>
<cog>24.9</cog>
                        </extensions>
                    </trkpt>
                    <trkpt lat="54.36566333333334" lon="10.143939999999999">
                        <ele>0</ele>
                        <time>2022-08-18T14:24:08Z</time>
                                                <extensions>
                            <sog>0.0</sog>
<cog>8.0</cog>
                        </extensions>
                    </trkpt>
                    <trkpt lat="54.36566333333334" lon="10.143938333333333">
                        <ele>0</ele>
                        <time>2022-08-18T14:24:19Z</time>
                                                <extensions>
                            <sog>0.0</sog>
<cog>103.6</cog>
                        </extensions>
                    </trkpt>
                    <trkpt lat="54.36566333333334" lon="10.143938333333333">
                        <ele>0</ele>
                        <time>2022-08-18T14:24:28Z</time>
                                                <extensions>
                            <sog>0.0</sog>
<cog>97.5</cog>
                        </extensions>
                    </trkpt>
                    <trkpt lat="54.36566333333334" lon="10.143938333333333">
                        <ele>0</ele>
                        <time>2022-08-18T14:24:48Z</time>
                                                <extensions>
                            <sog>0.0</sog>
<cog>316.6</cog>
                        </extensions>
                    </trkpt>
                    <trkpt lat="54.36566333333334" lon="10.143938333333333">
                        <ele>0</ele>
                        <time>2022-08-18T14:24:59Z</time>
                                                <extensions>
                            <sog>0.0</sog>
<cog>205.6</cog>
                        </extensions>
                    </trkpt>
                    <trkpt lat="54.36566333333334" lon="10.143938333333333">
                        <ele>0</ele>
                        <time>2022-08-18T14:25:09Z</time>
                                                <extensions>
                            <sog>0.0</sog>
<cog>15.9</cog>
                        </extensions>
                    </trkpt>
                    <trkpt lat="54.36566333333334" lon="10.143938333333333">
                        <ele>0</ele>
                        <time>2022-08-18T14:25:19Z</time>
                                                <extensions>
                            <sog>0.0</sog>
<cog>3.1</cog>
                        </extensions>
                    </trkpt>
                    <trkpt lat="54.36566333333334" lon="10.143938333333333">
                        <ele>0</ele>
                        <time>2022-08-18T14:25:28Z</time>
                                                <extensions>
                            <sog>0.0</sog>
<cog>182.8</cog>
                        </extensions>
                    </trkpt>
                    <trkpt lat="54.36566333333334" lon="10.143938333333333">
                        <ele>0</ele>
                        <time>2022-08-18T14:25:37Z</time>
                                                <extensions>
                            <sog>0.0</sog>
<cog>271.0</cog>
                        </extensions>
                    </trkpt>
                    <trkpt lat="54.36566333333334" lon="10.143938333333333">
                        <ele>0</ele>
                        <time>2022-08-18T14:25:48Z</time>
                                                <extensions>
                            <sog>0.0</sog>
<cog>307.2</cog>
                        </extensions>
                    </trkpt>
                    <trkpt lat="54.36566333333334" lon="10.143938333333333">
                        <ele>0</ele>
                        <time>2022-08-18T14:25:57Z</time>
                                                <extensions>
                            <sog>0.0</sog>
<cog>171.6</cog>
                        </extensions>
                    </trkpt>
                    <trkpt lat="54.36566333333334" lon="10.143938333333333">
                        <ele>0</ele>
                        <time>2022-08-18T14:26:09Z</time>
                                                <extensions>
                            <sog>0.0</sog>
<cog>49.2</cog>
                        </extensions>
                    </trkpt>
                    <trkpt lat="54.36566333333334" lon="10.143938333333333">
                        <ele>0</ele>
                        <time>2022-08-18T14:26:19Z</time>
                                                <extensions>
                            <sog>0.0</sog>
<cog>302.0</cog>
                        </extensions>
                    </trkpt>
                    <trkpt lat="54.36566333333334" lon="10.143938333333333">
                        <ele>0</ele>
                        <time>2022-08-18T14:26:28Z</time>
                                                <extensions>
                            <sog>0.0</sog>
<cog>265.8</cog>
                        </extensions>
                    </trkpt>
                    <trkpt lat="54.36566333333334" lon="10.143938333333333">
                        <ele>0</ele>
                        <time>2022-08-18T14:26:37Z</time>
                                                <extensions>
                            <sog>0.0</sog>
<cog>72.9</cog>
                        </extensions>
                    </trkpt>
                    <trkpt lat="54.36566333333334" lon="10.143938333333333">
                        <ele>0</ele>
                        <time>2022-08-18T14:26:48Z</time>
                                                <extensions>
                            <sog>0.0</sog>
<cog>348.2</cog>
                        </extensions>
                    </trkpt>
                    <trkpt lat="54.36566333333334" lon="10.143938333333333">
                        <ele>0</ele>
                        <time>2022-08-18T14:26:57Z</time>
                                                <extensions>
                            <sog>0.0</sog>
<cog>7.3</cog>
                        </extensions>
                    </trkpt>
                    <trkpt lat="54.36566333333334" lon="10.143938333333333">
                        <ele>0</ele>
                        <time>2022-08-18T14:27:09Z</time>
                                                <extensions>
                            <sog>0.0</sog>
<cog>268.9</cog>
                        </extensions>
                    </trkpt>
                    <trkpt lat="54.36566333333334" lon="10.143938333333333">
                        <ele>0</ele>
                        <time>2022-08-18T14:27:19Z</time>
                                                <extensions>
                            <sog>0.0</sog>
<cog>164.8</cog>
                        </extensions>
                    </trkpt>
                    <trkpt lat="54.36566333333334" lon="10.143939999999999">
                        <ele>0</ele>
                        <time>2022-08-18T14:27:28Z</time>
                                                <extensions>
                            <sog>0.0</sog>
<cog>17.7</cog>
                        </extensions>
                    </trkpt>
                    <trkpt lat="54.36566333333334" lon="10.143939999999999">
                        <ele>0</ele>
                        <time>2022-08-18T14:27:48Z</time>
                                                <extensions>
                            <sog>0.0</sog>
<cog>124.4</cog>
                        </extensions>
                    </trkpt>
                    <trkpt lat="54.36566333333334" lon="10.143939999999999">
                        <ele>0</ele>
                        <time>2022-08-18T14:27:57Z</time>
                                                <extensions>
                            <sog>0.0</sog>
<cog>69.7</cog>
                        </extensions>
                    </trkpt>
                    <trkpt lat="54.36566333333334" lon="10.143939999999999">
                        <ele>0</ele>
                        <time>2022-08-18T14:28:09Z</time>
                                                <extensions>
                            <sog>0.0</sog>
<cog>86.3</cog>
                        </extensions>
                    </trkpt>
                    <trkpt lat="54.36566333333334" lon="10.143939999999999">
                        <ele>0</ele>
                        <time>2022-08-18T14:28:19Z</time>
                                                <extensions>
                            <sog>0.0</sog>
<cog>82.6</cog>
                        </extensions>
                    </trkpt>
                    <trkpt lat="54.36566166666667" lon="10.143939999999999">
                        <ele>0</ele>
                        <time>2022-08-18T14:28:27Z</time>
                                                <extensions>
                            <sog>0.0</sog>
<cog>29.0</cog>
                        </extensions>
                    </trkpt>
                    <trkpt lat="54.36566166666667" lon="10.143939999999999">
                        <ele>0</ele>
                        <time>2022-08-18T14:28:37Z</time>
                                                <extensions>
                            <sog>0.0</sog>
<cog>316.0</cog>
                        </extensions>
                    </trkpt>
                    <trkpt lat="54.36566166666667" lon="10.143939999999999">
                        <ele>0</ele>
                        <time>2022-08-18T14:28:47Z</time>
                                                <extensions>
                            <sog>0.0</sog>
<cog>10.5</cog>
                        </extensions>
                    </trkpt>
                    <trkpt lat="54.36566333333334" lon="10.143939999999999">
                        <ele>0</ele>
                        <time>2022-08-18T14:28:57Z</time>
                                                <extensions>
                            <sog>0.0</sog>
<cog>214.7</cog>
                        </extensions>
                    </trkpt>
                    <trkpt lat="54.36566333333334" lon="10.143939999999999">
                        <ele>0</ele>
                        <time>2022-08-18T14:29:09Z</time>
                                                <extensions>
                            <sog>0.0</sog>
<cog>264.8</cog>
                        </extensions>
                    </trkpt>
                    <trkpt lat="54.36566333333334" lon="10.143939999999999">
                        <ele>0</ele>
                        <time>2022-08-18T14:29:19Z</time>
                                                <extensions>
                            <sog>0.0</sog>
<cog>9.1</cog>
                        </extensions>
                    </trkpt>
                    <trkpt lat="54.36566333333334" lon="10.143939999999999">
                        <ele>0</ele>
                        <time>2022-08-18T14:29:27Z</time>
                                                <extensions>
                            <sog>0.0</sog>
<cog>110.6</cog>
                        </extensions>
                    </trkpt>
                    <trkpt lat="54.365665" lon="10.143939999999999">
                        <ele>0</ele>
                        <time>2022-08-18T14:29:39Z</time>
                                                <extensions>
                            <sog>0.0</sog>
<cog>95.5</cog>
                        </extensions>
                    </trkpt>
                    <trkpt lat="54.365665" lon="10.143939999999999">
                        <ele>0</ele>
                        <time>2022-08-18T14:29:47Z</time>
                                                <extensions>
                            <sog>0.0</sog>
<cog>160.5</cog>
                        </extensions>
                    </trkpt>
                    <trkpt lat="54.365665" lon="10.143939999999999">
                        <ele>0</ele>
                        <time>2022-08-18T14:29:57Z</time>
                                                <extensions>
                            <sog>0.0</sog>
<cog>175.9</cog>
                        </extensions>
                    </trkpt>
                    <trkpt lat="54.365665" lon="10.143938333333333">
                        <ele>0</ele>
                        <time>2022-08-18T14:30:08Z</time>
                                                <extensions>
                            <sog>0.0</sog>
<cog>26.1</cog>
                        </extensions>
                    </trkpt>
                    <trkpt lat="54.36566666666667" lon="10.143938333333333">
                        <ele>0</ele>
                        <time>2022-08-18T14:30:19Z</time>
                                                <extensions>
                            <sog>0.0</sog>
<cog>20.4</cog>
                        </extensions>
                    </trkpt>
                    <trkpt lat="54.365665" lon="10.143938333333333">
                        <ele>0</ele>
                        <time>2022-08-18T14:30:27Z</time>
                                                <extensions>
                            <sog>0.0</sog>
<cog>14.3</cog>
                        </extensions>
                    </trkpt>
                    <trkpt lat="54.365665" lon="10.143938333333333">
                        <ele>0</ele>
                        <time>2022-08-18T14:30:57Z</time>
                                                <extensions>
                            <sog>0.0</sog>
<cog>205.0</cog>
                        </extensions>
                    </trkpt>
                    <trkpt lat="54.365665" lon="10.143938333333333">
                        <ele>0</ele>
                        <time>2022-08-18T14:31:08Z</time>
                                                <extensions>
                            <sog>0.0</sog>
<cog>27.8</cog>
                        </extensions>
                    </trkpt>
                    <trkpt lat="54.365665" lon="10.143938333333333">
                        <ele>0</ele>
                        <time>2022-08-18T14:31:19Z</time>
                                                <extensions>
                            <sog>0.0</sog>
<cog>116.2</cog>
                        </extensions>
                    </trkpt>
                    <trkpt lat="54.365665" lon="10.143938333333333">
                        <ele>0</ele>
                        <time>2022-08-18T14:31:27Z</time>
                                                <extensions>
                            <sog>0.0</sog>
<cog>133.3</cog>
                        </extensions>
                    </trkpt>
                    <trkpt lat="54.365665" lon="10.143938333333333">
                        <ele>0</ele>
                        <time>2022-08-18T14:31:39Z</time>
                                                <extensions>
                            <sog>0.0</sog>
<cog>256.2</cog>
                        </extensions>
                    </trkpt>
                    <trkpt lat="54.36566333333334" lon="10.143938333333333">
                        <ele>0</ele>
                        <time>2022-08-18T14:31:47Z</time>
                                                <extensions>
                            <sog>0.0</sog>
<cog>116.8</cog>
                        </extensions>
                    </trkpt>
                    <trkpt lat="54.36566333333334" lon="10.143936666666667">
                        <ele>0</ele>
                        <time>2022-08-18T14:31:58Z</time>
                                                <extensions>
                            <sog>0.0</sog>
<cog>148.0</cog>
                        </extensions>
                    </trkpt>
                    <trkpt lat="54.365665" lon="10.143936666666667">
                        <ele>0</ele>
                        <time>2022-08-18T14:32:08Z</time>
                                                <extensions>
                            <sog>0.0</sog>
<cog>164.8</cog>
                        </extensions>
                    </trkpt>
                    <trkpt lat="54.365665" lon="10.143935">
                        <ele>0</ele>
                        <time>2022-08-18T14:32:28Z</time>
                                                <extensions>
                            <sog>0.0</sog>
<cog>245.3</cog>
                        </extensions>
                    </trkpt>
                    <trkpt lat="54.365665" lon="10.143935">
                        <ele>0</ele>
                        <time>2022-08-18T14:32:39Z</time>
                                                <extensions>
                            <sog>0.0</sog>
<cog>192.3</cog>
                        </extensions>
                    </trkpt>
                    <trkpt lat="54.365665" lon="10.143935">
                        <ele>0</ele>
                        <time>2022-08-18T14:32:47Z</time>
                                                <extensions>
                            <sog>0.0</sog>
<cog>66.5</cog>
                        </extensions>
                    </trkpt>
                    <trkpt lat="54.365665" lon="10.143933333333333">
                        <ele>0</ele>
                        <time>2022-08-18T14:32:58Z</time>
                                                <extensions>
                            <sog>0.0</sog>
<cog>4.7</cog>
                        </extensions>
                    </trkpt>
                    <trkpt lat="54.365665" lon="10.143933333333333">
                        <ele>0</ele>
                        <time>2022-08-18T14:33:08Z</time>
                                                <extensions>
                            <sog>0.0</sog>
<cog>177.0</cog>
                        </extensions>
                    </trkpt>
                    <trkpt lat="54.365665" lon="10.143933333333333">
                        <ele>0</ele>
                        <time>2022-08-18T14:33:19Z</time>
                                                <extensions>
                            <sog>0.0</sog>
<cog>69.2</cog>
                        </extensions>
                    </trkpt>
                    <trkpt lat="54.365665" lon="10.143933333333333">
                        <ele>0</ele>
                        <time>2022-08-18T14:33:28Z</time>
                                                <extensions>
                            <sog>0.0</sog>
<cog>30.5</cog>
                        </extensions>
                    </trkpt>
                    <trkpt lat="54.365665" lon="10.143933333333333">
                        <ele>0</ele>
                        <time>2022-08-18T14:33:39Z</time>
                                                <extensions>
                            <sog>0.0</sog>
<cog>228.0</cog>
                        </extensions>
                    </trkpt>
                    <trkpt lat="54.365665" lon="10.143931666666667">
                        <ele>0</ele>
                        <time>2022-08-18T14:33:47Z</time>
                                                <extensions>
                            <sog>0.0</sog>
<cog>307.0</cog>
                        </extensions>
                    </trkpt>
                    <trkpt lat="54.365665" lon="10.143931666666667">
                        <ele>0</ele>
                        <time>2022-08-18T14:33:58Z</time>
                                                <extensions>
                            <sog>0.0</sog>
<cog>155.5</cog>
                        </extensions>
                    </trkpt>
                    <trkpt lat="54.36566666666667" lon="10.143931666666667">
                        <ele>0</ele>
                        <time>2022-08-18T14:34:08Z</time>
                                                <extensions>
                            <sog>0.0</sog>
<cog>284.0</cog>
                        </extensions>
                    </trkpt>
                    <trkpt lat="54.36566666666667" lon="10.143931666666667">
                        <ele>0</ele>
                        <time>2022-08-18T14:34:19Z</time>
                                                <extensions>
                            <sog>0.0</sog>
<cog>92.8</cog>
                        </extensions>
                    </trkpt>
                    <trkpt lat="54.365665" lon="10.143931666666667">
                        <ele>0</ele>
                        <time>2022-08-18T14:34:39Z</time>
                                                <extensions>
                            <sog>0.0</sog>
<cog>78.6</cog>
                        </extensions>
                    </trkpt>
                    <trkpt lat="54.365665" lon="10.143931666666667">
                        <ele>0</ele>
                        <time>2022-08-18T14:34:48Z</time>
                                                <extensions>
                            <sog>0.0</sog>
<cog>178.3</cog>
                        </extensions>
                    </trkpt>
                    <trkpt lat="54.365665" lon="10.143931666666667">
                        <ele>0</ele>
                        <time>2022-08-18T14:34:58Z</time>
                                                <extensions>
                            <sog>0.0</sog>
<cog>124.3</cog>
                        </extensions>
                    </trkpt>
                    <trkpt lat="54.36566666666667" lon="10.143930000000001">
                        <ele>0</ele>
                        <time>2022-08-18T14:35:19Z</time>
                                                <extensions>
                            <sog>0.0</sog>
<cog>37.5</cog>
                        </extensions>
                    </trkpt>
                    <trkpt lat="54.36566666666667" lon="10.143930000000001">
                        <ele>0</ele>
                        <time>2022-08-18T14:35:28Z</time>
                                                <extensions>
                            <sog>0.0</sog>
<cog>70.9</cog>
                        </extensions>
                    </trkpt>
                    <trkpt lat="54.36566666666667" lon="10.143930000000001">
                        <ele>0</ele>
                        <time>2022-08-18T14:35:39Z</time>
                                                <extensions>
                            <sog>0.0</sog>
<cog>138.8</cog>
                        </extensions>
                    </trkpt>
                    <trkpt lat="54.36566666666667" lon="10.143930000000001">
                        <ele>0</ele>
                        <time>2022-08-18T14:35:48Z</time>
                                                <extensions>
                            <sog>0.0</sog>
<cog>30.8</cog>
                        </extensions>
                    </trkpt>
                    <trkpt lat="54.36566666666667" lon="10.143928333333333">
                        <ele>0</ele>
                        <time>2022-08-18T14:35:58Z</time>
                                                <extensions>
                            <sog>0.0</sog>
<cog>256.7</cog>
                        </extensions>
                    </trkpt>
                    <trkpt lat="54.36566666666667" lon="10.143928333333333">
                        <ele>0</ele>
                        <time>2022-08-18T14:36:08Z</time>
                                                <extensions>
                            <sog>0.0</sog>
<cog>233.0</cog>
                        </extensions>
                    </trkpt>
                    <trkpt lat="54.36566666666667" lon="10.143928333333333">
                        <ele>0</ele>
                        <time>2022-08-18T14:36:19Z</time>
                                                <extensions>
                            <sog>0.0</sog>
<cog>284.3</cog>
                        </extensions>
                    </trkpt>
                    <trkpt lat="54.36566666666667" lon="10.143928333333333">
                        <ele>0</ele>
                        <time>2022-08-18T14:36:28Z</time>
                                                <extensions>
                            <sog>0.0</sog>
<cog>66.7</cog>
                        </extensions>
                    </trkpt>
                    <trkpt lat="54.36566666666667" lon="10.143928333333333">
                        <ele>0</ele>
                        <time>2022-08-18T14:36:39Z</time>
                                                <extensions>
                            <sog>0.0</sog>
<cog>301.0</cog>
                        </extensions>
                    </trkpt>
                    <trkpt lat="54.365665" lon="10.143928333333333">
                        <ele>0</ele>
                        <time>2022-08-18T14:36:57Z</time>
                                                <extensions>
                            <sog>0.0</sog>
<cog>6.8</cog>
                        </extensions>
                    </trkpt>
                    <trkpt lat="54.365665" lon="10.143928333333333">
                        <ele>0</ele>
                        <time>2022-08-18T14:37:08Z</time>
                                                <extensions>
                            <sog>0.0</sog>
<cog>105.8</cog>
                        </extensions>
                    </trkpt>
                    <trkpt lat="54.365665" lon="10.143928333333333">
                        <ele>0</ele>
                        <time>2022-08-18T14:37:19Z</time>
                                                <extensions>
                            <sog>0.0</sog>
<cog>72.0</cog>
                        </extensions>
                    </trkpt>
                    <trkpt lat="54.365665" lon="10.143928333333333">
                        <ele>0</ele>
                        <time>2022-08-18T14:37:28Z</time>
                                                <extensions>
                            <sog>0.0</sog>
<cog>212.8</cog>
                        </extensions>
                    </trkpt>
                    <trkpt lat="54.365665" lon="10.143928333333333">
                        <ele>0</ele>
                        <time>2022-08-18T14:37:39Z</time>
                                                <extensions>
                            <sog>0.0</sog>
<cog>292.7</cog>
                        </extensions>
                    </trkpt>
                    <trkpt lat="54.36566666666667" lon="10.143928333333333">
                        <ele>0</ele>
                        <time>2022-08-18T14:37:48Z</time>
                                                <extensions>
                            <sog>0.0</sog>
<cog>305.2</cog>
                        </extensions>
                    </trkpt>
                    <trkpt lat="54.36566666666667" lon="10.143928333333333">
                        <ele>0</ele>
                        <time>2022-08-18T14:37:57Z</time>
                                                <extensions>
                            <sog>0.0</sog>
<cog>329.6</cog>
                        </extensions>
                    </trkpt>
                    <trkpt lat="54.36566666666667" lon="10.143928333333333">
                        <ele>0</ele>
                        <time>2022-08-18T14:38:07Z</time>
                                                <extensions>
                            <sog>0.0</sog>
<cog>296.8</cog>
                        </extensions>
                    </trkpt>
                    <trkpt lat="54.36566666666667" lon="10.143928333333333">
                        <ele>0</ele>
                        <time>2022-08-18T14:38:19Z</time>
                                                <extensions>
                            <sog>0.0</sog>
<cog>308.8</cog>
                        </extensions>
                    </trkpt>
                    <trkpt lat="54.36566666666667" lon="10.143928333333333">
                        <ele>0</ele>
                        <time>2022-08-18T14:38:28Z</time>
                                                <extensions>
                            <sog>0.0</sog>
<cog>167.5</cog>
                        </extensions>
                    </trkpt>
                    <trkpt lat="54.365665" lon="10.143930000000001">
                        <ele>0</ele>
                        <time>2022-08-18T14:38:39Z</time>
                                                <extensions>
                            <sog>0.0</sog>
<cog>48.6</cog>
                        </extensions>
                    </trkpt>
                    <trkpt lat="54.365665" lon="10.143930000000001">
                        <ele>0</ele>
                        <time>2022-08-18T14:38:48Z</time>
                                                <extensions>
                            <sog>0.0</sog>
<cog>120.2</cog>
                        </extensions>
                    </trkpt>
                    <trkpt lat="54.365665" lon="10.143930000000001">
                        <ele>0</ele>
                        <time>2022-08-18T14:38:57Z</time>
                                                <extensions>
                            <sog>0.0</sog>
<cog>334.4</cog>
                        </extensions>
                    </trkpt>
                    <trkpt lat="54.365665" lon="10.143930000000001">
                        <ele>0</ele>
                        <time>2022-08-18T14:39:08Z</time>
                                                <extensions>
                            <sog>0.0</sog>
<cog>86.3</cog>
                        </extensions>
                    </trkpt>
                    <trkpt lat="54.365665" lon="10.143931666666667">
                        <ele>0</ele>
                        <time>2022-08-18T14:39:19Z</time>
                                                <extensions>
                            <sog>0.0</sog>
<cog>330.4</cog>
                        </extensions>
                    </trkpt>
                    <trkpt lat="54.365665" lon="10.143931666666667">
                        <ele>0</ele>
                        <time>2022-08-18T14:39:28Z</time>
                                                <extensions>
                            <sog>0.0</sog>
<cog>23.9</cog>
                        </extensions>
                    </trkpt>
                    <trkpt lat="54.365665" lon="10.143931666666667">
                        <ele>0</ele>
                        <time>2022-08-18T14:39:49Z</time>
                                                <extensions>
                            <sog>0.0</sog>
<cog>59.1</cog>
                        </extensions>
                    </trkpt>
                    <trkpt lat="54.36566333333334" lon="10.143931666666667">
                        <ele>0</ele>
                        <time>2022-08-18T14:39:58Z</time>
                                                <extensions>
                            <sog>0.0</sog>
<cog>237.9</cog>
                        </extensions>
                    </trkpt>
                    <trkpt lat="54.36566333333334" lon="10.143933333333333">
                        <ele>0</ele>
                        <time>2022-08-18T14:40:08Z</time>
                                                <extensions>
                            <sog>0.0</sog>
<cog>178.9</cog>
                        </extensions>
                    </trkpt>
                    <trkpt lat="54.36566333333334" lon="10.143933333333333">
                        <ele>0</ele>
                        <time>2022-08-18T14:40:19Z</time>
                                                <extensions>
                            <sog>0.0</sog>
<cog>255.3</cog>
                        </extensions>
                    </trkpt>
                    <trkpt lat="54.36566333333334" lon="10.143931666666667">
                        <ele>0</ele>
                        <time>2022-08-18T14:40:28Z</time>
                                                <extensions>
                            <sog>0.0</sog>
<cog>128.5</cog>
                        </extensions>
                    </trkpt>
                    <trkpt lat="54.36566333333334" lon="10.143931666666667">
                        <ele>0</ele>
                        <time>2022-08-18T14:40:39Z</time>
                                                <extensions>
                            <sog>0.0</sog>
<cog>188.9</cog>
                        </extensions>
                    </trkpt>
                    <trkpt lat="54.36566333333334" lon="10.143931666666667">
                        <ele>0</ele>
                        <time>2022-08-18T14:40:49Z</time>
                                                <extensions>
                            <sog>0.0</sog>
<cog>240.0</cog>
                        </extensions>
                    </trkpt>
                    <trkpt lat="54.36566333333334" lon="10.143930000000001">
                        <ele>0</ele>
                        <time>2022-08-18T14:40:58Z</time>
                                                <extensions>
                            <sog>0.0</sog>
<cog>254.3</cog>
                        </extensions>
                    </trkpt>
                    <trkpt lat="54.36566333333334" lon="10.143930000000001">
                        <ele>0</ele>
                        <time>2022-08-18T14:41:08Z</time>
                                                <extensions>
                            <sog>0.0</sog>
<cog>221.0</cog>
                        </extensions>
                    </trkpt>
                    <trkpt lat="54.36566166666667" lon="10.143930000000001">
                        <ele>0</ele>
                        <time>2022-08-18T14:41:28Z</time>
                                                <extensions>
                            <sog>0.0</sog>
<cog>0.2</cog>
                        </extensions>
                    </trkpt>
                    <trkpt lat="54.36566166666667" lon="10.143930000000001">
                        <ele>0</ele>
                        <time>2022-08-18T14:41:39Z</time>
                                                <extensions>
                            <sog>0.0</sog>
<cog>77.5</cog>
                        </extensions>
                    </trkpt>
                    <trkpt lat="54.36566166666667" lon="10.143930000000001">
                        <ele>0</ele>
                        <time>2022-08-18T14:41:49Z</time>
                                                <extensions>
                            <sog>0.0</sog>
<cog>272.2</cog>
                        </extensions>
                    </trkpt>
                    <trkpt lat="54.36566166666667" lon="10.143933333333333">
                        <ele>0</ele>
                        <time>2022-08-18T14:41:58Z</time>
                                                <extensions>
                            <sog>0.0</sog>
<cog>53.5</cog>
                        </extensions>
                    </trkpt>
                    <trkpt lat="54.36566166666667" lon="10.143931666666667">
                        <ele>0</ele>
                        <time>2022-08-18T14:42:08Z</time>
                                                <extensions>
                            <sog>0.0</sog>
<cog>299.9</cog>
                        </extensions>
                    </trkpt>
                    <trkpt lat="54.36566333333334" lon="10.143931666666667">
                        <ele>0</ele>
                        <time>2022-08-18T14:42:19Z</time>
                                                <extensions>
                            <sog>0.0</sog>
<cog>69.6</cog>
                        </extensions>
                    </trkpt>
                    <trkpt lat="54.36566166666667" lon="10.143935">
                        <ele>0</ele>
                        <time>2022-08-18T14:42:28Z</time>
                                                <extensions>
                            <sog>0.0</sog>
<cog>230.1</cog>
                        </extensions>
                    </trkpt>
                    <trkpt lat="54.36566166666667" lon="10.143936666666667">
                        <ele>0</ele>
                        <time>2022-08-18T14:42:39Z</time>
                                                <extensions>
                            <sog>0.0</sog>
<cog>252.4</cog>
                        </extensions>
                    </trkpt>
                    <trkpt lat="54.36566166666667" lon="10.143936666666667">
                        <ele>0</ele>
                        <time>2022-08-18T14:42:49Z</time>
                                                <extensions>
                            <sog>0.0</sog>
<cog>204.8</cog>
                        </extensions>
                    </trkpt>
                    <trkpt lat="54.365660000000005" lon="10.143938333333333">
                        <ele>0</ele>
                        <time>2022-08-18T14:42:59Z</time>
                                                <extensions>
                            <sog>0.0</sog>
<cog>327.1</cog>
                        </extensions>
                    </trkpt>
                    <trkpt lat="54.365660000000005" lon="10.143938333333333">
                        <ele>0</ele>
                        <time>2022-08-18T14:43:08Z</time>
                                                <extensions>
                            <sog>0.0</sog>
<cog>136.0</cog>
                        </extensions>
                    </trkpt>
                    <trkpt lat="54.365660000000005" lon="10.143938333333333">
                        <ele>0</ele>
                        <time>2022-08-18T14:43:19Z</time>
                                                <extensions>
                            <sog>0.0</sog>
<cog>128.6</cog>
                        </extensions>
                    </trkpt>
                    <trkpt lat="54.365660000000005" lon="10.143938333333333">
                        <ele>0</ele>
                        <time>2022-08-18T14:43:28Z</time>
                                                <extensions>
                            <sog>0.0</sog>
<cog>75.2</cog>
                        </extensions>
                    </trkpt>
                    <trkpt lat="54.365660000000005" lon="10.143938333333333">
                        <ele>0</ele>
                        <time>2022-08-18T14:43:39Z</time>
                                                <extensions>
                            <sog>0.0</sog>
<cog>264.9</cog>
                        </extensions>
                    </trkpt>
                    <trkpt lat="54.365660000000005" lon="10.143938333333333">
                        <ele>0</ele>
                        <time>2022-08-18T14:43:49Z</time>
                                                <extensions>
                            <sog>0.0</sog>
<cog>281.8</cog>
                        </extensions>
                    </trkpt>
                    <trkpt lat="54.365658333333336" lon="10.143939999999999">
                        <ele>0</ele>
                        <time>2022-08-18T14:43:59Z</time>
                                                <extensions>
                            <sog>0.0</sog>
<cog>149.8</cog>
                        </extensions>
                    </trkpt>
                    <trkpt lat="54.365658333333336" lon="10.143939999999999">
                        <ele>0</ele>
                        <time>2022-08-18T14:44:08Z</time>
                                                <extensions>
                            <sog>0.0</sog>
<cog>85.0</cog>
                        </extensions>
                    </trkpt>
                    <trkpt lat="54.365658333333336" lon="10.143939999999999">
                        <ele>0</ele>
                        <time>2022-08-18T14:44:19Z</time>
                                                <extensions>
                            <sog>0.0</sog>
<cog>334.5</cog>
                        </extensions>
                    </trkpt>
                    <trkpt lat="54.365658333333336" lon="10.143939999999999">
                        <ele>0</ele>
                        <time>2022-08-18T14:44:28Z</time>
                                                <extensions>
                            <sog>0.0</sog>
<cog>9.3</cog>
                        </extensions>
                    </trkpt>
                    <trkpt lat="54.365658333333336" lon="10.143939999999999">
                        <ele>0</ele>
                        <time>2022-08-18T14:44:39Z</time>
                                                <extensions>
                            <sog>0.0</sog>
<cog>159.5</cog>
                        </extensions>
                    </trkpt>
                    <trkpt lat="54.365658333333336" lon="10.143941666666667">
                        <ele>0</ele>
                        <time>2022-08-18T14:44:49Z</time>
                                                <extensions>
                            <sog>0.0</sog>
<cog>63.6</cog>
                        </extensions>
                    </trkpt>
                    <trkpt lat="54.365660000000005" lon="10.143943333333334">
                        <ele>0</ele>
                        <time>2022-08-18T14:44:59Z</time>
                                                <extensions>
                            <sog>0.0</sog>
<cog>7.9</cog>
                        </extensions>
                    </trkpt>
                    <trkpt lat="54.365660000000005" lon="10.143941666666667">
                        <ele>0</ele>
                        <time>2022-08-18T14:45:08Z</time>
                                                <extensions>
                            <sog>0.0</sog>
<cog>272.2</cog>
                        </extensions>
                    </trkpt>
                    <trkpt lat="54.365658333333336" lon="10.143939999999999">
                        <ele>0</ele>
                        <time>2022-08-18T14:45:19Z</time>
                                                <extensions>
                            <sog>0.0</sog>
<cog>258.9</cog>
                        </extensions>
                    </trkpt>
                    <trkpt lat="54.365658333333336" lon="10.143941666666667">
                        <ele>0</ele>
                        <time>2022-08-18T14:45:28Z</time>
                                                <extensions>
                            <sog>0.0</sog>
<cog>228.9</cog>
                        </extensions>
                    </trkpt>
                    <trkpt lat="54.365658333333336" lon="10.143941666666667">
                        <ele>0</ele>
                        <time>2022-08-18T14:45:39Z</time>
                                                <extensions>
                            <sog>0.0</sog>
<cog>25.6</cog>
                        </extensions>
                    </trkpt>
                    <trkpt lat="54.365658333333336" lon="10.143943333333334">
                        <ele>0</ele>
                        <time>2022-08-18T14:45:49Z</time>
                                                <extensions>
                            <sog>0.0</sog>
<cog>275.7</cog>
                        </extensions>
                    </trkpt>
                    <trkpt lat="54.365658333333336" lon="10.143943333333334">
                        <ele>0</ele>
                        <time>2022-08-18T14:45:59Z</time>
                                                <extensions>
                            <sog>0.0</sog>
<cog>259.6</cog>
                        </extensions>
                    </trkpt>
                    <trkpt lat="54.365658333333336" lon="10.143943333333334">
                        <ele>0</ele>
                        <time>2022-08-18T14:46:19Z</time>
                                                <extensions>
                            <sog>0.0</sog>
<cog>352.3</cog>
                        </extensions>
                    </trkpt>
                    <trkpt lat="54.365658333333336" lon="10.143941666666667">
                        <ele>0</ele>
                        <time>2022-08-18T14:46:28Z</time>
                                                <extensions>
                            <sog>0.0</sog>
<cog>85.5</cog>
                        </extensions>
                    </trkpt>
                    <trkpt lat="54.365658333333336" lon="10.143941666666667">
                        <ele>0</ele>
                        <time>2022-08-18T14:46:38Z</time>
                                                <extensions>
                            <sog>0.0</sog>
<cog>7.5</cog>
                        </extensions>
                    </trkpt>
                    <trkpt lat="54.365658333333336" lon="10.143941666666667">
                        <ele>0</ele>
                        <time>2022-08-18T14:46:58Z</time>
                                                <extensions>
                            <sog>0.0</sog>
<cog>102.0</cog>
                        </extensions>
                    </trkpt>
                    <trkpt lat="54.365658333333336" lon="10.143941666666667">
                        <ele>0</ele>
                        <time>2022-08-18T14:47:08Z</time>
                                                <extensions>
                            <sog>0.0</sog>
<cog>81.3</cog>
                        </extensions>
                    </trkpt>
                    <trkpt lat="54.365658333333336" lon="10.143939999999999">
                        <ele>0</ele>
                        <time>2022-08-18T14:47:19Z</time>
                                                <extensions>
                            <sog>0.0</sog>
<cog>12.9</cog>
                        </extensions>
                    </trkpt>
                    <trkpt lat="54.365658333333336" lon="10.143936666666667">
                        <ele>0</ele>
                        <time>2022-08-18T14:47:28Z</time>
                                                <extensions>
                            <sog>0.0</sog>
<cog>52.8</cog>
                        </extensions>
                    </trkpt>
                    <trkpt lat="54.365658333333336" lon="10.143936666666667">
                        <ele>0</ele>
                        <time>2022-08-18T14:47:38Z</time>
                                                <extensions>
                            <sog>0.0</sog>
<cog>3.7</cog>
                        </extensions>
                    </trkpt>
                    <trkpt lat="54.365658333333336" lon="10.143938333333333">
                        <ele>0</ele>
                        <time>2022-08-18T14:47:58Z</time>
                                                <extensions>
                            <sog>0.0</sog>
<cog>65.6</cog>
                        </extensions>
                    </trkpt>
                    <trkpt lat="54.365658333333336" lon="10.143938333333333">
                        <ele>0</ele>
                        <time>2022-08-18T14:48:08Z</time>
                                                <extensions>
                            <sog>0.0</sog>
<cog>89.1</cog>
                        </extensions>
                    </trkpt>
                    <trkpt lat="54.365658333333336" lon="10.143938333333333">
                        <ele>0</ele>
                        <time>2022-08-18T14:48:19Z</time>
                                                <extensions>
                            <sog>0.0</sog>
<cog>320.2</cog>
                        </extensions>
                    </trkpt>
                    <trkpt lat="54.365658333333336" lon="10.143936666666667">
                        <ele>0</ele>
                        <time>2022-08-18T14:48:29Z</time>
                                                <extensions>
                            <sog>0.0</sog>
<cog>276.3</cog>
                        </extensions>
                    </trkpt>
                    <trkpt lat="54.365658333333336" lon="10.143938333333333">
                        <ele>0</ele>
                        <time>2022-08-18T14:48:38Z</time>
                                                <extensions>
                            <sog>0.0</sog>
<cog>253.2</cog>
                        </extensions>
                    </trkpt>
                    <trkpt lat="54.36565666666667" lon="10.143938333333333">
                        <ele>0</ele>
                        <time>2022-08-18T14:48:49Z</time>
                                                <extensions>
                            <sog>0.0</sog>
<cog>146.0</cog>
                        </extensions>
                    </trkpt>
                    <trkpt lat="54.365658333333336" lon="10.143938333333333">
                        <ele>0</ele>
                        <time>2022-08-18T14:48:58Z</time>
                                                <extensions>
                            <sog>0.0</sog>
<cog>201.2</cog>
                        </extensions>
                    </trkpt>
                    <trkpt lat="54.36565666666667" lon="10.143939999999999">
                        <ele>0</ele>
                        <time>2022-08-18T14:49:08Z</time>
                                                <extensions>
                            <sog>0.0</sog>
<cog>18.6</cog>
                        </extensions>
                    </trkpt>
                    <trkpt lat="54.36565666666667" lon="10.143941666666667">
                        <ele>0</ele>
                        <time>2022-08-18T14:49:18Z</time>
                                                <extensions>
                            <sog>0.0</sog>
<cog>313.8</cog>
                        </extensions>
                    </trkpt>
                    <trkpt lat="54.365658333333336" lon="10.143939999999999">
                        <ele>0</ele>
                        <time>2022-08-18T14:49:29Z</time>
                                                <extensions>
                            <sog>0.0</sog>
<cog>341.4</cog>
                        </extensions>
                    </trkpt>
                    <trkpt lat="54.365658333333336" lon="10.143939999999999">
                        <ele>0</ele>
                        <time>2022-08-18T14:49:38Z</time>
                                                <extensions>
                            <sog>0.0</sog>
<cog>275.0</cog>
                        </extensions>
                    </trkpt>
                    <trkpt lat="54.365658333333336" lon="10.143938333333333">
                        <ele>0</ele>
                        <time>2022-08-18T14:49:49Z</time>
                                                <extensions>
                            <sog>0.0</sog>
<cog>235.3</cog>
                        </extensions>
                    </trkpt>
                    <trkpt lat="54.365658333333336" lon="10.143938333333333">
                        <ele>0</ele>
                        <time>2022-08-18T14:49:58Z</time>
                                                <extensions>
                            <sog>0.0</sog>
<cog>287.6</cog>
                        </extensions>
                    </trkpt>
                    <trkpt lat="54.365658333333336" lon="10.143939999999999">
                        <ele>0</ele>
                        <time>2022-08-18T14:50:08Z</time>
                                                <extensions>
                            <sog>0.0</sog>
<cog>144.5</cog>
                        </extensions>
                    </trkpt>
                    <trkpt lat="54.365658333333336" lon="10.143938333333333">
                        <ele>0</ele>
                        <time>2022-08-18T14:50:18Z</time>
                                                <extensions>
                            <sog>0.0</sog>
<cog>171.4</cog>
                        </extensions>
                    </trkpt>
                    <trkpt lat="54.365658333333336" lon="10.143938333333333">
                        <ele>0</ele>
                        <time>2022-08-18T14:50:29Z</time>
                                                <extensions>
                            <sog>0.0</sog>
<cog>21.9</cog>
                        </extensions>
                    </trkpt>
                    <trkpt lat="54.365658333333336" lon="10.143939999999999">
                        <ele>0</ele>
                        <time>2022-08-18T14:50:38Z</time>
                                                <extensions>
                            <sog>0.0</sog>
<cog>125.7</cog>
                        </extensions>
                    </trkpt>
                    <trkpt lat="54.365658333333336" lon="10.143936666666667">
                        <ele>0</ele>
                        <time>2022-08-18T14:50:58Z</time>
                                                <extensions>
                            <sog>0.0</sog>
<cog>292.6</cog>
                        </extensions>
                    </trkpt>
                    <trkpt lat="54.365658333333336" lon="10.143936666666667">
                        <ele>0</ele>
                        <time>2022-08-18T14:51:08Z</time>
                                                <extensions>
                            <sog>0.0</sog>
<cog>10.9</cog>
                        </extensions>
                    </trkpt>
                    <trkpt lat="54.365658333333336" lon="10.143938333333333">
                        <ele>0</ele>
                        <time>2022-08-18T14:51:18Z</time>
                                                <extensions>
                            <sog>0.0</sog>
<cog>72.2</cog>
                        </extensions>
                    </trkpt>
                    <trkpt lat="54.36565666666667" lon="10.143938333333333">
                        <ele>0</ele>
                        <time>2022-08-18T14:51:29Z</time>
                                                <extensions>
                            <sog>0.0</sog>
<cog>17.3</cog>
                        </extensions>
                    </trkpt>
                    <trkpt lat="54.36565666666667" lon="10.143938333333333">
                        <ele>0</ele>
                        <time>2022-08-18T14:51:38Z</time>
                                                <extensions>
                            <sog>0.0</sog>
<cog>296.6</cog>
                        </extensions>
                    </trkpt>
                    <trkpt lat="54.365658333333336" lon="10.143936666666667">
                        <ele>0</ele>
                        <time>2022-08-18T14:51:49Z</time>
                                                <extensions>
                            <sog>0.0</sog>
<cog>215.5</cog>
                        </extensions>
                    </trkpt>
                    <trkpt lat="54.365658333333336" lon="10.143936666666667">
                        <ele>0</ele>
                        <time>2022-08-18T14:51:58Z</time>
                                                <extensions>
                            <sog>0.0</sog>
<cog>82.1</cog>
                        </extensions>
                    </trkpt>
                    <trkpt lat="54.36565666666667" lon="10.143938333333333">
                        <ele>0</ele>
                        <time>2022-08-18T14:52:08Z</time>
                                                <extensions>
                            <sog>0.0</sog>
<cog>137.6</cog>
                        </extensions>
                    </trkpt>
                    <trkpt lat="54.36565666666667" lon="10.143936666666667">
                        <ele>0</ele>
                        <time>2022-08-18T14:52:18Z</time>
                                                <extensions>
                            <sog>0.0</sog>
<cog>72.4</cog>
                        </extensions>
                    </trkpt>
                    <trkpt lat="54.365658333333336" lon="10.143931666666667">
                        <ele>0</ele>
                        <time>2022-08-18T14:52:29Z</time>
                                                <extensions>
                            <sog>0.0</sog>
<cog>297.5</cog>
                        </extensions>
                    </trkpt>
                    <trkpt lat="54.365658333333336" lon="10.143930000000001">
                        <ele>0</ele>
                        <time>2022-08-18T14:52:39Z</time>
                                                <extensions>
                            <sog>0.0</sog>
<cog>14.4</cog>
                        </extensions>
                    </trkpt>
                    <trkpt lat="54.365658333333336" lon="10.143928333333333">
                        <ele>0</ele>
                        <time>2022-08-18T14:52:49Z</time>
                                                <extensions>
                            <sog>0.0</sog>
<cog>79.3</cog>
                        </extensions>
                    </trkpt>
                    <trkpt lat="54.365658333333336" lon="10.143926666666665">
                        <ele>0</ele>
                        <time>2022-08-18T14:52:58Z</time>
                                                <extensions>
                            <sog>0.0</sog>
<cog>267.3</cog>
                        </extensions>
                    </trkpt>
                    <trkpt lat="54.365658333333336" lon="10.143926666666665">
                        <ele>0</ele>
                        <time>2022-08-18T14:53:08Z</time>
                                                <extensions>
                            <sog>0.0</sog>
<cog>52.9</cog>
                        </extensions>
                    </trkpt>
                    <trkpt lat="54.365658333333336" lon="10.143928333333333">
                        <ele>0</ele>
                        <time>2022-08-18T14:53:18Z</time>
                                                <extensions>
                            <sog>0.0</sog>
<cog>96.9</cog>
                        </extensions>
                    </trkpt>
                    <trkpt lat="54.36565666666667" lon="10.143931666666667">
                        <ele>0</ele>
                        <time>2022-08-18T14:53:29Z</time>
                                                <extensions>
                            <sog>0.0</sog>
<cog>67.3</cog>
                        </extensions>
                    </trkpt>
                    <trkpt lat="54.36565666666667" lon="10.143930000000001">
                        <ele>0</ele>
                        <time>2022-08-18T14:53:39Z</time>
                                                <extensions>
                            <sog>0.0</sog>
<cog>359.3</cog>
                        </extensions>
                    </trkpt>
                    <trkpt lat="54.36565666666667" lon="10.143930000000001">
                        <ele>0</ele>
                        <time>2022-08-18T14:53:49Z</time>
                                                <extensions>
                            <sog>0.0</sog>
<cog>244.8</cog>
                        </extensions>
                    </trkpt>
                    <trkpt lat="54.36565666666667" lon="10.143930000000001">
                        <ele>0</ele>
                        <time>2022-08-18T14:53:58Z</time>
                                                <extensions>
                            <sog>0.0</sog>
<cog>57.0</cog>
                        </extensions>
                    </trkpt>
                    <trkpt lat="54.36565666666667" lon="10.143930000000001">
                        <ele>0</ele>
                        <time>2022-08-18T14:54:08Z</time>
                                                <extensions>
                            <sog>0.0</sog>
<cog>184.4</cog>
                        </extensions>
                    </trkpt>
                    <trkpt lat="54.36565666666667" lon="10.143930000000001">
                        <ele>0</ele>
                        <time>2022-08-18T14:54:18Z</time>
                                                <extensions>
                            <sog>0.0</sog>
<cog>49.5</cog>
                        </extensions>
                    </trkpt>
                    <trkpt lat="54.36565666666667" lon="10.143930000000001">
                        <ele>0</ele>
                        <time>2022-08-18T14:54:29Z</time>
                                                <extensions>
                            <sog>0.0</sog>
<cog>350.3</cog>
                        </extensions>
                    </trkpt>
                    <trkpt lat="54.36565666666667" lon="10.143930000000001">
                        <ele>0</ele>
                        <time>2022-08-18T14:54:39Z</time>
                                                <extensions>
                            <sog>0.0</sog>
<cog>9.3</cog>
                        </extensions>
                    </trkpt>
                    <trkpt lat="54.36565666666667" lon="10.143928333333333">
                        <ele>0</ele>
                        <time>2022-08-18T14:54:49Z</time>
                                                <extensions>
                            <sog>0.0</sog>
<cog>70.2</cog>
                        </extensions>
                    </trkpt>
                    <trkpt lat="54.36565666666667" lon="10.143928333333333">
                        <ele>0</ele>
                        <time>2022-08-18T14:54:58Z</time>
                                                <extensions>
                            <sog>0.0</sog>
<cog>309.9</cog>
                        </extensions>
                    </trkpt>
                    <trkpt lat="54.36565666666667" lon="10.143928333333333">
                        <ele>0</ele>
                        <time>2022-08-18T14:55:08Z</time>
                                                <extensions>
                            <sog>0.0</sog>
<cog>197.3</cog>
                        </extensions>
                    </trkpt>
                    <trkpt lat="54.36565666666667" lon="10.143928333333333">
                        <ele>0</ele>
                        <time>2022-08-18T14:55:18Z</time>
                                                <extensions>
                            <sog>0.0</sog>
<cog>331.7</cog>
                        </extensions>
                    </trkpt>
                    <trkpt lat="54.36565666666667" lon="10.143926666666665">
                        <ele>0</ele>
                        <time>2022-08-18T14:55:29Z</time>
                                                <extensions>
                            <sog>0.0</sog>
<cog>115.7</cog>
                        </extensions>
                    </trkpt>
                    <trkpt lat="54.36565666666667" lon="10.143926666666665">
                        <ele>0</ele>
                        <time>2022-08-18T14:55:39Z</time>
                                                <extensions>
                            <sog>0.0</sog>
<cog>242.7</cog>
                        </extensions>
                    </trkpt>
                    <trkpt lat="54.36565666666667" lon="10.143926666666665">
                        <ele>0</ele>
                        <time>2022-08-18T14:55:49Z</time>
                                                <extensions>
                            <sog>0.0</sog>
<cog>82.7</cog>
                        </extensions>
                    </trkpt>
                    <trkpt lat="54.365655" lon="10.143930000000001">
                        <ele>0</ele>
                        <time>2022-08-18T14:55:58Z</time>
                                                <extensions>
                            <sog>0.0</sog>
<cog>93.8</cog>
                        </extensions>
                    </trkpt>
                    <trkpt lat="54.36565666666667" lon="10.143930000000001">
                        <ele>0</ele>
                        <time>2022-08-18T14:56:19Z</time>
                                                <extensions>
                            <sog>0.0</sog>
<cog>258.0</cog>
                        </extensions>
                    </trkpt>
                    <trkpt lat="54.36565666666667" lon="10.143928333333333">
                        <ele>0</ele>
                        <time>2022-08-18T14:56:28Z</time>
                                                <extensions>
                            <sog>0.0</sog>
<cog>289.7</cog>
                        </extensions>
                    </trkpt>
                    <trkpt lat="54.36565666666667" lon="10.143933333333333">
                        <ele>0</ele>
                        <time>2022-08-18T14:56:49Z</time>
                                                <extensions>
                            <sog>0.0</sog>
<cog>169.3</cog>
                        </extensions>
                    </trkpt>
                    <trkpt lat="54.36565666666667" lon="10.143935">
                        <ele>0</ele>
                        <time>2022-08-18T14:56:58Z</time>
                                                <extensions>
                            <sog>0.0</sog>
<cog>298.3</cog>
                        </extensions>
                    </trkpt>
                    <trkpt lat="54.365658333333336" lon="10.143935">
                        <ele>0</ele>
                        <time>2022-08-18T14:57:09Z</time>
                                                <extensions>
                            <sog>0.0</sog>
<cog>337.9</cog>
                        </extensions>
                    </trkpt>
                    <trkpt lat="54.36566166666667" lon="10.143930000000001">
                        <ele>0</ele>
                        <time>2022-08-18T14:57:19Z</time>
                                                <extensions>
                            <sog>0.1</sog>
<cog>293.0</cog>
                        </extensions>
                    </trkpt>
                    <trkpt lat="54.36566333333334" lon="10.143920000000001">
                        <ele>0</ele>
                        <time>2022-08-18T14:57:28Z</time>
                                                <extensions>
                            <sog>0.1</sog>
<cog>276.8</cog>
                        </extensions>
                    </trkpt>
                    <trkpt lat="54.36566666666667" lon="10.143905">
                        <ele>0</ele>
                        <time>2022-08-18T14:57:39Z</time>
                                                <extensions>
                            <sog>0.1</sog>
<cog>289.8</cog>
                        </extensions>
                    </trkpt>
                    <trkpt lat="54.36566833333333" lon="10.14389">
                        <ele>0</ele>
                        <time>2022-08-18T14:57:49Z</time>
                                                <extensions>
                            <sog>0.2</sog>
<cog>284.9</cog>
                        </extensions>
                    </trkpt>
                    <trkpt lat="54.36567166666667" lon="10.143868333333334">
                        <ele>0</ele>
                        <time>2022-08-18T14:57:58Z</time>
                                                <extensions>
                            <sog>0.4</sog>
<cog>281.4</cog>
                        </extensions>
                    </trkpt>
                    <trkpt lat="54.36567333333333" lon="10.143833333333333">
                        <ele>0</ele>
                        <time>2022-08-18T14:58:09Z</time>
                                                <extensions>
                            <sog>0.5</sog>
<cog>278.2</cog>
                        </extensions>
                    </trkpt>
                    <trkpt lat="54.365678333333335" lon="10.143783333333333">
                        <ele>0</ele>
                        <time>2022-08-18T14:58:19Z</time>
                                                <extensions>
                            <sog>0.7</sog>
<cog>276.7</cog>
                        </extensions>
                    </trkpt>
                    <trkpt lat="54.36568333333333" lon="10.14372">
                        <ele>0</ele>
                        <time>2022-08-18T14:58:28Z</time>
                                                <extensions>
                            <sog>0.9</sog>
<cog>277.7</cog>
                        </extensions>
                    </trkpt>
                    <trkpt lat="54.365694999999995" lon="10.143645">
                        <ele>0</ele>
                        <time>2022-08-18T14:58:39Z</time>
                                                <extensions>
                            <sog>1.0</sog>
<cog>285.9</cog>
                        </extensions>
                    </trkpt>
                    <trkpt lat="54.36571" lon="10.143545">
                        <ele>0</ele>
                        <time>2022-08-18T14:58:49Z</time>
                                                <extensions>
                            <sog>1.2</sog>
<cog>285.6</cog>
                        </extensions>
                    </trkpt>
                    <trkpt lat="54.365725" lon="10.14345">
                        <ele>0</ele>
                        <time>2022-08-18T14:58:58Z</time>
                                                <extensions>
                            <sog>1.4</sog>
<cog>283.4</cog>
                        </extensions>
                    </trkpt>
                    <trkpt lat="54.36574333333333" lon="10.143336666666666">
                        <ele>0</ele>
                        <time>2022-08-18T14:59:09Z</time>
                                                <extensions>
                            <sog>1.5</sog>
<cog>284.8</cog>
                        </extensions>
                    </trkpt>
                    <trkpt lat="54.365763333333334" lon="10.143211666666668">
                        <ele>0</ele>
                        <time>2022-08-18T14:59:19Z</time>
                                                <extensions>
                            <sog>1.6</sog>
<cog>284.9</cog>
                        </extensions>
                    </trkpt>
                    <trkpt lat="54.365786666666665" lon="10.143075000000001">
                        <ele>0</ele>
                        <time>2022-08-18T14:59:28Z</time>
                                                <extensions>
                            <sog>1.8</sog>
<cog>284.8</cog>
                        </extensions>
                    </trkpt>
                    <trkpt lat="54.36581" lon="10.142921666666666">
                        <ele>0</ele>
                        <time>2022-08-18T14:59:38Z</time>
                                                <extensions>
                            <sog>2.0</sog>
<cog>286.0</cog>
                        </extensions>
                    </trkpt>
                    <trkpt lat="54.36584166666667" lon="10.142741666666666">
                        <ele>0</ele>
                        <time>2022-08-18T14:59:49Z</time>
                                                <extensions>
                            <sog>2.2</sog>
<cog>284.6</cog>
                        </extensions>
                    </trkpt>
                    <trkpt lat="54.36586666666667" lon="10.142583333333333">
                        <ele>0</ele>
                        <time>2022-08-18T14:59:59Z</time>
                                                <extensions>
                            <sog>2.3</sog>
<cog>285.2</cog>
                        </extensions>
                    </trkpt>
                    <trkpt lat="54.365898333333334" lon="10.142398333333334">
                        <ele>0</ele>
                        <time>2022-08-18T15:00:09Z</time>
                                                <extensions>
                            <sog>2.4</sog>
<cog>286.5</cog>
                        </extensions>
                    </trkpt>
                    <trkpt lat="54.365898333333334" lon="10.142398333333334">
                        <ele>0</ele>
                        <time>2022-08-18T15:00:09Z</time>
                                                <extensions>
                            <sog>2.4</sog>
<cog>286.5</cog>
                        </extensions>
                    </trkpt>
                    <trkpt lat="54.365930000000006" lon="10.142203333333333">
                        <ele>0</ele>
                        <time>2022-08-18T15:00:19Z</time>
                                                <extensions>
                            <sog>2.6</sog>
<cog>285.0</cog>
                        </extensions>
                    </trkpt>
                    <trkpt lat="54.365930000000006" lon="10.142203333333333">
                        <ele>0</ele>
                        <time>2022-08-18T15:00:19Z</time>
                                                <extensions>
                            <sog>2.6</sog>
<cog>285.0</cog>
                        </extensions>
                    </trkpt>
                    <trkpt lat="54.365964999999996" lon="10.142">
                        <ele>0</ele>
                        <time>2022-08-18T15:00:28Z</time>
                                                <extensions>
                            <sog>2.7</sog>
<cog>285.0</cog>
                        </extensions>
                    </trkpt>
                    <trkpt lat="54.365964999999996" lon="10.142">
                        <ele>0</ele>
                        <time>2022-08-18T15:00:28Z</time>
                                                <extensions>
                            <sog>2.7</sog>
<cog>285.0</cog>
                        </extensions>
                    </trkpt>
                    <trkpt lat="54.366" lon="10.141788333333333">
                        <ele>0</ele>
                        <time>2022-08-18T15:00:38Z</time>
                                                <extensions>
                            <sog>2.8</sog>
<cog>284.7</cog>
                        </extensions>
                    </trkpt>
                    <trkpt lat="54.366" lon="10.141788333333333">
                        <ele>0</ele>
                        <time>2022-08-18T15:00:38Z</time>
                                                <extensions>
                            <sog>2.8</sog>
<cog>284.7</cog>
                        </extensions>
                    </trkpt>
                    <trkpt lat="54.366038333333336" lon="10.141546666666667">
                        <ele>0</ele>
                        <time>2022-08-18T15:00:49Z</time>
                                                <extensions>
                            <sog>2.9</sog>
<cog>284.9</cog>
                        </extensions>
                    </trkpt>
                    <trkpt lat="54.366038333333336" lon="10.141546666666667">
                        <ele>0</ele>
                        <time>2022-08-18T15:00:49Z</time>
                                                <extensions>
                            <sog>2.9</sog>
<cog>284.9</cog>
                        </extensions>
                    </trkpt>
                    <trkpt lat="54.36607166666667" lon="10.141341666666667">
                        <ele>0</ele>
                        <time>2022-08-18T15:00:59Z</time>
                                                <extensions>
                            <sog>3.0</sog>
<cog>285.2</cog>
                        </extensions>
                    </trkpt>
                    <trkpt lat="54.36607166666667" lon="10.141341666666667">
                        <ele>0</ele>
                        <time>2022-08-18T15:00:59Z</time>
                                                <extensions>
                            <sog>3.0</sog>
<cog>285.2</cog>
                        </extensions>
                    </trkpt>
                    <trkpt lat="54.36610666666666" lon="10.141108333333333">
                        <ele>0</ele>
                        <time>2022-08-18T15:01:08Z</time>
                                                <extensions>
                            <sog>3.0</sog>
<cog>284.3</cog>
                        </extensions>
                    </trkpt>
                    <trkpt lat="54.366144999999996" lon="10.140873333333333">
                        <ele>0</ele>
                        <time>2022-08-18T15:01:19Z</time>
                                                <extensions>
                            <sog>3.0</sog>
<cog>284.4</cog>
                        </extensions>
                    </trkpt>
                    <trkpt lat="54.36618166666666" lon="10.14063">
                        <ele>0</ele>
                        <time>2022-08-18T15:01:28Z</time>
                                                <extensions>
                            <sog>3.2</sog>
<cog>285.0</cog>
                        </extensions>
                    </trkpt>
                    <trkpt lat="54.366218333333336" lon="10.140381666666666">
                        <ele>0</ele>
                        <time>2022-08-18T15:01:38Z</time>
                                                <extensions>
                            <sog>3.2</sog>
<cog>283.9</cog>
                        </extensions>
                    </trkpt>
                    <trkpt lat="54.366260000000004" lon="10.140101666666668">
                        <ele>0</ele>
                        <time>2022-08-18T15:01:49Z</time>
                                                <extensions>
                            <sog>3.3</sog>
<cog>283.9</cog>
                        </extensions>
                    </trkpt>
                    <trkpt lat="54.36629333333334" lon="10.139864999999999">
                        <ele>0</ele>
                        <time>2022-08-18T15:01:59Z</time>
                                                <extensions>
                            <sog>3.4</sog>
<cog>284.0</cog>
                        </extensions>
                    </trkpt>
                    <trkpt lat="54.36633333333334" lon="10.139593333333332">
                        <ele>0</ele>
                        <time>2022-08-18T15:02:08Z</time>
                                                <extensions>
                            <sog>3.6</sog>
<cog>283.1</cog>
                        </extensions>
                    </trkpt>
                    <trkpt lat="54.36637333333333" lon="10.139306666666666">
                        <ele>0</ele>
                        <time>2022-08-18T15:02:19Z</time>
                                                <extensions>
                            <sog>3.9</sog>
<cog>283.7</cog>
                        </extensions>
                    </trkpt>
                    <trkpt lat="54.36641833333333" lon="10.139000000000001">
                        <ele>0</ele>
                        <time>2022-08-18T15:02:28Z</time>
                                                <extensions>
                            <sog>4.0</sog>
<cog>284.2</cog>
                        </extensions>
                    </trkpt>
                    <trkpt lat="54.36647166666667" lon="10.138678333333333">
                        <ele>0</ele>
                        <time>2022-08-18T15:02:38Z</time>
                                                <extensions>
                            <sog>4.3</sog>
<cog>287.0</cog>
                        </extensions>
                    </trkpt>
                    <trkpt lat="54.366535" lon="10.138306666666667">
                        <ele>0</ele>
                        <time>2022-08-18T15:02:49Z</time>
                                                <extensions>
                            <sog>4.5</sog>
<cog>285.6</cog>
                        </extensions>
                    </trkpt>
                    <trkpt lat="54.36658833333333" lon="10.137986666666666">
                        <ele>0</ele>
                        <time>2022-08-18T15:02:59Z</time>
                                                <extensions>
                            <sog>4.8</sog>
<cog>286.0</cog>
                        </extensions>
                    </trkpt>
                    <trkpt lat="54.36665" lon="10.137608333333333">
                        <ele>0</ele>
                        <time>2022-08-18T15:03:08Z</time>
                                                <extensions>
                            <sog>5.1</sog>
<cog>285.8</cog>
                        </extensions>
                    </trkpt>
                    <trkpt lat="54.36671666666667" lon="10.137201666666666">
                        <ele>0</ele>
                        <time>2022-08-18T15:03:19Z</time>
                                                <extensions>
                            <sog>5.4</sog>
<cog>285.9</cog>
                        </extensions>
                    </trkpt>
                    <trkpt lat="54.36678666666667" lon="10.136766666666666">
                        <ele>0</ele>
                        <time>2022-08-18T15:03:29Z</time>
                                                <extensions>
                            <sog>5.8</sog>
<cog>285.2</cog>
                        </extensions>
                    </trkpt>
                    <trkpt lat="54.36684833333334" lon="10.136353333333334">
                        <ele>0</ele>
                        <time>2022-08-18T15:03:38Z</time>
                                                <extensions>
                            <sog>6.1</sog>
<cog>283.7</cog>
                        </extensions>
                    </trkpt>
                    <trkpt lat="54.36692166666667" lon="10.135819999999999">
                        <ele>0</ele>
                        <time>2022-08-18T15:03:49Z</time>
                                                <extensions>
                            <sog>6.3</sog>
<cog>282.4</cog>
                        </extensions>
                    </trkpt>
                    <trkpt lat="54.366985" lon="10.13532">
                        <ele>0</ele>
                        <time>2022-08-18T15:03:59Z</time>
                                                <extensions>
                            <sog>6.5</sog>
<cog>282.6</cog>
                        </extensions>
                    </trkpt>
                    <trkpt lat="54.367045" lon="10.134813333333334">
                        <ele>0</ele>
                        <time>2022-08-18T15:04:08Z</time>
                                                <extensions>
                            <sog>6.4</sog>
<cog>281.3</cog>
                        </extensions>
                    </trkpt>
                    <trkpt lat="54.36716" lon="10.133828333333334">
                        <ele>0</ele>
                        <time>2022-08-18T15:04:29Z</time>
                                                <extensions>
                            <sog>6.2</sog>
<cog>280.9</cog>
                        </extensions>
                    </trkpt>
                    <trkpt lat="54.36721" lon="10.133395">
                        <ele>0</ele>
                        <time>2022-08-18T15:04:38Z</time>
                                                <extensions>
                            <sog>6.1</sog>
<cog>281.4</cog>
                        </extensions>
                    </trkpt>
                    <trkpt lat="54.36727166666667" lon="10.132871666666666">
                        <ele>0</ele>
                        <time>2022-08-18T15:04:49Z</time>
                                                <extensions>
                            <sog>6.0</sog>
<cog>281.4</cog>
                        </extensions>
                    </trkpt>
                    <trkpt lat="54.36732333333334" lon="10.132399999999999">
                        <ele>0</ele>
                        <time>2022-08-18T15:04:59Z</time>
                                                <extensions>
                            <sog>6.0</sog>
<cog>280.8</cog>
                        </extensions>
                    </trkpt>
                    <trkpt lat="54.36737666666667" lon="10.131933333333334">
                        <ele>0</ele>
                        <time>2022-08-18T15:05:08Z</time>
                                                <extensions>
                            <sog>6.0</sog>
<cog>280.9</cog>
                        </extensions>
                    </trkpt>
                    <trkpt lat="54.36747666666667" lon="10.131">
                        <ele>0</ele>
                        <time>2022-08-18T15:05:29Z</time>
                                                <extensions>
                            <sog>6.1</sog>
<cog>281.2</cog>
                        </extensions>
                    </trkpt>
                    <trkpt lat="54.36752833333333" lon="10.130563333333333">
                        <ele>0</ele>
                        <time>2022-08-18T15:05:38Z</time>
                                                <extensions>
                            <sog>6.4</sog>
<cog>281.5</cog>
                        </extensions>
                    </trkpt>
                    <trkpt lat="54.367595" lon="10.130005">
                        <ele>0</ele>
                        <time>2022-08-18T15:05:49Z</time>
                                                <extensions>
                            <sog>6.6</sog>
<cog>282.5</cog>
                        </extensions>
                    </trkpt>
                    <trkpt lat="54.36766166666666" lon="10.129480000000001">
                        <ele>0</ele>
                        <time>2022-08-18T15:05:59Z</time>
                                                <extensions>
                            <sog>6.9</sog>
<cog>281.4</cog>
                        </extensions>
                    </trkpt>
                    <trkpt lat="54.367725" lon="10.128931666666666">
                        <ele>0</ele>
                        <time>2022-08-18T15:06:08Z</time>
                                                <extensions>
                            <sog>7.1</sog>
<cog>281.1</cog>
                        </extensions>
                    </trkpt>
                    <trkpt lat="54.367795" lon="10.128369999999999">
                        <ele>0</ele>
                        <time>2022-08-18T15:06:19Z</time>
                                                <extensions>
                            <sog>7.3</sog>
<cog>283.4</cog>
                        </extensions>
                    </trkpt>
                    <trkpt lat="54.367868333333334" lon="10.127793333333333">
                        <ele>0</ele>
                        <time>2022-08-18T15:06:29Z</time>
                                                <extensions>
                            <sog>7.5</sog>
<cog>281.5</cog>
                        </extensions>
                    </trkpt>
                    <trkpt lat="54.36802" lon="10.126596666666668">
                        <ele>0</ele>
                        <time>2022-08-18T15:06:49Z</time>
                                                <extensions>
                            <sog>7.8</sog>
<cog>282.8</cog>
                        </extensions>
                    </trkpt>
                    <trkpt lat="54.36811" lon="10.125984999999998">
                        <ele>0</ele>
                        <time>2022-08-18T15:06:59Z</time>
                                                <extensions>
                            <sog>8.0</sog>
<cog>285.0</cog>
                        </extensions>
                    </trkpt>
                    <trkpt lat="54.368203333333334" lon="10.125364999999999">
                        <ele>0</ele>
                        <time>2022-08-18T15:07:08Z</time>
                                                <extensions>
                            <sog>8.0</sog>
<cog>284.4</cog>
                        </extensions>
                    </trkpt>
                    <trkpt lat="54.368296666666666" lon="10.124736666666667">
                        <ele>0</ele>
                        <time>2022-08-18T15:07:18Z</time>
                                                <extensions>
                            <sog>8.2</sog>
<cog>283.4</cog>
                        </extensions>
                    </trkpt>
                    <trkpt lat="54.36837" lon="10.12416">
                        <ele>0</ele>
                        <time>2022-08-18T15:07:27Z</time>
                                                <extensions>
                            <sog>8.3</sog>
<cog>281.2</cog>
                        </extensions>
                    </trkpt>
                    <trkpt lat="54.368444999999994" lon="10.123508333333332">
                        <ele>0</ele>
                        <time>2022-08-18T15:07:38Z</time>
                                                <extensions>
                            <sog>8.3</sog>
<cog>282.0</cog>
                        </extensions>
                    </trkpt>
                    <trkpt lat="54.368538333333326" lon="10.122798333333332">
                        <ele>0</ele>
                        <time>2022-08-18T15:07:49Z</time>
                                                <extensions>
                            <sog>8.3</sog>
<cog>282.3</cog>
                        </extensions>
                    </trkpt>
                    <trkpt lat="54.36863" lon="10.122156666666665">
                        <ele>0</ele>
                        <time>2022-08-18T15:07:59Z</time>
                                                <extensions>
                            <sog>8.1</sog>
<cog>285.0</cog>
                        </extensions>
                    </trkpt>
                    <trkpt lat="54.36874" lon="10.121541666666667">
                        <ele>0</ele>
                        <time>2022-08-18T15:08:08Z</time>
                                                <extensions>
                            <sog>8.1</sog>
<cog>285.1</cog>
                        </extensions>
                    </trkpt>
                    <trkpt lat="54.36884333333333" lon="10.12092">
                        <ele>0</ele>
                        <time>2022-08-18T15:08:18Z</time>
                                                <extensions>
                            <sog>8.1</sog>
<cog>286.2</cog>
                        </extensions>
                    </trkpt>
                    <trkpt lat="54.36892833333333" lon="10.12036">
                        <ele>0</ele>
                        <time>2022-08-18T15:08:27Z</time>
                                                <extensions>
                            <sog>8.1</sog>
<cog>285.4</cog>
                        </extensions>
                    </trkpt>
                    <trkpt lat="54.36913166666667" lon="10.119123333333333">
                        <ele>0</ele>
                        <time>2022-08-18T15:08:48Z</time>
                                                <extensions>
                            <sog>8.0</sog>
<cog>286.1</cog>
                        </extensions>
                    </trkpt>
                    <trkpt lat="54.36924333333333" lon="10.118448333333333">
                        <ele>0</ele>
                        <time>2022-08-18T15:08:59Z</time>
                                                <extensions>
                            <sog>8.0</sog>
<cog>285.9</cog>
                        </extensions>
                    </trkpt>
                    <trkpt lat="54.36934333333333" lon="10.117833333333333">
                        <ele>0</ele>
                        <time>2022-08-18T15:09:08Z</time>
                                                <extensions>
                            <sog>8.0</sog>
<cog>285.0</cog>
                        </extensions>
                    </trkpt>
                    <trkpt lat="54.369440000000004" lon="10.11722">
                        <ele>0</ele>
                        <time>2022-08-18T15:09:18Z</time>
                                                <extensions>
                            <sog>8.0</sog>
<cog>285.5</cog>
                        </extensions>
                    </trkpt>
                    <trkpt lat="54.36953166666667" lon="10.116671666666667">
                        <ele>0</ele>
                        <time>2022-08-18T15:09:27Z</time>
                                                <extensions>
                            <sog>7.9</sog>
<cog>285.5</cog>
                        </extensions>
                    </trkpt>
                    <trkpt lat="54.36963166666667" lon="10.116060000000001">
                        <ele>0</ele>
                        <time>2022-08-18T15:09:38Z</time>
                                                <extensions>
                            <sog>7.9</sog>
<cog>285.3</cog>
                        </extensions>
                    </trkpt>
                    <trkpt lat="54.369735" lon="10.115453333333333">
                        <ele>0</ele>
                        <time>2022-08-18T15:09:48Z</time>
                                                <extensions>
                            <sog>8.0</sog>
<cog>286.4</cog>
                        </extensions>
                    </trkpt>
                    <trkpt lat="54.36985" lon="10.11479">
                        <ele>0</ele>
                        <time>2022-08-18T15:09:59Z</time>
                                                <extensions>
                            <sog>7.9</sog>
<cog>286.3</cog>
                        </extensions>
                    </trkpt>
                    <trkpt lat="54.369955" lon="10.114184999999999">
                        <ele>0</ele>
                        <time>2022-08-18T15:10:08Z</time>
                                                <extensions>
                            <sog>7.9</sog>
<cog>285.7</cog>
                        </extensions>
                    </trkpt>
                    <trkpt lat="54.37005333333333" lon="10.113578333333333">
                        <ele>0</ele>
                        <time>2022-08-18T15:10:18Z</time>
                                                <extensions>
                            <sog>7.9</sog>
<cog>285.9</cog>
                        </extensions>
                    </trkpt>
                    <trkpt lat="54.370145" lon="10.113033333333334">
                        <ele>0</ele>
                        <time>2022-08-18T15:10:27Z</time>
                                                <extensions>
                            <sog>7.9</sog>
<cog>285.7</cog>
                        </extensions>
                    </trkpt>
                    <trkpt lat="54.370255" lon="10.112368333333334">
                        <ele>0</ele>
                        <time>2022-08-18T15:10:38Z</time>
                                                <extensions>
                            <sog>7.9</sog>
<cog>285.8</cog>
                        </extensions>
                    </trkpt>
                    <trkpt lat="54.370345" lon="10.111823333333332">
                        <ele>0</ele>
                        <time>2022-08-18T15:10:48Z</time>
                                                <extensions>
                            <sog>7.9</sog>
<cog>285.9</cog>
                        </extensions>
                    </trkpt>
                    <trkpt lat="54.37045833333333" lon="10.111163333333334">
                        <ele>0</ele>
                        <time>2022-08-18T15:10:59Z</time>
                                                <extensions>
                            <sog>7.8</sog>
<cog>286.4</cog>
                        </extensions>
                    </trkpt>
                    <trkpt lat="54.370556666666666" lon="10.110565000000001">
                        <ele>0</ele>
                        <time>2022-08-18T15:11:08Z</time>
                                                <extensions>
                            <sog>7.8</sog>
<cog>285.6</cog>
                        </extensions>
                    </trkpt>
                    <trkpt lat="54.370734999999996" lon="10.109421666666666">
                        <ele>0</ele>
                        <time>2022-08-18T15:11:27Z</time>
                                                <extensions>
                            <sog>7.8</sog>
<cog>284.4</cog>
                        </extensions>
                    </trkpt>
                    <trkpt lat="54.37083666666667" lon="10.108755">
                        <ele>0</ele>
                        <time>2022-08-18T15:11:38Z</time>
                                                <extensions>
                            <sog>7.9</sog>
<cog>284.3</cog>
                        </extensions>
                    </trkpt>
                    <trkpt lat="54.370915" lon="10.108203333333334">
                        <ele>0</ele>
                        <time>2022-08-18T15:11:48Z</time>
                                                <extensions>
                            <sog>8.0</sog>
<cog>283.1</cog>
                        </extensions>
                    </trkpt>
                    <trkpt lat="54.37100833333333" lon="10.107528333333333">
                        <ele>0</ele>
                        <time>2022-08-18T15:11:58Z</time>
                                                <extensions>
                            <sog>8.0</sog>
<cog>284.2</cog>
                        </extensions>
                    </trkpt>
                    <trkpt lat="54.371095" lon="10.106914999999999">
                        <ele>0</ele>
                        <time>2022-08-18T15:12:08Z</time>
                                                <extensions>
                            <sog>8.0</sog>
<cog>283.3</cog>
                        </extensions>
                    </trkpt>
                    <trkpt lat="54.371179999999995" lon="10.106296666666667">
                        <ele>0</ele>
                        <time>2022-08-18T15:12:18Z</time>
                                                <extensions>
                            <sog>8.0</sog>
<cog>283.3</cog>
                        </extensions>
                    </trkpt>
                    <trkpt lat="54.371251666666666" lon="10.105735000000001">
                        <ele>0</ele>
                        <time>2022-08-18T15:12:27Z</time>
                                                <extensions>
                            <sog>8.0</sog>
<cog>282.5</cog>
                        </extensions>
                    </trkpt>
                    <trkpt lat="54.371341666666666" lon="10.105048333333334">
                        <ele>0</ele>
                        <time>2022-08-18T15:12:38Z</time>
                                                <extensions>
                            <sog>8.0</sog>
<cog>282.2</cog>
                        </extensions>
                    </trkpt>
                    <trkpt lat="54.37141666666666" lon="10.104485">
                        <ele>0</ele>
                        <time>2022-08-18T15:12:48Z</time>
                                                <extensions>
                            <sog>8.1</sog>
<cog>283.1</cog>
                        </extensions>
                    </trkpt>
                    <trkpt lat="54.37150666666666" lon="10.103795">
                        <ele>0</ele>
                        <time>2022-08-18T15:12:58Z</time>
                                                <extensions>
                            <sog>8.1</sog>
<cog>282.1</cog>
                        </extensions>
                    </trkpt>
                    <trkpt lat="54.371588333333335" lon="10.103164999999999">
                        <ele>0</ele>
                        <time>2022-08-18T15:13:08Z</time>
                                                <extensions>
                            <sog>8.0</sog>
<cog>282.0</cog>
                        </extensions>
                    </trkpt>
                    <trkpt lat="54.37172333333333" lon="10.101985">
                        <ele>0</ele>
                        <time>2022-08-18T15:13:27Z</time>
                                                <extensions>
                            <sog>7.8</sog>
<cog>280.0</cog>
                        </extensions>
                    </trkpt>
                    <trkpt lat="54.371790000000004" lon="10.101308333333332">
                        <ele>0</ele>
                        <time>2022-08-18T15:13:38Z</time>
                                                <extensions>
                            <sog>7.8</sog>
<cog>279.3</cog>
                        </extensions>
                    </trkpt>
                    <trkpt lat="54.371838333333336" lon="10.100761666666667">
                        <ele>0</ele>
                        <time>2022-08-18T15:13:48Z</time>
                                                <extensions>
                            <sog>7.6</sog>
<cog>278.3</cog>
                        </extensions>
                    </trkpt>
                    <trkpt lat="54.37189333333333" lon="10.100106666666667">
                        <ele>0</ele>
                        <time>2022-08-18T15:13:58Z</time>
                                                <extensions>
                            <sog>7.5</sog>
<cog>277.3</cog>
                        </extensions>
                    </trkpt>
                    <trkpt lat="54.37193666666667" lon="10.099461666666667">
                        <ele>0</ele>
                        <time>2022-08-18T15:14:09Z</time>
                                                <extensions>
                            <sog>7.4</sog>
<cog>276.0</cog>
                        </extensions>
                    </trkpt>
                    <trkpt lat="54.371965" lon="10.098944999999999">
                        <ele>0</ele>
                        <time>2022-08-18T15:14:18Z</time>
                                                <extensions>
                            <sog>7.2</sog>
<cog>274.5</cog>
                        </extensions>
                    </trkpt>
                    <trkpt lat="54.37198333333333" lon="10.098548333333333">
                        <ele>0</ele>
                        <time>2022-08-18T15:14:25Z</time>
                                                <extensions>
                            <sog>7.1</sog>
<cog>274.1</cog>
                        </extensions>
                    </trkpt>
                    <trkpt lat="54.371988333333334" lon="10.098379999999999">
                        <ele>0</ele>
                        <time>2022-08-18T15:14:28Z</time>
                                                <extensions>
                            <sog>7.1</sog>
<cog>273.4</cog>
                        </extensions>
                    </trkpt>
                    <trkpt lat="54.37199333333333" lon="10.098211666666666">
                        <ele>0</ele>
                        <time>2022-08-18T15:14:32Z</time>
                                                <extensions>
                            <sog>7.0</sog>
<cog>272.7</cog>
                        </extensions>
                    </trkpt>
                    <trkpt lat="54.37199833333333" lon="10.097990000000001">
                        <ele>0</ele>
                        <time>2022-08-18T15:14:35Z</time>
                                                <extensions>
                            <sog>7.0</sog>
<cog>271.1</cog>
                        </extensions>
                    </trkpt>
                    <trkpt lat="54.372" lon="10.09777">
                        <ele>0</ele>
                        <time>2022-08-18T15:14:39Z</time>
                                                <extensions>
                            <sog>6.9</sog>
<cog>270.5</cog>
                        </extensions>
                    </trkpt>
                    <trkpt lat="54.372" lon="10.097606666666668">
                        <ele>0</ele>
                        <time>2022-08-18T15:14:42Z</time>
                                                <extensions>
                            <sog>6.8</sog>
<cog>270.1</cog>
                        </extensions>
                    </trkpt>
                    <trkpt lat="54.37199833333333" lon="10.097441666666667">
                        <ele>0</ele>
                        <time>2022-08-18T15:14:45Z</time>
                                                <extensions>
                            <sog>6.8</sog>
<cog>269.0</cog>
                        </extensions>
                    </trkpt>
                    <trkpt lat="54.37199666666667" lon="10.097333333333333">
                        <ele>0</ele>
                        <time>2022-08-18T15:14:48Z</time>
                                                <extensions>
                            <sog>6.8</sog>
<cog>268.5</cog>
                        </extensions>
                    </trkpt>
                    <trkpt lat="54.371991666666666" lon="10.097118333333333">
                        <ele>0</ele>
                        <time>2022-08-18T15:14:52Z</time>
                                                <extensions>
                            <sog>6.8</sog>
<cog>266.8</cog>
                        </extensions>
                    </trkpt>
                    <trkpt lat="54.37198333333333" lon="10.096906666666666">
                        <ele>0</ele>
                        <time>2022-08-18T15:14:55Z</time>
                                                <extensions>
                            <sog>6.7</sog>
<cog>265.7</cog>
                        </extensions>
                    </trkpt>
                    <trkpt lat="54.37197666666667" lon="10.096748333333332">
                        <ele>0</ele>
                        <time>2022-08-18T15:14:58Z</time>
                                                <extensions>
                            <sog>6.7</sog>
<cog>265.6</cog>
                        </extensions>
                    </trkpt>
                    <trkpt lat="54.371968333333335" lon="10.096589999999999">
                        <ele>0</ele>
                        <time>2022-08-18T15:15:02Z</time>
                                                <extensions>
                            <sog>6.6</sog>
<cog>264.5</cog>
                        </extensions>
                    </trkpt>
                    <trkpt lat="54.371941666666665" lon="10.096171666666667">
                        <ele>0</ele>
                        <time>2022-08-18T15:15:09Z</time>
                                                <extensions>
                            <sog>6.6</sog>
<cog>263.4</cog>
                        </extensions>
                    </trkpt>
                    <trkpt lat="54.37191166666666" lon="10.095706666666667">
                        <ele>0</ele>
                        <time>2022-08-18T15:15:18Z</time>
                                                <extensions>
                            <sog>6.5</sog>
<cog>263.9</cog>
                        </extensions>
                    </trkpt>
                    <trkpt lat="54.37187666666667" lon="10.09519">
                        <ele>0</ele>
                        <time>2022-08-18T15:15:28Z</time>
                                                <extensions>
                            <sog>6.5</sog>
<cog>263.7</cog>
                        </extensions>
                    </trkpt>
                    <trkpt lat="54.371838333333336" lon="10.094621666666665">
                        <ele>0</ele>
                        <time>2022-08-18T15:15:39Z</time>
                                                <extensions>
                            <sog>6.6</sog>
<cog>263.0</cog>
                        </extensions>
                    </trkpt>
                    <trkpt lat="54.371719999999996" lon="10.093065">
                        <ele>0</ele>
                        <time>2022-08-18T15:16:09Z</time>
                                                <extensions>
                            <sog>6.5</sog>
<cog>262.0</cog>
                        </extensions>
                    </trkpt>
                    <trkpt lat="54.371635" lon="10.09207">
                        <ele>0</ele>
                        <time>2022-08-18T15:16:28Z</time>
                                                <extensions>
                            <sog>6.7</sog>
<cog>261.0</cog>
                        </extensions>
                    </trkpt>
                    <trkpt lat="54.37142166666667" lon="10.089916666666666">
                        <ele>0</ele>
                        <time>2022-08-18T15:17:09Z</time>
                                                <extensions>
                            <sog>6.7</sog>
<cog>259.7</cog>
                        </extensions>
                    </trkpt>
                    <trkpt lat="54.37066166666667" lon="10.085101666666667">
                        <ele>0</ele>
                        <time>2022-08-18T15:18:49Z</time>
                                                <extensions>
                            <sog>5.7</sog>
<cog>249.3</cog>
                        </extensions>
                    </trkpt>
                    <trkpt lat="54.37009166666667" lon="10.082678333333332">
                        <ele>0</ele>
                        <time>2022-08-18T15:19:49Z</time>
                                                <extensions>
                            <sog>5.2</sog>
<cog>247.5</cog>
                        </extensions>
                    </trkpt>
                    <trkpt lat="54.37000833333333" lon="10.082335">
                        <ele>0</ele>
                        <time>2022-08-18T15:19:58Z</time>
                                                <extensions>
                            <sog>5.2</sog>
<cog>247.4</cog>
                        </extensions>
                    </trkpt>
                    <trkpt lat="54.36991" lon="10.081921666666666">
                        <ele>0</ele>
                        <time>2022-08-18T15:20:09Z</time>
                                                <extensions>
                            <sog>5.0</sog>
<cog>247.8</cog>
                        </extensions>
                    </trkpt>
                    <trkpt lat="54.369841666666666" lon="10.081626666666667">
                        <ele>0</ele>
                        <time>2022-08-18T15:20:18Z</time>
                                                <extensions>
                            <sog>4.9</sog>
<cog>247.6</cog>
                        </extensions>
                    </trkpt>
                    <trkpt lat="54.369755000000005" lon="10.081266666666666">
                        <ele>0</ele>
                        <time>2022-08-18T15:20:28Z</time>
                                                <extensions>
                            <sog>4.8</sog>
<cog>247.6</cog>
                        </extensions>
                    </trkpt>
                    <trkpt lat="54.36934" lon="10.079878333333333">
                        <ele>0</ele>
                        <time>2022-08-18T15:21:09Z</time>
                                                <extensions>
                            <sog>4.7</sog>
<cog>238.7</cog>
                        </extensions>
                    </trkpt>
                    <trkpt lat="54.368993333333336" lon="10.078933333333334">
                        <ele>0</ele>
                        <time>2022-08-18T15:21:39Z</time>
                                                <extensions>
                            <sog>4.6</sog>
<cog>236.7</cog>
                        </extensions>
                    </trkpt>
                    <trkpt lat="54.36852" lon="10.077756666666666">
                        <ele>0</ele>
                        <time>2022-08-18T15:22:18Z</time>
                                                <extensions>
                            <sog>4.8</sog>
<cog>234.4</cog>
                        </extensions>
                    </trkpt>
                    <trkpt lat="54.36823666666667" lon="10.077093333333332">
                        <ele>0</ele>
                        <time>2022-08-18T15:22:39Z</time>
                                                <extensions>
                            <sog>4.4</sog>
<cog>234.3</cog>
                        </extensions>
                    </trkpt>
                    <trkpt lat="54.36799833333334" lon="10.076493333333334">
                        <ele>0</ele>
                        <time>2022-08-18T15:22:58Z</time>
                                                <extensions>
                            <sog>4.8</sog>
<cog>233.9</cog>
                        </extensions>
                    </trkpt>
                    <trkpt lat="54.367738333333335" lon="10.075856666666665">
                        <ele>0</ele>
                        <time>2022-08-18T15:23:18Z</time>
                                                <extensions>
                            <sog>4.7</sog>
<cog>234.4</cog>
                        </extensions>
                    </trkpt>
                    <trkpt lat="54.36709166666667" lon="10.074368333333332">
                        <ele>0</ele>
                        <time>2022-08-18T15:24:09Z</time>
                                                <extensions>
                            <sog>4.3</sog>
<cog>233.4</cog>
                        </extensions>
                    </trkpt>
                    <trkpt lat="54.36687333333334" lon="10.073843333333334">
                        <ele>0</ele>
                        <time>2022-08-18T15:24:29Z</time>
                                                <extensions>
                            <sog>4.2</sog>
<cog>234.8</cog>
                        </extensions>
                    </trkpt>
                    <trkpt lat="54.36674666666667" lon="10.073546666666665">
                        <ele>0</ele>
                        <time>2022-08-18T15:24:39Z</time>
                                                <extensions>
                            <sog>4.2</sog>
<cog>233.6</cog>
                        </extensions>
                    </trkpt>
                    <trkpt lat="54.36663" lon="10.073283333333334">
                        <ele>0</ele>
                        <time>2022-08-18T15:24:49Z</time>
                                                <extensions>
                            <sog>4.1</sog>
<cog>232.4</cog>
                        </extensions>
                    </trkpt>
                    <trkpt lat="54.366525" lon="10.073056666666668">
                        <ele>0</ele>
                        <time>2022-08-18T15:24:58Z</time>
                                                <extensions>
                            <sog>4.1</sog>
<cog>229.5</cog>
                        </extensions>
                    </trkpt>
                    <trkpt lat="54.366395000000004" lon="10.072788333333333">
                        <ele>0</ele>
                        <time>2022-08-18T15:25:09Z</time>
                                                <extensions>
                            <sog>3.9</sog>
<cog>229.9</cog>
                        </extensions>
                    </trkpt>
                    <trkpt lat="54.366285" lon="10.072576666666667">
                        <ele>0</ele>
                        <time>2022-08-18T15:25:18Z</time>
                                                <extensions>
                            <sog>3.9</sog>
<cog>228.2</cog>
                        </extensions>
                    </trkpt>
                    <trkpt lat="54.36616333333333" lon="10.072345">
                        <ele>0</ele>
                        <time>2022-08-18T15:25:29Z</time>
                                                <extensions>
                            <sog>3.9</sog>
<cog>227.9</cog>
                        </extensions>
                    </trkpt>
                    <trkpt lat="54.366031666666665" lon="10.072091666666667">
                        <ele>0</ele>
                        <time>2022-08-18T15:25:39Z</time>
                                                <extensions>
                            <sog>3.8</sog>
<cog>227.8</cog>
                        </extensions>
                    </trkpt>
                    <trkpt lat="54.365916666666664" lon="10.071865">
                        <ele>0</ele>
                        <time>2022-08-18T15:25:49Z</time>
                                                <extensions>
                            <sog>3.8</sog>
<cog>229.3</cog>
                        </extensions>
                    </trkpt>
                    <trkpt lat="54.365811666666666" lon="10.071661666666667">
                        <ele>0</ele>
                        <time>2022-08-18T15:25:58Z</time>
                                                <extensions>
                            <sog>3.8</sog>
<cog>227.9</cog>
                        </extensions>
                    </trkpt>
                    <trkpt lat="54.365685" lon="10.071416666666666">
                        <ele>0</ele>
                        <time>2022-08-18T15:26:09Z</time>
                                                <extensions>
                            <sog>3.7</sog>
<cog>228.0</cog>
                        </extensions>
                    </trkpt>
                    <trkpt lat="54.36558333333333" lon="10.071221666666666">
                        <ele>0</ele>
                        <time>2022-08-18T15:26:18Z</time>
                                                <extensions>
                            <sog>3.6</sog>
<cog>229.1</cog>
                        </extensions>
                    </trkpt>
                    <trkpt lat="54.36547333333333" lon="10.071008333333333">
                        <ele>0</ele>
                        <time>2022-08-18T15:26:29Z</time>
                                                <extensions>
                            <sog>3.5</sog>
<cog>227.9</cog>
                        </extensions>
                    </trkpt>
                    <trkpt lat="54.36535166666667" lon="10.070775">
                        <ele>0</ele>
                        <time>2022-08-18T15:26:39Z</time>
                                                <extensions>
                            <sog>3.5</sog>
<cog>229.1</cog>
                        </extensions>
                    </trkpt>
                    <trkpt lat="54.36524166666666" lon="10.070564999999998">
                        <ele>0</ele>
                        <time>2022-08-18T15:26:49Z</time>
                                                <extensions>
                            <sog>3.5</sog>
<cog>227.8</cog>
                        </extensions>
                    </trkpt>
                    <trkpt lat="54.36502666666667" lon="10.070158333333334">
                        <ele>0</ele>
                        <time>2022-08-18T15:27:09Z</time>
                                                <extensions>
                            <sog>3.4</sog>
<cog>228.0</cog>
                        </extensions>
                    </trkpt>
                    <trkpt lat="54.364943333333336" lon="10.07">
                        <ele>0</ele>
                        <time>2022-08-18T15:27:17Z</time>
                                                <extensions>
                            <sog>3.3</sog>
<cog>228.5</cog>
                        </extensions>
                    </trkpt>
                    <trkpt lat="54.364625000000004" lon="10.069394999999998">
                        <ele>0</ele>
                        <time>2022-08-18T15:27:49Z</time>
                                                <extensions>
                            <sog>3.0</sog>
<cog>228.6</cog>
                        </extensions>
                    </trkpt>
                    <trkpt lat="54.364435" lon="10.06904">
                        <ele>0</ele>
                        <time>2022-08-18T15:28:09Z</time>
                                                <extensions>
                            <sog>2.9</sog>
<cog>227.1</cog>
                        </extensions>
                    </trkpt>
                    <trkpt lat="54.364090000000004" lon="10.068401666666666">
                        <ele>0</ele>
                        <time>2022-08-18T15:28:48Z</time>
                                                <extensions>
                            <sog>2.7</sog>
<cog>226.3</cog>
                        </extensions>
                    </trkpt>
                    <trkpt lat="54.364005" lon="10.068248333333335">
                        <ele>0</ele>
                        <time>2022-08-18T15:28:58Z</time>
                                                <extensions>
                            <sog>2.6</sog>
<cog>226.6</cog>
                        </extensions>
                    </trkpt>
                    <trkpt lat="54.363913333333336" lon="10.068088333333332">
                        <ele>0</ele>
                        <time>2022-08-18T15:29:09Z</time>
                                                <extensions>
                            <sog>2.5</sog>
<cog>226.1</cog>
                        </extensions>
                    </trkpt>
                    <trkpt lat="54.363688333333336" lon="10.067668333333334">
                        <ele>0</ele>
                        <time>2022-08-18T15:29:38Z</time>
                                                <extensions>
                            <sog>2.4</sog>
<cog>227.8</cog>
                        </extensions>
                    </trkpt>
                    <trkpt lat="54.363550000000004" lon="10.067391666666667">
                        <ele>0</ele>
                        <time>2022-08-18T15:29:58Z</time>
                                                <extensions>
                            <sog>2.2</sog>
<cog>230.5</cog>
                        </extensions>
                    </trkpt>
                    <trkpt lat="54.36336166666667" lon="10.067013333333334">
                        <ele>0</ele>
                        <time>2022-08-18T15:30:28Z</time>
                                                <extensions>
                            <sog>2.0</sog>
<cog>230.0</cog>
                        </extensions>
                    </trkpt>
                    <trkpt lat="54.36329333333333" lon="10.066878333333333">
                        <ele>0</ele>
                        <time>2022-08-18T15:30:38Z</time>
                                                <extensions>
                            <sog>2.0</sog>
<cog>228.2</cog>
                        </extensions>
                    </trkpt>
                    <trkpt lat="54.36311333333333" lon="10.066550000000001">
                        <ele>0</ele>
                        <time>2022-08-18T15:31:09Z</time>
                                                <extensions>
                            <sog>1.6</sog>
<cog>224.2</cog>
                        </extensions>
                    </trkpt>
                    <trkpt lat="54.363063333333336" lon="10.066463333333333">
                        <ele>0</ele>
                        <time>2022-08-18T15:31:17Z</time>
                                                <extensions>
                            <sog>1.7</sog>
<cog>224.1</cog>
                        </extensions>
                    </trkpt>
                    <trkpt lat="54.36286" lon="10.066131666666667">
                        <ele>0</ele>
                        <time>2022-08-18T15:31:58Z</time>
                                                <extensions>
                            <sog>1.3</sog>
<cog>222.7</cog>
                        </extensions>
                    </trkpt>
                    <trkpt lat="54.36281666666666" lon="10.066065">
                        <ele>0</ele>
                        <time>2022-08-18T15:32:09Z</time>
                                                <extensions>
                            <sog>1.2</sog>
<cog>221.6</cog>
                        </extensions>
                    </trkpt>
                    <trkpt lat="54.36277833333334" lon="10.06601">
                        <ele>0</ele>
                        <time>2022-08-18T15:32:17Z</time>
                                                <extensions>
                            <sog>1.1</sog>
<cog>222.1</cog>
                        </extensions>
                    </trkpt>
                    <trkpt lat="54.36274" lon="10.065951666666667">
                        <ele>0</ele>
                        <time>2022-08-18T15:32:28Z</time>
                                                <extensions>
                            <sog>1.0</sog>
<cog>220.9</cog>
                        </extensions>
                    </trkpt>
                    <trkpt lat="54.36266833333333" lon="10.065848333333333">
                        <ele>0</ele>
                        <time>2022-08-18T15:32:48Z</time>
                                                <extensions>
                            <sog>0.9</sog>
<cog>218.4</cog>
                        </extensions>
                    </trkpt>
                    <trkpt lat="54.362635" lon="10.065798333333333">
                        <ele>0</ele>
                        <time>2022-08-18T15:32:59Z</time>
                                                <extensions>
                            <sog>0.9</sog>
<cog>221.7</cog>
                        </extensions>
                    </trkpt>
                    <trkpt lat="54.362610000000004" lon="10.065755">
                        <ele>0</ele>
                        <time>2022-08-18T15:33:09Z</time>
                                                <extensions>
                            <sog>0.8</sog>
<cog>228.4</cog>
                        </extensions>
                    </trkpt>
                    <trkpt lat="54.362581666666664" lon="10.065713333333333">
                        <ele>0</ele>
                        <time>2022-08-18T15:33:17Z</time>
                                                <extensions>
                            <sog>0.8</sog>
<cog>218.1</cog>
                        </extensions>
                    </trkpt>
                    <trkpt lat="54.362541666666665" lon="10.065676666666667">
                        <ele>0</ele>
                        <time>2022-08-18T15:33:28Z</time>
                                                <extensions>
                            <sog>0.9</sog>
<cog>198.6</cog>
                        </extensions>
                    </trkpt>
                    <trkpt lat="54.36250166666667" lon="10.065660000000001">
                        <ele>0</ele>
                        <time>2022-08-18T15:33:38Z</time>
                                                <extensions>
                            <sog>0.7</sog>
<cog>190.9</cog>
                        </extensions>
                    </trkpt>
                    <trkpt lat="54.36246833333333" lon="10.065655">
                        <ele>0</ele>
                        <time>2022-08-18T15:33:48Z</time>
                                                <extensions>
                            <sog>0.6</sog>
<cog>186.3</cog>
                        </extensions>
                    </trkpt>
                    <trkpt lat="54.36244" lon="10.06565">
                        <ele>0</ele>
                        <time>2022-08-18T15:33:59Z</time>
                                                <extensions>
                            <sog>0.5</sog>
<cog>187.0</cog>
                        </extensions>
                    </trkpt>
                    <trkpt lat="54.36241833333334" lon="10.065648333333334">
                        <ele>0</ele>
                        <time>2022-08-18T15:34:09Z</time>
                                                <extensions>
                            <sog>0.5</sog>
<cog>184.8</cog>
                        </extensions>
                    </trkpt>
                    <trkpt lat="54.36237666666667" lon="10.065643333333332">
                        <ele>0</ele>
                        <time>2022-08-18T15:34:28Z</time>
                                                <extensions>
                            <sog>0.4</sog>
<cog>183.0</cog>
                        </extensions>
                    </trkpt>
                    <trkpt lat="54.36235833333333" lon="10.065638333333334">
                        <ele>0</ele>
                        <time>2022-08-18T15:34:38Z</time>
                                                <extensions>
                            <sog>0.4</sog>
<cog>189.3</cog>
                        </extensions>
                    </trkpt>
                    <trkpt lat="54.36233" lon="10.06561">
                        <ele>0</ele>
                        <time>2022-08-18T15:34:59Z</time>
                                                <extensions>
                            <sog>0.3</sog>
<cog>222.5</cog>
                        </extensions>
                    </trkpt>
                    <trkpt lat="54.36232" lon="10.065595">
                        <ele>0</ele>
                        <time>2022-08-18T15:35:09Z</time>
                                                <extensions>
                            <sog>0.3</sog>
<cog>227.5</cog>
                        </extensions>
                    </trkpt>
                    <trkpt lat="54.36230833333333" lon="10.065570000000001">
                        <ele>0</ele>
                        <time>2022-08-18T15:35:19Z</time>
                                                <extensions>
                            <sog>0.4</sog>
<cog>225.6</cog>
                        </extensions>
                    </trkpt>
                    <trkpt lat="54.36229166666667" lon="10.065544999999998">
                        <ele>0</ele>
                        <time>2022-08-18T15:35:28Z</time>
                                                <extensions>
                            <sog>0.4</sog>
<cog>228.5</cog>
                        </extensions>
                    </trkpt>
                    <trkpt lat="54.36227333333333" lon="10.065516666666667">
                        <ele>0</ele>
                        <time>2022-08-18T15:35:38Z</time>
                                                <extensions>
                            <sog>0.5</sog>
<cog>219.5</cog>
                        </extensions>
                    </trkpt>
                    <trkpt lat="54.362226666666665" lon="10.065446666666666">
                        <ele>0</ele>
                        <time>2022-08-18T15:35:59Z</time>
                                                <extensions>
                            <sog>0.6</sog>
<cog>226.6</cog>
                        </extensions>
                    </trkpt>
                    <trkpt lat="54.362205" lon="10.065415">
                        <ele>0</ele>
                        <time>2022-08-18T15:36:09Z</time>
                                                <extensions>
                            <sog>0.6</sog>
<cog>218.5</cog>
                        </extensions>
                    </trkpt>
                    <trkpt lat="54.362155" lon="10.065339999999999">
                        <ele>0</ele>
                        <time>2022-08-18T15:36:28Z</time>
                                                <extensions>
                            <sog>0.7</sog>
<cog>222.8</cog>
                        </extensions>
                    </trkpt>
                    <trkpt lat="54.36213166666666" lon="10.065301666666667">
                        <ele>0</ele>
                        <time>2022-08-18T15:36:38Z</time>
                                                <extensions>
                            <sog>0.6</sog>
<cog>224.2</cog>
                        </extensions>
                    </trkpt>
                    <trkpt lat="54.36211333333333" lon="10.065263333333332">
                        <ele>0</ele>
                        <time>2022-08-18T15:36:48Z</time>
                                                <extensions>
                            <sog>0.6</sog>
<cog>235.7</cog>
                        </extensions>
                    </trkpt>
                    <trkpt lat="54.36208666666666" lon="10.06519">
                        <ele>0</ele>
                        <time>2022-08-18T15:37:09Z</time>
                                                <extensions>
                            <sog>0.4</sog>
<cog>241.9</cog>
                        </extensions>
                    </trkpt>
                    <trkpt lat="54.36207666666667" lon="10.065158333333333">
                        <ele>0</ele>
                        <time>2022-08-18T15:37:19Z</time>
                                                <extensions>
                            <sog>0.4</sog>
<cog>240.8</cog>
                        </extensions>
                    </trkpt>
                    <trkpt lat="54.36206833333333" lon="10.065128333333332">
                        <ele>0</ele>
                        <time>2022-08-18T15:37:28Z</time>
                                                <extensions>
                            <sog>0.4</sog>
<cog>244.4</cog>
                        </extensions>
                    </trkpt>
                    <trkpt lat="54.36199333333333" lon="10.064818333333333">
                        <ele>0</ele>
                        <time>2022-08-18T15:38:28Z</time>
                                                <extensions>
                            <sog>1.3</sog>
<cog>252.0</cog>
                        </extensions>
                    </trkpt>
                    <trkpt lat="54.361975" lon="10.064725000000001">
                        <ele>0</ele>
                        <time>2022-08-18T15:38:38Z</time>
                                                <extensions>
                            <sog>1.4</sog>
<cog>248.1</cog>
                        </extensions>
                    </trkpt>
                    <trkpt lat="54.361943333333336" lon="10.064598333333333">
                        <ele>0</ele>
                        <time>2022-08-18T15:38:48Z</time>
                                                <extensions>
                            <sog>1.6</sog>
<cog>246.2</cog>
                        </extensions>
                    </trkpt>
                    <trkpt lat="54.361913333333334" lon="10.064476666666668">
                        <ele>0</ele>
                        <time>2022-08-18T15:38:59Z</time>
                                                <extensions>
                            <sog>1.6</sog>
<cog>246.4</cog>
                        </extensions>
                    </trkpt>
                    <trkpt lat="54.36188166666667" lon="10.064353333333335">
                        <ele>0</ele>
                        <time>2022-08-18T15:39:09Z</time>
                                                <extensions>
                            <sog>1.7</sog>
<cog>245.7</cog>
                        </extensions>
                    </trkpt>
                    <trkpt lat="54.361848333333334" lon="10.064223333333333">
                        <ele>0</ele>
                        <time>2022-08-18T15:39:19Z</time>
                                                <extensions>
                            <sog>1.8</sog>
<cog>246.1</cog>
                        </extensions>
                    </trkpt>
                    <trkpt lat="54.36177833333333" lon="10.06396">
                        <ele>0</ele>
                        <time>2022-08-18T15:39:38Z</time>
                                                <extensions>
                            <sog>2.1</sog>
<cog>246.8</cog>
                        </extensions>
                    </trkpt>
                    <trkpt lat="54.361729999999994" lon="10.063761666666666">
                        <ele>0</ele>
                        <time>2022-08-18T15:39:49Z</time>
                                                <extensions>
                            <sog>2.4</sog>
<cog>245.6</cog>
                        </extensions>
                    </trkpt>
                    <trkpt lat="54.36154333333333" lon="10.063233333333333">
                        <ele>0</ele>
                        <time>2022-08-18T15:40:19Z</time>
                                                <extensions>
                            <sog>2.7</sog>
<cog>240.4</cog>
                        </extensions>
                    </trkpt>
                    <trkpt lat="54.361425000000004" lon="10.062858333333333">
                        <ele>0</ele>
                        <time>2022-08-18T15:40:38Z</time>
                                                <extensions>
                            <sog>2.9</sog>
<cog>242.5</cog>
                        </extensions>
                    </trkpt>
                    <trkpt lat="54.361110000000004" lon="10.0618">
                        <ele>0</ele>
                        <time>2022-08-18T15:41:28Z</time>
                                                <extensions>
                            <sog>3.1</sog>
<cog>243.8</cog>
                        </extensions>
                    </trkpt>
                    <trkpt lat="54.361043333333335" lon="10.061576666666667">
                        <ele>0</ele>
                        <time>2022-08-18T15:41:38Z</time>
                                                <extensions>
                            <sog>3.2</sog>
<cog>243.7</cog>
                        </extensions>
                    </trkpt>
                    <trkpt lat="54.360965" lon="10.061305">
                        <ele>0</ele>
                        <time>2022-08-18T15:41:49Z</time>
                                                <extensions>
                            <sog>3.2</sog>
<cog>243.4</cog>
                        </extensions>
                    </trkpt>
                    <trkpt lat="54.36084166666667" lon="10.060861666666666">
                        <ele>0</ele>
                        <time>2022-08-18T15:42:09Z</time>
                                                <extensions>
                            <sog>3.3</sog>
<cog>244.5</cog>
                        </extensions>
                    </trkpt>
                    <trkpt lat="54.360715" lon="10.060406666666667">
                        <ele>0</ele>
                        <time>2022-08-18T15:42:28Z</time>
                                                <extensions>
                            <sog>3.4</sog>
<cog>244.2</cog>
                        </extensions>
                    </trkpt>
                    <trkpt lat="54.360645" lon="10.060163333333332">
                        <ele>0</ele>
                        <time>2022-08-18T15:42:38Z</time>
                                                <extensions>
                            <sog>3.4</sog>
<cog>243.1</cog>
                        </extensions>
                    </trkpt>
                    <trkpt lat="54.36055833333333" lon="10.059868333333332">
                        <ele>0</ele>
                        <time>2022-08-18T15:42:49Z</time>
                                                <extensions>
                            <sog>3.4</sog>
<cog>243.6</cog>
                        </extensions>
                    </trkpt>
                    <trkpt lat="54.360425" lon="10.059395">
                        <ele>0</ele>
                        <time>2022-08-18T15:43:09Z</time>
                                                <extensions>
                            <sog>3.5</sog>
<cog>243.7</cog>
                        </extensions>
                    </trkpt>
                    <trkpt lat="54.360155" lon="10.058328333333332">
                        <ele>0</ele>
                        <time>2022-08-18T15:43:49Z</time>
                                                <extensions>
                            <sog>3.6</sog>
<cog>249.7</cog>
                        </extensions>
                    </trkpt>
                    <trkpt lat="54.359775" lon="10.055423333333332">
                        <ele>0</ele>
                        <time>2022-08-18T15:45:29Z</time>
                                                <extensions>
                            <sog>4.7</sog>
<cog>261.5</cog>
                        </extensions>
                    </trkpt>
                    <trkpt lat="54.35969" lon="10.054251666666666">
                        <ele>0</ele>
                        <time>2022-08-18T15:45:57Z</time>
                                                <extensions>
                            <sog>5.5</sog>
<cog>263.7</cog>
                        </extensions>
                    </trkpt>
                    <trkpt lat="54.35964666666666" lon="10.053343333333334">
                        <ele>0</ele>
                        <time>2022-08-18T15:46:18Z</time>
                                                <extensions>
                            <sog>5.9</sog>
<cog>266.6</cog>
                        </extensions>
                    </trkpt>
                    <trkpt lat="54.35963" lon="10.05282">
                        <ele>0</ele>
                        <time>2022-08-18T15:46:29Z</time>
                                                <extensions>
                            <sog>6.1</sog>
<cog>267.1</cog>
                        </extensions>
                    </trkpt>
                    <trkpt lat="54.35961666666667" lon="10.052330000000001">
                        <ele>0</ele>
                        <time>2022-08-18T15:46:38Z</time>
                                                <extensions>
                            <sog>6.2</sog>
<cog>267.1</cog>
                        </extensions>
                    </trkpt>
                    <trkpt lat="54.359605" lon="10.05178">
                        <ele>0</ele>
                        <time>2022-08-18T15:46:49Z</time>
                                                <extensions>
                            <sog>6.3</sog>
<cog>268.1</cog>
                        </extensions>
                    </trkpt>
                    <trkpt lat="54.359595" lon="10.051268333333333">
                        <ele>0</ele>
                        <time>2022-08-18T15:46:59Z</time>
                                                <extensions>
                            <sog>6.5</sog>
<cog>268.5</cog>
                        </extensions>
                    </trkpt>
                    <trkpt lat="54.359585" lon="10.049740000000002">
                        <ele>0</ele>
                        <time>2022-08-18T15:47:29Z</time>
                                                <extensions>
                            <sog>6.7</sog>
<cog>270.9</cog>
                        </extensions>
                    </trkpt>
                    <trkpt lat="54.35962166666666" lon="10.048035">
                        <ele>0</ele>
                        <time>2022-08-18T15:47:59Z</time>
                                                <extensions>
                            <sog>7.1</sog>
<cog>273.7</cog>
                        </extensions>
                    </trkpt>
                    <trkpt lat="54.35970333333333" lon="10.046381666666667">
                        <ele>0</ele>
                        <time>2022-08-18T15:48:29Z</time>
                                                <extensions>
                            <sog>7.3</sog>
<cog>275.8</cog>
                        </extensions>
                    </trkpt>
                    <trkpt lat="54.359746666666666" lon="10.045753333333332">
                        <ele>0</ele>
                        <time>2022-08-18T15:48:39Z</time>
                                                <extensions>
                            <sog>7.2</sog>
<cog>277.4</cog>
                        </extensions>
                    </trkpt>
                    <trkpt lat="54.35989666666667" lon="10.044051666666666">
                        <ele>0</ele>
                        <time>2022-08-18T15:49:09Z</time>
                                                <extensions>
                            <sog>7.2</sog>
<cog>282.0</cog>
                        </extensions>
                    </trkpt>
                    <trkpt lat="54.359950000000005" lon="10.043596666666668">
                        <ele>0</ele>
                        <time>2022-08-18T15:49:18Z</time>
                                                <extensions>
                            <sog>7.3</sog>
<cog>280.0</cog>
                        </extensions>
                    </trkpt>
                    <trkpt lat="54.36002" lon="10.042959999999999">
                        <ele>0</ele>
                        <time>2022-08-18T15:49:29Z</time>
                                                <extensions>
                            <sog>7.5</sog>
<cog>282.0</cog>
                        </extensions>
                    </trkpt>
                    <trkpt lat="54.360170000000004" lon="10.04174">
                        <ele>0</ele>
                        <time>2022-08-18T15:49:49Z</time>
                                                <extensions>
                            <sog>7.5</sog>
<cog>283.9</cog>
                        </extensions>
                    </trkpt>
                    <trkpt lat="54.36024" lon="10.04116">
                        <ele>0</ele>
                        <time>2022-08-18T15:49:59Z</time>
                                                <extensions>
                            <sog>7.5</sog>
<cog>279.3</cog>
                        </extensions>
                    </trkpt>
                    <trkpt lat="54.36029833333334" lon="10.040573333333333">
                        <ele>0</ele>
                        <time>2022-08-18T15:50:09Z</time>
                                                <extensions>
                            <sog>7.5</sog>
<cog>279.5</cog>
                        </extensions>
                    </trkpt>
                    <trkpt lat="54.3604" lon="10.039445">
                        <ele>0</ele>
                        <time>2022-08-18T15:50:29Z</time>
                                                <extensions>
                            <sog>7.6</sog>
<cog>279.5</cog>
                        </extensions>
                    </trkpt>
                    <trkpt lat="54.360463333333335" lon="10.038784999999999">
                        <ele>0</ele>
                        <time>2022-08-18T15:50:39Z</time>
                                                <extensions>
                            <sog>7.7</sog>
<cog>279.5</cog>
                        </extensions>
                    </trkpt>
                    <trkpt lat="54.360519999999994" lon="10.038174999999999">
                        <ele>0</ele>
                        <time>2022-08-18T15:50:49Z</time>
                                                <extensions>
                            <sog>7.8</sog>
<cog>278.5</cog>
                        </extensions>
                    </trkpt>
                    <trkpt lat="54.36060166666667" lon="10.036991666666667">
                        <ele>0</ele>
                        <time>2022-08-18T15:51:09Z</time>
                                                <extensions>
                            <sog>7.9</sog>
<cog>275.4</cog>
                        </extensions>
                    </trkpt>
                    <trkpt lat="54.360728333333334" lon="10.034553333333333">
                        <ele>0</ele>
                        <time>2022-08-18T15:51:47Z</time>
                                                <extensions>
                            <sog>7.8</sog>
<cog>273.8</cog>
                        </extensions>
                    </trkpt>
                    <trkpt lat="54.36075" lon="10.033801666666667">
                        <ele>0</ele>
                        <time>2022-08-18T15:51:59Z</time>
                                                <extensions>
                            <sog>7.9</sog>
<cog>272.8</cog>
                        </extensions>
                    </trkpt>
                    <trkpt lat="54.36076333333333" lon="10.033238333333333">
                        <ele>0</ele>
                        <time>2022-08-18T15:52:09Z</time>
                                                <extensions>
                            <sog>7.9</sog>
<cog>271.1</cog>
                        </extensions>
                    </trkpt>
                    <trkpt lat="54.360771666666665" lon="10.032611666666666">
                        <ele>0</ele>
                        <time>2022-08-18T15:52:18Z</time>
                                                <extensions>
                            <sog>7.9</sog>
<cog>270.9</cog>
                        </extensions>
                    </trkpt>
                    <trkpt lat="54.36060833333333" lon="10.02885">
                        <ele>0</ele>
                        <time>2022-08-18T15:53:18Z</time>
                                                <extensions>
                            <sog>8.0</sog>
<cog>263.5</cog>
                        </extensions>
                    </trkpt>
                    <trkpt lat="54.36047166666666" lon="10.027008333333333">
                        <ele>0</ele>
                        <time>2022-08-18T15:53:47Z</time>
                                                <extensions>
                            <sog>8.1</sog>
<cog>261.4</cog>
                        </extensions>
                    </trkpt>
                    <trkpt lat="54.36027166666667" lon="10.025051666666666">
                        <ele>0</ele>
                        <time>2022-08-18T15:54:18Z</time>
                                                <extensions>
                            <sog>8.0</sog>
<cog>258.3</cog>
                        </extensions>
                    </trkpt>
                    <trkpt lat="54.36020499999999" lon="10.024495">
                        <ele>0</ele>
                        <time>2022-08-18T15:54:28Z</time>
                                                <extensions>
                            <sog>7.9</sog>
<cog>257.7</cog>
                        </extensions>
                    </trkpt>
                    <trkpt lat="54.35995666666667" lon="10.022594999999999">
                        <ele>0</ele>
                        <time>2022-08-18T15:54:59Z</time>
                                                <extensions>
                            <sog>7.8</sog>
<cog>256.0</cog>
                        </extensions>
                    </trkpt>
                    <trkpt lat="54.35986666666667" lon="10.021989999999999">
                        <ele>0</ele>
                        <time>2022-08-18T15:55:09Z</time>
                                                <extensions>
                            <sog>7.8</sog>
<cog>255.2</cog>
                        </extensions>
                    </trkpt>
                    <trkpt lat="54.359768333333335" lon="10.021386666666666">
                        <ele>0</ele>
                        <time>2022-08-18T15:55:18Z</time>
                                                <extensions>
                            <sog>7.9</sog>
<cog>254.0</cog>
                        </extensions>
                    </trkpt>
                    <trkpt lat="54.35967333333333" lon="10.020848333333333">
                        <ele>0</ele>
                        <time>2022-08-18T15:55:28Z</time>
                                                <extensions>
                            <sog>7.8</sog>
<cog>251.7</cog>
                        </extensions>
                    </trkpt>
                    <trkpt lat="54.359435" lon="10.019668333333334">
                        <ele>0</ele>
                        <time>2022-08-18T15:55:47Z</time>
                                                <extensions>
                            <sog>7.8</sog>
<cog>250.1</cog>
                        </extensions>
                    </trkpt>
                    <trkpt lat="54.35930166666667" lon="10.019021666666667">
                        <ele>0</ele>
                        <time>2022-08-18T15:55:59Z</time>
                                                <extensions>
                            <sog>7.8</sog>
<cog>249.7</cog>
                        </extensions>
                    </trkpt>
                    <trkpt lat="54.35917833333333" lon="10.018435">
                        <ele>0</ele>
                        <time>2022-08-18T15:56:09Z</time>
                                                <extensions>
                            <sog>7.9</sog>
<cog>250.1</cog>
                        </extensions>
                    </trkpt>
                    <trkpt lat="54.35904166666667" lon="10.017858333333333">
                        <ele>0</ele>
                        <time>2022-08-18T15:56:18Z</time>
                                                <extensions>
                            <sog>7.8</sog>
<cog>246.9</cog>
                        </extensions>
                    </trkpt>
                    <trkpt lat="54.35891166666667" lon="10.017348333333333">
                        <ele>0</ele>
                        <time>2022-08-18T15:56:28Z</time>
                                                <extensions>
                            <sog>7.8</sog>
<cog>245.1</cog>
                        </extensions>
                    </trkpt>
                    <trkpt lat="54.358738333333335" lon="10.016736666666667">
                        <ele>0</ele>
                        <time>2022-08-18T15:56:39Z</time>
                                                <extensions>
                            <sog>7.8</sog>
<cog>244.8</cog>
                        </extensions>
                    </trkpt>
                    <trkpt lat="54.35858833333334" lon="10.01618">
                        <ele>0</ele>
                        <time>2022-08-18T15:56:48Z</time>
                                                <extensions>
                            <sog>7.7</sog>
<cog>245.4</cog>
                        </extensions>
                    </trkpt>
                    <trkpt lat="54.358441666666664" lon="10.01562">
                        <ele>0</ele>
                        <time>2022-08-18T15:56:59Z</time>
                                                <extensions>
                            <sog>7.7</sog>
<cog>244.8</cog>
                        </extensions>
                    </trkpt>
                    <trkpt lat="54.35828166666667" lon="10.015068333333334">
                        <ele>0</ele>
                        <time>2022-08-18T15:57:09Z</time>
                                                <extensions>
                            <sog>7.8</sog>
<cog>244.8</cog>
                        </extensions>
                    </trkpt>
                    <trkpt lat="54.35810333333333" lon="10.014463333333333">
                        <ele>0</ele>
                        <time>2022-08-18T15:57:19Z</time>
                                                <extensions>
                            <sog>7.8</sog>
<cog>240.4</cog>
                        </extensions>
                    </trkpt>
                    <trkpt lat="54.357965" lon="10.014026666666666">
                        <ele>0</ele>
                        <time>2022-08-18T15:57:28Z</time>
                                                <extensions>
                            <sog>7.9</sog>
<cog>243.2</cog>
                        </extensions>
                    </trkpt>
                    <trkpt lat="54.357775" lon="10.01342">
                        <ele>0</ele>
                        <time>2022-08-18T15:57:39Z</time>
                                                <extensions>
                            <sog>7.9</sog>
<cog>240.9</cog>
                        </extensions>
                    </trkpt>
                    <trkpt lat="54.357591666666664" lon="10.01287">
                        <ele>0</ele>
                        <time>2022-08-18T15:57:48Z</time>
                                                <extensions>
                            <sog>8.0</sog>
<cog>240.1</cog>
                        </extensions>
                    </trkpt>
                    <trkpt lat="54.35740833333333" lon="10.012319999999999">
                        <ele>0</ele>
                        <time>2022-08-18T15:57:59Z</time>
                                                <extensions>
                            <sog>8.0</sog>
<cog>238.8</cog>
                        </extensions>
                    </trkpt>
                    <trkpt lat="54.35719666666667" lon="10.011725">
                        <ele>0</ele>
                        <time>2022-08-18T15:58:09Z</time>
                                                <extensions>
                            <sog>7.9</sog>
<cog>238.6</cog>
                        </extensions>
                    </trkpt>
                    <trkpt lat="54.35662333333333" lon="10.010205000000001">
                        <ele>0</ele>
                        <time>2022-08-18T15:58:39Z</time>
                                                <extensions>
                            <sog>7.8</sog>
<cog>236.4</cog>
                        </extensions>
                    </trkpt>
                    <trkpt lat="54.35641333333333" lon="10.009694999999999">
                        <ele>0</ele>
                        <time>2022-08-18T15:58:48Z</time>
                                                <extensions>
                            <sog>7.8</sog>
<cog>233.5</cog>
                        </extensions>
                    </trkpt>
                    <trkpt lat="54.35619666666666" lon="10.009195">
                        <ele>0</ele>
                        <time>2022-08-18T15:58:59Z</time>
                                                <extensions>
                            <sog>7.9</sog>
<cog>233.6</cog>
                        </extensions>
                    </trkpt>
                    <trkpt lat="54.355959999999996" lon="10.008641666666668">
                        <ele>0</ele>
                        <time>2022-08-18T15:59:09Z</time>
                                                <extensions>
                            <sog>7.8</sog>
<cog>233.4</cog>
                        </extensions>
                    </trkpt>
                    <trkpt lat="54.355736666666665" lon="10.00815">
                        <ele>0</ele>
                        <time>2022-08-18T15:59:19Z</time>
                                                <extensions>
                            <sog>7.8</sog>
<cog>231.7</cog>
                        </extensions>
                    </trkpt>
                    <trkpt lat="54.355556666666665" lon="10.007753333333334">
                        <ele>0</ele>
                        <time>2022-08-18T15:59:27Z</time>
                                                <extensions>
                            <sog>7.9</sog>
<cog>231.3</cog>
                        </extensions>
                    </trkpt>
                    <trkpt lat="54.35529333333333" lon="10.00723">
                        <ele>0</ele>
                        <time>2022-08-18T15:59:39Z</time>
                                                <extensions>
                            <sog>7.9</sog>
<cog>228.8</cog>
                        </extensions>
                    </trkpt>
                    <trkpt lat="54.35505166666667" lon="10.006756666666666">
                        <ele>0</ele>
                        <time>2022-08-18T15:59:48Z</time>
                                                <extensions>
                            <sog>7.9</sog>
<cog>228.4</cog>
                        </extensions>
                    </trkpt>
                    <trkpt lat="54.35481166666667" lon="10.006283333333332">
                        <ele>0</ele>
                        <time>2022-08-18T15:59:59Z</time>
                                                <extensions>
                            <sog>7.8</sog>
<cog>229.6</cog>
                        </extensions>
                    </trkpt>
                    <trkpt lat="54.354548333333334" lon="10.005766666666666">
                        <ele>0</ele>
                        <time>2022-08-18T16:00:09Z</time>
                                                <extensions>
                            <sog>7.8</sog>
<cog>228.3</cog>
                        </extensions>
                    </trkpt>
                    <trkpt lat="54.354548333333334" lon="10.005766666666666">
                        <ele>0</ele>
                        <time>2022-08-18T16:00:09Z</time>
                                                <extensions>
                            <sog>7.8</sog>
<cog>228.3</cog>
                        </extensions>
                    </trkpt>
                    <trkpt lat="54.354306666666666" lon="10.005303333333334">
                        <ele>0</ele>
                        <time>2022-08-18T16:00:19Z</time>
                                                <extensions>
                            <sog>7.8</sog>
<cog>227.3</cog>
                        </extensions>
                    </trkpt>
                    <trkpt lat="54.354306666666666" lon="10.005303333333334">
                        <ele>0</ele>
                        <time>2022-08-18T16:00:19Z</time>
                                                <extensions>
                            <sog>7.8</sog>
<cog>227.3</cog>
                        </extensions>
                    </trkpt>
                    <trkpt lat="54.35411166666667" lon="10.004931666666666">
                        <ele>0</ele>
                        <time>2022-08-18T16:00:27Z</time>
                                                <extensions>
                            <sog>7.9</sog>
<cog>228.6</cog>
                        </extensions>
                    </trkpt>
                    <trkpt lat="54.35411166666667" lon="10.004931666666666">
                        <ele>0</ele>
                        <time>2022-08-18T16:00:27Z</time>
                                                <extensions>
                            <sog>7.9</sog>
<cog>228.6</cog>
                        </extensions>
                    </trkpt>
                    <trkpt lat="54.35387" lon="10.004463333333332">
                        <ele>0</ele>
                        <time>2022-08-18T16:00:37Z</time>
                                                <extensions>
                            <sog>7.9</sog>
<cog>228.2</cog>
                        </extensions>
                    </trkpt>
                    <trkpt lat="54.35387" lon="10.004463333333332">
                        <ele>0</ele>
                        <time>2022-08-18T16:00:37Z</time>
                                                <extensions>
                            <sog>7.9</sog>
<cog>228.2</cog>
                        </extensions>
                    </trkpt>
                    <trkpt lat="54.35360333333333" lon="10.00395">
                        <ele>0</ele>
                        <time>2022-08-18T16:00:48Z</time>
                                                <extensions>
                            <sog>7.8</sog>
<cog>228.3</cog>
                        </extensions>
                    </trkpt>
                    <trkpt lat="54.35360333333333" lon="10.00395">
                        <ele>0</ele>
                        <time>2022-08-18T16:00:48Z</time>
                                                <extensions>
                            <sog>7.8</sog>
<cog>228.3</cog>
                        </extensions>
                    </trkpt>
                    <trkpt lat="54.353361666666665" lon="10.003483333333332">
                        <ele>0</ele>
                        <time>2022-08-18T16:00:59Z</time>
                                                <extensions>
                            <sog>7.8</sog>
<cog>228.2</cog>
                        </extensions>
                    </trkpt>
                    <trkpt lat="54.353361666666665" lon="10.003483333333332">
                        <ele>0</ele>
                        <time>2022-08-18T16:00:59Z</time>
                                                <extensions>
                            <sog>7.8</sog>
<cog>228.2</cog>
                        </extensions>
                    </trkpt>
                    <trkpt lat="54.353098333333335" lon="10.002975">
                        <ele>0</ele>
                        <time>2022-08-18T16:01:09Z</time>
                                                <extensions>
                            <sog>7.8</sog>
<cog>228.5</cog>
                        </extensions>
                    </trkpt>
                    <trkpt lat="54.35285666666667" lon="10.002518333333335">
                        <ele>0</ele>
                        <time>2022-08-18T16:01:19Z</time>
                                                <extensions>
                            <sog>7.7</sog>
<cog>228.2</cog>
                        </extensions>
                    </trkpt>
                    <trkpt lat="54.35266333333333" lon="10.002154999999998">
                        <ele>0</ele>
                        <time>2022-08-18T16:01:27Z</time>
                                                <extensions>
                            <sog>7.7</sog>
<cog>226.9</cog>
                        </extensions>
                    </trkpt>
                    <trkpt lat="54.35241833333334" lon="10.001708333333333">
                        <ele>0</ele>
                        <time>2022-08-18T16:01:37Z</time>
                                                <extensions>
                            <sog>7.6</sog>
<cog>227.1</cog>
                        </extensions>
                    </trkpt>
                    <trkpt lat="54.35214833333334" lon="10.001223333333334">
                        <ele>0</ele>
                        <time>2022-08-18T16:01:48Z</time>
                                                <extensions>
                            <sog>7.7</sog>
<cog>226.1</cog>
                        </extensions>
                    </trkpt>
                    <trkpt lat="54.35190333333333" lon="10.000778333333333">
                        <ele>0</ele>
                        <time>2022-08-18T16:01:58Z</time>
                                                <extensions>
                            <sog>7.6</sog>
<cog>226.9</cog>
                        </extensions>
                    </trkpt>
                    <trkpt lat="54.35095166666667" lon="9.999053333333334">
                        <ele>0</ele>
                        <time>2022-08-18T16:02:37Z</time>
                                                <extensions>
                            <sog>7.6</sog>
<cog>226.7</cog>
                        </extensions>
                    </trkpt>
                    <trkpt lat="54.35071333333334" lon="9.998606666666666">
                        <ele>0</ele>
                        <time>2022-08-18T16:02:48Z</time>
                                                <extensions>
                            <sog>7.6</sog>
<cog>228.3</cog>
                        </extensions>
                    </trkpt>
                    <trkpt lat="54.350451666666665" lon="9.99811">
                        <ele>0</ele>
                        <time>2022-08-18T16:02:58Z</time>
                                                <extensions>
                            <sog>7.7</sog>
<cog>228.1</cog>
                        </extensions>
                    </trkpt>
                    <trkpt lat="54.349985" lon="9.997193333333334">
                        <ele>0</ele>
                        <time>2022-08-18T16:03:19Z</time>
                                                <extensions>
                            <sog>7.6</sog>
<cog>229.9</cog>
                        </extensions>
                    </trkpt>
                    <trkpt lat="54.34858666666666" lon="9.994443333333333">
                        <ele>0</ele>
                        <time>2022-08-18T16:04:19Z</time>
                                                <extensions>
                            <sog>7.5</sog>
<cog>230.9</cog>
                        </extensions>
                    </trkpt>
                    <trkpt lat="54.34838833333333" lon="9.994024999999999">
                        <ele>0</ele>
                        <time>2022-08-18T16:04:27Z</time>
                                                <extensions>
                            <sog>7.5</sog>
<cog>230.3</cog>
                        </extensions>
                    </trkpt>
                    <trkpt lat="54.348173333333335" lon="9.993556666666667">
                        <ele>0</ele>
                        <time>2022-08-18T16:04:37Z</time>
                                                <extensions>
                            <sog>7.5</sog>
<cog>232.3</cog>
                        </extensions>
                    </trkpt>
                    <trkpt lat="54.34751166666667" lon="9.992051666666667">
                        <ele>0</ele>
                        <time>2022-08-18T16:05:09Z</time>
                                                <extensions>
                            <sog>7.4</sog>
<cog>234.1</cog>
                        </extensions>
                    </trkpt>
                    <trkpt lat="54.34733000000001" lon="9.991628333333333">
                        <ele>0</ele>
                        <time>2022-08-18T16:05:19Z</time>
                                                <extensions>
                            <sog>7.3</sog>
<cog>233.8</cog>
                        </extensions>
                    </trkpt>
                    <trkpt lat="54.346965" lon="9.990731666666667">
                        <ele>0</ele>
                        <time>2022-08-18T16:05:38Z</time>
                                                <extensions>
                            <sog>7.1</sog>
<cog>236.4</cog>
                        </extensions>
                    </trkpt>
                    <trkpt lat="54.346785" lon="9.990263333333333">
                        <ele>0</ele>
                        <time>2022-08-18T16:05:48Z</time>
                                                <extensions>
                            <sog>7.0</sog>
<cog>236.6</cog>
                        </extensions>
                    </trkpt>
                    <trkpt lat="54.34627666666667" lon="9.988825">
                        <ele>0</ele>
                        <time>2022-08-18T16:06:19Z</time>
                                                <extensions>
                            <sog>6.6</sog>
<cog>241.2</cog>
                        </extensions>
                    </trkpt>
                    <trkpt lat="54.34523" lon="9.985176666666666">
                        <ele>0</ele>
                        <time>2022-08-18T16:07:38Z</time>
                                                <extensions>
                            <sog>6.2</sog>
<cog>245.6</cog>
                        </extensions>
                    </trkpt>
                    <trkpt lat="54.34511" lon="9.984735">
                        <ele>0</ele>
                        <time>2022-08-18T16:07:48Z</time>
                                                <extensions>
                            <sog>6.1</sog>
<cog>245.0</cog>
                        </extensions>
                    </trkpt>
                    <trkpt lat="54.34457333333333" lon="9.98253">
                        <ele>0</ele>
                        <time>2022-08-18T16:08:38Z</time>
                                                <extensions>
                            <sog>5.9</sog>
<cog>249.7</cog>
                        </extensions>
                    </trkpt>
                    <trkpt lat="54.344075" lon="9.980136666666668">
                        <ele>0</ele>
                        <time>2022-08-18T16:09:29Z</time>
                                                <extensions>
                            <sog>6.3</sog>
<cog>251.3</cog>
                        </extensions>
                    </trkpt>
                    <trkpt lat="54.343894999999996" lon="9.97923">
                        <ele>0</ele>
                        <time>2022-08-18T16:09:48Z</time>
                                                <extensions>
                            <sog>6.4</sog>
<cog>251.8</cog>
                        </extensions>
                    </trkpt>
                    <trkpt lat="54.34363166666667" lon="9.977741666666667">
                        <ele>0</ele>
                        <time>2022-08-18T16:10:18Z</time>
                                                <extensions>
                            <sog>6.7</sog>
<cog>254.7</cog>
                        </extensions>
                    </trkpt>
                    <trkpt lat="54.343155" lon="9.973278333333333">
                        <ele>0</ele>
                        <time>2022-08-18T16:11:39Z</time>
                                                <extensions>
                            <sog>7.5</sog>
<cog>263.4</cog>
                        </extensions>
                    </trkpt>
                    <trkpt lat="54.342906666666664" lon="9.970168333333334">
                        <ele>0</ele>
                        <time>2022-08-18T16:12:29Z</time>
                                                <extensions>
                            <sog>8.2</sog>
<cog>262.2</cog>
                        </extensions>
                    </trkpt>
                    <trkpt lat="54.34285" lon="9.969518333333333">
                        <ele>0</ele>
                        <time>2022-08-18T16:12:39Z</time>
                                                <extensions>
                            <sog>8.3</sog>
<cog>261.2</cog>
                        </extensions>
                    </trkpt>
                    <trkpt lat="54.342798333333334" lon="9.968925">
                        <ele>0</ele>
                        <time>2022-08-18T16:12:48Z</time>
                                                <extensions>
                            <sog>8.5</sog>
<cog>261.9</cog>
                        </extensions>
                    </trkpt>
                    <trkpt lat="54.34263833333333" lon="9.966901666666667">
                        <ele>0</ele>
                        <time>2022-08-18T16:13:18Z</time>
                                                <extensions>
                            <sog>8.7</sog>
<cog>262.5</cog>
                        </extensions>
                    </trkpt>
                    <trkpt lat="54.342459999999996" lon="9.964785000000001">
                        <ele>0</ele>
                        <time>2022-08-18T16:13:49Z</time>
                                                <extensions>
                            <sog>8.7</sog>
<cog>262.1</cog>
                        </extensions>
                    </trkpt>
                    <trkpt lat="54.34240833333333" lon="9.964166666666667">
                        <ele>0</ele>
                        <time>2022-08-18T16:13:58Z</time>
                                                <extensions>
                            <sog>8.8</sog>
<cog>261.7</cog>
                        </extensions>
                    </trkpt>
                    <trkpt lat="54.34235833333333" lon="9.963543333333332">
                        <ele>0</ele>
                        <time>2022-08-18T16:14:07Z</time>
                                                <extensions>
                            <sog>8.8</sog>
<cog>262.3</cog>
                        </extensions>
                    </trkpt>
                    <trkpt lat="54.342295" lon="9.962778333333334">
                        <ele>0</ele>
                        <time>2022-08-18T16:14:18Z</time>
                                                <extensions>
                            <sog>8.8</sog>
<cog>262.3</cog>
                        </extensions>
                    </trkpt>
                    <trkpt lat="54.34223166666666" lon="9.962006666666667">
                        <ele>0</ele>
                        <time>2022-08-18T16:14:29Z</time>
                                                <extensions>
                            <sog>9.0</sog>
<cog>261.8</cog>
                        </extensions>
                    </trkpt>
                    <trkpt lat="54.342108333333336" lon="9.960593333333332">
                        <ele>0</ele>
                        <time>2022-08-18T16:14:49Z</time>
                                                <extensions>
                            <sog>9.0</sog>
<cog>261.4</cog>
                        </extensions>
                    </trkpt>
                    <trkpt lat="54.34205166666666" lon="9.959953333333335">
                        <ele>0</ele>
                        <time>2022-08-18T16:14:58Z</time>
                                                <extensions>
                            <sog>9.1</sog>
<cog>261.4</cog>
                        </extensions>
                    </trkpt>
                    <trkpt lat="54.341993333333335" lon="9.959311666666668">
                        <ele>0</ele>
                        <time>2022-08-18T16:15:07Z</time>
                                                <extensions>
                            <sog>9.1</sog>
<cog>261.2</cog>
                        </extensions>
                    </trkpt>
                    <trkpt lat="54.341495" lon="9.95435">
                        <ele>0</ele>
                        <time>2022-08-18T16:16:18Z</time>
                                                <extensions>
                            <sog>8.9</sog>
<cog>260.8</cog>
                        </extensions>
                    </trkpt>
                    <trkpt lat="54.341424999999994" lon="9.953579999999999">
                        <ele>0</ele>
                        <time>2022-08-18T16:16:29Z</time>
                                                <extensions>
                            <sog>8.9</sog>
<cog>261.8</cog>
                        </extensions>
                    </trkpt>
                    <trkpt lat="54.34131" lon="9.952181666666666">
                        <ele>0</ele>
                        <time>2022-08-18T16:16:49Z</time>
                                                <extensions>
                            <sog>8.9</sog>
<cog>261.9</cog>
                        </extensions>
                    </trkpt>
                    <trkpt lat="54.34126333333334" lon="9.951628333333334">
                        <ele>0</ele>
                        <time>2022-08-18T16:16:58Z</time>
                                                <extensions>
                            <sog>8.8</sog>
<cog>261.9</cog>
                        </extensions>
                    </trkpt>
                    <trkpt lat="54.34120333333333" lon="9.950938333333333">
                        <ele>0</ele>
                        <time>2022-08-18T16:17:07Z</time>
                                                <extensions>
                            <sog>8.8</sog>
<cog>260.8</cog>
                        </extensions>
                    </trkpt>
                    <trkpt lat="54.34113166666667" lon="9.950185000000001">
                        <ele>0</ele>
                        <time>2022-08-18T16:17:18Z</time>
                                                <extensions>
                            <sog>8.7</sog>
<cog>261.0</cog>
                        </extensions>
                    </trkpt>
                    <trkpt lat="54.34106666666666" lon="9.949436666666665">
                        <ele>0</ele>
                        <time>2022-08-18T16:17:29Z</time>
                                                <extensions>
                            <sog>8.7</sog>
<cog>261.2</cog>
                        </extensions>
                    </trkpt>
                    <trkpt lat="54.34101333333333" lon="9.94883">
                        <ele>0</ele>
                        <time>2022-08-18T16:17:38Z</time>
                                                <extensions>
                            <sog>8.6</sog>
<cog>261.6</cog>
                        </extensions>
                    </trkpt>
                    <trkpt lat="54.34095166666667" lon="9.94809">
                        <ele>0</ele>
                        <time>2022-08-18T16:17:49Z</time>
                                                <extensions>
                            <sog>8.5</sog>
<cog>261.9</cog>
                        </extensions>
                    </trkpt>
                    <trkpt lat="54.34091" lon="9.947555">
                        <ele>0</ele>
                        <time>2022-08-18T16:17:58Z</time>
                                                <extensions>
                            <sog>8.4</sog>
<cog>262.6</cog>
                        </extensions>
                    </trkpt>
                    <trkpt lat="54.34081833333333" lon="9.946163333333335">
                        <ele>0</ele>
                        <time>2022-08-18T16:18:18Z</time>
                                                <extensions>
                            <sog>8.3</sog>
<cog>263.7</cog>
                        </extensions>
                    </trkpt>
                    <trkpt lat="54.340715" lon="9.944161666666668">
                        <ele>0</ele>
                        <time>2022-08-18T16:18:49Z</time>
                                                <extensions>
                            <sog>8.0</sog>
<cog>265.3</cog>
                        </extensions>
                    </trkpt>
                    <trkpt lat="54.340695" lon="9.94366">
                        <ele>0</ele>
                        <time>2022-08-18T16:18:58Z</time>
                                                <extensions>
                            <sog>7.9</sog>
<cog>267.1</cog>
                        </extensions>
                    </trkpt>
                    <trkpt lat="54.340685" lon="9.941714999999999">
                        <ele>0</ele>
                        <time>2022-08-18T16:19:29Z</time>
                                                <extensions>
                            <sog>7.5</sog>
<cog>271.1</cog>
                        </extensions>
                    </trkpt>
                    <trkpt lat="54.34068833333333" lon="9.941186666666665">
                        <ele>0</ele>
                        <time>2022-08-18T16:19:38Z</time>
                                                <extensions>
                            <sog>7.4</sog>
<cog>270.7</cog>
                        </extensions>
                    </trkpt>
                    <trkpt lat="54.34069833333333" lon="9.940605">
                        <ele>0</ele>
                        <time>2022-08-18T16:19:48Z</time>
                                                <extensions>
                            <sog>7.3</sog>
<cog>271.6</cog>
                        </extensions>
                    </trkpt>
                    <trkpt lat="54.34070666666666" lon="9.940086666666668">
                        <ele>0</ele>
                        <time>2022-08-18T16:19:58Z</time>
                                                <extensions>
                            <sog>7.2</sog>
<cog>271.1</cog>
                        </extensions>
                    </trkpt>
                    <trkpt lat="54.34071666666667" lon="9.939516666666666">
                        <ele>0</ele>
                        <time>2022-08-18T16:20:07Z</time>
                                                <extensions>
                            <sog>7.2</sog>
<cog>270.9</cog>
                        </extensions>
                    </trkpt>
                    <trkpt lat="54.34072666666667" lon="9.93883">
                        <ele>0</ele>
                        <time>2022-08-18T16:20:19Z</time>
                                                <extensions>
                            <sog>7.2</sog>
<cog>272.0</cog>
                        </extensions>
                    </trkpt>
                    <trkpt lat="54.34074" lon="9.938258333333332">
                        <ele>0</ele>
                        <time>2022-08-18T16:20:29Z</time>
                                                <extensions>
                            <sog>7.2</sog>
<cog>273.0</cog>
                        </extensions>
                    </trkpt>
                    <trkpt lat="54.34076833333334" lon="9.937685">
                        <ele>0</ele>
                        <time>2022-08-18T16:20:39Z</time>
                                                <extensions>
                            <sog>7.2</sog>
<cog>274.5</cog>
                        </extensions>
                    </trkpt>
                    <trkpt lat="54.340799999999994" lon="9.937175">
                        <ele>0</ele>
                        <time>2022-08-18T16:20:48Z</time>
                                                <extensions>
                            <sog>7.2</sog>
<cog>277.2</cog>
                        </extensions>
                    </trkpt>
                    <trkpt lat="54.34083833333333" lon="9.936665">
                        <ele>0</ele>
                        <time>2022-08-18T16:20:58Z</time>
                                                <extensions>
                            <sog>7.1</sog>
<cog>277.3</cog>
                        </extensions>
                    </trkpt>
                    <trkpt lat="54.340889999999995" lon="9.936103333333334">
                        <ele>0</ele>
                        <time>2022-08-18T16:21:07Z</time>
                                                <extensions>
                            <sog>7.1</sog>
<cog>280.3</cog>
                        </extensions>
                    </trkpt>
                    <trkpt lat="54.34096" lon="9.935426666666666">
                        <ele>0</ele>
                        <time>2022-08-18T16:21:19Z</time>
                                                <extensions>
                            <sog>7.2</sog>
<cog>280.9</cog>
                        </extensions>
                    </trkpt>
                    <trkpt lat="54.34102333333333" lon="9.934858333333333">
                        <ele>0</ele>
                        <time>2022-08-18T16:21:29Z</time>
                                                <extensions>
                            <sog>7.3</sog>
<cog>280.4</cog>
                        </extensions>
                    </trkpt>
                    <trkpt lat="54.341085" lon="9.934291666666667">
                        <ele>0</ele>
                        <time>2022-08-18T16:21:39Z</time>
                                                <extensions>
                            <sog>7.2</sog>
<cog>281.2</cog>
                        </extensions>
                    </trkpt>
                    <trkpt lat="54.341141666666665" lon="9.93378">
                        <ele>0</ele>
                        <time>2022-08-18T16:21:48Z</time>
                                                <extensions>
                            <sog>7.3</sog>
<cog>280.7</cog>
                        </extensions>
                    </trkpt>
                    <trkpt lat="54.34120166666666" lon="9.933268333333332">
                        <ele>0</ele>
                        <time>2022-08-18T16:21:58Z</time>
                                                <extensions>
                            <sog>7.3</sog>
<cog>281.5</cog>
                        </extensions>
                    </trkpt>
                    <trkpt lat="54.34127" lon="9.932696666666667">
                        <ele>0</ele>
                        <time>2022-08-18T16:22:07Z</time>
                                                <extensions>
                            <sog>7.4</sog>
<cog>282.5</cog>
                        </extensions>
                    </trkpt>
                    <trkpt lat="54.341363333333334" lon="9.932011666666666">
                        <ele>0</ele>
                        <time>2022-08-18T16:22:19Z</time>
                                                <extensions>
                            <sog>7.3</sog>
<cog>282.1</cog>
                        </extensions>
                    </trkpt>
                    <trkpt lat="54.34144" lon="9.931438333333334">
                        <ele>0</ele>
                        <time>2022-08-18T16:22:29Z</time>
                                                <extensions>
                            <sog>7.4</sog>
<cog>283.7</cog>
                        </extensions>
                    </trkpt>
                    <trkpt lat="54.341519999999996" lon="9.93086">
                        <ele>0</ele>
                        <time>2022-08-18T16:22:39Z</time>
                                                <extensions>
                            <sog>7.5</sog>
<cog>283.7</cog>
                        </extensions>
                    </trkpt>
                    <trkpt lat="54.34159666666667" lon="9.93034">
                        <ele>0</ele>
                        <time>2022-08-18T16:22:48Z</time>
                                                <extensions>
                            <sog>7.5</sog>
<cog>284.6</cog>
                        </extensions>
                    </trkpt>
                    <trkpt lat="54.34167333333333" lon="9.929820000000001">
                        <ele>0</ele>
                        <time>2022-08-18T16:22:58Z</time>
                                                <extensions>
                            <sog>7.5</sog>
<cog>284.1</cog>
                        </extensions>
                    </trkpt>
                    <trkpt lat="54.34176166666667" lon="9.929243333333334">
                        <ele>0</ele>
                        <time>2022-08-18T16:23:07Z</time>
                                                <extensions>
                            <sog>7.5</sog>
<cog>284.4</cog>
                        </extensions>
                    </trkpt>
                    <trkpt lat="54.34186833333333" lon="9.928558333333333">
                        <ele>0</ele>
                        <time>2022-08-18T16:23:19Z</time>
                                                <extensions>
                            <sog>7.4</sog>
<cog>285.9</cog>
                        </extensions>
                    </trkpt>
                    <trkpt lat="54.341964999999995" lon="9.927993333333335">
                        <ele>0</ele>
                        <time>2022-08-18T16:23:29Z</time>
                                                <extensions>
                            <sog>7.4</sog>
<cog>286.9</cog>
                        </extensions>
                    </trkpt>
                    <trkpt lat="54.34207" lon="9.927426666666666">
                        <ele>0</ele>
                        <time>2022-08-18T16:23:39Z</time>
                                                <extensions>
                            <sog>7.4</sog>
<cog>288.5</cog>
                        </extensions>
                    </trkpt>
                    <trkpt lat="54.342173333333335" lon="9.926923333333333">
                        <ele>0</ele>
                        <time>2022-08-18T16:23:48Z</time>
                                                <extensions>
                            <sog>7.4</sog>
<cog>290.4</cog>
                        </extensions>
                    </trkpt>
                    <trkpt lat="54.34228666666667" lon="9.926426666666666">
                        <ele>0</ele>
                        <time>2022-08-18T16:23:58Z</time>
                                                <extensions>
                            <sog>7.4</sog>
<cog>292.1</cog>
                        </extensions>
                    </trkpt>
                    <trkpt lat="54.342425000000006" lon="9.925881666666667">
                        <ele>0</ele>
                        <time>2022-08-18T16:24:07Z</time>
                                                <extensions>
                            <sog>7.5</sog>
<cog>292.6</cog>
                        </extensions>
                    </trkpt>
                    <trkpt lat="54.342575000000004" lon="9.925273333333333">
                        <ele>0</ele>
                        <time>2022-08-18T16:24:18Z</time>
                                                <extensions>
                            <sog>7.6</sog>
<cog>293.6</cog>
                        </extensions>
                    </trkpt>
                    <trkpt lat="54.342725" lon="9.924661666666667">
                        <ele>0</ele>
                        <time>2022-08-18T16:24:29Z</time>
                                                <extensions>
                            <sog>7.6</sog>
<cog>292.5</cog>
                        </extensions>
                    </trkpt>
                    <trkpt lat="54.34286833333333" lon="9.92411">
                        <ele>0</ele>
                        <time>2022-08-18T16:24:39Z</time>
                                                <extensions>
                            <sog>7.6</sog>
<cog>294.6</cog>
                        </extensions>
                    </trkpt>
                    <trkpt lat="54.342996666666664" lon="9.923611666666666">
                        <ele>0</ele>
                        <time>2022-08-18T16:24:48Z</time>
                                                <extensions>
                            <sog>7.6</sog>
<cog>292.9</cog>
                        </extensions>
                    </trkpt>
                    <trkpt lat="54.34312833333333" lon="9.923111666666667">
                        <ele>0</ele>
                        <time>2022-08-18T16:24:58Z</time>
                                                <extensions>
                            <sog>7.6</sog>
<cog>294.6</cog>
                        </extensions>
                    </trkpt>
                    <trkpt lat="54.343275" lon="9.922555">
                        <ele>0</ele>
                        <time>2022-08-18T16:25:07Z</time>
                                                <extensions>
                            <sog>7.6</sog>
<cog>294.8</cog>
                        </extensions>
                    </trkpt>
                    <trkpt lat="54.343444999999996" lon="9.921951666666667">
                        <ele>0</ele>
                        <time>2022-08-18T16:25:18Z</time>
                                                <extensions>
                            <sog>7.7</sog>
<cog>295.3</cog>
                        </extensions>
                    </trkpt>
                    <trkpt lat="54.34361833333333" lon="9.921346666666667">
                        <ele>0</ele>
                        <time>2022-08-18T16:25:29Z</time>
                                                <extensions>
                            <sog>7.7</sog>
<cog>296.7</cog>
                        </extensions>
                    </trkpt>
                    <trkpt lat="54.34377833333333" lon="9.920795">
                        <ele>0</ele>
                        <time>2022-08-18T16:25:39Z</time>
                                                <extensions>
                            <sog>7.7</sog>
<cog>296.9</cog>
                        </extensions>
                    </trkpt>
                    <trkpt lat="54.344073333333334" lon="9.919813333333334">
                        <ele>0</ele>
                        <time>2022-08-18T16:25:58Z</time>
                                                <extensions>
                            <sog>7.7</sog>
<cog>297.0</cog>
                        </extensions>
                    </trkpt>
                    <trkpt lat="54.34424166666667" lon="9.919271666666667">
                        <ele>0</ele>
                        <time>2022-08-18T16:26:07Z</time>
                                                <extensions>
                            <sog>7.7</sog>
<cog>297.4</cog>
                        </extensions>
                    </trkpt>
                    <trkpt lat="54.34461666666667" lon="9.918096666666665">
                        <ele>0</ele>
                        <time>2022-08-18T16:26:29Z</time>
                                                <extensions>
                            <sog>7.7</sog>
<cog>297.7</cog>
                        </extensions>
                    </trkpt>
                    <trkpt lat="54.344789999999996" lon="9.91756">
                        <ele>0</ele>
                        <time>2022-08-18T16:26:39Z</time>
                                                <extensions>
                            <sog>7.7</sog>
<cog>298.3</cog>
                        </extensions>
                    </trkpt>
                    <trkpt lat="54.344941666666664" lon="9.917073333333333">
                        <ele>0</ele>
                        <time>2022-08-18T16:26:48Z</time>
                                                <extensions>
                            <sog>7.7</sog>
<cog>298.3</cog>
                        </extensions>
                    </trkpt>
                    <trkpt lat="54.3451" lon="9.916593333333333">
                        <ele>0</ele>
                        <time>2022-08-18T16:26:58Z</time>
                                                <extensions>
                            <sog>7.7</sog>
<cog>300.6</cog>
                        </extensions>
                    </trkpt>
                    <trkpt lat="54.34529833333333" lon="9.91601">
                        <ele>0</ele>
                        <time>2022-08-18T16:27:09Z</time>
                                                <extensions>
                            <sog>7.7</sog>
<cog>299.4</cog>
                        </extensions>
                    </trkpt>
                    <trkpt lat="54.34547666666666" lon="9.915478333333335">
                        <ele>0</ele>
                        <time>2022-08-18T16:27:18Z</time>
                                                <extensions>
                            <sog>7.7</sog>
<cog>299.3</cog>
                        </extensions>
                    </trkpt>
                    <trkpt lat="54.34565" lon="9.914938333333334">
                        <ele>0</ele>
                        <time>2022-08-18T16:27:28Z</time>
                                                <extensions>
                            <sog>7.7</sog>
<cog>299.0</cog>
                        </extensions>
                    </trkpt>
                    <trkpt lat="54.346149999999994" lon="9.913366666666667">
                        <ele>0</ele>
                        <time>2022-08-18T16:27:58Z</time>
                                                <extensions>
                            <sog>7.8</sog>
<cog>297.6</cog>
                        </extensions>
                    </trkpt>
                    <trkpt lat="54.34722166666666" lon="9.91004">
                        <ele>0</ele>
                        <time>2022-08-18T16:28:57Z</time>
                                                <extensions>
                            <sog>8.0</sog>
<cog>298.8</cog>
                        </extensions>
                    </trkpt>
                    <trkpt lat="54.348115" lon="9.907226666666666">
                        <ele>0</ele>
                        <time>2022-08-18T16:29:48Z</time>
                                                <extensions>
                            <sog>7.7</sog>
<cog>299.1</cog>
                        </extensions>
                    </trkpt>
                    <trkpt lat="54.34827166666666" lon="9.906749999999999">
                        <ele>0</ele>
                        <time>2022-08-18T16:29:57Z</time>
                                                <extensions>
                            <sog>7.6</sog>
<cog>299.5</cog>
                        </extensions>
                    </trkpt>
                    <trkpt lat="54.34846" lon="9.90617">
                        <ele>0</ele>
                        <time>2022-08-18T16:30:09Z</time>
                                                <extensions>
                            <sog>7.5</sog>
<cog>298.9</cog>
                        </extensions>
                    </trkpt>
                    <trkpt lat="54.348960000000005" lon="9.904595">
                        <ele>0</ele>
                        <time>2022-08-18T16:30:38Z</time>
                                                <extensions>
                            <sog>7.5</sog>
<cog>298.2</cog>
                        </extensions>
                    </trkpt>
                    <trkpt lat="54.349106666666664" lon="9.904126666666667">
                        <ele>0</ele>
                        <time>2022-08-18T16:30:48Z</time>
                                                <extensions>
                            <sog>7.3</sog>
<cog>298.0</cog>
                        </extensions>
                    </trkpt>
                    <trkpt lat="54.349268333333335" lon="9.903616666666666">
                        <ele>0</ele>
                        <time>2022-08-18T16:30:57Z</time>
                                                <extensions>
                            <sog>7.2</sog>
<cog>298.5</cog>
                        </extensions>
                    </trkpt>
                    <trkpt lat="54.34943833333333" lon="9.903066666666666">
                        <ele>0</ele>
                        <time>2022-08-18T16:31:09Z</time>
                                                <extensions>
                            <sog>7.1</sog>
<cog>298.0</cog>
                        </extensions>
                    </trkpt>
                    <trkpt lat="54.349605" lon="9.902525">
                        <ele>0</ele>
                        <time>2022-08-18T16:31:19Z</time>
                                                <extensions>
                            <sog>6.9</sog>
<cog>297.1</cog>
                        </extensions>
                    </trkpt>
                    <trkpt lat="54.34989333333333" lon="9.901620000000001">
                        <ele>0</ele>
                        <time>2022-08-18T16:31:38Z</time>
                                                <extensions>
                            <sog>6.8</sog>
<cog>298.6</cog>
                        </extensions>
                    </trkpt>
                    <trkpt lat="54.350026666666665" lon="9.901198333333333">
                        <ele>0</ele>
                        <time>2022-08-18T16:31:48Z</time>
                                                <extensions>
                            <sog>6.7</sog>
<cog>298.8</cog>
                        </extensions>
                    </trkpt>
                    <trkpt lat="54.35033833333333" lon="9.900236666666666">
                        <ele>0</ele>
                        <time>2022-08-18T16:32:09Z</time>
                                                <extensions>
                            <sog>6.5</sog>
<cog>300.0</cog>
                        </extensions>
                    </trkpt>
                    <trkpt lat="54.350501666666666" lon="9.899750000000001">
                        <ele>0</ele>
                        <time>2022-08-18T16:32:19Z</time>
                                                <extensions>
                            <sog>6.4</sog>
<cog>299.0</cog>
                        </extensions>
                    </trkpt>
                    <trkpt lat="54.35089333333334" lon="9.898533333333335">
                        <ele>0</ele>
                        <time>2022-08-18T16:32:48Z</time>
                                                <extensions>
                            <sog>6.1</sog>
<cog>298.7</cog>
                        </extensions>
                    </trkpt>
                    <trkpt lat="54.35117666666667" lon="9.897618333333332">
                        <ele>0</ele>
                        <time>2022-08-18T16:33:09Z</time>
                                                <extensions>
                            <sog>5.8</sog>
<cog>297.7</cog>
                        </extensions>
                    </trkpt>
                    <trkpt lat="54.3513" lon="9.897216666666667">
                        <ele>0</ele>
                        <time>2022-08-18T16:33:19Z</time>
                                                <extensions>
                            <sog>5.7</sog>
<cog>297.7</cog>
                        </extensions>
                    </trkpt>
                    <trkpt lat="54.35153833333333" lon="9.896475">
                        <ele>0</ele>
                        <time>2022-08-18T16:33:38Z</time>
                                                <extensions>
                            <sog>5.5</sog>
<cog>299.4</cog>
                        </extensions>
                    </trkpt>
                    <trkpt lat="54.35165166666666" lon="9.896131666666667">
                        <ele>0</ele>
                        <time>2022-08-18T16:33:48Z</time>
                                                <extensions>
                            <sog>5.5</sog>
<cog>299.7</cog>
                        </extensions>
                    </trkpt>
                    <trkpt lat="54.35191833333333" lon="9.895295">
                        <ele>0</ele>
                        <time>2022-08-18T16:34:09Z</time>
                                                <extensions>
                            <sog>5.4</sog>
<cog>298.1</cog>
                        </extensions>
                    </trkpt>
                    <trkpt lat="54.352035" lon="9.89492">
                        <ele>0</ele>
                        <time>2022-08-18T16:34:19Z</time>
                                                <extensions>
                            <sog>5.2</sog>
<cog>298.8</cog>
                        </extensions>
                    </trkpt>
                    <trkpt lat="54.35214" lon="9.894591666666667">
                        <ele>0</ele>
                        <time>2022-08-18T16:34:28Z</time>
                                                <extensions>
                            <sog>5.2</sog>
<cog>298.4</cog>
                        </extensions>
                    </trkpt>
                    <trkpt lat="54.352255" lon="9.894238333333334">
                        <ele>0</ele>
                        <time>2022-08-18T16:34:38Z</time>
                                                <extensions>
                            <sog>5.0</sog>
<cog>299.9</cog>
                        </extensions>
                    </trkpt>
                    <trkpt lat="54.352356666666665" lon="9.893931666666667">
                        <ele>0</ele>
                        <time>2022-08-18T16:34:48Z</time>
                                                <extensions>
                            <sog>4.8</sog>
<cog>299.1</cog>
                        </extensions>
                    </trkpt>
                    <trkpt lat="54.35259333333333" lon="9.893216666666666">
                        <ele>0</ele>
                        <time>2022-08-18T16:35:09Z</time>
                                                <extensions>
                            <sog>4.5</sog>
<cog>299.6</cog>
                        </extensions>
                    </trkpt>
                    <trkpt lat="54.352698333333336" lon="9.89291">
                        <ele>0</ele>
                        <time>2022-08-18T16:35:19Z</time>
                                                <extensions>
                            <sog>4.4</sog>
<cog>300.5</cog>
                        </extensions>
                    </trkpt>
                    <trkpt lat="54.35279" lon="9.892641666666666">
                        <ele>0</ele>
                        <time>2022-08-18T16:35:28Z</time>
                                                <extensions>
                            <sog>4.3</sog>
<cog>300.9</cog>
                        </extensions>
                    </trkpt>
                    <trkpt lat="54.35288833333333" lon="9.892351666666666">
                        <ele>0</ele>
                        <time>2022-08-18T16:35:38Z</time>
                                                <extensions>
                            <sog>4.1</sog>
<cog>300.0</cog>
                        </extensions>
                    </trkpt>
                    <trkpt lat="54.35297666666667" lon="9.892095000000001">
                        <ele>0</ele>
                        <time>2022-08-18T16:35:48Z</time>
                                                <extensions>
                            <sog>4.1</sog>
<cog>300.4</cog>
                        </extensions>
                    </trkpt>
                    <trkpt lat="54.35308" lon="9.891788333333333">
                        <ele>0</ele>
                        <time>2022-08-18T16:35:58Z</time>
                                                <extensions>
                            <sog>4.0</sog>
<cog>301.1</cog>
                        </extensions>
                    </trkpt>
                    <trkpt lat="54.35318333333333" lon="9.891488333333333">
                        <ele>0</ele>
                        <time>2022-08-18T16:36:09Z</time>
                                                <extensions>
                            <sog>3.9</sog>
<cog>300.0</cog>
                        </extensions>
                    </trkpt>
                    <trkpt lat="54.35326166666667" lon="9.891241666666668">
                        <ele>0</ele>
                        <time>2022-08-18T16:36:19Z</time>
                                                <extensions>
                            <sog>3.9</sog>
<cog>298.5</cog>
                        </extensions>
                    </trkpt>
                    <trkpt lat="54.35351166666667" lon="9.89048">
                        <ele>0</ele>
                        <time>2022-08-18T16:36:48Z</time>
                                                <extensions>
                            <sog>3.6</sog>
<cog>300.6</cog>
                        </extensions>
                    </trkpt>
                    <trkpt lat="54.3537" lon="9.889938333333333">
                        <ele>0</ele>
                        <time>2022-08-18T16:37:09Z</time>
                                                <extensions>
                            <sog>3.5</sog>
<cog>299.9</cog>
                        </extensions>
                    </trkpt>
                    <trkpt lat="54.353775000000006" lon="9.889723333333334">
                        <ele>0</ele>
                        <time>2022-08-18T16:37:19Z</time>
                                                <extensions>
                            <sog>3.4</sog>
<cog>300.7</cog>
                        </extensions>
                    </trkpt>
                    <trkpt lat="54.353854999999996" lon="9.889491666666666">
                        <ele>0</ele>
                        <time>2022-08-18T16:37:28Z</time>
                                                <extensions>
                            <sog>3.3</sog>
<cog>300.4</cog>
                        </extensions>
                    </trkpt>
                    <trkpt lat="54.35400166666667" lon="9.88907">
                        <ele>0</ele>
                        <time>2022-08-18T16:37:48Z</time>
                                                <extensions>
                            <sog>3.1</sog>
<cog>300.1</cog>
                        </extensions>
                    </trkpt>
                    <trkpt lat="54.354081666666666" lon="9.888835">
                        <ele>0</ele>
                        <time>2022-08-18T16:37:58Z</time>
                                                <extensions>
                            <sog>3.0</sog>
<cog>300.0</cog>
                        </extensions>
                    </trkpt>
                    <trkpt lat="54.35422333333334" lon="9.88843">
                        <ele>0</ele>
                        <time>2022-08-18T16:38:19Z</time>
                                                <extensions>
                            <sog>2.8</sog>
<cog>299.7</cog>
                        </extensions>
                    </trkpt>
                    <trkpt lat="54.35429166666667" lon="9.888238333333334">
                        <ele>0</ele>
                        <time>2022-08-18T16:38:28Z</time>
                                                <extensions>
                            <sog>2.8</sog>
<cog>302.1</cog>
                        </extensions>
                    </trkpt>
                    <trkpt lat="54.354490000000006" lon="9.88769">
                        <ele>0</ele>
                        <time>2022-08-18T16:38:58Z</time>
                                                <extensions>
                            <sog>2.5</sog>
<cog>300.9</cog>
                        </extensions>
                    </trkpt>
                    <trkpt lat="54.35455666666667" lon="9.8875">
                        <ele>0</ele>
                        <time>2022-08-18T16:39:09Z</time>
                                                <extensions>
                            <sog>2.5</sog>
<cog>300.9</cog>
                        </extensions>
                    </trkpt>
                    <trkpt lat="54.35461" lon="9.88735">
                        <ele>0</ele>
                        <time>2022-08-18T16:39:18Z</time>
                                                <extensions>
                            <sog>2.4</sog>
<cog>300.1</cog>
                        </extensions>
                    </trkpt>
                    <trkpt lat="54.354935" lon="9.886429999999999">
                        <ele>0</ele>
                        <time>2022-08-18T16:40:18Z</time>
                                                <extensions>
                            <sog>2.0</sog>
<cog>301.8</cog>
                        </extensions>
                    </trkpt>
                    <trkpt lat="54.354985000000006" lon="9.886294999999999">
                        <ele>0</ele>
                        <time>2022-08-18T16:40:28Z</time>
                                                <extensions>
                            <sog>1.9</sog>
<cog>301.9</cog>
                        </extensions>
                    </trkpt>
                    <trkpt lat="54.35507666666667" lon="9.886063333333334">
                        <ele>0</ele>
                        <time>2022-08-18T16:40:48Z</time>
                                                <extensions>
                            <sog>1.7</sog>
<cog>304.8</cog>
                        </extensions>
                    </trkpt>
                    <trkpt lat="54.355125" lon="9.885941666666668">
                        <ele>0</ele>
                        <time>2022-08-18T16:40:58Z</time>
                                                <extensions>
                            <sog>1.6</sog>
<cog>302.6</cog>
                        </extensions>
                    </trkpt>
                    <trkpt lat="54.35515833333333" lon="9.885848333333334">
                        <ele>0</ele>
                        <time>2022-08-18T16:41:07Z</time>
                                                <extensions>
                            <sog>1.4</sog>
<cog>300.0</cog>
                        </extensions>
                    </trkpt>
                    <trkpt lat="54.35519333333333" lon="9.885738333333334">
                        <ele>0</ele>
                        <time>2022-08-18T16:41:18Z</time>
                                                <extensions>
                            <sog>1.4</sog>
<cog>299.8</cog>
                        </extensions>
                    </trkpt>
                    <trkpt lat="54.355223333333335" lon="9.885645">
                        <ele>0</ele>
                        <time>2022-08-18T16:41:28Z</time>
                                                <extensions>
                            <sog>1.3</sog>
<cog>297.2</cog>
                        </extensions>
                    </trkpt>
                    <trkpt lat="54.355246666666666" lon="9.885566666666668">
                        <ele>0</ele>
                        <time>2022-08-18T16:41:37Z</time>
                                                <extensions>
                            <sog>1.2</sog>
<cog>297.6</cog>
                        </extensions>
                    </trkpt>
                    <trkpt lat="54.35527166666667" lon="9.885486666666667">
                        <ele>0</ele>
                        <time>2022-08-18T16:41:48Z</time>
                                                <extensions>
                            <sog>1.0</sog>
<cog>297.5</cog>
                        </extensions>
                    </trkpt>
                    <trkpt lat="54.355313333333335" lon="9.885340000000001">
                        <ele>0</ele>
                        <time>2022-08-18T16:42:08Z</time>
                                                <extensions>
                            <sog>0.9</sog>
<cog>296.7</cog>
                        </extensions>
                    </trkpt>
                    <trkpt lat="54.35535" lon="9.88521">
                        <ele>0</ele>
                        <time>2022-08-18T16:42:29Z</time>
                                                <extensions>
                            <sog>0.7</sog>
<cog>298.6</cog>
                        </extensions>
                    </trkpt>
                    <trkpt lat="54.355378333333334" lon="9.885121666666667">
                        <ele>0</ele>
                        <time>2022-08-18T16:42:48Z</time>
                                                <extensions>
                            <sog>0.5</sog>
<cog>303.3</cog>
                        </extensions>
                    </trkpt>
                    <trkpt lat="54.35539000000001" lon="9.885086666666666">
                        <ele>0</ele>
                        <time>2022-08-18T16:42:58Z</time>
                                                <extensions>
                            <sog>0.5</sog>
<cog>304.4</cog>
                        </extensions>
                    </trkpt>
                    <trkpt lat="54.355401666666666" lon="9.885051666666667">
                        <ele>0</ele>
                        <time>2022-08-18T16:43:08Z</time>
                                                <extensions>
                            <sog>0.5</sog>
<cog>295.5</cog>
                        </extensions>
                    </trkpt>
                    <trkpt lat="54.35541333333333" lon="9.885018333333333">
                        <ele>0</ele>
                        <time>2022-08-18T16:43:19Z</time>
                                                <extensions>
                            <sog>0.4</sog>
<cog>298.7</cog>
                        </extensions>
                    </trkpt>
                    <trkpt lat="54.355421666666665" lon="9.884988333333332">
                        <ele>0</ele>
                        <time>2022-08-18T16:43:29Z</time>
                                                <extensions>
                            <sog>0.3</sog>
<cog>300.0</cog>
                        </extensions>
                    </trkpt>
                    <trkpt lat="54.35543" lon="9.884973333333333">
                        <ele>0</ele>
                        <time>2022-08-18T16:43:38Z</time>
                                                <extensions>
                            <sog>0.2</sog>
<cog>303.7</cog>
                        </extensions>
                    </trkpt>
                    <trkpt lat="54.35543500000001" lon="9.884953333333334">
                        <ele>0</ele>
                        <time>2022-08-18T16:43:48Z</time>
                                                <extensions>
                            <sog>0.2</sog>
<cog>298.1</cog>
                        </extensions>
                    </trkpt>
                    <trkpt lat="54.35544166666667" lon="9.884941666666666">
                        <ele>0</ele>
                        <time>2022-08-18T16:43:58Z</time>
                                                <extensions>
                            <sog>0.2</sog>
<cog>303.9</cog>
                        </extensions>
                    </trkpt>
                    <trkpt lat="54.355448333333335" lon="9.884928333333333">
                        <ele>0</ele>
                        <time>2022-08-18T16:44:19Z</time>
                                                <extensions>
                            <sog>0.1</sog>
<cog>312.4</cog>
                        </extensions>
                    </trkpt>
                    <trkpt lat="54.35545166666667" lon="9.884923333333335">
                        <ele>0</ele>
                        <time>2022-08-18T16:44:29Z</time>
                                                <extensions>
                            <sog>0.0</sog>
<cog>301.6</cog>
                        </extensions>
                    </trkpt>
                    <trkpt lat="54.35545166666667" lon="9.88492">
                        <ele>0</ele>
                        <time>2022-08-18T16:44:38Z</time>
                                                <extensions>
                            <sog>0.0</sog>
<cog>234.6</cog>
                        </extensions>
                    </trkpt>
                    <trkpt lat="54.35545166666667" lon="9.884915000000001">
                        <ele>0</ele>
                        <time>2022-08-18T16:44:48Z</time>
                                                <extensions>
                            <sog>0.1</sog>
<cog>236.8</cog>
                        </extensions>
                    </trkpt>
                    <trkpt lat="54.355450000000005" lon="9.884911666666666">
                        <ele>0</ele>
                        <time>2022-08-18T16:44:58Z</time>
                                                <extensions>
                            <sog>0.0</sog>
<cog>232.2</cog>
                        </extensions>
                    </trkpt>
                    <trkpt lat="54.35542833333333" lon="9.884906666666666">
                        <ele>0</ele>
                        <time>2022-08-18T16:45:38Z</time>
                                                <extensions>
                            <sog>0.0</sog>
<cog>185.4</cog>
                        </extensions>
                    </trkpt>
                    <trkpt lat="54.35542833333333" lon="9.88491">
                        <ele>0</ele>
                        <time>2022-08-18T16:45:48Z</time>
                                                <extensions>
                            <sog>0.0</sog>
<cog>71.6</cog>
                        </extensions>
                    </trkpt>
                    <trkpt lat="54.355448333333335" lon="9.884923333333335">
                        <ele>0</ele>
                        <time>2022-08-18T16:46:19Z</time>
                                                <extensions>
                            <sog>0.2</sog>
<cog>9.9</cog>
                        </extensions>
                    </trkpt>
                    <trkpt lat="54.355465" lon="9.884926666666667">
                        <ele>0</ele>
                        <time>2022-08-18T16:46:38Z</time>
                                                <extensions>
                            <sog>0.2</sog>
<cog>3.4</cog>
                        </extensions>
                    </trkpt>
                    <trkpt lat="54.35548666666667" lon="9.88492">
                        <ele>0</ele>
                        <time>2022-08-18T16:46:58Z</time>
                                                <extensions>
                            <sog>0.2</sog>
<cog>350.0</cog>
                        </extensions>
                    </trkpt>
                    <trkpt lat="54.35549833333334" lon="9.884913333333333">
                        <ele>0</ele>
                        <time>2022-08-18T16:47:09Z</time>
                                                <extensions>
                            <sog>0.2</sog>
<cog>344.2</cog>
                        </extensions>
                    </trkpt>
                    <trkpt lat="54.35553166666667" lon="9.884893333333334">
                        <ele>0</ele>
                        <time>2022-08-18T16:47:38Z</time>
                                                <extensions>
                            <sog>0.3</sog>
<cog>334.9</cog>
                        </extensions>
                    </trkpt>
                    <trkpt lat="54.35554666666667" lon="9.88488">
                        <ele>0</ele>
                        <time>2022-08-18T16:47:48Z</time>
                                                <extensions>
                            <sog>0.3</sog>
<cog>330.1</cog>
                        </extensions>
                    </trkpt>
                    <trkpt lat="54.35556166666667" lon="9.884865">
                        <ele>0</ele>
                        <time>2022-08-18T16:47:58Z</time>
                                                <extensions>
                            <sog>0.4</sog>
<cog>329.1</cog>
                        </extensions>
                    </trkpt>
                    <trkpt lat="54.355585" lon="9.884845">
                        <ele>0</ele>
                        <time>2022-08-18T16:48:09Z</time>
                                                <extensions>
                            <sog>0.4</sog>
<cog>325.6</cog>
                        </extensions>
                    </trkpt>
                    <trkpt lat="54.355603333333335" lon="9.88482">
                        <ele>0</ele>
                        <time>2022-08-18T16:48:19Z</time>
                                                <extensions>
                            <sog>0.5</sog>
<cog>318.8</cog>
                        </extensions>
                    </trkpt>
                    <trkpt lat="54.355635" lon="9.884765">
                        <ele>0</ele>
                        <time>2022-08-18T16:48:38Z</time>
                                                <extensions>
                            <sog>0.6</sog>
<cog>312.7</cog>
                        </extensions>
                    </trkpt>
                    <trkpt lat="54.355655" lon="9.884721666666668">
                        <ele>0</ele>
                        <time>2022-08-18T16:48:49Z</time>
                                                <extensions>
                            <sog>0.5</sog>
<cog>306.6</cog>
                        </extensions>
                    </trkpt>
                    <trkpt lat="54.355668333333334" lon="9.884693333333333">
                        <ele>0</ele>
                        <time>2022-08-18T16:48:58Z</time>
                                                <extensions>
                            <sog>0.6</sog>
<cog>312.3</cog>
                        </extensions>
                    </trkpt>
                    <trkpt lat="54.35570666666667" lon="9.884621666666668">
                        <ele>0</ele>
                        <time>2022-08-18T16:49:19Z</time>
                                                <extensions>
                            <sog>0.5</sog>
<cog>307.5</cog>
                        </extensions>
                    </trkpt>
                    <trkpt lat="54.355736666666665" lon="9.884566666666666">
                        <ele>0</ele>
                        <time>2022-08-18T16:49:38Z</time>
                                                <extensions>
                            <sog>0.4</sog>
<cog>309.5</cog>
                        </extensions>
                    </trkpt>
                    <trkpt lat="54.35575333333334" lon="9.88454">
                        <ele>0</ele>
                        <time>2022-08-18T16:49:49Z</time>
                                                <extensions>
                            <sog>0.4</sog>
<cog>315.9</cog>
                        </extensions>
                    </trkpt>
                    <trkpt lat="54.355765" lon="9.884518333333334">
                        <ele>0</ele>
                        <time>2022-08-18T16:49:59Z</time>
                                                <extensions>
                            <sog>0.3</sog>
<cog>312.9</cog>
                        </extensions>
                    </trkpt>
                    <trkpt lat="54.355775" lon="9.884504999999999">
                        <ele>0</ele>
                        <time>2022-08-18T16:50:09Z</time>
                                                <extensions>
                            <sog>0.2</sog>
<cog>323.5</cog>
                        </extensions>
                    </trkpt>
                    <trkpt lat="54.355781666666665" lon="9.884495">
                        <ele>0</ele>
                        <time>2022-08-18T16:50:19Z</time>
                                                <extensions>
                            <sog>0.1</sog>
<cog>317.5</cog>
                        </extensions>
                    </trkpt>
                    <trkpt lat="54.35578666666667" lon="9.884488333333334">
                        <ele>0</ele>
                        <time>2022-08-18T16:50:29Z</time>
                                                <extensions>
                            <sog>0.1</sog>
<cog>327.8</cog>
                        </extensions>
                    </trkpt>
                    <trkpt lat="54.35579" lon="9.884483333333332">
                        <ele>0</ele>
                        <time>2022-08-18T16:50:38Z</time>
                                                <extensions>
                            <sog>0.0</sog>
<cog>320.1</cog>
                        </extensions>
                    </trkpt>
                    <trkpt lat="54.35579166666666" lon="9.884483333333332">
                        <ele>0</ele>
                        <time>2022-08-18T16:50:49Z</time>
                                                <extensions>
                            <sog>0.0</sog>
<cog>80.0</cog>
                        </extensions>
                    </trkpt>
                    <trkpt lat="54.35579" lon="9.884486666666668">
                        <ele>0</ele>
                        <time>2022-08-18T16:50:59Z</time>
                                                <extensions>
                            <sog>0.0</sog>
<cog>135.0</cog>
                        </extensions>
                    </trkpt>
                    <trkpt lat="54.35578666666667" lon="9.884491666666666">
                        <ele>0</ele>
                        <time>2022-08-18T16:51:10Z</time>
                                                <extensions>
                            <sog>0.0</sog>
<cog>126.1</cog>
                        </extensions>
                    </trkpt>
                    <trkpt lat="54.355783333333335" lon="9.884498333333333">
                        <ele>0</ele>
                        <time>2022-08-18T16:51:19Z</time>
                                                <extensions>
                            <sog>0.1</sog>
<cog>130.5</cog>
                        </extensions>
                    </trkpt>
                    <trkpt lat="54.355776666666664" lon="9.88451">
                        <ele>0</ele>
                        <time>2022-08-18T16:51:29Z</time>
                                                <extensions>
                            <sog>0.2</sog>
<cog>129.0</cog>
                        </extensions>
                    </trkpt>
                    <trkpt lat="54.35577" lon="9.884523333333334">
                        <ele>0</ele>
                        <time>2022-08-18T16:51:38Z</time>
                                                <extensions>
                            <sog>0.2</sog>
<cog>127.9</cog>
                        </extensions>
                    </trkpt>
                    <trkpt lat="54.355760000000004" lon="9.884543333333333">
                        <ele>0</ele>
                        <time>2022-08-18T16:51:49Z</time>
                                                <extensions>
                            <sog>0.3</sog>
<cog>128.1</cog>
                        </extensions>
                    </trkpt>
                    <trkpt lat="54.35574833333333" lon="9.884563333333334">
                        <ele>0</ele>
                        <time>2022-08-18T16:51:59Z</time>
                                                <extensions>
                            <sog>0.3</sog>
<cog>134.0</cog>
                        </extensions>
                    </trkpt>
                    <trkpt lat="54.35574" lon="9.884576666666668">
                        <ele>0</ele>
                        <time>2022-08-18T16:52:10Z</time>
                                                <extensions>
                            <sog>0.2</sog>
<cog>140.9</cog>
                        </extensions>
                    </trkpt>
                    <trkpt lat="54.35573333333333" lon="9.884585">
                        <ele>0</ele>
                        <time>2022-08-18T16:52:18Z</time>
                                                <extensions>
                            <sog>0.1</sog>
<cog>174.8</cog>
                        </extensions>
                    </trkpt>
                    <trkpt lat="54.35572833333333" lon="9.884586666666667">
                        <ele>0</ele>
                        <time>2022-08-18T16:52:29Z</time>
                                                <extensions>
                            <sog>0.0</sog>
<cog>180.2</cog>
                        </extensions>
                    </trkpt>
                    <trkpt lat="54.35572833333333" lon="9.884581666666666">
                        <ele>0</ele>
                        <time>2022-08-18T16:52:38Z</time>
                                                <extensions>
                            <sog>0.1</sog>
<cog>265.8</cog>
                        </extensions>
                    </trkpt>
                    <trkpt lat="54.35573" lon="9.88457">
                        <ele>0</ele>
                        <time>2022-08-18T16:52:49Z</time>
                                                <extensions>
                            <sog>0.1</sog>
<cog>293.8</cog>
                        </extensions>
                    </trkpt>
                    <trkpt lat="54.35575166666667" lon="9.884501666666667">
                        <ele>0</ele>
                        <time>2022-08-18T16:53:18Z</time>
                                                <extensions>
                            <sog>0.4</sog>
<cog>299.3</cog>
                        </extensions>
                    </trkpt>
                    <trkpt lat="54.355765" lon="9.884461666666665">
                        <ele>0</ele>
                        <time>2022-08-18T16:53:29Z</time>
                                                <extensions>
                            <sog>0.5</sog>
<cog>296.7</cog>
                        </extensions>
                    </trkpt>
                    <trkpt lat="54.355776666666664" lon="9.884423333333332">
                        <ele>0</ele>
                        <time>2022-08-18T16:53:38Z</time>
                                                <extensions>
                            <sog>0.6</sog>
<cog>295.7</cog>
                        </extensions>
                    </trkpt>
                    <trkpt lat="54.35579166666666" lon="9.884373333333334">
                        <ele>0</ele>
                        <time>2022-08-18T16:53:49Z</time>
                                                <extensions>
                            <sog>0.6</sog>
<cog>296.8</cog>
                        </extensions>
                    </trkpt>
                    <trkpt lat="54.35581833333333" lon="9.884281666666668">
                        <ele>0</ele>
                        <time>2022-08-18T16:54:09Z</time>
                                                <extensions>
                            <sog>0.6</sog>
<cog>296.9</cog>
                        </extensions>
                    </trkpt>
                    <trkpt lat="54.35583" lon="9.884241666666666">
                        <ele>0</ele>
                        <time>2022-08-18T16:54:18Z</time>
                                                <extensions>
                            <sog>0.6</sog>
<cog>293.4</cog>
                        </extensions>
                    </trkpt>
                    <trkpt lat="54.355866666666664" lon="9.884108333333334">
                        <ele>0</ele>
                        <time>2022-08-18T16:54:49Z</time>
                                                <extensions>
                            <sog>0.6</sog>
<cog>293.4</cog>
                        </extensions>
                    </trkpt>
                    <trkpt lat="54.35589166666667" lon="9.884016666666668">
                        <ele>0</ele>
                        <time>2022-08-18T16:55:09Z</time>
                                                <extensions>
                            <sog>0.6</sog>
<cog>295.9</cog>
                        </extensions>
                    </trkpt>
                    <trkpt lat="54.35590333333334" lon="9.883976666666666">
                        <ele>0</ele>
                        <time>2022-08-18T16:55:18Z</time>
                                                <extensions>
                            <sog>0.6</sog>
<cog>289.5</cog>
                        </extensions>
                    </trkpt>
                    <trkpt lat="54.355914999999996" lon="9.883935000000001">
                        <ele>0</ele>
                        <time>2022-08-18T16:55:28Z</time>
                                                <extensions>
                            <sog>0.6</sog>
<cog>297.3</cog>
                        </extensions>
                    </trkpt>
                    <trkpt lat="54.35593166666667" lon="9.883881666666667">
                        <ele>0</ele>
                        <time>2022-08-18T16:55:38Z</time>
                                                <extensions>
                            <sog>0.7</sog>
<cog>299.5</cog>
                        </extensions>
                    </trkpt>
                    <trkpt lat="54.35594666666667" lon="9.883836666666667">
                        <ele>0</ele>
                        <time>2022-08-18T16:55:48Z</time>
                                                <extensions>
                            <sog>0.7</sog>
<cog>302.7</cog>
                        </extensions>
                    </trkpt>
                    <trkpt lat="54.35597333333333" lon="9.883773333333332">
                        <ele>0</ele>
                        <time>2022-08-18T16:55:59Z</time>
                                                <extensions>
                            <sog>0.7</sog>
<cog>303.9</cog>
                        </extensions>
                    </trkpt>
                    <trkpt lat="54.35599166666667" lon="9.88372">
                        <ele>0</ele>
                        <time>2022-08-18T16:56:09Z</time>
                                                <extensions>
                            <sog>0.7</sog>
<cog>295.8</cog>
                        </extensions>
                    </trkpt>
                    <trkpt lat="54.356001666666664" lon="9.88367">
                        <ele>0</ele>
                        <time>2022-08-18T16:56:18Z</time>
                                                <extensions>
                            <sog>0.7</sog>
<cog>288.8</cog>
                        </extensions>
                    </trkpt>
                    <trkpt lat="54.35601333333333" lon="9.883623333333333">
                        <ele>0</ele>
                        <time>2022-08-18T16:56:28Z</time>
                                                <extensions>
                            <sog>0.6</sog>
<cog>290.7</cog>
                        </extensions>
                    </trkpt>
                    <trkpt lat="54.35602666666667" lon="9.883571666666667">
                        <ele>0</ele>
                        <time>2022-08-18T16:56:38Z</time>
                                                <extensions>
                            <sog>0.5</sog>
<cog>295.5</cog>
                        </extensions>
                    </trkpt>
                    <trkpt lat="54.35603833333333" lon="9.883531666666666">
                        <ele>0</ele>
                        <time>2022-08-18T16:56:48Z</time>
                                                <extensions>
                            <sog>0.6</sog>
<cog>295.9</cog>
                        </extensions>
                    </trkpt>
                    <trkpt lat="54.35605333333333" lon="9.883478333333333">
                        <ele>0</ele>
                        <time>2022-08-18T16:56:59Z</time>
                                                <extensions>
                            <sog>0.6</sog>
<cog>300.3</cog>
                        </extensions>
                    </trkpt>
                    <trkpt lat="54.35606666666667" lon="9.883433333333333">
                        <ele>0</ele>
                        <time>2022-08-18T16:57:09Z</time>
                                                <extensions>
                            <sog>0.6</sog>
<cog>296.2</cog>
                        </extensions>
                    </trkpt>
                    <trkpt lat="54.356078333333336" lon="9.883393333333334">
                        <ele>0</ele>
                        <time>2022-08-18T16:57:18Z</time>
                                                <extensions>
                            <sog>0.6</sog>
<cog>293.5</cog>
                        </extensions>
                    </trkpt>
                    <trkpt lat="54.356091666666664" lon="9.883353333333334">
                        <ele>0</ele>
                        <time>2022-08-18T16:57:28Z</time>
                                                <extensions>
                            <sog>0.6</sog>
<cog>299.0</cog>
                        </extensions>
                    </trkpt>
                    <trkpt lat="54.356120000000004" lon="9.883261666666668">
                        <ele>0</ele>
                        <time>2022-08-18T16:57:48Z</time>
                                                <extensions>
                            <sog>0.6</sog>
<cog>298.3</cog>
                        </extensions>
                    </trkpt>
                    <trkpt lat="54.356138333333334" lon="9.883203333333334">
                        <ele>0</ele>
                        <time>2022-08-18T16:57:59Z</time>
                                                <extensions>
                            <sog>0.7</sog>
<cog>302.2</cog>
                        </extensions>
                    </trkpt>
                    <trkpt lat="54.35618" lon="9.883103333333334">
                        <ele>0</ele>
                        <time>2022-08-18T16:58:19Z</time>
                                                <extensions>
                            <sog>0.9</sog>
<cog>308.2</cog>
                        </extensions>
                    </trkpt>
                    <trkpt lat="54.35620333333333" lon="9.883046666666667">
                        <ele>0</ele>
                        <time>2022-08-18T16:58:28Z</time>
                                                <extensions>
                            <sog>1.0</sog>
<cog>298.2</cog>
                        </extensions>
                    </trkpt>
                    <trkpt lat="54.35623666666667" lon="9.882961666666667">
                        <ele>0</ele>
                        <time>2022-08-18T16:58:39Z</time>
                                                <extensions>
                            <sog>1.1</sog>
<cog>306.9</cog>
                        </extensions>
                    </trkpt>
                    <trkpt lat="54.35626166666667" lon="9.882901666666667">
                        <ele>0</ele>
                        <time>2022-08-18T16:58:48Z</time>
                                                <extensions>
                            <sog>1.2</sog>
<cog>300.9</cog>
                        </extensions>
                    </trkpt>
                    <trkpt lat="54.35633333333333" lon="9.882693333333332">
                        <ele>0</ele>
                        <time>2022-08-18T16:59:09Z</time>
                                                <extensions>
                            <sog>1.6</sog>
<cog>298.4</cog>
                        </extensions>
                    </trkpt>
                    <trkpt lat="54.356375" lon="9.882566666666666">
                        <ele>0</ele>
                        <time>2022-08-18T16:59:19Z</time>
                                                <extensions>
                            <sog>1.9</sog>
<cog>297.9</cog>
                        </extensions>
                    </trkpt>
                    <trkpt lat="54.35641666666667" lon="9.88243">
                        <ele>0</ele>
                        <time>2022-08-18T16:59:28Z</time>
                                                <extensions>
                            <sog>2.3</sog>
<cog>297.0</cog>
                        </extensions>
                    </trkpt>
                    <trkpt lat="54.35653166666667" lon="9.882066666666667">
                        <ele>0</ele>
                        <time>2022-08-18T16:59:48Z</time>
                                                <extensions>
                            <sog>2.9</sog>
<cog>299.2</cog>
                        </extensions>
                    </trkpt>
                    <trkpt lat="54.35675833333333" lon="9.881338333333334">
                        <ele>0</ele>
                        <time>2022-08-18T17:00:19Z</time>
                                                <extensions>
                            <sog>3.8</sog>
<cog>297.5</cog>
                        </extensions>
                    </trkpt>
                    <trkpt lat="54.35675833333333" lon="9.881338333333334">
                        <ele>0</ele>
                        <time>2022-08-18T17:00:19Z</time>
                                                <extensions>
                            <sog>3.8</sog>
<cog>297.5</cog>
                        </extensions>
                    </trkpt>
                    <trkpt lat="54.356838333333336" lon="9.881081666666667">
                        <ele>0</ele>
                        <time>2022-08-18T17:00:28Z</time>
                                                <extensions>
                            <sog>4.2</sog>
<cog>298.2</cog>
                        </extensions>
                    </trkpt>
                    <trkpt lat="54.356838333333336" lon="9.881081666666667">
                        <ele>0</ele>
                        <time>2022-08-18T17:00:28Z</time>
                                                <extensions>
                            <sog>4.2</sog>
<cog>298.2</cog>
                        </extensions>
                    </trkpt>
                    <trkpt lat="54.356955" lon="9.880705">
                        <ele>0</ele>
                        <time>2022-08-18T17:00:39Z</time>
                                                <extensions>
                            <sog>4.6</sog>
<cog>297.6</cog>
                        </extensions>
                    </trkpt>
                    <trkpt lat="54.356955" lon="9.880705">
                        <ele>0</ele>
                        <time>2022-08-18T17:00:39Z</time>
                                                <extensions>
                            <sog>4.6</sog>
<cog>297.6</cog>
                        </extensions>
                    </trkpt>
                    <trkpt lat="54.35735666666667" lon="9.879235">
                        <ele>0</ele>
                        <time>2022-08-18T17:01:19Z</time>
                                                <extensions>
                            <sog>5.8</sog>
<cog>293.3</cog>
                        </extensions>
                    </trkpt>
                    <trkpt lat="54.35826333333333" lon="9.875816666666667">
                        <ele>0</ele>
                        <time>2022-08-18T17:02:29Z</time>
                                                <extensions>
                            <sog>7.3</sog>
<cog>296.2</cog>
                        </extensions>
                    </trkpt>
                    <trkpt lat="54.359988333333334" lon="9.870126666666666">
                        <ele>0</ele>
                        <time>2022-08-18T17:04:09Z</time>
                                                <extensions>
                            <sog>8.5</sog>
<cog>298.0</cog>
                        </extensions>
                    </trkpt>
                    <trkpt lat="54.36051666666666" lon="9.86838">
                        <ele>0</ele>
                        <time>2022-08-18T17:04:38Z</time>
                                                <extensions>
                            <sog>8.6</sog>
<cog>297.3</cog>
                        </extensions>
                    </trkpt>
                    <trkpt lat="54.360699999999994" lon="9.867775">
                        <ele>0</ele>
                        <time>2022-08-18T17:04:49Z</time>
                                                <extensions>
                            <sog>8.6</sog>
<cog>296.4</cog>
                        </extensions>
                    </trkpt>
                    <trkpt lat="54.36154833333333" lon="9.864693333333333">
                        <ele>0</ele>
                        <time>2022-08-18T17:05:38Z</time>
                                                <extensions>
                            <sog>8.6</sog>
<cog>293.4</cog>
                        </extensions>
                    </trkpt>
                    <trkpt lat="54.361716666666666" lon="9.864003333333333">
                        <ele>0</ele>
                        <time>2022-08-18T17:05:49Z</time>
                                                <extensions>
                            <sog>8.5</sog>
<cog>292.2</cog>
                        </extensions>
                    </trkpt>
                    <trkpt lat="54.36227833333333" lon="9.861501666666667">
                        <ele>0</ele>
                        <time>2022-08-18T17:06:29Z</time>
                                                <extensions>
                            <sog>8.4</sog>
<cog>289.3</cog>
                        </extensions>
                    </trkpt>
                    <trkpt lat="54.362395" lon="9.860928333333334">
                        <ele>0</ele>
                        <time>2022-08-18T17:06:38Z</time>
                                                <extensions>
                            <sog>8.5</sog>
<cog>288.6</cog>
                        </extensions>
                    </trkpt>
                    <trkpt lat="54.36253" lon="9.860221666666666">
                        <ele>0</ele>
                        <time>2022-08-18T17:06:49Z</time>
                                                <extensions>
                            <sog>8.5</sog>
<cog>287.5</cog>
                        </extensions>
                    </trkpt>
                    <trkpt lat="54.36263333333333" lon="9.85964">
                        <ele>0</ele>
                        <time>2022-08-18T17:06:59Z</time>
                                                <extensions>
                            <sog>8.5</sog>
<cog>286.6</cog>
                        </extensions>
                    </trkpt>
                    <trkpt lat="54.36314333333333" lon="9.856281666666666">
                        <ele>0</ele>
                        <time>2022-08-18T17:07:49Z</time>
                                                <extensions>
                            <sog>8.6</sog>
<cog>282.5</cog>
                        </extensions>
                    </trkpt>
                    <trkpt lat="54.36329666666666" lon="9.855013333333334">
                        <ele>0</ele>
                        <time>2022-08-18T17:08:09Z</time>
                                                <extensions>
                            <sog>8.6</sog>
<cog>280.8</cog>
                        </extensions>
                    </trkpt>
                    <trkpt lat="54.363515" lon="9.852988333333334">
                        <ele>0</ele>
                        <time>2022-08-18T17:08:38Z</time>
                                                <extensions>
                            <sog>8.7</sog>
<cog>279.2</cog>
                        </extensions>
                    </trkpt>
                    <trkpt lat="54.36376" lon="9.842015">
                        <ele>0</ele>
                        <time>2022-08-18T17:11:19Z</time>
                                                <extensions>
                            <sog>8.5</sog>
<cog>268.7</cog>
                        </extensions>
                    </trkpt>
                    <trkpt lat="54.36374166666667" lon="9.84073">
                        <ele>0</ele>
                        <time>2022-08-18T17:11:39Z</time>
                                                <extensions>
                            <sog>8.5</sog>
<cog>267.2</cog>
                        </extensions>
                    </trkpt>
                    <trkpt lat="54.35625833333334" lon="9.77871">
                        <ele>0</ele>
                        <time>2022-08-18T17:27:59Z</time>
                                                <extensions>
                            <sog>8.8</sog>
<cog>229.7</cog>
                        </extensions>
                    </trkpt>
                    <trkpt lat="54.35575666666667" lon="9.777693333333334">
                        <ele>0</ele>
                        <time>2022-08-18T17:28:19Z</time>
                                                <extensions>
                            <sog>8.9</sog>
<cog>230.5</cog>
                        </extensions>
                    </trkpt>
                    <trkpt lat="54.349244999999996" lon="9.764851666666667">
                        <ele>0</ele>
                        <time>2022-08-18T17:32:19Z</time>
                                                <extensions>
                            <sog>8.9</sog>
<cog>228.5</cog>
                        </extensions>
                    </trkpt>
                    <trkpt lat="54.348705" lon="9.763771666666665">
                        <ele>0</ele>
                        <time>2022-08-18T17:32:38Z</time>
                                                <extensions>
                            <sog>9.0</sog>
<cog>228.5</cog>
                        </extensions>
                    </trkpt>
                    <trkpt lat="54.34843333333333" lon="9.76323">
                        <ele>0</ele>
                        <time>2022-08-18T17:32:49Z</time>
                                                <extensions>
                            <sog>9.0</sog>
<cog>229.5</cog>
                        </extensions>
                    </trkpt>
                    <trkpt lat="54.34791499999999" lon="9.7622">
                        <ele>0</ele>
                        <time>2022-08-18T17:33:08Z</time>
                                                <extensions>
                            <sog>9.0</sog>
<cog>229.3</cog>
                        </extensions>
                    </trkpt>
                    <trkpt lat="54.347343333333335" lon="9.761051666666667">
                        <ele>0</ele>
                        <time>2022-08-18T17:33:29Z</time>
                                                <extensions>
                            <sog>9.0</sog>
<cog>229.4</cog>
                        </extensions>
                    </trkpt>
                    <trkpt lat="54.34707" lon="9.760503333333332">
                        <ele>0</ele>
                        <time>2022-08-18T17:33:38Z</time>
                                                <extensions>
                            <sog>9.1</sog>
<cog>229.6</cog>
                        </extensions>
                    </trkpt>
                    <trkpt lat="54.346795" lon="9.759958333333334">
                        <ele>0</ele>
                        <time>2022-08-18T17:33:49Z</time>
                                                <extensions>
                            <sog>9.1</sog>
<cog>229.3</cog>
                        </extensions>
                    </trkpt>
                    <trkpt lat="54.34543" lon="9.757278333333334">
                        <ele>0</ele>
                        <time>2022-08-18T17:34:38Z</time>
                                                <extensions>
                            <sog>8.9</sog>
<cog>228.7</cog>
                        </extensions>
                    </trkpt>
                    <trkpt lat="54.34382166666667" lon="9.754073333333334">
                        <ele>0</ele>
                        <time>2022-08-18T17:35:38Z</time>
                                                <extensions>
                            <sog>8.9</sog>
<cog>229.8</cog>
                        </extensions>
                    </trkpt>
                    <trkpt lat="54.34328666666667" lon="9.752995">
                        <ele>0</ele>
                        <time>2022-08-18T17:35:58Z</time>
                                                <extensions>
                            <sog>8.9</sog>
<cog>229.0</cog>
                        </extensions>
                    </trkpt>
                    <trkpt lat="54.343043333333334" lon="9.752516666666667">
                        <ele>0</ele>
                        <time>2022-08-18T17:36:08Z</time>
                                                <extensions>
                            <sog>8.9</sog>
<cog>228.6</cog>
                        </extensions>
                    </trkpt>
                    <trkpt lat="54.342205" lon="9.750885">
                        <ele>0</ele>
                        <time>2022-08-18T17:36:38Z</time>
                                                <extensions>
                            <sog>8.8</sog>
<cog>228.9</cog>
                        </extensions>
                    </trkpt>
                    <trkpt lat="54.34166833333334" lon="9.749831666666667">
                        <ele>0</ele>
                        <time>2022-08-18T17:36:58Z</time>
                                                <extensions>
                            <sog>8.8</sog>
<cog>229.4</cog>
                        </extensions>
                    </trkpt>
                    <trkpt lat="54.34112833333334" lon="9.748776666666666">
                        <ele>0</ele>
                        <time>2022-08-18T17:37:18Z</time>
                                                <extensions>
                            <sog>8.9</sog>
<cog>228.2</cog>
                        </extensions>
                    </trkpt>
                    <trkpt lat="54.34059166666667" lon="9.747715">
                        <ele>0</ele>
                        <time>2022-08-18T17:37:39Z</time>
                                                <extensions>
                            <sog>8.9</sog>
<cog>229.3</cog>
                        </extensions>
                    </trkpt>
                    <trkpt lat="54.340061666666664" lon="9.746649999999999">
                        <ele>0</ele>
                        <time>2022-08-18T17:37:58Z</time>
                                                <extensions>
                            <sog>8.8</sog>
<cog>228.9</cog>
                        </extensions>
                    </trkpt>
                    <trkpt lat="54.33900666666667" lon="9.744555">
                        <ele>0</ele>
                        <time>2022-08-18T17:38:39Z</time>
                                                <extensions>
                            <sog>8.6</sog>
<cog>227.8</cog>
                        </extensions>
                    </trkpt>
                    <trkpt lat="54.336155" lon="9.738946666666667">
                        <ele>0</ele>
                        <time>2022-08-18T17:40:28Z</time>
                                                <extensions>
                            <sog>8.6</sog>
<cog>229.3</cog>
                        </extensions>
                    </trkpt>
                    <trkpt lat="54.33557666666666" lon="9.737805">
                        <ele>0</ele>
                        <time>2022-08-18T17:40:49Z</time>
                                                <extensions>
                            <sog>8.6</sog>
<cog>229.0</cog>
                        </extensions>
                    </trkpt>
                    <trkpt lat="54.18609" lon="9.501526666666667">
                        <ele>0</ele>
                        <time>2022-08-18T19:41:39Z</time>
                                                <extensions>
                            <sog>8.4</sog>
<cog>249.7</cog>
                        </extensions>
                    </trkpt>
                    </trkseg>
                </trk>
</gpx>