<?xml version="1.0" encoding="UTF-8"?>
<gpx version="1.1" creator="AIS-to-GPX Converter" xmlns="http://www.topografix.com/GPX/1/1">
                <trk>
                    <name>anon0463</name>
                    <trkseg>
                                            <trkpt lat="55.03159333333333" lon="11.000544999999999">
                        <ele>0</ele>
                        <time>2022-08-18T04:06:54Z</time>
                                                <extensions>
                            <sog>18.8</sog>
<cog>199.5</cog>
                        </extensions>
                    </trkpt>
                    <trkpt lat="55.03110166666667" lon="11.000241666666666">
                        <ele>0</ele>
                        <time>2022-08-18T04:07:00Z</time>
                                                <extensions>
                            <sog>18.8</sog>
<cog>199.5</cog>
                        </extensions>
                    </trkpt>
                    <trkpt lat="55.030528333333336" lon="10.999886666666667">
                        <ele>0</ele>
                        <time>2022-08-18T04:07:07Z</time>
                                                <extensions>
                            <sog>18.7</sog>
<cog>199.5</cog>
                        </extensions>
                    </trkpt>
                    <trkpt lat="55.02955" lon="10.99928">
                        <ele>0</ele>
                        <time>2022-08-18T04:07:19Z</time>
                                                <extensions>
                            <sog>18.7</sog>
<cog>199.6</cog>
                        </extensions>
                    </trkpt>
                    <trkpt lat="55.028573333333334" lon="10.99867">
                        <ele>0</ele>
                        <time>2022-08-18T04:07:31Z</time>
                                                <extensions>
                            <sog>18.6</sog>
<cog>199.7</cog>
                        </extensions>
                    </trkpt>
                    <trkpt lat="55.0276" lon="10.998065">
                        <ele>0</ele>
                        <time>2022-08-18T04:07:43Z</time>
                                                <extensions>
                            <sog>18.6</sog>
<cog>199.5</cog>
                        </extensions>
                    </trkpt>
                    <trkpt lat="55.019945" lon="10.993361666666667">
                        <ele>0</ele>
                        <time>2022-08-18T04:09:19Z</time>
                                                <extensions>
                            <sog>18.1</sog>
<cog>199.4</cog>
                        </extensions>
                    </trkpt>
                    <trkpt lat="55.01238" lon="10.988843333333334">
                        <ele>0</ele>
                        <time>2022-08-18T04:10:55Z</time>
                                                <extensions>
                            <sog>17.9</sog>
<cog>198.8</cog>
                        </extensions>
                    </trkpt>
                    <trkpt lat="55.01190999999999" lon="10.988558333333334">
                        <ele>0</ele>
                        <time>2022-08-18T04:11:01Z</time>
                                                <extensions>
                            <sog>17.9</sog>
<cog>199.1</cog>
                        </extensions>
                    </trkpt>
                    <trkpt lat="55.011046666666665" lon="10.988035">
                        <ele>0</ele>
                        <time>2022-08-18T04:11:12Z</time>
                                                <extensions>
                            <sog>17.9</sog>
<cog>199.2</cog>
                        </extensions>
                    </trkpt>
                    <trkpt lat="55.00767833333334" lon="10.985953333333333">
                        <ele>0</ele>
                        <time>2022-08-18T04:11:55Z</time>
                                                <extensions>
                            <sog>17.9</sog>
<cog>199.5</cog>
                        </extensions>
                    </trkpt>
                    <trkpt lat="55.006346666666666" lon="10.985128333333334">
                        <ele>0</ele>
                        <time>2022-08-18T04:12:12Z</time>
                                                <extensions>
                            <sog>17.9</sog>
<cog>199.5</cog>
                        </extensions>
                    </trkpt>
                    <trkpt lat="55.00204333333333" lon="10.982461666666667">
                        <ele>0</ele>
                        <time>2022-08-18T04:13:07Z</time>
                                                <extensions>
                            <sog>18.0</sog>
<cog>199.5</cog>
                        </extensions>
                    </trkpt>
                    <trkpt lat="54.99734333333333" lon="10.979583333333332">
                        <ele>0</ele>
                        <time>2022-08-18T04:14:07Z</time>
                                                <extensions>
                            <sog>17.9</sog>
<cog>199.2</cog>
                        </extensions>
                    </trkpt>
                    <trkpt lat="54.99695166666667" lon="10.979345">
                        <ele>0</ele>
                        <time>2022-08-18T04:14:12Z</time>
                                                <extensions>
                            <sog>17.9</sog>
<cog>199.3</cog>
                        </extensions>
                    </trkpt>
                    <trkpt lat="54.99554666666667" lon="10.97848">
                        <ele>0</ele>
                        <time>2022-08-18T04:14:30Z</time>
                                                <extensions>
                            <sog>17.9</sog>
<cog>199.4</cog>
                        </extensions>
                    </trkpt>
                    <trkpt lat="54.994065" lon="10.977566666666666">
                        <ele>0</ele>
                        <time>2022-08-18T04:14:49Z</time>
                                                <extensions>
                            <sog>17.9</sog>
<cog>199.5</cog>
                        </extensions>
                    </trkpt>
                    <trkpt lat="54.993675" lon="10.977326666666666">
                        <ele>0</ele>
                        <time>2022-08-18T04:14:54Z</time>
                                                <extensions>
                            <sog>17.9</sog>
<cog>199.5</cog>
                        </extensions>
                    </trkpt>
                    <trkpt lat="54.99133666666667" lon="10.97586">
                        <ele>0</ele>
                        <time>2022-08-18T04:15:24Z</time>
                                                <extensions>
                            <sog>17.9</sog>
<cog>200.1</cog>
                        </extensions>
                    </trkpt>
                    <trkpt lat="54.989866666666664" lon="10.974881666666667">
                        <ele>0</ele>
                        <time>2022-08-18T04:15:43Z</time>
                                                <extensions>
                            <sog>17.9</sog>
<cog>201.2</cog>
                        </extensions>
                    </trkpt>
                    <trkpt lat="54.989403333333335" lon="10.974561666666666">
                        <ele>0</ele>
                        <time>2022-08-18T04:15:49Z</time>
                                                <extensions>
                            <sog>17.9</sog>
<cog>201.7</cog>
                        </extensions>
                    </trkpt>
                    <trkpt lat="54.988018333333336" lon="10.973578333333334">
                        <ele>0</ele>
                        <time>2022-08-18T04:16:07Z</time>
                                                <extensions>
                            <sog>17.9</sog>
<cog>202.5</cog>
                        </extensions>
                    </trkpt>
                    <trkpt lat="54.987635" lon="10.973298333333334">
                        <ele>0</ele>
                        <time>2022-08-18T04:16:12Z</time>
                                                <extensions>
                            <sog>18.0</sog>
<cog>202.7</cog>
                        </extensions>
                    </trkpt>
                    <trkpt lat="54.98580333333334" lon="10.971918333333333">
                        <ele>0</ele>
                        <time>2022-08-18T04:16:36Z</time>
                                                <extensions>
                            <sog>18.0</sog>
<cog>203.8</cog>
                        </extensions>
                    </trkpt>
                    <trkpt lat="54.98527166666667" lon="10.971505">
                        <ele>0</ele>
                        <time>2022-08-18T04:16:43Z</time>
                                                <extensions>
                            <sog>18.0</sog>
<cog>204.0</cog>
                        </extensions>
                    </trkpt>
                    <trkpt lat="54.98481666666667" lon="10.971148333333334">
                        <ele>0</ele>
                        <time>2022-08-18T04:16:49Z</time>
                                                <extensions>
                            <sog>18.0</sog>
<cog>204.2</cog>
                        </extensions>
                    </trkpt>
                    <trkpt lat="54.98443833333333" lon="10.970848333333333">
                        <ele>0</ele>
                        <time>2022-08-18T04:16:54Z</time>
                                                <extensions>
                            <sog>18.0</sog>
<cog>204.4</cog>
                        </extensions>
                    </trkpt>
                    <trkpt lat="54.98345833333334" lon="10.970053333333334">
                        <ele>0</ele>
                        <time>2022-08-18T04:17:07Z</time>
                                                <extensions>
                            <sog>18.0</sog>
<cog>205.1</cog>
                        </extensions>
                    </trkpt>
                    <trkpt lat="54.98308166666666" lon="10.969741666666666">
                        <ele>0</ele>
                        <time>2022-08-18T04:17:12Z</time>
                                                <extensions>
                            <sog>18.0</sog>
<cog>205.4</cog>
                        </extensions>
                    </trkpt>
                    <trkpt lat="54.98263166666666" lon="10.969366666666668">
                        <ele>0</ele>
                        <time>2022-08-18T04:17:18Z</time>
                                                <extensions>
                            <sog>18.0</sog>
<cog>205.6</cog>
                        </extensions>
                    </trkpt>
                    <trkpt lat="54.982108333333336" lon="10.968918333333333">
                        <ele>0</ele>
                        <time>2022-08-18T04:17:25Z</time>
                                                <extensions>
                            <sog>18.0</sog>
<cog>206.2</cog>
                        </extensions>
                    </trkpt>
                    <trkpt lat="54.98166166666667" lon="10.96853">
                        <ele>0</ele>
                        <time>2022-08-18T04:17:31Z</time>
                                                <extensions>
                            <sog>18.0</sog>
<cog>206.5</cog>
                        </extensions>
                    </trkpt>
                    <trkpt lat="54.981289999999994" lon="10.968201666666666">
                        <ele>0</ele>
                        <time>2022-08-18T04:17:36Z</time>
                                                <extensions>
                            <sog>18.0</sog>
<cog>206.8</cog>
                        </extensions>
                    </trkpt>
                    <trkpt lat="54.98032666666666" lon="10.967331666666666">
                        <ele>0</ele>
                        <time>2022-08-18T04:17:49Z</time>
                                                <extensions>
                            <sog>18.0</sog>
<cog>207.6</cog>
                        </extensions>
                    </trkpt>
                    <trkpt lat="54.97996" lon="10.966991666666667">
                        <ele>0</ele>
                        <time>2022-08-18T04:17:54Z</time>
                                                <extensions>
                            <sog>18.0</sog>
<cog>207.9</cog>
                        </extensions>
                    </trkpt>
                    <trkpt lat="54.973910000000004" lon="10.960756666666667">
                        <ele>0</ele>
                        <time>2022-08-18T04:19:18Z</time>
                                                <extensions>
                            <sog>18.2</sog>
<cog>213.7</cog>
                        </extensions>
                    </trkpt>
                    <trkpt lat="54.972184999999996" lon="10.958643333333333">
                        <ele>0</ele>
                        <time>2022-08-18T04:19:43Z</time>
                                                <extensions>
                            <sog>18.3</sog>
<cog>216.0</cog>
                        </extensions>
                    </trkpt>
                    <trkpt lat="54.969833333333334" lon="10.95548">
                        <ele>0</ele>
                        <time>2022-08-18T04:20:18Z</time>
                                                <extensions>
                            <sog>18.4</sog>
<cog>219.0</cog>
                        </extensions>
                    </trkpt>
                    <trkpt lat="54.968981666666664" lon="10.954241666666666">
                        <ele>0</ele>
                        <time>2022-08-18T04:20:31Z</time>
                                                <extensions>
                            <sog>18.4</sog>
<cog>220.2</cog>
                        </extensions>
                    </trkpt>
                    <trkpt lat="54.96865666666667" lon="10.953756666666667">
                        <ele>0</ele>
                        <time>2022-08-18T04:20:36Z</time>
                                                <extensions>
                            <sog>18.5</sog>
<cog>220.6</cog>
                        </extensions>
                    </trkpt>
                    <trkpt lat="54.96782333333333" lon="10.952473333333334">
                        <ele>0</ele>
                        <time>2022-08-18T04:20:49Z</time>
                                                <extensions>
                            <sog>18.5</sog>
<cog>221.7</cog>
                        </extensions>
                    </trkpt>
                    <trkpt lat="54.967441666666666" lon="10.951871666666667">
                        <ele>0</ele>
                        <time>2022-08-18T04:20:55Z</time>
                                                <extensions>
                            <sog>18.5</sog>
<cog>222.2</cog>
                        </extensions>
                    </trkpt>
                    <trkpt lat="54.967126666666665" lon="10.951365000000001">
                        <ele>0</ele>
                        <time>2022-08-18T04:21:00Z</time>
                                                <extensions>
                            <sog>18.5</sog>
<cog>222.7</cog>
                        </extensions>
                    </trkpt>
                    <trkpt lat="54.966321666666666" lon="10.950021666666666">
                        <ele>0</ele>
                        <time>2022-08-18T04:21:12Z</time>
                                                <extensions>
                            <sog>18.5</sog>
<cog>224.2</cog>
                        </extensions>
                    </trkpt>
                    <trkpt lat="54.96601666666666" lon="10.949495">
                        <ele>0</ele>
                        <time>2022-08-18T04:21:18Z</time>
                                                <extensions>
                            <sog>18.6</sog>
<cog>224.7</cog>
                        </extensions>
                    </trkpt>
                    <trkpt lat="54.96314666666667" lon="10.944088333333333">
                        <ele>0</ele>
                        <time>2022-08-18T04:22:07Z</time>
                                                <extensions>
                            <sog>18.7</sog>
<cog>229.3</cog>
                        </extensions>
                    </trkpt>
                    <trkpt lat="54.96281166666667" lon="10.943398333333333">
                        <ele>0</ele>
                        <time>2022-08-18T04:22:12Z</time>
                                                <extensions>
                            <sog>18.7</sog>
<cog>229.8</cog>
                        </extensions>
                    </trkpt>
                    <trkpt lat="54.962536666666665" lon="10.942818333333333">
                        <ele>0</ele>
                        <time>2022-08-18T04:22:18Z</time>
                                                <extensions>
                            <sog>18.7</sog>
<cog>230.3</cog>
                        </extensions>
                    </trkpt>
                    <trkpt lat="54.96183166666666" lon="10.941288333333334">
                        <ele>0</ele>
                        <time>2022-08-18T04:22:31Z</time>
                                                <extensions>
                            <sog>18.7</sog>
<cog>231.6</cog>
                        </extensions>
                    </trkpt>
                    <trkpt lat="54.96151333333333" lon="10.940573333333333">
                        <ele>0</ele>
                        <time>2022-08-18T04:22:37Z</time>
                                                <extensions>
                            <sog>18.7</sog>
<cog>232.2</cog>
                        </extensions>
                    </trkpt>
                    <trkpt lat="54.9612" lon="10.939851666666668">
                        <ele>0</ele>
                        <time>2022-08-18T04:22:43Z</time>
                                                <extensions>
                            <sog>18.7</sog>
<cog>232.8</cog>
                        </extensions>
                    </trkpt>
                    <trkpt lat="54.96089" lon="10.939124999999999">
                        <ele>0</ele>
                        <time>2022-08-18T04:22:49Z</time>
                                                <extensions>
                            <sog>18.7</sog>
<cog>233.4</cog>
                        </extensions>
                    </trkpt>
                    <trkpt lat="54.96058333333334" lon="10.938393333333332">
                        <ele>0</ele>
                        <time>2022-08-18T04:22:55Z</time>
                                                <extensions>
                            <sog>18.7</sog>
<cog>234.0</cog>
                        </extensions>
                    </trkpt>
                    <trkpt lat="54.95969" lon="10.936166666666667">
                        <ele>0</ele>
                        <time>2022-08-18T04:23:12Z</time>
                                                <extensions>
                            <sog>18.7</sog>
<cog>235.5</cog>
                        </extensions>
                    </trkpt>
                    <trkpt lat="54.95881833333333" lon="10.933913333333333">
                        <ele>0</ele>
                        <time>2022-08-18T04:23:31Z</time>
                                                <extensions>
                            <sog>18.8</sog>
<cog>236.2</cog>
                        </extensions>
                    </trkpt>
                    <trkpt lat="54.957955" lon="10.931646666666667">
                        <ele>0</ele>
                        <time>2022-08-18T04:23:49Z</time>
                                                <extensions>
                            <sog>18.8</sog>
<cog>236.6</cog>
                        </extensions>
                    </trkpt>
                    <trkpt lat="54.95767" lon="10.93089">
                        <ele>0</ele>
                        <time>2022-08-18T04:23:55Z</time>
                                                <extensions>
                            <sog>18.7</sog>
<cog>236.7</cog>
                        </extensions>
                    </trkpt>
                    <trkpt lat="54.957433333333334" lon="10.930256666666667">
                        <ele>0</ele>
                        <time>2022-08-18T04:24:00Z</time>
                                                <extensions>
                            <sog>18.7</sog>
<cog>236.8</cog>
                        </extensions>
                    </trkpt>
                    <trkpt lat="54.955974999999995" lon="10.926323333333332">
                        <ele>0</ele>
                        <time>2022-08-18T04:24:31Z</time>
                                                <extensions>
                            <sog>18.8</sog>
<cog>237.3</cog>
                        </extensions>
                    </trkpt>
                    <trkpt lat="54.955693333333336" lon="10.925561666666665">
                        <ele>0</ele>
                        <time>2022-08-18T04:24:37Z</time>
                                                <extensions>
                            <sog>18.8</sog>
<cog>237.2</cog>
                        </extensions>
                    </trkpt>
                    <trkpt lat="54.95541166666667" lon="10.924800000000001">
                        <ele>0</ele>
                        <time>2022-08-18T04:24:43Z</time>
                                                <extensions>
                            <sog>18.8</sog>
<cog>237.2</cog>
                        </extensions>
                    </trkpt>
                    <trkpt lat="54.955126666666665" lon="10.924041666666666">
                        <ele>0</ele>
                        <time>2022-08-18T04:24:49Z</time>
                                                <extensions>
                            <sog>18.8</sog>
<cog>236.8</cog>
                        </extensions>
                    </trkpt>
                    <trkpt lat="54.9546" lon="10.922656666666667">
                        <ele>0</ele>
                        <time>2022-08-18T04:25:00Z</time>
                                                <extensions>
                            <sog>18.8</sog>
<cog>236.3</cog>
                        </extensions>
                    </trkpt>
                    <trkpt lat="54.95275166666667" lon="10.918096666666665">
                        <ele>0</ele>
                        <time>2022-08-18T04:25:37Z</time>
                                                <extensions>
                            <sog>18.7</sog>
<cog>233.5</cog>
                        </extensions>
                    </trkpt>
                    <trkpt lat="54.95243833333333" lon="10.917376666666666">
                        <ele>0</ele>
                        <time>2022-08-18T04:25:43Z</time>
                                                <extensions>
                            <sog>18.7</sog>
<cog>232.9</cog>
                        </extensions>
                    </trkpt>
                    <trkpt lat="54.95212166666667" lon="10.916661666666666">
                        <ele>0</ele>
                        <time>2022-08-18T04:25:49Z</time>
                                                <extensions>
                            <sog>18.7</sog>
<cog>232.3</cog>
                        </extensions>
                    </trkpt>
                    <trkpt lat="54.951528333333336" lon="10.91537">
                        <ele>0</ele>
                        <time>2022-08-18T04:26:00Z</time>
                                                <extensions>
                            <sog>18.7</sog>
<cog>231.0</cog>
                        </extensions>
                    </trkpt>
                    <trkpt lat="54.951143333333334" lon="10.914561666666666">
                        <ele>0</ele>
                        <time>2022-08-18T04:26:07Z</time>
                                                <extensions>
                            <sog>18.6</sog>
<cog>230.2</cog>
                        </extensions>
                    </trkpt>
                    <trkpt lat="54.94977666666667" lon="10.911865">
                        <ele>0</ele>
                        <time>2022-08-18T04:26:31Z</time>
                                                <extensions>
                            <sog>18.6</sog>
<cog>227.5</cog>
                        </extensions>
                    </trkpt>
                    <trkpt lat="54.949423333333336" lon="10.911211666666667">
                        <ele>0</ele>
                        <time>2022-08-18T04:26:37Z</time>
                                                <extensions>
                            <sog>18.6</sog>
<cog>226.8</cog>
                        </extensions>
                    </trkpt>
                    <trkpt lat="54.948703333333334" lon="10.909933333333333">
                        <ele>0</ele>
                        <time>2022-08-18T04:26:49Z</time>
                                                <extensions>
                            <sog>18.5</sog>
<cog>225.1</cog>
                        </extensions>
                    </trkpt>
                    <trkpt lat="54.94802666666667" lon="10.908795">
                        <ele>0</ele>
                        <time>2022-08-18T04:27:00Z</time>
                                                <extensions>
                            <sog>18.5</sog>
<cog>223.7</cog>
                        </extensions>
                    </trkpt>
                    <trkpt lat="54.94564833333333" lon="10.905190000000001">
                        <ele>0</ele>
                        <time>2022-08-18T04:27:37Z</time>
                                                <extensions>
                            <sog>18.4</sog>
<cog>219.1</cog>
                        </extensions>
                    </trkpt>
                    <trkpt lat="54.944089999999996" lon="10.903146666666666">
                        <ele>0</ele>
                        <time>2022-08-18T04:28:00Z</time>
                                                <extensions>
                            <sog>18.3</sog>
<cog>215.7</cog>
                        </extensions>
                    </trkpt>
                    <trkpt lat="54.941895" lon="10.900668333333334">
                        <ele>0</ele>
                        <time>2022-08-18T04:28:31Z</time>
                                                <extensions>
                            <sog>18.2</sog>
<cog>211.1</cog>
                        </extensions>
                    </trkpt>
                    <trkpt lat="54.940128333333334" lon="10.898976666666666">
                        <ele>0</ele>
                        <time>2022-08-18T04:28:55Z</time>
                                                <extensions>
                            <sog>18.1</sog>
<cog>207.5</cog>
                        </extensions>
                    </trkpt>
                    <trkpt lat="54.93922666666666" lon="10.898201666666667">
                        <ele>0</ele>
                        <time>2022-08-18T04:29:07Z</time>
                                                <extensions>
                            <sog>18.1</sog>
<cog>206.0</cog>
                        </extensions>
                    </trkpt>
                    <trkpt lat="54.93839666666667" lon="10.89751">
                        <ele>0</ele>
                        <time>2022-08-18T04:29:18Z</time>
                                                <extensions>
                            <sog>18.1</sog>
<cog>205.5</cog>
                        </extensions>
                    </trkpt>
                    <trkpt lat="54.937415" lon="10.896703333333333">
                        <ele>0</ele>
                        <time>2022-08-18T04:29:31Z</time>
                                                <extensions>
                            <sog>18.0</sog>
<cog>205.2</cog>
                        </extensions>
                    </trkpt>
                    <trkpt lat="54.936508333333336" lon="10.89597">
                        <ele>0</ele>
                        <time>2022-08-18T04:29:43Z</time>
                                                <extensions>
                            <sog>18.0</sog>
<cog>204.8</cog>
                        </extensions>
                    </trkpt>
                    <trkpt lat="54.936053333333334" lon="10.895608333333334">
                        <ele>0</ele>
                        <time>2022-08-18T04:29:48Z</time>
                                                <extensions>
                            <sog>18.0</sog>
<cog>204.6</cog>
                        </extensions>
                    </trkpt>
                    <trkpt lat="54.933855" lon="10.893885000000001">
                        <ele>0</ele>
                        <time>2022-08-18T04:30:18Z</time>
                                                <extensions>
                            <sog>17.9</sog>
<cog>204.1</cog>
                        </extensions>
                    </trkpt>
                    <trkpt lat="54.93340166666667" lon="10.89353">
                        <ele>0</ele>
                        <time>2022-08-18T04:30:24Z</time>
                                                <extensions>
                            <sog>17.9</sog>
<cog>204.2</cog>
                        </extensions>
                    </trkpt>
                    <trkpt lat="54.93249" lon="10.89282">
                        <ele>0</ele>
                        <time>2022-08-18T04:30:36Z</time>
                                                <extensions>
                            <sog>18.0</sog>
<cog>204.1</cog>
                        </extensions>
                    </trkpt>
                    <trkpt lat="54.931958333333334" lon="10.892408333333332">
                        <ele>0</ele>
                        <time>2022-08-18T04:30:43Z</time>
                                                <extensions>
                            <sog>18.0</sog>
<cog>204.0</cog>
                        </extensions>
                    </trkpt>
                    <trkpt lat="54.93150166666667" lon="10.892056666666667">
                        <ele>0</ele>
                        <time>2022-08-18T04:30:48Z</time>
                                                <extensions>
                            <sog>18.0</sog>
<cog>203.9</cog>
                        </extensions>
                    </trkpt>
                    <trkpt lat="54.931045000000005" lon="10.891705">
                        <ele>0</ele>
                        <time>2022-08-18T04:30:55Z</time>
                                                <extensions>
                            <sog>18.0</sog>
<cog>203.8</cog>
                        </extensions>
                    </trkpt>
                    <trkpt lat="54.929671666666664" lon="10.890658333333333">
                        <ele>0</ele>
                        <time>2022-08-18T04:31:13Z</time>
                                                <extensions>
                            <sog>18.0</sog>
<cog>203.7</cog>
                        </extensions>
                    </trkpt>
                    <trkpt lat="54.92883166666666" lon="10.890018333333334">
                        <ele>0</ele>
                        <time>2022-08-18T04:31:24Z</time>
                                                <extensions>
                            <sog>18.0</sog>
<cog>203.7</cog>
                        </extensions>
                    </trkpt>
                    <trkpt lat="54.92791333333333" lon="10.889316666666668">
                        <ele>0</ele>
                        <time>2022-08-18T04:31:36Z</time>
                                                <extensions>
                            <sog>18.1</sog>
<cog>203.7</cog>
                        </extensions>
                    </trkpt>
                    <trkpt lat="54.92745333333333" lon="10.888966666666667">
                        <ele>0</ele>
                        <time>2022-08-18T04:31:42Z</time>
                                                <extensions>
                            <sog>18.1</sog>
<cog>203.6</cog>
                        </extensions>
                    </trkpt>
                    <trkpt lat="54.92691666666666" lon="10.888556666666666">
                        <ele>0</ele>
                        <time>2022-08-18T04:31:48Z</time>
                                                <extensions>
                            <sog>18.1</sog>
<cog>203.7</cog>
                        </extensions>
                    </trkpt>
                    <trkpt lat="54.92599499999999" lon="10.887855">
                        <ele>0</ele>
                        <time>2022-08-18T04:32:01Z</time>
                                                <extensions>
                            <sog>18.1</sog>
<cog>203.7</cog>
                        </extensions>
                    </trkpt>
                    <trkpt lat="54.92507" lon="10.887151666666666">
                        <ele>0</ele>
                        <time>2022-08-18T04:32:13Z</time>
                                                <extensions>
                            <sog>18.2</sog>
<cog>203.6</cog>
                        </extensions>
                    </trkpt>
                    <trkpt lat="54.924685" lon="10.886858333333333">
                        <ele>0</ele>
                        <time>2022-08-18T04:32:18Z</time>
                                                <extensions>
                            <sog>18.2</sog>
<cog>203.7</cog>
                        </extensions>
                    </trkpt>
                    <trkpt lat="54.92376" lon="10.886156666666666">
                        <ele>0</ele>
                        <time>2022-08-18T04:32:30Z</time>
                                                <extensions>
                            <sog>18.2</sog>
<cog>203.5</cog>
                        </extensions>
                    </trkpt>
                    <trkpt lat="54.923298333333335" lon="10.885805">
                        <ele>0</ele>
                        <time>2022-08-18T04:32:36Z</time>
                                                <extensions>
                            <sog>18.2</sog>
<cog>203.5</cog>
                        </extensions>
                    </trkpt>
                    <trkpt lat="54.92229333333333" lon="10.88505">
                        <ele>0</ele>
                        <time>2022-08-18T04:32:48Z</time>
                                                <extensions>
                            <sog>18.2</sog>
<cog>203.3</cog>
                        </extensions>
                    </trkpt>
                    <trkpt lat="54.92183" lon="10.884703333333333">
                        <ele>0</ele>
                        <time>2022-08-18T04:32:55Z</time>
                                                <extensions>
                            <sog>18.2</sog>
<cog>203.4</cog>
                        </extensions>
                    </trkpt>
                    <trkpt lat="54.92136666666667" lon="10.884355">
                        <ele>0</ele>
                        <time>2022-08-18T04:33:01Z</time>
                                                <extensions>
                            <sog>18.2</sog>
<cog>203.4</cog>
                        </extensions>
                    </trkpt>
                    <trkpt lat="54.92044166666667" lon="10.883656666666667">
                        <ele>0</ele>
                        <time>2022-08-18T04:33:13Z</time>
                                                <extensions>
                            <sog>18.2</sog>
<cog>203.4</cog>
                        </extensions>
                    </trkpt>
                    <trkpt lat="54.91905" lon="10.882616666666667">
                        <ele>0</ele>
                        <time>2022-08-18T04:33:30Z</time>
                                                <extensions>
                            <sog>18.2</sog>
<cog>203.2</cog>
                        </extensions>
                    </trkpt>
                    <trkpt lat="54.918663333333335" lon="10.882328333333334">
                        <ele>0</ele>
                        <time>2022-08-18T04:33:36Z</time>
                                                <extensions>
                            <sog>18.2</sog>
<cog>203.2</cog>
                        </extensions>
                    </trkpt>
                    <trkpt lat="54.91819833333333" lon="10.881983333333332">
                        <ele>0</ele>
                        <time>2022-08-18T04:33:42Z</time>
                                                <extensions>
                            <sog>18.2</sog>
<cog>203.2</cog>
                        </extensions>
                    </trkpt>
                    <trkpt lat="54.917656666666666" lon="10.881580000000001">
                        <ele>0</ele>
                        <time>2022-08-18T04:33:48Z</time>
                                                <extensions>
                            <sog>18.2</sog>
<cog>203.2</cog>
                        </extensions>
                    </trkpt>
                    <trkpt lat="54.91672666666667" lon="10.880886666666667">
                        <ele>0</ele>
                        <time>2022-08-18T04:34:01Z</time>
                                                <extensions>
                            <sog>18.2</sog>
<cog>203.2</cog>
                        </extensions>
                    </trkpt>
                    <trkpt lat="54.916261666666664" lon="10.88054">
                        <ele>0</ele>
                        <time>2022-08-18T04:34:07Z</time>
                                                <extensions>
                            <sog>18.2</sog>
<cog>203.2</cog>
                        </extensions>
                    </trkpt>
                    <trkpt lat="54.915796666666665" lon="10.880193333333333">
                        <ele>0</ele>
                        <time>2022-08-18T04:34:13Z</time>
                                                <extensions>
                            <sog>18.2</sog>
<cog>203.2</cog>
                        </extensions>
                    </trkpt>
                    <trkpt lat="54.91533166666667" lon="10.879848333333333">
                        <ele>0</ele>
                        <time>2022-08-18T04:34:19Z</time>
                                                <extensions>
                            <sog>18.2</sog>
<cog>203.2</cog>
                        </extensions>
                    </trkpt>
                    <trkpt lat="54.91494333333333" lon="10.87956">
                        <ele>0</ele>
                        <time>2022-08-18T04:34:24Z</time>
                                                <extensions>
                            <sog>18.2</sog>
<cog>203.1</cog>
                        </extensions>
                    </trkpt>
                    <trkpt lat="54.9144" lon="10.87916">
                        <ele>0</ele>
                        <time>2022-08-18T04:34:30Z</time>
                                                <extensions>
                            <sog>18.2</sog>
<cog>202.8</cog>
                        </extensions>
                    </trkpt>
                    <trkpt lat="54.91401" lon="10.878878333333335">
                        <ele>0</ele>
                        <time>2022-08-18T04:34:36Z</time>
                                                <extensions>
                            <sog>18.2</sog>
<cog>202.6</cog>
                        </extensions>
                    </trkpt>
                    <trkpt lat="54.912995" lon="10.878156666666666">
                        <ele>0</ele>
                        <time>2022-08-18T04:34:49Z</time>
                                                <extensions>
                            <sog>18.2</sog>
<cog>202.0</cog>
                        </extensions>
                    </trkpt>
                    <trkpt lat="54.91205333333333" lon="10.877503333333333">
                        <ele>0</ele>
                        <time>2022-08-18T04:35:01Z</time>
                                                <extensions>
                            <sog>18.2</sog>
<cog>201.7</cog>
                        </extensions>
                    </trkpt>
                    <trkpt lat="54.91110833333333" lon="10.876865">
                        <ele>0</ele>
                        <time>2022-08-18T04:35:13Z</time>
                                                <extensions>
                            <sog>18.2</sog>
<cog>201.1</cog>
                        </extensions>
                    </trkpt>
                    <trkpt lat="54.91024" lon="10.876293333333333">
                        <ele>0</ele>
                        <time>2022-08-18T04:35:24Z</time>
                                                <extensions>
                            <sog>18.2</sog>
<cog>200.6</cog>
                        </extensions>
                    </trkpt>
                    <trkpt lat="54.90976333333333" lon="10.875988333333334">
                        <ele>0</ele>
                        <time>2022-08-18T04:35:30Z</time>
                                                <extensions>
                            <sog>18.2</sog>
<cog>200.3</cog>
                        </extensions>
                    </trkpt>
                    <trkpt lat="54.90928833333333" lon="10.875685">
                        <ele>0</ele>
                        <time>2022-08-18T04:35:36Z</time>
                                                <extensions>
                            <sog>18.3</sog>
<cog>200.1</cog>
                        </extensions>
                    </trkpt>
                    <trkpt lat="54.90881" lon="10.875385">
                        <ele>0</ele>
                        <time>2022-08-18T04:35:42Z</time>
                                                <extensions>
                            <sog>18.3</sog>
<cog>199.8</cog>
                        </extensions>
                    </trkpt>
                    <trkpt lat="54.908251666666665" lon="10.87504">
                        <ele>0</ele>
                        <time>2022-08-18T04:35:49Z</time>
                                                <extensions>
                            <sog>18.3</sog>
<cog>199.5</cog>
                        </extensions>
                    </trkpt>
                    <trkpt lat="54.90777166666667" lon="10.874748333333335">
                        <ele>0</ele>
                        <time>2022-08-18T04:35:54Z</time>
                                                <extensions>
                            <sog>18.3</sog>
<cog>199.3</cog>
                        </extensions>
                    </trkpt>
                    <trkpt lat="54.907291666666666" lon="10.87446">
                        <ele>0</ele>
                        <time>2022-08-18T04:36:01Z</time>
                                                <extensions>
                            <sog>18.3</sog>
<cog>199.0</cog>
                        </extensions>
                    </trkpt>
                    <trkpt lat="54.90681166666666" lon="10.874175000000001">
                        <ele>0</ele>
                        <time>2022-08-18T04:36:07Z</time>
                                                <extensions>
                            <sog>18.3</sog>
<cog>198.8</cog>
                        </extensions>
                    </trkpt>
                    <trkpt lat="54.906330000000004" lon="10.873895000000001">
                        <ele>0</ele>
                        <time>2022-08-18T04:36:13Z</time>
                                                <extensions>
                            <sog>18.3</sog>
<cog>198.5</cog>
                        </extensions>
                    </trkpt>
                    <trkpt lat="54.90544833333333" lon="10.873393333333333">
                        <ele>0</ele>
                        <time>2022-08-18T04:36:24Z</time>
                                                <extensions>
                            <sog>18.2</sog>
<cog>198.0</cog>
                        </extensions>
                    </trkpt>
                    <trkpt lat="54.90496666666666" lon="10.873126666666668">
                        <ele>0</ele>
                        <time>2022-08-18T04:36:30Z</time>
                                                <extensions>
                            <sog>18.2</sog>
<cog>197.7</cog>
                        </extensions>
                    </trkpt>
                    <trkpt lat="54.90448333333333" lon="10.872865">
                        <ele>0</ele>
                        <time>2022-08-18T04:36:36Z</time>
                                                <extensions>
                            <sog>18.2</sog>
<cog>197.3</cog>
                        </extensions>
                    </trkpt>
                    <trkpt lat="54.904001666666666" lon="10.872608333333334">
                        <ele>0</ele>
                        <time>2022-08-18T04:36:42Z</time>
                                                <extensions>
                            <sog>18.2</sog>
<cog>197.0</cog>
                        </extensions>
                    </trkpt>
                    <trkpt lat="54.903438333333334" lon="10.87231">
                        <ele>0</ele>
                        <time>2022-08-18T04:36:49Z</time>
                                                <extensions>
                            <sog>18.1</sog>
<cog>196.9</cog>
                        </extensions>
                    </trkpt>
                    <trkpt lat="54.902474999999995" lon="10.871803333333334">
                        <ele>0</ele>
                        <time>2022-08-18T04:37:01Z</time>
                                                <extensions>
                            <sog>18.1</sog>
<cog>196.8</cog>
                        </extensions>
                    </trkpt>
                    <trkpt lat="54.90199333333333" lon="10.871550000000001">
                        <ele>0</ele>
                        <time>2022-08-18T04:37:07Z</time>
                                                <extensions>
                            <sog>18.1</sog>
<cog>196.9</cog>
                        </extensions>
                    </trkpt>
                    <trkpt lat="54.90151" lon="10.871295">
                        <ele>0</ele>
                        <time>2022-08-18T04:37:13Z</time>
                                                <extensions>
                            <sog>18.1</sog>
<cog>196.8</cog>
                        </extensions>
                    </trkpt>
                    <trkpt lat="54.901028333333336" lon="10.871043333333335">
                        <ele>0</ele>
                        <time>2022-08-18T04:37:19Z</time>
                                                <extensions>
                            <sog>18.1</sog>
<cog>196.7</cog>
                        </extensions>
                    </trkpt>
                    <trkpt lat="54.900625" lon="10.870835">
                        <ele>0</ele>
                        <time>2022-08-18T04:37:24Z</time>
                                                <extensions>
                            <sog>18.2</sog>
<cog>196.6</cog>
                        </extensions>
                    </trkpt>
                    <trkpt lat="54.90014166666666" lon="10.870585">
                        <ele>0</ele>
                        <time>2022-08-18T04:37:30Z</time>
                                                <extensions>
                            <sog>18.1</sog>
<cog>196.5</cog>
                        </extensions>
                    </trkpt>
                    <trkpt lat="54.899660000000004" lon="10.870336666666667">
                        <ele>0</ele>
                        <time>2022-08-18T04:37:36Z</time>
                                                <extensions>
                            <sog>18.1</sog>
<cog>196.4</cog>
                        </extensions>
                    </trkpt>
                    <trkpt lat="54.89861666666666" lon="10.869803333333333">
                        <ele>0</ele>
                        <time>2022-08-18T04:37:49Z</time>
                                                <extensions>
                            <sog>18.0</sog>
<cog>196.3</cog>
                        </extensions>
                    </trkpt>
                    <trkpt lat="54.898136666666666" lon="10.869561666666668">
                        <ele>0</ele>
                        <time>2022-08-18T04:37:54Z</time>
                                                <extensions>
                            <sog>18.0</sog>
<cog>196.2</cog>
                        </extensions>
                    </trkpt>
                    <trkpt lat="54.89765666666666" lon="10.869318333333332">
                        <ele>0</ele>
                        <time>2022-08-18T04:38:01Z</time>
                                                <extensions>
                            <sog>18.0</sog>
<cog>196.2</cog>
                        </extensions>
                    </trkpt>
                    <trkpt lat="54.89717666666666" lon="10.869075">
                        <ele>0</ele>
                        <time>2022-08-18T04:38:07Z</time>
                                                <extensions>
                            <sog>18.0</sog>
<cog>196.2</cog>
                        </extensions>
                    </trkpt>
                    <trkpt lat="54.89669833333333" lon="10.868831666666667">
                        <ele>0</ele>
                        <time>2022-08-18T04:38:13Z</time>
                                                <extensions>
                            <sog>18.0</sog>
<cog>196.2</cog>
                        </extensions>
                    </trkpt>
                    <trkpt lat="54.89621833333333" lon="10.868590000000001">
                        <ele>0</ele>
                        <time>2022-08-18T04:38:19Z</time>
                                                <extensions>
                            <sog>18.0</sog>
<cog>196.2</cog>
                        </extensions>
                    </trkpt>
                    <trkpt lat="54.89485833333333" lon="10.86791">
                        <ele>0</ele>
                        <time>2022-08-18T04:38:36Z</time>
                                                <extensions>
                            <sog>18.0</sog>
<cog>196.0</cog>
                        </extensions>
                    </trkpt>
                    <trkpt lat="54.893818333333336" lon="10.867381666666667">
                        <ele>0</ele>
                        <time>2022-08-18T04:38:49Z</time>
                                                <extensions>
                            <sog>18.0</sog>
<cog>196.4</cog>
                        </extensions>
                    </trkpt>
                    <trkpt lat="54.89333666666666" lon="10.867135">
                        <ele>0</ele>
                        <time>2022-08-18T04:38:54Z</time>
                                                <extensions>
                            <sog>18.1</sog>
<cog>196.4</cog>
                        </extensions>
                    </trkpt>
                    <trkpt lat="54.892855000000004" lon="10.866886666666666">
                        <ele>0</ele>
                        <time>2022-08-18T04:39:01Z</time>
                                                <extensions>
                            <sog>18.1</sog>
<cog>196.4</cog>
                        </extensions>
                    </trkpt>
                    <trkpt lat="54.89237333333333" lon="10.866641666666668">
                        <ele>0</ele>
                        <time>2022-08-18T04:39:07Z</time>
                                                <extensions>
                            <sog>18.1</sog>
<cog>196.3</cog>
                        </extensions>
                    </trkpt>
                    <trkpt lat="54.89141333333334" lon="10.866163333333333">
                        <ele>0</ele>
                        <time>2022-08-18T04:39:19Z</time>
                                                <extensions>
                            <sog>17.9</sog>
<cog>195.9</cog>
                        </extensions>
                    </trkpt>
                    <trkpt lat="54.89054333333333" lon="10.865741666666667">
                        <ele>0</ele>
                        <time>2022-08-18T04:39:30Z</time>
                                                <extensions>
                            <sog>17.7</sog>
<cog>195.4</cog>
                        </extensions>
                    </trkpt>
                    <trkpt lat="54.88866666666667" lon="10.864861666666666">
                        <ele>0</ele>
                        <time>2022-08-18T04:39:54Z</time>
                                                <extensions>
                            <sog>17.3</sog>
<cog>195.1</cog>
                        </extensions>
                    </trkpt>
                    <trkpt lat="54.88589666666667" lon="10.863548333333334">
                        <ele>0</ele>
                        <time>2022-08-18T04:40:30Z</time>
                                                <extensions>
                            <sog>17.2</sog>
<cog>195.4</cog>
                        </extensions>
                    </trkpt>
                    <trkpt lat="54.884975000000004" lon="10.863098333333333">
                        <ele>0</ele>
                        <time>2022-08-18T04:40:42Z</time>
                                                <extensions>
                            <sog>17.2</sog>
<cog>195.7</cog>
                        </extensions>
                    </trkpt>
                    <trkpt lat="54.884438333333335" lon="10.862834999999999">
                        <ele>0</ele>
                        <time>2022-08-18T04:40:49Z</time>
                                                <extensions>
                            <sog>17.2</sog>
<cog>195.8</cog>
                        </extensions>
                    </trkpt>
                    <trkpt lat="54.884056666666666" lon="10.862646666666667">
                        <ele>0</ele>
                        <time>2022-08-18T04:40:54Z</time>
                                                <extensions>
                            <sog>17.2</sog>
<cog>195.9</cog>
                        </extensions>
                    </trkpt>
                    <trkpt lat="54.88306333333333" lon="10.862153333333334">
                        <ele>0</ele>
                        <time>2022-08-18T04:41:07Z</time>
                                                <extensions>
                            <sog>17.2</sog>
<cog>195.9</cog>
                        </extensions>
                    </trkpt>
                    <trkpt lat="54.88214666666667" lon="10.8617">
                        <ele>0</ele>
                        <time>2022-08-18T04:41:19Z</time>
                                                <extensions>
                            <sog>17.1</sog>
<cog>195.9</cog>
                        </extensions>
                    </trkpt>
                    <trkpt lat="54.88077333333333" lon="10.861018333333334">
                        <ele>0</ele>
                        <time>2022-08-18T04:41:37Z</time>
                                                <extensions>
                            <sog>17.1</sog>
<cog>195.9</cog>
                        </extensions>
                    </trkpt>
                    <trkpt lat="54.87986166666667" lon="10.860565000000001">
                        <ele>0</ele>
                        <time>2022-08-18T04:41:49Z</time>
                                                <extensions>
                            <sog>17.1</sog>
<cog>196.0</cog>
                        </extensions>
                    </trkpt>
                    <trkpt lat="54.87948166666667" lon="10.860376666666667">
                        <ele>0</ele>
                        <time>2022-08-18T04:41:54Z</time>
                                                <extensions>
                            <sog>17.1</sog>
<cog>196.0</cog>
                        </extensions>
                    </trkpt>
                    <trkpt lat="54.87849333333334" lon="10.859883333333332">
                        <ele>0</ele>
                        <time>2022-08-18T04:42:07Z</time>
                                                <extensions>
                            <sog>17.1</sog>
<cog>196.0</cog>
                        </extensions>
                    </trkpt>
                    <trkpt lat="54.877579999999995" lon="10.859425">
                        <ele>0</ele>
                        <time>2022-08-18T04:42:19Z</time>
                                                <extensions>
                            <sog>17.1</sog>
<cog>196.1</cog>
                        </extensions>
                    </trkpt>
                    <trkpt lat="54.87674166666667" lon="10.859003333333334">
                        <ele>0</ele>
                        <time>2022-08-18T04:42:30Z</time>
                                                <extensions>
                            <sog>17.1</sog>
<cog>196.1</cog>
                        </extensions>
                    </trkpt>
                    <trkpt lat="54.87620666666667" lon="10.858735">
                        <ele>0</ele>
                        <time>2022-08-18T04:42:37Z</time>
                                                <extensions>
                            <sog>17.2</sog>
<cog>196.1</cog>
                        </extensions>
                    </trkpt>
                    <trkpt lat="54.875825" lon="10.858541666666667">
                        <ele>0</ele>
                        <time>2022-08-18T04:42:42Z</time>
                                                <extensions>
                            <sog>17.2</sog>
<cog>196.2</cog>
                        </extensions>
                    </trkpt>
                    <trkpt lat="54.87529" lon="10.858271666666667">
                        <ele>0</ele>
                        <time>2022-08-18T04:42:49Z</time>
                                                <extensions>
                            <sog>17.2</sog>
<cog>196.1</cog>
                        </extensions>
                    </trkpt>
                    <trkpt lat="54.87490666666667" lon="10.858081666666667">
                        <ele>0</ele>
                        <time>2022-08-18T04:42:54Z</time>
                                                <extensions>
                            <sog>17.2</sog>
<cog>196.1</cog>
                        </extensions>
                    </trkpt>
                    <trkpt lat="54.873915000000004" lon="10.857585">
                        <ele>0</ele>
                        <time>2022-08-18T04:43:07Z</time>
                                                <extensions>
                            <sog>17.1</sog>
<cog>196.0</cog>
                        </extensions>
                    </trkpt>
                    <trkpt lat="54.873000000000005" lon="10.857128333333332">
                        <ele>0</ele>
                        <time>2022-08-18T04:43:19Z</time>
                                                <extensions>
                            <sog>17.1</sog>
<cog>196.0</cog>
                        </extensions>
                    </trkpt>
                    <trkpt lat="54.87254333333333" lon="10.856901666666666">
                        <ele>0</ele>
                        <time>2022-08-18T04:43:25Z</time>
                                                <extensions>
                            <sog>17.1</sog>
<cog>196.0</cog>
                        </extensions>
                    </trkpt>
                    <trkpt lat="54.871629999999996" lon="10.856451666666667">
                        <ele>0</ele>
                        <time>2022-08-18T04:43:37Z</time>
                                                <extensions>
                            <sog>17.1</sog>
<cog>195.8</cog>
                        </extensions>
                    </trkpt>
                    <trkpt lat="54.871175" lon="10.856228333333332">
                        <ele>0</ele>
                        <time>2022-08-18T04:43:43Z</time>
                                                <extensions>
                            <sog>17.0</sog>
<cog>195.7</cog>
                        </extensions>
                    </trkpt>
                    <trkpt lat="54.870718333333336" lon="10.856008333333333">
                        <ele>0</ele>
                        <time>2022-08-18T04:43:49Z</time>
                                                <extensions>
                            <sog>17.0</sog>
<cog>195.6</cog>
                        </extensions>
                    </trkpt>
                    <trkpt lat="54.869355000000006" lon="10.855353333333333">
                        <ele>0</ele>
                        <time>2022-08-18T04:44:07Z</time>
                                                <extensions>
                            <sog>16.9</sog>
<cog>195.4</cog>
                        </extensions>
                    </trkpt>
                    <trkpt lat="54.86844833333334" lon="10.854916666666666">
                        <ele>0</ele>
                        <time>2022-08-18T04:44:19Z</time>
                                                <extensions>
                            <sog>16.9</sog>
<cog>195.5</cog>
                        </extensions>
                    </trkpt>
                    <trkpt lat="54.86799666666666" lon="10.854698333333333">
                        <ele>0</ele>
                        <time>2022-08-18T04:44:25Z</time>
                                                <extensions>
                            <sog>16.9</sog>
<cog>195.5</cog>
                        </extensions>
                    </trkpt>
                    <trkpt lat="54.867171666666664" lon="10.854301666666666">
                        <ele>0</ele>
                        <time>2022-08-18T04:44:36Z</time>
                                                <extensions>
                            <sog>16.8</sog>
<cog>195.4</cog>
                        </extensions>
                    </trkpt>
                    <trkpt lat="54.86664833333334" lon="10.85405">
                        <ele>0</ele>
                        <time>2022-08-18T04:44:43Z</time>
                                                <extensions>
                            <sog>16.7</sog>
<cog>195.5</cog>
                        </extensions>
                    </trkpt>
                    <trkpt lat="54.86620166666667" lon="10.853836666666666">
                        <ele>0</ele>
                        <time>2022-08-18T04:44:49Z</time>
                                                <extensions>
                            <sog>16.7</sog>
<cog>195.4</cog>
                        </extensions>
                    </trkpt>
                    <trkpt lat="54.865755" lon="10.853621666666667">
                        <ele>0</ele>
                        <time>2022-08-18T04:44:55Z</time>
                                                <extensions>
                            <sog>16.7</sog>
<cog>195.4</cog>
                        </extensions>
                    </trkpt>
                    <trkpt lat="54.86531" lon="10.853406666666666">
                        <ele>0</ele>
                        <time>2022-08-18T04:45:01Z</time>
                                                <extensions>
                            <sog>16.7</sog>
<cog>195.6</cog>
                        </extensions>
                    </trkpt>
                    <trkpt lat="54.86486333333333" lon="10.853188333333332">
                        <ele>0</ele>
                        <time>2022-08-18T04:45:07Z</time>
                                                <extensions>
                            <sog>16.7</sog>
<cog>195.7</cog>
                        </extensions>
                    </trkpt>
                    <trkpt lat="54.864045000000004" lon="10.852785">
                        <ele>0</ele>
                        <time>2022-08-18T04:45:18Z</time>
                                                <extensions>
                            <sog>16.7</sog>
<cog>196.0</cog>
                        </extensions>
                    </trkpt>
                    <trkpt lat="54.86352333333333" lon="10.852523333333332">
                        <ele>0</ele>
                        <time>2022-08-18T04:45:24Z</time>
                                                <extensions>
                            <sog>16.7</sog>
<cog>196.1</cog>
                        </extensions>
                    </trkpt>
                    <trkpt lat="54.86315166666667" lon="10.852336666666668">
                        <ele>0</ele>
                        <time>2022-08-18T04:45:30Z</time>
                                                <extensions>
                            <sog>16.7</sog>
<cog>196.1</cog>
                        </extensions>
                    </trkpt>
                    <trkpt lat="54.86270666666667" lon="10.852113333333334">
                        <ele>0</ele>
                        <time>2022-08-18T04:45:36Z</time>
                                                <extensions>
                            <sog>16.7</sog>
<cog>196.1</cog>
                        </extensions>
                    </trkpt>
                    <trkpt lat="54.862186666666666" lon="10.851851666666667">
                        <ele>0</ele>
                        <time>2022-08-18T04:45:42Z</time>
                                                <extensions>
                            <sog>16.7</sog>
<cog>196.1</cog>
                        </extensions>
                    </trkpt>
                    <trkpt lat="54.86174333333334" lon="10.85163">
                        <ele>0</ele>
                        <time>2022-08-18T04:45:49Z</time>
                                                <extensions>
                            <sog>16.6</sog>
<cog>196.1</cog>
                        </extensions>
                    </trkpt>
                    <trkpt lat="54.860855" lon="10.851185">
                        <ele>0</ele>
                        <time>2022-08-18T04:46:01Z</time>
                                                <extensions>
                            <sog>16.6</sog>
<cog>196.1</cog>
                        </extensions>
                    </trkpt>
                    <trkpt lat="54.86041" lon="10.850961666666667">
                        <ele>0</ele>
                        <time>2022-08-18T04:46:07Z</time>
                                                <extensions>
                            <sog>16.7</sog>
<cog>196.0</cog>
                        </extensions>
                    </trkpt>
                    <trkpt lat="54.859590000000004" lon="10.850551666666666">
                        <ele>0</ele>
                        <time>2022-08-18T04:46:18Z</time>
                                                <extensions>
                            <sog>16.8</sog>
<cog>196.2</cog>
                        </extensions>
                    </trkpt>
                    <trkpt lat="54.859065" lon="10.850285000000001">
                        <ele>0</ele>
                        <time>2022-08-18T04:46:24Z</time>
                                                <extensions>
                            <sog>16.9</sog>
<cog>196.2</cog>
                        </extensions>
                    </trkpt>
                    <trkpt lat="54.858235" lon="10.84986">
                        <ele>0</ele>
                        <time>2022-08-18T04:46:36Z</time>
                                                <extensions>
                            <sog>17.0</sog>
<cog>196.5</cog>
                        </extensions>
                    </trkpt>
                    <trkpt lat="54.857705" lon="10.849583333333333">
                        <ele>0</ele>
                        <time>2022-08-18T04:46:42Z</time>
                                                <extensions>
                            <sog>17.1</sog>
<cog>196.6</cog>
                        </extensions>
                    </trkpt>
                    <trkpt lat="54.85724833333334" lon="10.849345">
                        <ele>0</ele>
                        <time>2022-08-18T04:46:49Z</time>
                                                <extensions>
                            <sog>17.2</sog>
<cog>196.7</cog>
                        </extensions>
                    </trkpt>
                    <trkpt lat="54.85633166666666" lon="10.84887">
                        <ele>0</ele>
                        <time>2022-08-18T04:47:01Z</time>
                                                <extensions>
                            <sog>17.2</sog>
<cog>196.6</cog>
                        </extensions>
                    </trkpt>
                    <trkpt lat="54.855871666666665" lon="10.848633333333334">
                        <ele>0</ele>
                        <time>2022-08-18T04:47:07Z</time>
                                                <extensions>
                            <sog>17.2</sog>
<cog>196.5</cog>
                        </extensions>
                    </trkpt>
                    <trkpt lat="54.85502833333333" lon="10.848203333333334">
                        <ele>0</ele>
                        <time>2022-08-18T04:47:18Z</time>
                                                <extensions>
                            <sog>17.2</sog>
<cog>196.3</cog>
                        </extensions>
                    </trkpt>
                    <trkpt lat="54.854569999999995" lon="10.84797">
                        <ele>0</ele>
                        <time>2022-08-18T04:47:24Z</time>
                                                <extensions>
                            <sog>17.2</sog>
<cog>196.3</cog>
                        </extensions>
                    </trkpt>
                    <trkpt lat="54.85411" lon="10.847736666666666">
                        <ele>0</ele>
                        <time>2022-08-18T04:47:30Z</time>
                                                <extensions>
                            <sog>17.2</sog>
<cog>196.4</cog>
                        </extensions>
                    </trkpt>
                    <trkpt lat="54.853651666666664" lon="10.847501666666666">
                        <ele>0</ele>
                        <time>2022-08-18T04:47:36Z</time>
                                                <extensions>
                            <sog>17.2</sog>
<cog>196.3</cog>
                        </extensions>
                    </trkpt>
                    <trkpt lat="54.853115" lon="10.847228333333334">
                        <ele>0</ele>
                        <time>2022-08-18T04:47:42Z</time>
                                                <extensions>
                            <sog>17.2</sog>
<cog>196.3</cog>
                        </extensions>
                    </trkpt>
                    <trkpt lat="54.852655" lon="10.846993333333334">
                        <ele>0</ele>
                        <time>2022-08-18T04:47:49Z</time>
                                                <extensions>
                            <sog>17.3</sog>
<cog>196.4</cog>
                        </extensions>
                    </trkpt>
                    <trkpt lat="54.85219333333334" lon="10.846758333333334">
                        <ele>0</ele>
                        <time>2022-08-18T04:47:55Z</time>
                                                <extensions>
                            <sog>17.3</sog>
<cog>196.4</cog>
                        </extensions>
                    </trkpt>
                    <trkpt lat="54.851731666666666" lon="10.846523333333332">
                        <ele>0</ele>
                        <time>2022-08-18T04:48:01Z</time>
                                                <extensions>
                            <sog>17.3</sog>
<cog>196.3</cog>
                        </extensions>
                    </trkpt>
                    <trkpt lat="54.85126833333334" lon="10.846286666666666">
                        <ele>0</ele>
                        <time>2022-08-18T04:48:07Z</time>
                                                <extensions>
                            <sog>17.4</sog>
<cog>196.3</cog>
                        </extensions>
                    </trkpt>
                    <trkpt lat="54.850415" lon="10.845853333333334">
                        <ele>0</ele>
                        <time>2022-08-18T04:48:18Z</time>
                                                <extensions>
                            <sog>17.5</sog>
<cog>196.3</cog>
                        </extensions>
                    </trkpt>
                    <trkpt lat="54.84994833333334" lon="10.845615">
                        <ele>0</ele>
                        <time>2022-08-18T04:48:24Z</time>
                                                <extensions>
                            <sog>17.5</sog>
<cog>196.4</cog>
                        </extensions>
                    </trkpt>
                    <trkpt lat="54.84948" lon="10.845373333333333">
                        <ele>0</ele>
                        <time>2022-08-18T04:48:30Z</time>
                                                <extensions>
                            <sog>17.6</sog>
<cog>196.5</cog>
                        </extensions>
                    </trkpt>
                    <trkpt lat="54.84901" lon="10.845130000000001">
                        <ele>0</ele>
                        <time>2022-08-18T04:48:36Z</time>
                                                <extensions>
                            <sog>17.7</sog>
<cog>196.6</cog>
                        </extensions>
                    </trkpt>
                    <trkpt lat="54.84845666666667" lon="10.84484">
                        <ele>0</ele>
                        <time>2022-08-18T04:48:42Z</time>
                                                <extensions>
                            <sog>17.8</sog>
<cog>196.9</cog>
                        </extensions>
                    </trkpt>
                    <trkpt lat="54.84798333333333" lon="10.844583333333333">
                        <ele>0</ele>
                        <time>2022-08-18T04:48:49Z</time>
                                                <extensions>
                            <sog>17.9</sog>
<cog>197.2</cog>
                        </extensions>
                    </trkpt>
                    <trkpt lat="54.847586666666665" lon="10.84437">
                        <ele>0</ele>
                        <time>2022-08-18T04:48:54Z</time>
                                                <extensions>
                            <sog>17.9</sog>
<cog>197.2</cog>
                        </extensions>
                    </trkpt>
                    <trkpt lat="54.847030000000004" lon="10.844078333333332">
                        <ele>0</ele>
                        <time>2022-08-18T04:49:01Z</time>
                                                <extensions>
                            <sog>17.9</sog>
<cog>196.8</cog>
                        </extensions>
                    </trkpt>
                    <trkpt lat="54.84655333333333" lon="10.843835">
                        <ele>0</ele>
                        <time>2022-08-18T04:49:07Z</time>
                                                <extensions>
                            <sog>17.9</sog>
<cog>196.3</cog>
                        </extensions>
                    </trkpt>
                    <trkpt lat="54.84520333333333" lon="10.843168333333333">
                        <ele>0</ele>
                        <time>2022-08-18T04:49:24Z</time>
                                                <extensions>
                            <sog>17.8</sog>
<cog>195.9</cog>
                        </extensions>
                    </trkpt>
                    <trkpt lat="54.844728333333336" lon="10.842929999999999">
                        <ele>0</ele>
                        <time>2022-08-18T04:49:30Z</time>
                                                <extensions>
                            <sog>17.8</sog>
<cog>196.1</cog>
                        </extensions>
                    </trkpt>
                    <trkpt lat="54.844253333333334" lon="10.842690000000001">
                        <ele>0</ele>
                        <time>2022-08-18T04:49:36Z</time>
                                                <extensions>
                            <sog>17.8</sog>
<cog>196.1</cog>
                        </extensions>
                    </trkpt>
                    <trkpt lat="54.843698333333336" lon="10.842416666666667">
                        <ele>0</ele>
                        <time>2022-08-18T04:49:42Z</time>
                                                <extensions>
                            <sog>17.8</sog>
<cog>195.8</cog>
                        </extensions>
                    </trkpt>
                    <trkpt lat="54.843219999999995" lon="10.842185">
                        <ele>0</ele>
                        <time>2022-08-18T04:49:49Z</time>
                                                <extensions>
                            <sog>17.9</sog>
<cog>195.6</cog>
                        </extensions>
                    </trkpt>
                    <trkpt lat="54.842821666666666" lon="10.841990000000001">
                        <ele>0</ele>
                        <time>2022-08-18T04:49:54Z</time>
                                                <extensions>
                            <sog>17.9</sog>
<cog>195.8</cog>
                        </extensions>
                    </trkpt>
                    <trkpt lat="54.842261666666666" lon="10.84172">
                        <ele>0</ele>
                        <time>2022-08-18T04:50:01Z</time>
                                                <extensions>
                            <sog>17.9</sog>
<cog>195.5</cog>
                        </extensions>
                    </trkpt>
                    <trkpt lat="54.84090166666667" lon="10.841026666666666">
                        <ele>0</ele>
                        <time>2022-08-18T04:50:18Z</time>
                                                <extensions>
                            <sog>18.1</sog>
<cog>196.4</cog>
                        </extensions>
                    </trkpt>
                    <trkpt lat="54.84042" lon="10.840781666666667">
                        <ele>0</ele>
                        <time>2022-08-18T04:50:24Z</time>
                                                <extensions>
                            <sog>18.1</sog>
<cog>196.3</cog>
                        </extensions>
                    </trkpt>
                    <trkpt lat="54.83993833333333" lon="10.840535">
                        <ele>0</ele>
                        <time>2022-08-18T04:50:30Z</time>
                                                <extensions>
                            <sog>18.1</sog>
<cog>196.4</cog>
                        </extensions>
                    </trkpt>
                    <trkpt lat="54.839455" lon="10.840291666666667">
                        <ele>0</ele>
                        <time>2022-08-18T04:50:36Z</time>
                                                <extensions>
                            <sog>18.1</sog>
<cog>196.1</cog>
                        </extensions>
                    </trkpt>
                    <trkpt lat="54.83889166666667" lon="10.840013333333333">
                        <ele>0</ele>
                        <time>2022-08-18T04:50:42Z</time>
                                                <extensions>
                            <sog>18.1</sog>
<cog>195.8</cog>
                        </extensions>
                    </trkpt>
                    <trkpt lat="54.838004999999995" lon="10.839586666666666">
                        <ele>0</ele>
                        <time>2022-08-18T04:50:54Z</time>
                                                <extensions>
                            <sog>18.1</sog>
<cog>195.3</cog>
                        </extensions>
                    </trkpt>
                    <trkpt lat="54.83744" lon="10.839323333333335">
                        <ele>0</ele>
                        <time>2022-08-18T04:51:01Z</time>
                                                <extensions>
                            <sog>18.0</sog>
<cog>195.1</cog>
                        </extensions>
                    </trkpt>
                    <trkpt lat="54.835985" lon="10.838671666666666">
                        <ele>0</ele>
                        <time>2022-08-18T04:51:19Z</time>
                                                <extensions>
                            <sog>18.0</sog>
<cog>194.2</cog>
                        </extensions>
                    </trkpt>
                    <trkpt lat="54.83452833333333" lon="10.838056666666667">
                        <ele>0</ele>
                        <time>2022-08-18T04:51:36Z</time>
                                                <extensions>
                            <sog>18.0</sog>
<cog>193.4</cog>
                        </extensions>
                    </trkpt>
                    <trkpt lat="54.834041666666664" lon="10.837860000000001">
                        <ele>0</ele>
                        <time>2022-08-18T04:51:42Z</time>
                                                <extensions>
                            <sog>18.0</sog>
<cog>193.1</cog>
                        </extensions>
                    </trkpt>
                    <trkpt lat="54.83258166666667" lon="10.837295000000001">
                        <ele>0</ele>
                        <time>2022-08-18T04:52:01Z</time>
                                                <extensions>
                            <sog>17.9</sog>
<cog>192.4</cog>
                        </extensions>
                    </trkpt>
                    <trkpt lat="54.83112333333334" lon="10.83676">
                        <ele>0</ele>
                        <time>2022-08-18T04:52:19Z</time>
                                                <extensions>
                            <sog>17.9</sog>
<cog>191.6</cog>
                        </extensions>
                    </trkpt>
                    <trkpt lat="54.82974166666667" lon="10.836291666666666">
                        <ele>0</ele>
                        <time>2022-08-18T04:52:36Z</time>
                                                <extensions>
                            <sog>17.9</sog>
<cog>190.8</cog>
                        </extensions>
                    </trkpt>
                    <trkpt lat="54.829254999999996" lon="10.836135">
                        <ele>0</ele>
                        <time>2022-08-18T04:52:42Z</time>
                                                <extensions>
                            <sog>17.8</sog>
<cog>190.4</cog>
                        </extensions>
                    </trkpt>
                    <trkpt lat="54.82876666666667" lon="10.835984999999999">
                        <ele>0</ele>
                        <time>2022-08-18T04:52:48Z</time>
                                                <extensions>
                            <sog>17.8</sog>
<cog>190.0</cog>
                        </extensions>
                    </trkpt>
                    <trkpt lat="54.827708333333334" lon="10.835681666666666">
                        <ele>0</ele>
                        <time>2022-08-18T04:53:01Z</time>
                                                <extensions>
                            <sog>17.8</sog>
<cog>189.1</cog>
                        </extensions>
                    </trkpt>
                    <trkpt lat="54.827220000000004" lon="10.835548333333332">
                        <ele>0</ele>
                        <time>2022-08-18T04:53:07Z</time>
                                                <extensions>
                            <sog>17.8</sog>
<cog>188.8</cog>
                        </extensions>
                    </trkpt>
                    <trkpt lat="54.82624333333333" lon="10.835296666666666">
                        <ele>0</ele>
                        <time>2022-08-18T04:53:19Z</time>
                                                <extensions>
                            <sog>17.8</sog>
<cog>188.3</cog>
                        </extensions>
                    </trkpt>
                    <trkpt lat="54.82526666666667" lon="10.835058333333334">
                        <ele>0</ele>
                        <time>2022-08-18T04:53:30Z</time>
                                                <extensions>
                            <sog>17.7</sog>
<cog>187.9</cog>
                        </extensions>
                    </trkpt>
                    <trkpt lat="54.82477666666667" lon="10.834945000000001">
                        <ele>0</ele>
                        <time>2022-08-18T04:53:36Z</time>
                                                <extensions>
                            <sog>17.7</sog>
<cog>187.6</cog>
                        </extensions>
                    </trkpt>
                    <trkpt lat="54.824288333333335" lon="10.834835">
                        <ele>0</ele>
                        <time>2022-08-18T04:53:43Z</time>
                                                <extensions>
                            <sog>17.7</sog>
<cog>187.4</cog>
                        </extensions>
                    </trkpt>
                    <trkpt lat="54.82388" lon="10.834745">
                        <ele>0</ele>
                        <time>2022-08-18T04:53:48Z</time>
                                                <extensions>
                            <sog>17.7</sog>
<cog>187.1</cog>
                        </extensions>
                    </trkpt>
                    <trkpt lat="54.82339" lon="10.834643333333334">
                        <ele>0</ele>
                        <time>2022-08-18T04:53:54Z</time>
                                                <extensions>
                            <sog>17.7</sog>
<cog>186.9</cog>
                        </extensions>
                    </trkpt>
                    <trkpt lat="54.82282" lon="10.834528333333333">
                        <ele>0</ele>
                        <time>2022-08-18T04:54:01Z</time>
                                                <extensions>
                            <sog>17.7</sog>
<cog>186.5</cog>
                        </extensions>
                    </trkpt>
                    <trkpt lat="54.82037166666667" lon="10.834103333333333">
                        <ele>0</ele>
                        <time>2022-08-18T04:54:30Z</time>
                                                <extensions>
                            <sog>17.7</sog>
<cog>185.2</cog>
                        </extensions>
                    </trkpt>
                    <trkpt lat="54.819963333333334" lon="10.83404">
                        <ele>0</ele>
                        <time>2022-08-18T04:54:36Z</time>
                                                <extensions>
                            <sog>17.7</sog>
<cog>185.0</cog>
                        </extensions>
                    </trkpt>
                    <trkpt lat="54.81939166666667" lon="10.833956666666667">
                        <ele>0</ele>
                        <time>2022-08-18T04:54:43Z</time>
                                                <extensions>
                            <sog>17.7</sog>
<cog>184.8</cog>
                        </extensions>
                    </trkpt>
                    <trkpt lat="54.818983333333335" lon="10.8339">
                        <ele>0</ele>
                        <time>2022-08-18T04:54:48Z</time>
                                                <extensions>
                            <sog>17.7</sog>
<cog>184.6</cog>
                        </extensions>
                    </trkpt>
                    <trkpt lat="54.81792" lon="10.833763333333334">
                        <ele>0</ele>
                        <time>2022-08-18T04:55:01Z</time>
                                                <extensions>
                            <sog>17.7</sog>
<cog>184.1</cog>
                        </extensions>
                    </trkpt>
                    <trkpt lat="54.817429999999995" lon="10.833705">
                        <ele>0</ele>
                        <time>2022-08-18T04:55:07Z</time>
                                                <extensions>
                            <sog>17.7</sog>
<cog>183.8</cog>
                        </extensions>
                    </trkpt>
                    <trkpt lat="54.81653166666667" lon="10.833606666666666">
                        <ele>0</ele>
                        <time>2022-08-18T04:55:18Z</time>
                                                <extensions>
                            <sog>17.7</sog>
<cog>183.5</cog>
                        </extensions>
                    </trkpt>
                    <trkpt lat="54.815958333333334" lon="10.833544999999999">
                        <ele>0</ele>
                        <time>2022-08-18T04:55:25Z</time>
                                                <extensions>
                            <sog>17.7</sog>
<cog>183.5</cog>
                        </extensions>
                    </trkpt>
                    <trkpt lat="54.81506" lon="10.833448333333333">
                        <ele>0</ele>
                        <time>2022-08-18T04:55:36Z</time>
                                                <extensions>
                            <sog>17.7</sog>
<cog>183.5</cog>
                        </extensions>
                    </trkpt>
                    <trkpt lat="54.81448833333333" lon="10.833388333333334">
                        <ele>0</ele>
                        <time>2022-08-18T04:55:43Z</time>
                                                <extensions>
                            <sog>17.7</sog>
<cog>183.4</cog>
                        </extensions>
                    </trkpt>
                    <trkpt lat="54.81408" lon="10.833348333333333">
                        <ele>0</ele>
                        <time>2022-08-18T04:55:48Z</time>
                                                <extensions>
                            <sog>17.7</sog>
<cog>183.3</cog>
                        </extensions>
                    </trkpt>
                    <trkpt lat="54.81359166666667" lon="10.833300000000001">
                        <ele>0</ele>
                        <time>2022-08-18T04:55:54Z</time>
                                                <extensions>
                            <sog>17.7</sog>
<cog>183.2</cog>
                        </extensions>
                    </trkpt>
                    <trkpt lat="54.81302" lon="10.833246666666668">
                        <ele>0</ele>
                        <time>2022-08-18T04:56:01Z</time>
                                                <extensions>
                            <sog>17.6</sog>
<cog>183.1</cog>
                        </extensions>
                    </trkpt>
                    <trkpt lat="54.81253" lon="10.8332">
                        <ele>0</ele>
                        <time>2022-08-18T04:56:07Z</time>
                                                <extensions>
                            <sog>17.6</sog>
<cog>183.1</cog>
                        </extensions>
                    </trkpt>
                    <trkpt lat="54.81163333333333" lon="10.833111666666667">
                        <ele>0</ele>
                        <time>2022-08-18T04:56:18Z</time>
                                                <extensions>
                            <sog>17.6</sog>
<cog>183.3</cog>
                        </extensions>
                    </trkpt>
                    <trkpt lat="54.810575" lon="10.83299">
                        <ele>0</ele>
                        <time>2022-08-18T04:56:30Z</time>
                                                <extensions>
                            <sog>17.6</sog>
<cog>184.0</cog>
                        </extensions>
                    </trkpt>
                    <trkpt lat="54.809598333333334" lon="10.832865">
                        <ele>0</ele>
                        <time>2022-08-18T04:56:43Z</time>
                                                <extensions>
                            <sog>17.6</sog>
<cog>184.3</cog>
                        </extensions>
                    </trkpt>
                    <trkpt lat="54.80919166666667" lon="10.832806666666666">
                        <ele>0</ele>
                        <time>2022-08-18T04:56:48Z</time>
                                                <extensions>
                            <sog>17.6</sog>
<cog>184.6</cog>
                        </extensions>
                    </trkpt>
                    <trkpt lat="54.808703333333334" lon="10.832735000000001">
                        <ele>0</ele>
                        <time>2022-08-18T04:56:54Z</time>
                                                <extensions>
                            <sog>17.6</sog>
<cog>184.8</cog>
                        </extensions>
                    </trkpt>
                    <trkpt lat="54.80821666666667" lon="10.832661666666667">
                        <ele>0</ele>
                        <time>2022-08-18T04:57:00Z</time>
                                                <extensions>
                            <sog>17.6</sog>
<cog>185.0</cog>
                        </extensions>
                    </trkpt>
                    <trkpt lat="54.80764833333333" lon="10.832568333333334">
                        <ele>0</ele>
                        <time>2022-08-18T04:57:07Z</time>
                                                <extensions>
                            <sog>17.6</sog>
<cog>185.3</cog>
                        </extensions>
                    </trkpt>
                    <trkpt lat="54.806754999999995" lon="10.832416666666667">
                        <ele>0</ele>
                        <time>2022-08-18T04:57:18Z</time>
                                                <extensions>
                            <sog>17.6</sog>
<cog>185.7</cog>
                        </extensions>
                    </trkpt>
                    <trkpt lat="54.80618666666667" lon="10.832311666666667">
                        <ele>0</ele>
                        <time>2022-08-18T04:57:25Z</time>
                                                <extensions>
                            <sog>17.6</sog>
<cog>186.0</cog>
                        </extensions>
                    </trkpt>
                    <trkpt lat="54.8057" lon="10.832216666666666">
                        <ele>0</ele>
                        <time>2022-08-18T04:57:30Z</time>
                                                <extensions>
                            <sog>17.6</sog>
<cog>186.4</cog>
                        </extensions>
                    </trkpt>
                    <trkpt lat="54.805295" lon="10.832133333333333">
                        <ele>0</ele>
                        <time>2022-08-18T04:57:36Z</time>
                                                <extensions>
                            <sog>17.6</sog>
<cog>186.6</cog>
                        </extensions>
                    </trkpt>
                    <trkpt lat="54.80472666666667" lon="10.832013333333332">
                        <ele>0</ele>
                        <time>2022-08-18T04:57:43Z</time>
                                                <extensions>
                            <sog>17.7</sog>
<cog>187.0</cog>
                        </extensions>
                    </trkpt>
                    <trkpt lat="54.80432" lon="10.831923333333332">
                        <ele>0</ele>
                        <time>2022-08-18T04:57:48Z</time>
                                                <extensions>
                            <sog>17.7</sog>
<cog>187.2</cog>
                        </extensions>
                    </trkpt>
                    <trkpt lat="54.80383166666666" lon="10.831813333333335">
                        <ele>0</ele>
                        <time>2022-08-18T04:57:54Z</time>
                                                <extensions>
                            <sog>17.7</sog>
<cog>187.4</cog>
                        </extensions>
                    </trkpt>
                    <trkpt lat="54.803345" lon="10.831698333333332">
                        <ele>0</ele>
                        <time>2022-08-18T04:58:00Z</time>
                                                <extensions>
                            <sog>17.7</sog>
<cog>187.7</cog>
                        </extensions>
                    </trkpt>
                    <trkpt lat="54.80131166666667" lon="10.831166666666666">
                        <ele>0</ele>
                        <time>2022-08-18T04:58:25Z</time>
                                                <extensions>
                            <sog>17.8</sog>
<cog>189.1</cog>
                        </extensions>
                    </trkpt>
                    <trkpt lat="54.800338333333336" lon="10.830881666666667">
                        <ele>0</ele>
                        <time>2022-08-18T04:58:36Z</time>
                                                <extensions>
                            <sog>17.8</sog>
<cog>189.7</cog>
                        </extensions>
                    </trkpt>
                    <trkpt lat="54.79985166666667" lon="10.830733333333335">
                        <ele>0</ele>
                        <time>2022-08-18T04:58:43Z</time>
                                                <extensions>
                            <sog>17.8</sog>
<cog>190.0</cog>
                        </extensions>
                    </trkpt>
                    <trkpt lat="54.79944666666667" lon="10.830606666666666">
                        <ele>0</ele>
                        <time>2022-08-18T04:58:48Z</time>
                                                <extensions>
                            <sog>17.8</sog>
<cog>190.2</cog>
                        </extensions>
                    </trkpt>
                    <trkpt lat="54.798475" lon="10.830286666666666">
                        <ele>0</ele>
                        <time>2022-08-18T04:59:00Z</time>
                                                <extensions>
                            <sog>17.8</sog>
<cog>190.9</cog>
                        </extensions>
                    </trkpt>
                    <trkpt lat="54.79646" lon="10.829563333333335">
                        <ele>0</ele>
                        <time>2022-08-18T04:59:25Z</time>
                                                <extensions>
                            <sog>17.8</sog>
<cog>192.2</cog>
                        </extensions>
                    </trkpt>
                    <trkpt lat="54.795496666666665" lon="10.829184999999999">
                        <ele>0</ele>
                        <time>2022-08-18T04:59:36Z</time>
                                                <extensions>
                            <sog>17.7</sog>
<cog>192.9</cog>
                        </extensions>
                    </trkpt>
                    <trkpt lat="54.79501666666667" lon="10.828990000000001">
                        <ele>0</ele>
                        <time>2022-08-18T04:59:43Z</time>
                                                <extensions>
                            <sog>17.7</sog>
<cog>193.2</cog>
                        </extensions>
                    </trkpt>
                    <trkpt lat="54.79461833333333" lon="10.828825">
                        <ele>0</ele>
                        <time>2022-08-18T04:59:48Z</time>
                                                <extensions>
                            <sog>17.7</sog>
<cog>193.4</cog>
                        </extensions>
                    </trkpt>
                    <trkpt lat="54.79413833333333" lon="10.828623333333333">
                        <ele>0</ele>
                        <time>2022-08-18T04:59:54Z</time>
                                                <extensions>
                            <sog>17.7</sog>
<cog>193.7</cog>
                        </extensions>
                    </trkpt>
                    <trkpt lat="54.79366166666667" lon="10.828416666666667">
                        <ele>0</ele>
                        <time>2022-08-18T05:00:00Z</time>
                                                <extensions>
                            <sog>17.7</sog>
<cog>194.0</cog>
                        </extensions>
                    </trkpt>
                    <trkpt lat="54.792235" lon="10.827773333333333">
                        <ele>0</ele>
                        <time>2022-08-18T05:00:18Z</time>
                                                <extensions>
                            <sog>17.7</sog>
<cog>194.9</cog>
                        </extensions>
                    </trkpt>
                    <trkpt lat="54.792235" lon="10.827773333333333">
                        <ele>0</ele>
                        <time>2022-08-18T05:00:18Z</time>
                                                <extensions>
                            <sog>17.7</sog>
<cog>194.9</cog>
                        </extensions>
                    </trkpt>
                    <trkpt lat="54.791685" lon="10.827508333333332">
                        <ele>0</ele>
                        <time>2022-08-18T05:00:25Z</time>
                                                <extensions>
                            <sog>17.6</sog>
<cog>195.5</cog>
                        </extensions>
                    </trkpt>
                    <trkpt lat="54.791685" lon="10.827508333333332">
                        <ele>0</ele>
                        <time>2022-08-18T05:00:25Z</time>
                                                <extensions>
                            <sog>17.6</sog>
<cog>195.5</cog>
                        </extensions>
                    </trkpt>
                    <trkpt lat="54.79121333333333" lon="10.827273333333332">
                        <ele>0</ele>
                        <time>2022-08-18T05:00:30Z</time>
                                                <extensions>
                            <sog>17.6</sog>
<cog>196.0</cog>
                        </extensions>
                    </trkpt>
                    <trkpt lat="54.79121333333333" lon="10.827273333333332">
                        <ele>0</ele>
                        <time>2022-08-18T05:00:30Z</time>
                                                <extensions>
                            <sog>17.6</sog>
<cog>196.0</cog>
                        </extensions>
                    </trkpt>
                    <trkpt lat="54.790745" lon="10.82703">
                        <ele>0</ele>
                        <time>2022-08-18T05:00:36Z</time>
                                                <extensions>
                            <sog>17.6</sog>
<cog>196.5</cog>
                        </extensions>
                    </trkpt>
                    <trkpt lat="54.790745" lon="10.82703">
                        <ele>0</ele>
                        <time>2022-08-18T05:00:36Z</time>
                                                <extensions>
                            <sog>17.6</sog>
<cog>196.5</cog>
                        </extensions>
                    </trkpt>
                    <trkpt lat="54.78988666666667" lon="10.82658">
                        <ele>0</ele>
                        <time>2022-08-18T05:00:48Z</time>
                                                <extensions>
                            <sog>17.6</sog>
<cog>196.9</cog>
                        </extensions>
                    </trkpt>
                    <trkpt lat="54.78988666666667" lon="10.82658">
                        <ele>0</ele>
                        <time>2022-08-18T05:00:48Z</time>
                                                <extensions>
                            <sog>17.6</sog>
<cog>196.9</cog>
                        </extensions>
                    </trkpt>
                    <trkpt lat="54.78934" lon="10.826283333333333">
                        <ele>0</ele>
                        <time>2022-08-18T05:00:54Z</time>
                                                <extensions>
                            <sog>17.6</sog>
<cog>197.3</cog>
                        </extensions>
                    </trkpt>
                    <trkpt lat="54.78934" lon="10.826283333333333">
                        <ele>0</ele>
                        <time>2022-08-18T05:00:54Z</time>
                                                <extensions>
                            <sog>17.6</sog>
<cog>197.3</cog>
                        </extensions>
                    </trkpt>
                    <trkpt lat="54.78895166666667" lon="10.826071666666667">
                        <ele>0</ele>
                        <time>2022-08-18T05:01:00Z</time>
                                                <extensions>
                            <sog>17.6</sog>
<cog>197.4</cog>
                        </extensions>
                    </trkpt>
                    <trkpt lat="54.78895166666667" lon="10.826071666666667">
                        <ele>0</ele>
                        <time>2022-08-18T05:01:00Z</time>
                                                <extensions>
                            <sog>17.6</sog>
<cog>197.4</cog>
                        </extensions>
                    </trkpt>
                    <trkpt lat="54.78840833333334" lon="10.825771666666666">
                        <ele>0</ele>
                        <time>2022-08-18T05:01:07Z</time>
                                                <extensions>
                            <sog>17.6</sog>
<cog>197.7</cog>
                        </extensions>
                    </trkpt>
                    <trkpt lat="54.787555" lon="10.825289999999999">
                        <ele>0</ele>
                        <time>2022-08-18T05:01:18Z</time>
                                                <extensions>
                            <sog>17.6</sog>
<cog>198.1</cog>
                        </extensions>
                    </trkpt>
                    <trkpt lat="54.787015" lon="10.82498">
                        <ele>0</ele>
                        <time>2022-08-18T05:01:25Z</time>
                                                <extensions>
                            <sog>17.6</sog>
<cog>198.3</cog>
                        </extensions>
                    </trkpt>
                    <trkpt lat="54.786089999999994" lon="10.824440000000001">
                        <ele>0</ele>
                        <time>2022-08-18T05:01:36Z</time>
                                                <extensions>
                            <sog>17.5</sog>
<cog>198.7</cog>
                        </extensions>
                    </trkpt>
                    <trkpt lat="54.78563" lon="10.824164999999999">
                        <ele>0</ele>
                        <time>2022-08-18T05:01:43Z</time>
                                                <extensions>
                            <sog>17.5</sog>
<cog>198.9</cog>
                        </extensions>
                    </trkpt>
                    <trkpt lat="54.785246666666666" lon="10.823933333333335">
                        <ele>0</ele>
                        <time>2022-08-18T05:01:48Z</time>
                                                <extensions>
                            <sog>17.5</sog>
<cog>199.2</cog>
                        </extensions>
                    </trkpt>
                    <trkpt lat="54.784713333333336" lon="10.823604999999999">
                        <ele>0</ele>
                        <time>2022-08-18T05:01:54Z</time>
                                                <extensions>
                            <sog>17.5</sog>
<cog>199.5</cog>
                        </extensions>
                    </trkpt>
                    <trkpt lat="54.78433166666667" lon="10.823366666666667">
                        <ele>0</ele>
                        <time>2022-08-18T05:02:00Z</time>
                                                <extensions>
                            <sog>17.5</sog>
<cog>199.8</cog>
                        </extensions>
                    </trkpt>
                    <trkpt lat="54.78379833333334" lon="10.823028333333333">
                        <ele>0</ele>
                        <time>2022-08-18T05:02:07Z</time>
                                                <extensions>
                            <sog>17.5</sog>
<cog>200.2</cog>
                        </extensions>
                    </trkpt>
                    <trkpt lat="54.782963333333335" lon="10.822483333333334">
                        <ele>0</ele>
                        <time>2022-08-18T05:02:18Z</time>
                                                <extensions>
                            <sog>17.5</sog>
<cog>200.7</cog>
                        </extensions>
                    </trkpt>
                    <trkpt lat="54.78251" lon="10.82218">
                        <ele>0</ele>
                        <time>2022-08-18T05:02:24Z</time>
                                                <extensions>
                            <sog>17.5</sog>
<cog>201.1</cog>
                        </extensions>
                    </trkpt>
                    <trkpt lat="54.78198166666667" lon="10.82182">
                        <ele>0</ele>
                        <time>2022-08-18T05:02:30Z</time>
                                                <extensions>
                            <sog>17.5</sog>
<cog>201.5</cog>
                        </extensions>
                    </trkpt>
                    <trkpt lat="54.781605" lon="10.82156">
                        <ele>0</ele>
                        <time>2022-08-18T05:02:36Z</time>
                                                <extensions>
                            <sog>17.5</sog>
<cog>201.7</cog>
                        </extensions>
                    </trkpt>
                    <trkpt lat="54.78018" lon="10.82054">
                        <ele>0</ele>
                        <time>2022-08-18T05:02:54Z</time>
                                                <extensions>
                            <sog>17.5</sog>
<cog>202.7</cog>
                        </extensions>
                    </trkpt>
                    <trkpt lat="54.779806666666666" lon="10.820265000000001">
                        <ele>0</ele>
                        <time>2022-08-18T05:03:00Z</time>
                                                <extensions>
                            <sog>17.5</sog>
<cog>203.0</cog>
                        </extensions>
                    </trkpt>
                    <trkpt lat="54.77936" lon="10.81993">
                        <ele>0</ele>
                        <time>2022-08-18T05:03:06Z</time>
                                                <extensions>
                            <sog>17.5</sog>
<cog>203.3</cog>
                        </extensions>
                    </trkpt>
                    <trkpt lat="54.778025" lon="10.818908333333333">
                        <ele>0</ele>
                        <time>2022-08-18T05:03:24Z</time>
                                                <extensions>
                            <sog>17.5</sog>
<cog>204.1</cog>
                        </extensions>
                    </trkpt>
                    <trkpt lat="54.77750833333334" lon="10.818505">
                        <ele>0</ele>
                        <time>2022-08-18T05:03:30Z</time>
                                                <extensions>
                            <sog>17.5</sog>
<cog>204.4</cog>
                        </extensions>
                    </trkpt>
                    <trkpt lat="54.777141666666665" lon="10.818211666666667">
                        <ele>0</ele>
                        <time>2022-08-18T05:03:36Z</time>
                                                <extensions>
                            <sog>17.4</sog>
<cog>204.7</cog>
                        </extensions>
                    </trkpt>
                    <trkpt lat="54.77539" lon="10.816783333333332">
                        <ele>0</ele>
                        <time>2022-08-18T05:04:00Z</time>
                                                <extensions>
                            <sog>17.4</sog>
<cog>205.4</cog>
                        </extensions>
                    </trkpt>
                    <trkpt lat="54.77495333333333" lon="10.816418333333333">
                        <ele>0</ele>
                        <time>2022-08-18T05:04:06Z</time>
                                                <extensions>
                            <sog>17.4</sog>
<cog>205.6</cog>
                        </extensions>
                    </trkpt>
                    <trkpt lat="54.774078333333335" lon="10.815686666666666">
                        <ele>0</ele>
                        <time>2022-08-18T05:04:18Z</time>
                                                <extensions>
                            <sog>17.5</sog>
<cog>205.8</cog>
                        </extensions>
                    </trkpt>
                    <trkpt lat="54.77364333333333" lon="10.815318333333332">
                        <ele>0</ele>
                        <time>2022-08-18T05:04:24Z</time>
                                                <extensions>
                            <sog>17.5</sog>
<cog>206.0</cog>
                        </extensions>
                    </trkpt>
                    <trkpt lat="54.773135" lon="10.814885">
                        <ele>0</ele>
                        <time>2022-08-18T05:04:30Z</time>
                                                <extensions>
                            <sog>17.5</sog>
<cog>206.2</cog>
                        </extensions>
                    </trkpt>
                    <trkpt lat="54.77277166666667" lon="10.814575">
                        <ele>0</ele>
                        <time>2022-08-18T05:04:36Z</time>
                                                <extensions>
                            <sog>17.5</sog>
<cog>206.3</cog>
                        </extensions>
                    </trkpt>
                    <trkpt lat="54.771901666666665" lon="10.813828333333333">
                        <ele>0</ele>
                        <time>2022-08-18T05:04:48Z</time>
                                                <extensions>
                            <sog>17.5</sog>
<cog>206.4</cog>
                        </extensions>
                    </trkpt>
                    <trkpt lat="54.77146833333334" lon="10.813456666666667">
                        <ele>0</ele>
                        <time>2022-08-18T05:04:54Z</time>
                                                <extensions>
                            <sog>17.4</sog>
<cog>206.3</cog>
                        </extensions>
                    </trkpt>
                    <trkpt lat="54.770599999999995" lon="10.812714999999999">
                        <ele>0</ele>
                        <time>2022-08-18T05:05:06Z</time>
                                                <extensions>
                            <sog>17.4</sog>
<cog>206.2</cog>
                        </extensions>
                    </trkpt>
                    <trkpt lat="54.76929833333334" lon="10.811603333333332">
                        <ele>0</ele>
                        <time>2022-08-18T05:05:24Z</time>
                                                <extensions>
                            <sog>17.4</sog>
<cog>206.3</cog>
                        </extensions>
                    </trkpt>
                    <trkpt lat="54.76879333333333" lon="10.811168333333335">
                        <ele>0</ele>
                        <time>2022-08-18T05:05:30Z</time>
                                                <extensions>
                            <sog>17.4</sog>
<cog>206.4</cog>
                        </extensions>
                    </trkpt>
                    <trkpt lat="54.768433333333334" lon="10.810858333333334">
                        <ele>0</ele>
                        <time>2022-08-18T05:05:36Z</time>
                                                <extensions>
                            <sog>17.4</sog>
<cog>206.4</cog>
                        </extensions>
                    </trkpt>
                    <trkpt lat="54.76756666666667" lon="10.810111666666668">
                        <ele>0</ele>
                        <time>2022-08-18T05:05:48Z</time>
                                                <extensions>
                            <sog>17.4</sog>
<cog>206.5</cog>
                        </extensions>
                    </trkpt>
                    <trkpt lat="54.76713333333333" lon="10.809738333333334">
                        <ele>0</ele>
                        <time>2022-08-18T05:05:54Z</time>
                                                <extensions>
                            <sog>17.4</sog>
<cog>206.4</cog>
                        </extensions>
                    </trkpt>
                    <trkpt lat="54.7667" lon="10.809365000000001">
                        <ele>0</ele>
                        <time>2022-08-18T05:06:00Z</time>
                                                <extensions>
                            <sog>17.4</sog>
<cog>206.4</cog>
                        </extensions>
                    </trkpt>
                    <trkpt lat="54.76583333333333" lon="10.808621666666665">
                        <ele>0</ele>
                        <time>2022-08-18T05:06:12Z</time>
                                                <extensions>
                            <sog>17.4</sog>
<cog>206.3</cog>
                        </extensions>
                    </trkpt>
                    <trkpt lat="54.7654" lon="10.80825">
                        <ele>0</ele>
                        <time>2022-08-18T05:06:18Z</time>
                                                <extensions>
                            <sog>17.4</sog>
<cog>206.3</cog>
                        </extensions>
                    </trkpt>
                    <trkpt lat="54.76446166666666" lon="10.807448333333333">
                        <ele>0</ele>
                        <time>2022-08-18T05:06:30Z</time>
                                                <extensions>
                            <sog>17.4</sog>
<cog>206.2</cog>
                        </extensions>
                    </trkpt>
                    <trkpt lat="54.76410166666667" lon="10.807141666666666">
                        <ele>0</ele>
                        <time>2022-08-18T05:06:36Z</time>
                                                <extensions>
                            <sog>17.4</sog>
<cog>206.3</cog>
                        </extensions>
                    </trkpt>
                    <trkpt lat="54.763236666666664" lon="10.806403333333332">
                        <ele>0</ele>
                        <time>2022-08-18T05:06:48Z</time>
                                                <extensions>
                            <sog>17.3</sog>
<cog>206.2</cog>
                        </extensions>
                    </trkpt>
                    <trkpt lat="54.762375" lon="10.805661666666667">
                        <ele>0</ele>
                        <time>2022-08-18T05:07:00Z</time>
                                                <extensions>
                            <sog>17.3</sog>
<cog>206.4</cog>
                        </extensions>
                    </trkpt>
                    <trkpt lat="54.76151333333333" lon="10.804916666666665">
                        <ele>0</ele>
                        <time>2022-08-18T05:07:12Z</time>
                                                <extensions>
                            <sog>17.3</sog>
<cog>206.5</cog>
                        </extensions>
                    </trkpt>
                    <trkpt lat="54.76108166666667" lon="10.804545">
                        <ele>0</ele>
                        <time>2022-08-18T05:07:18Z</time>
                                                <extensions>
                            <sog>17.3</sog>
<cog>206.5</cog>
                        </extensions>
                    </trkpt>
                    <trkpt lat="54.76058" lon="10.80411">
                        <ele>0</ele>
                        <time>2022-08-18T05:07:25Z</time>
                                                <extensions>
                            <sog>17.3</sog>
<cog>206.6</cog>
                        </extensions>
                    </trkpt>
                    <trkpt lat="54.75971833333333" lon="10.803363333333333">
                        <ele>0</ele>
                        <time>2022-08-18T05:07:36Z</time>
                                                <extensions>
                            <sog>17.3</sog>
<cog>206.5</cog>
                        </extensions>
                    </trkpt>
                    <trkpt lat="54.75763666666667" lon="10.801563333333332">
                        <ele>0</ele>
                        <time>2022-08-18T05:08:06Z</time>
                                                <extensions>
                            <sog>17.3</sog>
<cog>206.5</cog>
                        </extensions>
                    </trkpt>
                    <trkpt lat="54.75720666666667" lon="10.801191666666666">
                        <ele>0</ele>
                        <time>2022-08-18T05:08:12Z</time>
                                                <extensions>
                            <sog>17.3</sog>
<cog>206.5</cog>
                        </extensions>
                    </trkpt>
                    <trkpt lat="54.75677666666666" lon="10.800821666666668">
                        <ele>0</ele>
                        <time>2022-08-18T05:08:18Z</time>
                                                <extensions>
                            <sog>17.3</sog>
<cog>206.5</cog>
                        </extensions>
                    </trkpt>
                    <trkpt lat="54.755918333333334" lon="10.800083333333333">
                        <ele>0</ele>
                        <time>2022-08-18T05:08:30Z</time>
                                                <extensions>
                            <sog>17.3</sog>
<cog>206.4</cog>
                        </extensions>
                    </trkpt>
                    <trkpt lat="54.75541666666666" lon="10.799653333333334">
                        <ele>0</ele>
                        <time>2022-08-18T05:08:36Z</time>
                                                <extensions>
                            <sog>17.3</sog>
<cog>206.3</cog>
                        </extensions>
                    </trkpt>
                    <trkpt lat="54.75463" lon="10.798976666666666">
                        <ele>0</ele>
                        <time>2022-08-18T05:08:48Z</time>
                                                <extensions>
                            <sog>17.3</sog>
<cog>206.3</cog>
                        </extensions>
                    </trkpt>
                    <trkpt lat="54.7542" lon="10.798608333333334">
                        <ele>0</ele>
                        <time>2022-08-18T05:08:54Z</time>
                                                <extensions>
                            <sog>17.3</sog>
<cog>206.4</cog>
                        </extensions>
                    </trkpt>
                    <trkpt lat="54.75377" lon="10.79824">
                        <ele>0</ele>
                        <time>2022-08-18T05:09:00Z</time>
                                                <extensions>
                            <sog>17.3</sog>
<cog>206.4</cog>
                        </extensions>
                    </trkpt>
                    <trkpt lat="54.75327" lon="10.797808333333334">
                        <ele>0</ele>
                        <time>2022-08-18T05:09:06Z</time>
                                                <extensions>
                            <sog>17.2</sog>
<cog>206.4</cog>
                        </extensions>
                    </trkpt>
                    <trkpt lat="54.75291166666667" lon="10.797500000000001">
                        <ele>0</ele>
                        <time>2022-08-18T05:09:12Z</time>
                                                <extensions>
                            <sog>17.2</sog>
<cog>206.4</cog>
                        </extensions>
                    </trkpt>
                    <trkpt lat="54.75248333333333" lon="10.797130000000001">
                        <ele>0</ele>
                        <time>2022-08-18T05:09:18Z</time>
                                                <extensions>
                            <sog>17.2</sog>
<cog>206.5</cog>
                        </extensions>
                    </trkpt>
                    <trkpt lat="54.751983333333335" lon="10.796698333333334">
                        <ele>0</ele>
                        <time>2022-08-18T05:09:25Z</time>
                                                <extensions>
                            <sog>17.2</sog>
<cog>206.5</cog>
                        </extensions>
                    </trkpt>
                    <trkpt lat="54.75162666666667" lon="10.79639">
                        <ele>0</ele>
                        <time>2022-08-18T05:09:30Z</time>
                                                <extensions>
                            <sog>17.2</sog>
<cog>206.4</cog>
                        </extensions>
                    </trkpt>
                    <trkpt lat="54.74948333333334" lon="10.794543333333333">
                        <ele>0</ele>
                        <time>2022-08-18T05:10:00Z</time>
                                                <extensions>
                            <sog>17.2</sog>
<cog>206.4</cog>
                        </extensions>
                    </trkpt>
                    <trkpt lat="54.74898333333333" lon="10.794113333333334">
                        <ele>0</ele>
                        <time>2022-08-18T05:10:06Z</time>
                                                <extensions>
                            <sog>17.2</sog>
<cog>206.4</cog>
                        </extensions>
                    </trkpt>
                    <trkpt lat="54.748626666666674" lon="10.793806666666667">
                        <ele>0</ele>
                        <time>2022-08-18T05:10:12Z</time>
                                                <extensions>
                            <sog>17.2</sog>
<cog>206.4</cog>
                        </extensions>
                    </trkpt>
                    <trkpt lat="54.747341666666664" lon="10.792701666666666">
                        <ele>0</ele>
                        <time>2022-08-18T05:10:30Z</time>
                                                <extensions>
                            <sog>17.2</sog>
<cog>206.4</cog>
                        </extensions>
                    </trkpt>
                    <trkpt lat="54.74684333333333" lon="10.792271666666666">
                        <ele>0</ele>
                        <time>2022-08-18T05:10:36Z</time>
                                                <extensions>
                            <sog>17.2</sog>
<cog>206.5</cog>
                        </extensions>
                    </trkpt>
                    <trkpt lat="54.74598833333334" lon="10.791531666666666">
                        <ele>0</ele>
                        <time>2022-08-18T05:10:49Z</time>
                                                <extensions>
                            <sog>17.2</sog>
<cog>206.6</cog>
                        </extensions>
                    </trkpt>
                    <trkpt lat="54.74563333333333" lon="10.791221666666667">
                        <ele>0</ele>
                        <time>2022-08-18T05:10:54Z</time>
                                                <extensions>
                            <sog>17.2</sog>
<cog>206.6</cog>
                        </extensions>
                    </trkpt>
                    <trkpt lat="54.74520666666667" lon="10.790851666666667">
                        <ele>0</ele>
                        <time>2022-08-18T05:11:00Z</time>
                                                <extensions>
                            <sog>17.2</sog>
<cog>206.7</cog>
                        </extensions>
                    </trkpt>
                    <trkpt lat="54.74470833333333" lon="10.790418333333333">
                        <ele>0</ele>
                        <time>2022-08-18T05:11:06Z</time>
                                                <extensions>
                            <sog>17.2</sog>
<cog>206.7</cog>
                        </extensions>
                    </trkpt>
                    <trkpt lat="54.74392666666667" lon="10.789735">
                        <ele>0</ele>
                        <time>2022-08-18T05:11:18Z</time>
                                                <extensions>
                            <sog>17.2</sog>
<cog>206.8</cog>
                        </extensions>
                    </trkpt>
                    <trkpt lat="54.74343" lon="10.789299999999999">
                        <ele>0</ele>
                        <time>2022-08-18T05:11:25Z</time>
                                                <extensions>
                            <sog>17.2</sog>
<cog>206.8</cog>
                        </extensions>
                    </trkpt>
                    <trkpt lat="54.742576666666665" lon="10.788553333333335">
                        <ele>0</ele>
                        <time>2022-08-18T05:11:36Z</time>
                                                <extensions>
                            <sog>17.2</sog>
<cog>206.8</cog>
                        </extensions>
                    </trkpt>
                    <trkpt lat="54.74215" lon="10.78818">
                        <ele>0</ele>
                        <time>2022-08-18T05:11:43Z</time>
                                                <extensions>
                            <sog>17.2</sog>
<cog>206.7</cog>
                        </extensions>
                    </trkpt>
                    <trkpt lat="54.74172333333333" lon="10.787808333333334">
                        <ele>0</ele>
                        <time>2022-08-18T05:11:49Z</time>
                                                <extensions>
                            <sog>17.2</sog>
<cog>206.7</cog>
                        </extensions>
                    </trkpt>
                    <trkpt lat="54.741368333333334" lon="10.7875">
                        <ele>0</ele>
                        <time>2022-08-18T05:11:54Z</time>
                                                <extensions>
                            <sog>17.2</sog>
<cog>206.6</cog>
                        </extensions>
                    </trkpt>
                    <trkpt lat="54.740941666666664" lon="10.787131666666665">
                        <ele>0</ele>
                        <time>2022-08-18T05:12:00Z</time>
                                                <extensions>
                            <sog>17.2</sog>
<cog>206.5</cog>
                        </extensions>
                    </trkpt>
                    <trkpt lat="54.73965666666666" lon="10.786035">
                        <ele>0</ele>
                        <time>2022-08-18T05:12:18Z</time>
                                                <extensions>
                            <sog>17.2</sog>
<cog>206.1</cog>
                        </extensions>
                    </trkpt>
                    <trkpt lat="54.739156666666666" lon="10.785611666666666">
                        <ele>0</ele>
                        <time>2022-08-18T05:12:25Z</time>
                                                <extensions>
                            <sog>17.2</sog>
<cog>206.0</cog>
                        </extensions>
                    </trkpt>
                    <trkpt lat="54.73829833333333" lon="10.784888333333333">
                        <ele>0</ele>
                        <time>2022-08-18T05:12:36Z</time>
                                                <extensions>
                            <sog>17.2</sog>
<cog>206.0</cog>
                        </extensions>
                    </trkpt>
                    <trkpt lat="54.73787" lon="10.784526666666666">
                        <ele>0</ele>
                        <time>2022-08-18T05:12:43Z</time>
                                                <extensions>
                            <sog>17.2</sog>
<cog>206.0</cog>
                        </extensions>
                    </trkpt>
                    <trkpt lat="54.73744" lon="10.784163333333334">
                        <ele>0</ele>
                        <time>2022-08-18T05:12:49Z</time>
                                                <extensions>
                            <sog>17.2</sog>
<cog>206.0</cog>
                        </extensions>
                    </trkpt>
                    <trkpt lat="54.73708166666667" lon="10.783861666666667">
                        <ele>0</ele>
                        <time>2022-08-18T05:12:54Z</time>
                                                <extensions>
                            <sog>17.2</sog>
<cog>206.0</cog>
                        </extensions>
                    </trkpt>
                    <trkpt lat="54.736581666666666" lon="10.783438333333333">
                        <ele>0</ele>
                        <time>2022-08-18T05:13:01Z</time>
                                                <extensions>
                            <sog>17.2</sog>
<cog>206.0</cog>
                        </extensions>
                    </trkpt>
                    <trkpt lat="54.734865" lon="10.781988333333334">
                        <ele>0</ele>
                        <time>2022-08-18T05:13:25Z</time>
                                                <extensions>
                            <sog>17.2</sog>
<cog>206.0</cog>
                        </extensions>
                    </trkpt>
                    <trkpt lat="54.73314666666667" lon="10.780538333333334">
                        <ele>0</ele>
                        <time>2022-08-18T05:13:49Z</time>
                                                <extensions>
                            <sog>17.2</sog>
<cog>206.0</cog>
                        </extensions>
                    </trkpt>
                    <trkpt lat="54.73278833333333" lon="10.780235000000001">
                        <ele>0</ele>
                        <time>2022-08-18T05:13:54Z</time>
                                                <extensions>
                            <sog>17.2</sog>
<cog>206.0</cog>
                        </extensions>
                    </trkpt>
                    <trkpt lat="54.73228666666667" lon="10.77981">
                        <ele>0</ele>
                        <time>2022-08-18T05:14:01Z</time>
                                                <extensions>
                            <sog>17.2</sog>
<cog>206.1</cog>
                        </extensions>
                    </trkpt>
                    <trkpt lat="54.73106666666667" lon="10.778780000000001">
                        <ele>0</ele>
                        <time>2022-08-18T05:14:18Z</time>
                                                <extensions>
                            <sog>17.3</sog>
<cog>206.0</cog>
                        </extensions>
                    </trkpt>
                    <trkpt lat="54.73056333333333" lon="10.778358333333333">
                        <ele>0</ele>
                        <time>2022-08-18T05:14:25Z</time>
                                                <extensions>
                            <sog>17.3</sog>
<cog>205.8</cog>
                        </extensions>
                    </trkpt>
                    <trkpt lat="54.730131666666665" lon="10.777996666666667">
                        <ele>0</ele>
                        <time>2022-08-18T05:14:31Z</time>
                                                <extensions>
                            <sog>17.2</sog>
<cog>205.8</cog>
                        </extensions>
                    </trkpt>
                    <trkpt lat="54.72926833333334" lon="10.777271666666667">
                        <ele>0</ele>
                        <time>2022-08-18T05:14:43Z</time>
                                                <extensions>
                            <sog>17.3</sog>
<cog>205.8</cog>
                        </extensions>
                    </trkpt>
                    <trkpt lat="54.72797166666667" lon="10.776181666666668">
                        <ele>0</ele>
                        <time>2022-08-18T05:15:01Z</time>
                                                <extensions>
                            <sog>17.3</sog>
<cog>206.0</cog>
                        </extensions>
                    </trkpt>
                    <trkpt lat="54.72674833333333" lon="10.775145">
                        <ele>0</ele>
                        <time>2022-08-18T05:15:18Z</time>
                                                <extensions>
                            <sog>17.3</sog>
<cog>206.1</cog>
                        </extensions>
                    </trkpt>
                    <trkpt lat="54.72624666666666" lon="10.774718333333334">
                        <ele>0</ele>
                        <time>2022-08-18T05:15:25Z</time>
                                                <extensions>
                            <sog>17.3</sog>
<cog>206.1</cog>
                        </extensions>
                    </trkpt>
                    <trkpt lat="54.72538333333333" lon="10.773985000000001">
                        <ele>0</ele>
                        <time>2022-08-18T05:15:37Z</time>
                                                <extensions>
                            <sog>17.3</sog>
<cog>206.2</cog>
                        </extensions>
                    </trkpt>
                    <trkpt lat="54.72495333333333" lon="10.773618333333333">
                        <ele>0</ele>
                        <time>2022-08-18T05:15:43Z</time>
                                                <extensions>
                            <sog>17.3</sog>
<cog>206.2</cog>
                        </extensions>
                    </trkpt>
                    <trkpt lat="54.72452166666667" lon="10.773251666666665">
                        <ele>0</ele>
                        <time>2022-08-18T05:15:49Z</time>
                                                <extensions>
                            <sog>17.3</sog>
<cog>206.2</cog>
                        </extensions>
                    </trkpt>
                    <trkpt lat="54.72150166666667" lon="10.770675">
                        <ele>0</ele>
                        <time>2022-08-18T05:16:31Z</time>
                                                <extensions>
                            <sog>17.4</sog>
<cog>206.3</cog>
                        </extensions>
                    </trkpt>
                    <trkpt lat="54.72106833333333" lon="10.770303333333334">
                        <ele>0</ele>
                        <time>2022-08-18T05:16:37Z</time>
                                                <extensions>
                            <sog>17.4</sog>
<cog>206.4</cog>
                        </extensions>
                    </trkpt>
                    <trkpt lat="54.720635" lon="10.769929999999999">
                        <ele>0</ele>
                        <time>2022-08-18T05:16:43Z</time>
                                                <extensions>
                            <sog>17.4</sog>
<cog>206.4</cog>
                        </extensions>
                    </trkpt>
                    <trkpt lat="54.72020166666667" lon="10.769556666666666">
                        <ele>0</ele>
                        <time>2022-08-18T05:16:49Z</time>
                                                <extensions>
                            <sog>17.4</sog>
<cog>206.5</cog>
                        </extensions>
                    </trkpt>
                    <trkpt lat="54.71810666666667" lon="10.767746666666666">
                        <ele>0</ele>
                        <time>2022-08-18T05:17:18Z</time>
                                                <extensions>
                            <sog>17.4</sog>
<cog>206.5</cog>
                        </extensions>
                    </trkpt>
                    <trkpt lat="54.71673" lon="10.76656">
                        <ele>0</ele>
                        <time>2022-08-18T05:17:37Z</time>
                                                <extensions>
                            <sog>17.5</sog>
<cog>206.4</cog>
                        </extensions>
                    </trkpt>
                    <trkpt lat="54.71585833333334" lon="10.765815">
                        <ele>0</ele>
                        <time>2022-08-18T05:17:49Z</time>
                                                <extensions>
                            <sog>17.5</sog>
<cog>206.3</cog>
                        </extensions>
                    </trkpt>
                    <trkpt lat="54.71498666666666" lon="10.76507">
                        <ele>0</ele>
                        <time>2022-08-18T05:18:01Z</time>
                                                <extensions>
                            <sog>17.5</sog>
<cog>206.3</cog>
                        </extensions>
                    </trkpt>
                    <trkpt lat="54.71375166666667" lon="10.764013333333333">
                        <ele>0</ele>
                        <time>2022-08-18T05:18:18Z</time>
                                                <extensions>
                            <sog>17.5</sog>
<cog>206.3</cog>
                        </extensions>
                    </trkpt>
                    <trkpt lat="54.71324333333334" lon="10.763576666666667">
                        <ele>0</ele>
                        <time>2022-08-18T05:18:25Z</time>
                                                <extensions>
                            <sog>17.5</sog>
<cog>206.4</cog>
                        </extensions>
                    </trkpt>
                    <trkpt lat="54.712808333333335" lon="10.763205">
                        <ele>0</ele>
                        <time>2022-08-18T05:18:31Z</time>
                                                <extensions>
                            <sog>17.5</sog>
<cog>206.4</cog>
                        </extensions>
                    </trkpt>
                    <trkpt lat="54.712445" lon="10.762894999999999">
                        <ele>0</ele>
                        <time>2022-08-18T05:18:36Z</time>
                                                <extensions>
                            <sog>17.5</sog>
<cog>206.3</cog>
                        </extensions>
                    </trkpt>
                    <trkpt lat="54.711938333333336" lon="10.762461666666667">
                        <ele>0</ele>
                        <time>2022-08-18T05:18:43Z</time>
                                                <extensions>
                            <sog>17.4</sog>
<cog>206.3</cog>
                        </extensions>
                    </trkpt>
                    <trkpt lat="54.711505" lon="10.762093333333333">
                        <ele>0</ele>
                        <time>2022-08-18T05:18:49Z</time>
                                                <extensions>
                            <sog>17.4</sog>
<cog>206.2</cog>
                        </extensions>
                    </trkpt>
                    <trkpt lat="54.71114333333333" lon="10.761786666666666">
                        <ele>0</ele>
                        <time>2022-08-18T05:18:54Z</time>
                                                <extensions>
                            <sog>17.4</sog>
<cog>206.1</cog>
                        </extensions>
                    </trkpt>
                    <trkpt lat="54.710636666666666" lon="10.761356666666668">
                        <ele>0</ele>
                        <time>2022-08-18T05:19:01Z</time>
                                                <extensions>
                            <sog>17.4</sog>
<cog>206.1</cog>
                        </extensions>
                    </trkpt>
                    <trkpt lat="54.710275" lon="10.761051666666667">
                        <ele>0</ele>
                        <time>2022-08-18T05:19:06Z</time>
                                                <extensions>
                            <sog>17.4</sog>
<cog>206.0</cog>
                        </extensions>
                    </trkpt>
                    <trkpt lat="54.70984166666666" lon="10.760686666666667">
                        <ele>0</ele>
                        <time>2022-08-18T05:19:12Z</time>
                                                <extensions>
                            <sog>17.4</sog>
<cog>206.0</cog>
                        </extensions>
                    </trkpt>
                    <trkpt lat="54.70940666666667" lon="10.76032">
                        <ele>0</ele>
                        <time>2022-08-18T05:19:18Z</time>
                                                <extensions>
                            <sog>17.4</sog>
<cog>206.0</cog>
                        </extensions>
                    </trkpt>
                    <trkpt lat="54.708468333333336" lon="10.759526666666666">
                        <ele>0</ele>
                        <time>2022-08-18T05:19:30Z</time>
                                                <extensions>
                            <sog>17.4</sog>
<cog>206.0</cog>
                        </extensions>
                    </trkpt>
                    <trkpt lat="54.7076" lon="10.75879">
                        <ele>0</ele>
                        <time>2022-08-18T05:19:43Z</time>
                                                <extensions>
                            <sog>17.4</sog>
<cog>206.2</cog>
                        </extensions>
                    </trkpt>
                    <trkpt lat="54.707168333333335" lon="10.75842">
                        <ele>0</ele>
                        <time>2022-08-18T05:19:49Z</time>
                                                <extensions>
                            <sog>17.4</sog>
<cog>206.4</cog>
                        </extensions>
                    </trkpt>
                    <trkpt lat="54.706735" lon="10.758048333333333">
                        <ele>0</ele>
                        <time>2022-08-18T05:19:55Z</time>
                                                <extensions>
                            <sog>17.4</sog>
<cog>206.4</cog>
                        </extensions>
                    </trkpt>
                    <trkpt lat="54.70551" lon="10.756984999999998">
                        <ele>0</ele>
                        <time>2022-08-18T05:20:12Z</time>
                                                <extensions>
                            <sog>17.4</sog>
<cog>206.7</cog>
                        </extensions>
                    </trkpt>
                    <trkpt lat="54.704143333333334" lon="10.755788333333333">
                        <ele>0</ele>
                        <time>2022-08-18T05:20:30Z</time>
                                                <extensions>
                            <sog>17.4</sog>
<cog>206.9</cog>
                        </extensions>
                    </trkpt>
                    <trkpt lat="54.703783333333334" lon="10.755473333333333">
                        <ele>0</ele>
                        <time>2022-08-18T05:20:36Z</time>
                                                <extensions>
                            <sog>17.4</sog>
<cog>207.0</cog>
                        </extensions>
                    </trkpt>
                    <trkpt lat="54.702848333333336" lon="10.75465">
                        <ele>0</ele>
                        <time>2022-08-18T05:20:49Z</time>
                                                <extensions>
                            <sog>17.4</sog>
<cog>207.0</cog>
                        </extensions>
                    </trkpt>
                    <trkpt lat="54.701985" lon="10.753891666666668">
                        <ele>0</ele>
                        <time>2022-08-18T05:21:01Z</time>
                                                <extensions>
                            <sog>17.4</sog>
<cog>206.9</cog>
                        </extensions>
                    </trkpt>
                    <trkpt lat="54.701625" lon="10.753575000000001">
                        <ele>0</ele>
                        <time>2022-08-18T05:21:06Z</time>
                                                <extensions>
                            <sog>17.4</sog>
<cog>207.0</cog>
                        </extensions>
                    </trkpt>
                    <trkpt lat="54.70033166666666" lon="10.752438333333334">
                        <ele>0</ele>
                        <time>2022-08-18T05:21:24Z</time>
                                                <extensions>
                            <sog>17.4</sog>
<cog>206.9</cog>
                        </extensions>
                    </trkpt>
                    <trkpt lat="54.699828333333336" lon="10.752">
                        <ele>0</ele>
                        <time>2022-08-18T05:21:30Z</time>
                                                <extensions>
                            <sog>17.4</sog>
<cog>206.8</cog>
                        </extensions>
                    </trkpt>
                    <trkpt lat="54.699468333333336" lon="10.751686666666666">
                        <ele>0</ele>
                        <time>2022-08-18T05:21:36Z</time>
                                                <extensions>
                            <sog>17.4</sog>
<cog>206.7</cog>
                        </extensions>
                    </trkpt>
                    <trkpt lat="54.698965" lon="10.75125">
                        <ele>0</ele>
                        <time>2022-08-18T05:21:43Z</time>
                                                <extensions>
                            <sog>17.4</sog>
<cog>206.6</cog>
                        </extensions>
                    </trkpt>
                    <trkpt lat="54.69853333333333" lon="10.750878333333333">
                        <ele>0</ele>
                        <time>2022-08-18T05:21:49Z</time>
                                                <extensions>
                            <sog>17.4</sog>
<cog>206.5</cog>
                        </extensions>
                    </trkpt>
                    <trkpt lat="54.698101666666666" lon="10.750505">
                        <ele>0</ele>
                        <time>2022-08-18T05:21:55Z</time>
                                                <extensions>
                            <sog>17.4</sog>
<cog>206.5</cog>
                        </extensions>
                    </trkpt>
                    <trkpt lat="54.697741666666666" lon="10.750195">
                        <ele>0</ele>
                        <time>2022-08-18T05:22:00Z</time>
                                                <extensions>
                            <sog>17.4</sog>
<cog>206.5</cog>
                        </extensions>
                    </trkpt>
                    <trkpt lat="54.69731" lon="10.749823333333334">
                        <ele>0</ele>
                        <time>2022-08-18T05:22:06Z</time>
                                                <extensions>
                            <sog>17.4</sog>
<cog>206.5</cog>
                        </extensions>
                    </trkpt>
                    <trkpt lat="54.696374999999996" lon="10.749016666666668">
                        <ele>0</ele>
                        <time>2022-08-18T05:22:19Z</time>
                                                <extensions>
                            <sog>17.3</sog>
<cog>206.5</cog>
                        </extensions>
                    </trkpt>
                    <trkpt lat="54.69515166666667" lon="10.747964999999999">
                        <ele>0</ele>
                        <time>2022-08-18T05:22:36Z</time>
                                                <extensions>
                            <sog>17.3</sog>
<cog>206.5</cog>
                        </extensions>
                    </trkpt>
                    <trkpt lat="54.69464833333333" lon="10.747531666666667">
                        <ele>0</ele>
                        <time>2022-08-18T05:22:43Z</time>
                                                <extensions>
                            <sog>17.3</sog>
<cog>206.5</cog>
                        </extensions>
                    </trkpt>
                    <trkpt lat="54.69429" lon="10.747221666666666">
                        <ele>0</ele>
                        <time>2022-08-18T05:22:48Z</time>
                                                <extensions>
                            <sog>17.3</sog>
<cog>206.5</cog>
                        </extensions>
                    </trkpt>
                    <trkpt lat="54.69342833333334" lon="10.746478333333332">
                        <ele>0</ele>
                        <time>2022-08-18T05:23:00Z</time>
                                                <extensions>
                            <sog>17.3</sog>
<cog>206.5</cog>
                        </extensions>
                    </trkpt>
                    <trkpt lat="54.69256666666667" lon="10.745733333333334">
                        <ele>0</ele>
                        <time>2022-08-18T05:23:12Z</time>
                                                <extensions>
                            <sog>17.3</sog>
<cog>206.5</cog>
                        </extensions>
                    </trkpt>
                    <trkpt lat="54.69206333333333" lon="10.745299999999999">
                        <ele>0</ele>
                        <time>2022-08-18T05:23:19Z</time>
                                                <extensions>
                            <sog>17.3</sog>
<cog>206.6</cog>
                        </extensions>
                    </trkpt>
                    <trkpt lat="54.690775" lon="10.744175">
                        <ele>0</ele>
                        <time>2022-08-18T05:23:37Z</time>
                                                <extensions>
                            <sog>17.3</sog>
<cog>206.8</cog>
                        </extensions>
                    </trkpt>
                    <trkpt lat="54.690345" lon="10.743798333333332">
                        <ele>0</ele>
                        <time>2022-08-18T05:23:43Z</time>
                                                <extensions>
                            <sog>17.3</sog>
<cog>206.9</cog>
                        </extensions>
                    </trkpt>
                    <trkpt lat="54.68998833333333" lon="10.743485">
                        <ele>0</ele>
                        <time>2022-08-18T05:23:48Z</time>
                                                <extensions>
                            <sog>17.3</sog>
<cog>206.9</cog>
                        </extensions>
                    </trkpt>
                    <trkpt lat="54.68827" lon="10.741983333333334">
                        <ele>0</ele>
                        <time>2022-08-18T05:24:12Z</time>
                                                <extensions>
                            <sog>17.3</sog>
<cog>206.8</cog>
                        </extensions>
                    </trkpt>
                    <trkpt lat="54.68777" lon="10.741548333333332">
                        <ele>0</ele>
                        <time>2022-08-18T05:24:19Z</time>
                                                <extensions>
                            <sog>17.3</sog>
<cog>206.7</cog>
                        </extensions>
                    </trkpt>
                    <trkpt lat="54.68741166666667" lon="10.741238333333333">
                        <ele>0</ele>
                        <time>2022-08-18T05:24:24Z</time>
                                                <extensions>
                            <sog>17.3</sog>
<cog>206.7</cog>
                        </extensions>
                    </trkpt>
                    <trkpt lat="54.68691" lon="10.740805">
                        <ele>0</ele>
                        <time>2022-08-18T05:24:30Z</time>
                                                <extensions>
                            <sog>17.3</sog>
<cog>206.6</cog>
                        </extensions>
                    </trkpt>
                    <trkpt lat="54.686479999999996" lon="10.740431666666666">
                        <ele>0</ele>
                        <time>2022-08-18T05:24:37Z</time>
                                                <extensions>
                            <sog>17.3</sog>
<cog>206.7</cog>
                        </extensions>
                    </trkpt>
                    <trkpt lat="54.68605166666667" lon="10.740056666666668">
                        <ele>0</ele>
                        <time>2022-08-18T05:24:43Z</time>
                                                <extensions>
                            <sog>17.3</sog>
<cog>206.8</cog>
                        </extensions>
                    </trkpt>
                    <trkpt lat="54.685695" lon="10.739743333333333">
                        <ele>0</ele>
                        <time>2022-08-18T05:24:48Z</time>
                                                <extensions>
                            <sog>17.3</sog>
<cog>206.9</cog>
                        </extensions>
                    </trkpt>
                    <trkpt lat="54.68484" lon="10.738986666666667">
                        <ele>0</ele>
                        <time>2022-08-18T05:25:00Z</time>
                                                <extensions>
                            <sog>17.3</sog>
<cog>207.1</cog>
                        </extensions>
                    </trkpt>
                    <trkpt lat="54.683985" lon="10.738231666666668">
                        <ele>0</ele>
                        <time>2022-08-18T05:25:12Z</time>
                                                <extensions>
                            <sog>17.3</sog>
<cog>207.1</cog>
                        </extensions>
                    </trkpt>
                    <trkpt lat="54.683485000000005" lon="10.737791666666668">
                        <ele>0</ele>
                        <time>2022-08-18T05:25:19Z</time>
                                                <extensions>
                            <sog>17.3</sog>
<cog>207.0</cog>
                        </extensions>
                    </trkpt>
                    <trkpt lat="54.682199999999995" lon="10.736671666666666">
                        <ele>0</ele>
                        <time>2022-08-18T05:25:37Z</time>
                                                <extensions>
                            <sog>17.3</sog>
<cog>206.7</cog>
                        </extensions>
                    </trkpt>
                    <trkpt lat="54.68141333333333" lon="10.735991666666667">
                        <ele>0</ele>
                        <time>2022-08-18T05:25:48Z</time>
                                                <extensions>
                            <sog>17.2</sog>
<cog>206.6</cog>
                        </extensions>
                    </trkpt>
                    <trkpt lat="54.680985" lon="10.735621666666667">
                        <ele>0</ele>
                        <time>2022-08-18T05:25:54Z</time>
                                                <extensions>
                            <sog>17.2</sog>
<cog>206.6</cog>
                        </extensions>
                    </trkpt>
                    <trkpt lat="54.68055666666667" lon="10.73525">
                        <ele>0</ele>
                        <time>2022-08-18T05:26:00Z</time>
                                                <extensions>
                            <sog>17.2</sog>
<cog>206.6</cog>
                        </extensions>
                    </trkpt>
                    <trkpt lat="54.678425" lon="10.733375">
                        <ele>0</ele>
                        <time>2022-08-18T05:26:30Z</time>
                                                <extensions>
                            <sog>17.2</sog>
<cog>207.2</cog>
                        </extensions>
                    </trkpt>
                    <trkpt lat="54.677929999999996" lon="10.732933333333333">
                        <ele>0</ele>
                        <time>2022-08-18T05:26:36Z</time>
                                                <extensions>
                            <sog>17.2</sog>
<cog>207.3</cog>
                        </extensions>
                    </trkpt>
                    <trkpt lat="54.677503333333334" lon="10.732553333333334">
                        <ele>0</ele>
                        <time>2022-08-18T05:26:43Z</time>
                                                <extensions>
                            <sog>17.2</sog>
<cog>207.3</cog>
                        </extensions>
                    </trkpt>
                    <trkpt lat="54.67715" lon="10.732238333333333">
                        <ele>0</ele>
                        <time>2022-08-18T05:26:48Z</time>
                                                <extensions>
                            <sog>17.2</sog>
<cog>207.2</cog>
                        </extensions>
                    </trkpt>
                    <trkpt lat="54.676723333333335" lon="10.731861666666667">
                        <ele>0</ele>
                        <time>2022-08-18T05:26:54Z</time>
                                                <extensions>
                            <sog>17.2</sog>
<cog>207.2</cog>
                        </extensions>
                    </trkpt>
                    <trkpt lat="54.676298333333335" lon="10.731485">
                        <ele>0</ele>
                        <time>2022-08-18T05:27:00Z</time>
                                                <extensions>
                            <sog>17.2</sog>
<cog>207.1</cog>
                        </extensions>
                    </trkpt>
                    <trkpt lat="54.67367333333333" lon="10.729185">
                        <ele>0</ele>
                        <time>2022-08-18T05:27:37Z</time>
                                                <extensions>
                            <sog>17.1</sog>
<cog>206.9</cog>
                        </extensions>
                    </trkpt>
                    <trkpt lat="54.672893333333334" lon="10.728505">
                        <ele>0</ele>
                        <time>2022-08-18T05:27:48Z</time>
                                                <extensions>
                            <sog>17.1</sog>
<cog>206.8</cog>
                        </extensions>
                    </trkpt>
                    <trkpt lat="54.67204666666667" lon="10.727765">
                        <ele>0</ele>
                        <time>2022-08-18T05:28:00Z</time>
                                                <extensions>
                            <sog>17.1</sog>
<cog>206.8</cog>
                        </extensions>
                    </trkpt>
                    <trkpt lat="54.67070833333333" lon="10.726591666666668">
                        <ele>0</ele>
                        <time>2022-08-18T05:28:19Z</time>
                                                <extensions>
                            <sog>17.0</sog>
<cog>206.9</cog>
                        </extensions>
                    </trkpt>
                    <trkpt lat="54.67028666666667" lon="10.726221666666667">
                        <ele>0</ele>
                        <time>2022-08-18T05:28:25Z</time>
                                                <extensions>
                            <sog>17.0</sog>
<cog>207.0</cog>
                        </extensions>
                    </trkpt>
                    <trkpt lat="54.669443333333334" lon="10.725480000000001">
                        <ele>0</ele>
                        <time>2022-08-18T05:28:37Z</time>
                                                <extensions>
                            <sog>17.0</sog>
<cog>207.0</cog>
                        </extensions>
                    </trkpt>
                    <trkpt lat="54.66867166666667" lon="10.724801666666668">
                        <ele>0</ele>
                        <time>2022-08-18T05:28:48Z</time>
                                                <extensions>
                            <sog>17.0</sog>
<cog>207.0</cog>
                        </extensions>
                    </trkpt>
                    <trkpt lat="54.66825166666667" lon="10.724431666666668">
                        <ele>0</ele>
                        <time>2022-08-18T05:28:54Z</time>
                                                <extensions>
                            <sog>17.0</sog>
<cog>206.9</cog>
                        </extensions>
                    </trkpt>
                    <trkpt lat="54.66783" lon="10.724065">
                        <ele>0</ele>
                        <time>2022-08-18T05:29:00Z</time>
                                                <extensions>
                            <sog>17.0</sog>
<cog>206.7</cog>
                        </extensions>
                    </trkpt>
                    <trkpt lat="54.66733833333333" lon="10.723641666666667">
                        <ele>0</ele>
                        <time>2022-08-18T05:29:07Z</time>
                                                <extensions>
                            <sog>16.9</sog>
<cog>206.6</cog>
                        </extensions>
                    </trkpt>
                    <trkpt lat="54.66608166666666" lon="10.722563333333333">
                        <ele>0</ele>
                        <time>2022-08-18T05:29:25Z</time>
                                                <extensions>
                            <sog>16.8</sog>
<cog>206.3</cog>
                        </extensions>
                    </trkpt>
                    <trkpt lat="54.665733333333336" lon="10.722266666666666">
                        <ele>0</ele>
                        <time>2022-08-18T05:29:30Z</time>
                                                <extensions>
                            <sog>16.8</sog>
<cog>206.3</cog>
                        </extensions>
                    </trkpt>
                    <trkpt lat="54.66524666666667" lon="10.72185">
                        <ele>0</ele>
                        <time>2022-08-18T05:29:37Z</time>
                                                <extensions>
                            <sog>16.7</sog>
<cog>206.4</cog>
                        </extensions>
                    </trkpt>
                    <trkpt lat="54.664833333333334" lon="10.72149">
                        <ele>0</ele>
                        <time>2022-08-18T05:29:43Z</time>
                                                <extensions>
                            <sog>16.7</sog>
<cog>206.7</cog>
                        </extensions>
                    </trkpt>
                    <trkpt lat="54.66448833333333" lon="10.721188333333334">
                        <ele>0</ele>
                        <time>2022-08-18T05:29:48Z</time>
                                                <extensions>
                            <sog>16.7</sog>
<cog>206.8</cog>
                        </extensions>
                    </trkpt>
                    <trkpt lat="54.66359833333333" lon="10.720381666666666">
                        <ele>0</ele>
                        <time>2022-08-18T05:30:01Z</time>
                                                <extensions>
                            <sog>16.7</sog>
<cog>208.1</cog>
                        </extensions>
                    </trkpt>
                    <trkpt lat="54.66319" lon="10.720003333333333">
                        <ele>0</ele>
                        <time>2022-08-18T05:30:07Z</time>
                                                <extensions>
                            <sog>16.7</sog>
<cog>208.2</cog>
                        </extensions>
                    </trkpt>
                    <trkpt lat="54.661965" lon="10.718835">
                        <ele>0</ele>
                        <time>2022-08-18T05:30:25Z</time>
                                                <extensions>
                            <sog>16.8</sog>
<cog>209.1</cog>
                        </extensions>
                    </trkpt>
                    <trkpt lat="54.66162333333333" lon="10.718505">
                        <ele>0</ele>
                        <time>2022-08-18T05:30:30Z</time>
                                                <extensions>
                            <sog>16.9</sog>
<cog>209.2</cog>
                        </extensions>
                    </trkpt>
                    <trkpt lat="54.66114666666667" lon="10.71804">
                        <ele>0</ele>
                        <time>2022-08-18T05:30:37Z</time>
                                                <extensions>
                            <sog>16.9</sog>
<cog>209.4</cog>
                        </extensions>
                    </trkpt>
                    <trkpt lat="54.65951166666667" lon="10.716413333333332">
                        <ele>0</ele>
                        <time>2022-08-18T05:31:01Z</time>
                                                <extensions>
                            <sog>17.0</sog>
<cog>210.6</cog>
                        </extensions>
                    </trkpt>
                    <trkpt lat="54.65830666666667" lon="10.715125">
                        <ele>0</ele>
                        <time>2022-08-18T05:31:19Z</time>
                                                <extensions>
                            <sog>17.0</sog>
<cog>212.1</cog>
                        </extensions>
                    </trkpt>
                    <trkpt lat="54.65791" lon="10.714685">
                        <ele>0</ele>
                        <time>2022-08-18T05:31:25Z</time>
                                                <extensions>
                            <sog>17.0</sog>
<cog>212.8</cog>
                        </extensions>
                    </trkpt>
                    <trkpt lat="54.657516666666666" lon="10.714236666666666">
                        <ele>0</ele>
                        <time>2022-08-18T05:31:31Z</time>
                                                <extensions>
                            <sog>17.0</sog>
<cog>213.3</cog>
                        </extensions>
                    </trkpt>
                    <trkpt lat="54.65712333333333" lon="10.713786666666666">
                        <ele>0</ele>
                        <time>2022-08-18T05:31:37Z</time>
                                                <extensions>
                            <sog>17.0</sog>
<cog>213.6</cog>
                        </extensions>
                    </trkpt>
                    <trkpt lat="54.656733333333335" lon="10.713328333333333">
                        <ele>0</ele>
                        <time>2022-08-18T05:31:43Z</time>
                                                <extensions>
                            <sog>17.0</sog>
<cog>214.3</cog>
                        </extensions>
                    </trkpt>
                    <trkpt lat="54.656025" lon="10.71247">
                        <ele>0</ele>
                        <time>2022-08-18T05:31:54Z</time>
                                                <extensions>
                            <sog>17.0</sog>
<cog>215.2</cog>
                        </extensions>
                    </trkpt>
                    <trkpt lat="54.65557833333333" lon="10.711913333333333">
                        <ele>0</ele>
                        <time>2022-08-18T05:32:01Z</time>
                                                <extensions>
                            <sog>16.9</sog>
<cog>215.9</cog>
                        </extensions>
                    </trkpt>
                    <trkpt lat="54.654086666666664" lon="10.70994">
                        <ele>0</ele>
                        <time>2022-08-18T05:32:25Z</time>
                                                <extensions>
                            <sog>16.9</sog>
<cog>218.1</cog>
                        </extensions>
                    </trkpt>
                    <trkpt lat="54.65372" lon="10.709433333333333">
                        <ele>0</ele>
                        <time>2022-08-18T05:32:31Z</time>
                                                <extensions>
                            <sog>16.9</sog>
<cog>218.7</cog>
                        </extensions>
                    </trkpt>
                    <trkpt lat="54.651916666666665" lon="10.706788333333332">
                        <ele>0</ele>
                        <time>2022-08-18T05:33:01Z</time>
                                                <extensions>
                            <sog>17.1</sog>
<cog>221.4</cog>
                        </extensions>
                    </trkpt>
                    <trkpt lat="54.650513333333336" lon="10.704550000000001">
                        <ele>0</ele>
                        <time>2022-08-18T05:33:25Z</time>
                                                <extensions>
                            <sog>17.2</sog>
<cog>223.6</cog>
                        </extensions>
                    </trkpt>
                    <trkpt lat="54.65017" lon="10.703971666666666">
                        <ele>0</ele>
                        <time>2022-08-18T05:33:31Z</time>
                                                <extensions>
                            <sog>17.2</sog>
<cog>224.3</cog>
                        </extensions>
                    </trkpt>
                    <trkpt lat="54.649831666666664" lon="10.703386666666667">
                        <ele>0</ele>
                        <time>2022-08-18T05:33:37Z</time>
                                                <extensions>
                            <sog>17.3</sog>
<cog>224.9</cog>
                        </extensions>
                    </trkpt>
                    <trkpt lat="54.64949333333333" lon="10.702795">
                        <ele>0</ele>
                        <time>2022-08-18T05:33:43Z</time>
                                                <extensions>
                            <sog>17.3</sog>
<cog>225.4</cog>
                        </extensions>
                    </trkpt>
                    <trkpt lat="54.647540000000006" lon="10.699125">
                        <ele>0</ele>
                        <time>2022-08-18T05:34:19Z</time>
                                                <extensions>
                            <sog>17.3</sog>
<cog>228.9</cog>
                        </extensions>
                    </trkpt>
                    <trkpt lat="54.64722666666667" lon="10.698495000000001">
                        <ele>0</ele>
                        <time>2022-08-18T05:34:25Z</time>
                                                <extensions>
                            <sog>17.3</sog>
<cog>229.5</cog>
                        </extensions>
                    </trkpt>
                    <trkpt lat="54.646613333333335" lon="10.697221666666668">
                        <ele>0</ele>
                        <time>2022-08-18T05:34:37Z</time>
                                                <extensions>
                            <sog>17.3</sog>
<cog>230.4</cog>
                        </extensions>
                    </trkpt>
                    <trkpt lat="54.646058333333336" lon="10.696041666666668">
                        <ele>0</ele>
                        <time>2022-08-18T05:34:48Z</time>
                                                <extensions>
                            <sog>17.3</sog>
<cog>231.1</cog>
                        </extensions>
                    </trkpt>
                    <trkpt lat="54.64571" lon="10.695286666666668">
                        <ele>0</ele>
                        <time>2022-08-18T05:34:55Z</time>
                                                <extensions>
                            <sog>17.3</sog>
<cog>231.4</cog>
                        </extensions>
                    </trkpt>
                    <trkpt lat="54.64541166666667" lon="10.694635">
                        <ele>0</ele>
                        <time>2022-08-18T05:35:01Z</time>
                                                <extensions>
                            <sog>17.3</sog>
<cog>231.7</cog>
                        </extensions>
                    </trkpt>
                    <trkpt lat="54.64452666666667" lon="10.69267">
                        <ele>0</ele>
                        <time>2022-08-18T05:35:19Z</time>
                                                <extensions>
                            <sog>17.3</sog>
<cog>232.1</cog>
                        </extensions>
                    </trkpt>
                    <trkpt lat="54.64393166666667" lon="10.691365">
                        <ele>0</ele>
                        <time>2022-08-18T05:35:31Z</time>
                                                <extensions>
                            <sog>17.3</sog>
<cog>231.5</cog>
                        </extensions>
                    </trkpt>
                    <trkpt lat="54.64363" lon="10.690716666666667">
                        <ele>0</ele>
                        <time>2022-08-18T05:35:37Z</time>
                                                <extensions>
                            <sog>17.3</sog>
<cog>231.3</cog>
                        </extensions>
                    </trkpt>
                    <trkpt lat="54.64151666666667" lon="10.686213333333335">
                        <ele>0</ele>
                        <time>2022-08-18T05:36:19Z</time>
                                                <extensions>
                            <sog>17.2</sog>
<cog>231.0</cog>
                        </extensions>
                    </trkpt>
                    <trkpt lat="54.640053333333334" lon="10.683118333333335">
                        <ele>0</ele>
                        <time>2022-08-18T05:36:48Z</time>
                                                <extensions>
                            <sog>17.2</sog>
<cog>230.5</cog>
                        </extensions>
                    </trkpt>
                    <trkpt lat="54.639696666666666" lon="10.682373333333334">
                        <ele>0</ele>
                        <time>2022-08-18T05:36:54Z</time>
                                                <extensions>
                            <sog>17.2</sog>
<cog>230.4</cog>
                        </extensions>
                    </trkpt>
                    <trkpt lat="54.639390000000006" lon="10.681738333333334">
                        <ele>0</ele>
                        <time>2022-08-18T05:37:01Z</time>
                                                <extensions>
                            <sog>17.2</sog>
<cog>230.2</cog>
                        </extensions>
                    </trkpt>
                    <trkpt lat="54.638466666666666" lon="10.679836666666667">
                        <ele>0</ele>
                        <time>2022-08-18T05:37:19Z</time>
                                                <extensions>
                            <sog>17.3</sog>
<cog>229.9</cog>
                        </extensions>
                    </trkpt>
                    <trkpt lat="54.63820833333333" lon="10.67931">
                        <ele>0</ele>
                        <time>2022-08-18T05:37:24Z</time>
                                                <extensions>
                            <sog>17.3</sog>
<cog>229.9</cog>
                        </extensions>
                    </trkpt>
                    <trkpt lat="54.63785" lon="10.67857">
                        <ele>0</ele>
                        <time>2022-08-18T05:37:31Z</time>
                                                <extensions>
                            <sog>17.2</sog>
<cog>230.0</cog>
                        </extensions>
                    </trkpt>
                    <trkpt lat="54.63754166666667" lon="10.677936666666666">
                        <ele>0</ele>
                        <time>2022-08-18T05:37:37Z</time>
                                                <extensions>
                            <sog>17.2</sog>
<cog>230.1</cog>
                        </extensions>
                    </trkpt>
                    <trkpt lat="54.63728833333333" lon="10.677405">
                        <ele>0</ele>
                        <time>2022-08-18T05:37:42Z</time>
                                                <extensions>
                            <sog>17.2</sog>
<cog>230.5</cog>
                        </extensions>
                    </trkpt>
                    <trkpt lat="54.636984999999996" lon="10.676763333333334">
                        <ele>0</ele>
                        <time>2022-08-18T05:37:48Z</time>
                                                <extensions>
                            <sog>17.3</sog>
<cog>230.8</cog>
                        </extensions>
                    </trkpt>
                    <trkpt lat="54.63638" lon="10.675478333333333">
                        <ele>0</ele>
                        <time>2022-08-18T05:38:00Z</time>
                                                <extensions>
                            <sog>17.3</sog>
<cog>231.0</cog>
                        </extensions>
                    </trkpt>
                    <trkpt lat="54.63489333333334" lon="10.67221">
                        <ele>0</ele>
                        <time>2022-08-18T05:38:30Z</time>
                                                <extensions>
                            <sog>17.4</sog>
<cog>232.4</cog>
                        </extensions>
                    </trkpt>
                    <trkpt lat="54.63455166666667" lon="10.671438333333333">
                        <ele>0</ele>
                        <time>2022-08-18T05:38:37Z</time>
                                                <extensions>
                            <sog>17.4</sog>
<cog>232.6</cog>
                        </extensions>
                    </trkpt>
                    <trkpt lat="54.63430833333334" lon="10.670885">
                        <ele>0</ele>
                        <time>2022-08-18T05:38:42Z</time>
                                                <extensions>
                            <sog>17.4</sog>
<cog>232.8</cog>
                        </extensions>
                    </trkpt>
                    <trkpt lat="54.63343666666666" lon="10.668893333333333">
                        <ele>0</ele>
                        <time>2022-08-18T05:39:00Z</time>
                                                <extensions>
                            <sog>17.4</sog>
<cog>233.0</cog>
                        </extensions>
                    </trkpt>
                    <trkpt lat="54.632513333333335" lon="10.666796666666666">
                        <ele>0</ele>
                        <time>2022-08-18T05:39:19Z</time>
                                                <extensions>
                            <sog>17.4</sog>
<cog>232.6</cog>
                        </extensions>
                    </trkpt>
                    <trkpt lat="54.63108666666667" lon="10.663625">
                        <ele>0</ele>
                        <time>2022-08-18T05:39:48Z</time>
                                                <extensions>
                            <sog>17.3</sog>
<cog>232.0</cog>
                        </extensions>
                    </trkpt>
                    <trkpt lat="54.630790000000005" lon="10.662971666666666">
                        <ele>0</ele>
                        <time>2022-08-18T05:39:54Z</time>
                                                <extensions>
                            <sog>17.3</sog>
<cog>232.0</cog>
                        </extensions>
                    </trkpt>
                    <trkpt lat="54.630493333333334" lon="10.662318333333333">
                        <ele>0</ele>
                        <time>2022-08-18T05:40:00Z</time>
                                                <extensions>
                            <sog>17.3</sog>
<cog>232.0</cog>
                        </extensions>
                    </trkpt>
                    <trkpt lat="54.62985166666667" lon="10.660901666666666">
                        <ele>0</ele>
                        <time>2022-08-18T05:40:13Z</time>
                                                <extensions>
                            <sog>17.3</sog>
<cog>231.9</cog>
                        </extensions>
                    </trkpt>
                    <trkpt lat="54.62901166666666" lon="10.659053333333333">
                        <ele>0</ele>
                        <time>2022-08-18T05:40:30Z</time>
                                                <extensions>
                            <sog>17.3</sog>
<cog>231.9</cog>
                        </extensions>
                    </trkpt>
                    <trkpt lat="54.625710000000005" lon="10.651769999999999">
                        <ele>0</ele>
                        <time>2022-08-18T05:41:37Z</time>
                                                <extensions>
                            <sog>17.3</sog>
<cog>232.1</cog>
                        </extensions>
                    </trkpt>
                    <trkpt lat="54.62546333333333" lon="10.651226666666668">
                        <ele>0</ele>
                        <time>2022-08-18T05:41:42Z</time>
                                                <extensions>
                            <sog>17.3</sog>
<cog>232.1</cog>
                        </extensions>
                    </trkpt>
                    <trkpt lat="54.62458" lon="10.649271666666667">
                        <ele>0</ele>
                        <time>2022-08-18T05:42:00Z</time>
                                                <extensions>
                            <sog>17.2</sog>
<cog>232.0</cog>
                        </extensions>
                    </trkpt>
                    <trkpt lat="54.623648333333335" lon="10.647211666666667">
                        <ele>0</ele>
                        <time>2022-08-18T05:42:19Z</time>
                                                <extensions>
                            <sog>17.2</sog>
<cog>232.1</cog>
                        </extensions>
                    </trkpt>
                    <trkpt lat="54.62276833333333" lon="10.645258333333334">
                        <ele>0</ele>
                        <time>2022-08-18T05:42:37Z</time>
                                                <extensions>
                            <sog>17.2</sog>
<cog>232.2</cog>
                        </extensions>
                    </trkpt>
                    <trkpt lat="54.620175" lon="10.639528333333335">
                        <ele>0</ele>
                        <time>2022-08-18T05:43:30Z</time>
                                                <extensions>
                            <sog>17.1</sog>
<cog>231.9</cog>
                        </extensions>
                    </trkpt>
                    <trkpt lat="54.61895833333333" lon="10.636833333333334">
                        <ele>0</ele>
                        <time>2022-08-18T05:43:55Z</time>
                                                <extensions>
                            <sog>17.1</sog>
<cog>232.1</cog>
                        </extensions>
                    </trkpt>
                    <trkpt lat="54.61866666666666" lon="10.636188333333333">
                        <ele>0</ele>
                        <time>2022-08-18T05:44:01Z</time>
                                                <extensions>
                            <sog>17.1</sog>
<cog>232.0</cog>
                        </extensions>
                    </trkpt>
                    <trkpt lat="54.61842333333333" lon="10.635651666666666">
                        <ele>0</ele>
                        <time>2022-08-18T05:44:06Z</time>
                                                <extensions>
                            <sog>17.1</sog>
<cog>232.0</cog>
                        </extensions>
                    </trkpt>
                    <trkpt lat="54.61808333333333" lon="10.6349">
                        <ele>0</ele>
                        <time>2022-08-18T05:44:13Z</time>
                                                <extensions>
                            <sog>17.1</sog>
<cog>232.0</cog>
                        </extensions>
                    </trkpt>
                    <trkpt lat="54.61726" lon="10.633075">
                        <ele>0</ele>
                        <time>2022-08-18T05:44:30Z</time>
                                                <extensions>
                            <sog>17.0</sog>
<cog>232.3</cog>
                        </extensions>
                    </trkpt>
                    <trkpt lat="54.616681666666665" lon="10.631786666666667">
                        <ele>0</ele>
                        <time>2022-08-18T05:44:42Z</time>
                                                <extensions>
                            <sog>17.0</sog>
<cog>232.2</cog>
                        </extensions>
                    </trkpt>
                    <trkpt lat="54.616393333333335" lon="10.631143333333334">
                        <ele>0</ele>
                        <time>2022-08-18T05:44:48Z</time>
                                                <extensions>
                            <sog>17.0</sog>
<cog>232.2</cog>
                        </extensions>
                    </trkpt>
                    <trkpt lat="54.61380666666666" lon="10.625426666666668">
                        <ele>0</ele>
                        <time>2022-08-18T05:45:42Z</time>
                                                <extensions>
                            <sog>16.8</sog>
<cog>232.2</cog>
                        </extensions>
                    </trkpt>
                    <trkpt lat="54.612898333333334" lon="10.623408333333334">
                        <ele>0</ele>
                        <time>2022-08-18T05:46:01Z</time>
                                                <extensions>
                            <sog>16.8</sog>
<cog>232.2</cog>
                        </extensions>
                    </trkpt>
                    <trkpt lat="54.61031333333334" lon="10.617683333333334">
                        <ele>0</ele>
                        <time>2022-08-18T05:46:55Z</time>
                                                <extensions>
                            <sog>16.8</sog>
<cog>232.0</cog>
                        </extensions>
                    </trkpt>
                    <trkpt lat="54.61002666666666" lon="10.617046666666665">
                        <ele>0</ele>
                        <time>2022-08-18T05:47:01Z</time>
                                                <extensions>
                            <sog>16.8</sog>
<cog>232.1</cog>
                        </extensions>
                    </trkpt>
                    <trkpt lat="54.607171666666666" lon="10.610695">
                        <ele>0</ele>
                        <time>2022-08-18T05:48:01Z</time>
                                                <extensions>
                            <sog>16.7</sog>
<cog>232.3</cog>
                        </extensions>
                    </trkpt>
                    <trkpt lat="54.606935" lon="10.610168333333332">
                        <ele>0</ele>
                        <time>2022-08-18T05:48:06Z</time>
                                                <extensions>
                            <sog>16.7</sog>
<cog>232.3</cog>
                        </extensions>
                    </trkpt>
                    <trkpt lat="54.60523333333333" lon="10.606381666666666">
                        <ele>0</ele>
                        <time>2022-08-18T05:48:42Z</time>
                                                <extensions>
                            <sog>16.6</sog>
<cog>232.2</cog>
                        </extensions>
                    </trkpt>
                    <trkpt lat="54.60461833333333" lon="10.605018333333334">
                        <ele>0</ele>
                        <time>2022-08-18T05:48:55Z</time>
                                                <extensions>
                            <sog>16.6</sog>
<cog>232.1</cog>
                        </extensions>
                    </trkpt>
                    <trkpt lat="54.60409666666667" lon="10.603866666666667">
                        <ele>0</ele>
                        <time>2022-08-18T05:49:06Z</time>
                                                <extensions>
                            <sog>16.6</sog>
<cog>232.0</cog>
                        </extensions>
                    </trkpt>
                    <trkpt lat="54.60176833333333" lon="10.598746666666667">
                        <ele>0</ele>
                        <time>2022-08-18T05:49:55Z</time>
                                                <extensions>
                            <sog>16.6</sog>
<cog>231.8</cog>
                        </extensions>
                    </trkpt>
                    <trkpt lat="54.600675" lon="10.59635">
                        <ele>0</ele>
                        <time>2022-08-18T05:50:18Z</time>
                                                <extensions>
                            <sog>16.6</sog>
<cog>231.9</cog>
                        </extensions>
                    </trkpt>
                    <trkpt lat="54.59977666666667" lon="10.594365">
                        <ele>0</ele>
                        <time>2022-08-18T05:50:37Z</time>
                                                <extensions>
                            <sog>16.6</sog>
<cog>232.1</cog>
                        </extensions>
                    </trkpt>
                    <trkpt lat="54.59954166666667" lon="10.593841666666666">
                        <ele>0</ele>
                        <time>2022-08-18T05:50:42Z</time>
                                                <extensions>
                            <sog>16.6</sog>
<cog>232.2</cog>
                        </extensions>
                    </trkpt>
                    <trkpt lat="54.598931666666665" lon="10.59248">
                        <ele>0</ele>
                        <time>2022-08-18T05:50:55Z</time>
                                                <extensions>
                            <sog>16.6</sog>
<cog>232.3</cog>
                        </extensions>
                    </trkpt>
                    <trkpt lat="54.59865" lon="10.591851666666667">
                        <ele>0</ele>
                        <time>2022-08-18T05:51:01Z</time>
                                                <extensions>
                            <sog>16.6</sog>
<cog>232.3</cog>
                        </extensions>
                    </trkpt>
                    <trkpt lat="54.596961666666665" lon="10.588081666666666">
                        <ele>0</ele>
                        <time>2022-08-18T05:51:37Z</time>
                                                <extensions>
                            <sog>16.6</sog>
<cog>232.4</cog>
                        </extensions>
                    </trkpt>
                    <trkpt lat="54.59672833333333" lon="10.587556666666668">
                        <ele>0</ele>
                        <time>2022-08-18T05:51:42Z</time>
                                                <extensions>
                            <sog>16.6</sog>
<cog>232.4</cog>
                        </extensions>
                    </trkpt>
                    <trkpt lat="54.596446666666665" lon="10.586928333333333">
                        <ele>0</ele>
                        <time>2022-08-18T05:51:48Z</time>
                                                <extensions>
                            <sog>16.6</sog>
<cog>232.3</cog>
                        </extensions>
                    </trkpt>
                    <trkpt lat="54.59611666666667" lon="10.586196666666666">
                        <ele>0</ele>
                        <time>2022-08-18T05:51:55Z</time>
                                                <extensions>
                            <sog>16.6</sog>
<cog>232.2</cog>
                        </extensions>
                    </trkpt>
                    <trkpt lat="54.595835" lon="10.585568333333333">
                        <ele>0</ele>
                        <time>2022-08-18T05:52:01Z</time>
                                                <extensions>
                            <sog>16.6</sog>
<cog>232.2</cog>
                        </extensions>
                    </trkpt>
                    <trkpt lat="54.59526666666667" lon="10.584318333333332">
                        <ele>0</ele>
                        <time>2022-08-18T05:52:13Z</time>
                                                <extensions>
                            <sog>16.6</sog>
<cog>231.9</cog>
                        </extensions>
                    </trkpt>
                    <trkpt lat="54.595029999999994" lon="10.583798333333334">
                        <ele>0</ele>
                        <time>2022-08-18T05:52:18Z</time>
                                                <extensions>
                            <sog>16.6</sog>
<cog>231.8</cog>
                        </extensions>
                    </trkpt>
                    <trkpt lat="54.593606666666666" lon="10.580691666666667">
                        <ele>0</ele>
                        <time>2022-08-18T05:52:48Z</time>
                                                <extensions>
                            <sog>16.5</sog>
<cog>231.7</cog>
                        </extensions>
                    </trkpt>
                    <trkpt lat="54.59327666666666" lon="10.579966666666667">
                        <ele>0</ele>
                        <time>2022-08-18T05:52:55Z</time>
                                                <extensions>
                            <sog>16.5</sog>
<cog>231.8</cog>
                        </extensions>
                    </trkpt>
                    <trkpt lat="54.59299333333333" lon="10.579345">
                        <ele>0</ele>
                        <time>2022-08-18T05:53:01Z</time>
                                                <extensions>
                            <sog>16.5</sog>
<cog>231.9</cog>
                        </extensions>
                    </trkpt>
                    <trkpt lat="54.59243166666667" lon="10.578101666666667">
                        <ele>0</ele>
                        <time>2022-08-18T05:53:13Z</time>
                                                <extensions>
                            <sog>16.5</sog>
<cog>232.1</cog>
                        </extensions>
                    </trkpt>
                    <trkpt lat="54.590195" lon="10.573129999999999">
                        <ele>0</ele>
                        <time>2022-08-18T05:54:01Z</time>
                                                <extensions>
                            <sog>16.4</sog>
<cog>232.3</cog>
                        </extensions>
                    </trkpt>
                    <trkpt lat="54.588013333333336" lon="10.568275">
                        <ele>0</ele>
                        <time>2022-08-18T05:54:48Z</time>
                                                <extensions>
                            <sog>16.4</sog>
<cog>232.2</cog>
                        </extensions>
                    </trkpt>
                    <trkpt lat="54.58685" lon="10.565695">
                        <ele>0</ele>
                        <time>2022-08-18T05:55:13Z</time>
                                                <extensions>
                            <sog>16.4</sog>
<cog>232.0</cog>
                        </extensions>
                    </trkpt>
                    <trkpt lat="54.58601" lon="10.563838333333333">
                        <ele>0</ele>
                        <time>2022-08-18T05:55:31Z</time>
                                                <extensions>
                            <sog>16.4</sog>
<cog>232.1</cog>
                        </extensions>
                    </trkpt>
                    <trkpt lat="54.585498333333334" lon="10.562703333333333">
                        <ele>0</ele>
                        <time>2022-08-18T05:55:42Z</time>
                                                <extensions>
                            <sog>16.4</sog>
<cog>232.1</cog>
                        </extensions>
                    </trkpt>
                    <trkpt lat="54.58517333333334" lon="10.56198">
                        <ele>0</ele>
                        <time>2022-08-18T05:55:49Z</time>
                                                <extensions>
                            <sog>16.4</sog>
<cog>232.3</cog>
                        </extensions>
                    </trkpt>
                    <trkpt lat="54.58406" lon="10.559496666666666">
                        <ele>0</ele>
                        <time>2022-08-18T05:56:13Z</time>
                                                <extensions>
                            <sog>16.4</sog>
<cog>232.3</cog>
                        </extensions>
                    </trkpt>
                    <trkpt lat="54.58216" lon="10.555278333333332">
                        <ele>0</ele>
                        <time>2022-08-18T05:56:54Z</time>
                                                <extensions>
                            <sog>16.3</sog>
<cog>231.9</cog>
                        </extensions>
                    </trkpt>
                    <trkpt lat="54.58127666666667" lon="10.553333333333335">
                        <ele>0</ele>
                        <time>2022-08-18T05:57:13Z</time>
                                                <extensions>
                            <sog>16.3</sog>
<cog>231.9</cog>
                        </extensions>
                    </trkpt>
                    <trkpt lat="54.58099666666667" lon="10.552718333333333">
                        <ele>0</ele>
                        <time>2022-08-18T05:57:19Z</time>
                                                <extensions>
                            <sog>16.3</sog>
<cog>231.9</cog>
                        </extensions>
                    </trkpt>
                    <trkpt lat="54.580436666666664" lon="10.55149">
                        <ele>0</ele>
                        <time>2022-08-18T05:57:31Z</time>
                                                <extensions>
                            <sog>16.3</sog>
<cog>231.8</cog>
                        </extensions>
                    </trkpt>
                    <trkpt lat="54.58015833333333" lon="10.550876666666666">
                        <ele>0</ele>
                        <time>2022-08-18T05:57:37Z</time>
                                                <extensions>
                            <sog>16.3</sog>
<cog>231.9</cog>
                        </extensions>
                    </trkpt>
                    <trkpt lat="54.57936666666667" lon="10.54914">
                        <ele>0</ele>
                        <time>2022-08-18T05:57:54Z</time>
                                                <extensions>
                            <sog>16.3</sog>
<cog>232.0</cog>
                        </extensions>
                    </trkpt>
                    <trkpt lat="54.578765" lon="10.54781">
                        <ele>0</ele>
                        <time>2022-08-18T05:58:07Z</time>
                                                <extensions>
                            <sog>16.3</sog>
<cog>232.0</cog>
                        </extensions>
                    </trkpt>
                    <trkpt lat="54.57848666666666" lon="10.547196666666668">
                        <ele>0</ele>
                        <time>2022-08-18T05:58:13Z</time>
                                                <extensions>
                            <sog>16.3</sog>
<cog>232.0</cog>
                        </extensions>
                    </trkpt>
                    <trkpt lat="54.57821" lon="10.546585">
                        <ele>0</ele>
                        <time>2022-08-18T05:58:19Z</time>
                                                <extensions>
                            <sog>16.2</sog>
<cog>232.0</cog>
                        </extensions>
                    </trkpt>
                    <trkpt lat="54.57765333333334" lon="10.545361666666668">
                        <ele>0</ele>
                        <time>2022-08-18T05:58:31Z</time>
                                                <extensions>
                            <sog>16.2</sog>
<cog>232.0</cog>
                        </extensions>
                    </trkpt>
                    <trkpt lat="54.577376666666666" lon="10.544749999999999">
                        <ele>0</ele>
                        <time>2022-08-18T05:58:37Z</time>
                                                <extensions>
                            <sog>16.2</sog>
<cog>232.0</cog>
                        </extensions>
                    </trkpt>
                    <trkpt lat="54.57682333333333" lon="10.543531666666667">
                        <ele>0</ele>
                        <time>2022-08-18T05:58:49Z</time>
                                                <extensions>
                            <sog>16.2</sog>
<cog>231.9</cog>
                        </extensions>
                    </trkpt>
                    <trkpt lat="54.575714999999995" lon="10.541098333333334">
                        <ele>0</ele>
                        <time>2022-08-18T05:59:13Z</time>
                                                <extensions>
                            <sog>16.2</sog>
<cog>231.9</cog>
                        </extensions>
                    </trkpt>
                    <trkpt lat="54.57548333333333" lon="10.54059">
                        <ele>0</ele>
                        <time>2022-08-18T05:59:18Z</time>
                                                <extensions>
                            <sog>16.2</sog>
<cog>231.9</cog>
                        </extensions>
                    </trkpt>
                    <trkpt lat="54.57488333333333" lon="10.539265">
                        <ele>0</ele>
                        <time>2022-08-18T05:59:31Z</time>
                                                <extensions>
                            <sog>16.2</sog>
<cog>232.1</cog>
                        </extensions>
                    </trkpt>
                    <trkpt lat="54.57460833333334" lon="10.538651666666668">
                        <ele>0</ele>
                        <time>2022-08-18T05:59:37Z</time>
                                                <extensions>
                            <sog>16.2</sog>
<cog>232.2</cog>
                        </extensions>
                    </trkpt>
                    <trkpt lat="54.57406" lon="10.537423333333333">
                        <ele>0</ele>
                        <time>2022-08-18T05:59:49Z</time>
                                                <extensions>
                            <sog>16.2</sog>
<cog>232.5</cog>
                        </extensions>
                    </trkpt>
                    <trkpt lat="54.57383166666667" lon="10.536908333333335">
                        <ele>0</ele>
                        <time>2022-08-18T05:59:54Z</time>
                                                <extensions>
                            <sog>16.2</sog>
<cog>232.6</cog>
                        </extensions>
                    </trkpt>
                    <trkpt lat="54.572970000000005" lon="10.534955">
                        <ele>0</ele>
                        <time>2022-08-18T06:00:13Z</time>
                                                <extensions>
                            <sog>16.2</sog>
<cog>232.8</cog>
                        </extensions>
                    </trkpt>
                    <trkpt lat="54.572970000000005" lon="10.534955">
                        <ele>0</ele>
                        <time>2022-08-18T06:00:13Z</time>
                                                <extensions>
                            <sog>16.2</sog>
<cog>232.8</cog>
                        </extensions>
                    </trkpt>
                    <trkpt lat="54.572424999999996" lon="10.533723333333334">
                        <ele>0</ele>
                        <time>2022-08-18T06:00:25Z</time>
                                                <extensions>
                            <sog>16.2</sog>
<cog>232.7</cog>
                        </extensions>
                    </trkpt>
                    <trkpt lat="54.572424999999996" lon="10.533723333333334">
                        <ele>0</ele>
                        <time>2022-08-18T06:00:25Z</time>
                                                <extensions>
                            <sog>16.2</sog>
<cog>232.7</cog>
                        </extensions>
                    </trkpt>
                    <trkpt lat="54.57187666666667" lon="10.532495">
                        <ele>0</ele>
                        <time>2022-08-18T06:00:37Z</time>
                                                <extensions>
                            <sog>16.2</sog>
<cog>232.3</cog>
                        </extensions>
                    </trkpt>
                    <trkpt lat="54.57187666666667" lon="10.532495">
                        <ele>0</ele>
                        <time>2022-08-18T06:00:37Z</time>
                                                <extensions>
                            <sog>16.2</sog>
<cog>232.3</cog>
                        </extensions>
                    </trkpt>
                    <trkpt lat="54.5716" lon="10.531883333333333">
                        <ele>0</ele>
                        <time>2022-08-18T06:00:43Z</time>
                                                <extensions>
                            <sog>16.2</sog>
<cog>232.2</cog>
                        </extensions>
                    </trkpt>
                    <trkpt lat="54.5716" lon="10.531883333333333">
                        <ele>0</ele>
                        <time>2022-08-18T06:00:43Z</time>
                                                <extensions>
                            <sog>16.2</sog>
<cog>232.2</cog>
                        </extensions>
                    </trkpt>
                    <trkpt lat="54.571325" lon="10.531273333333333">
                        <ele>0</ele>
                        <time>2022-08-18T06:00:49Z</time>
                                                <extensions>
                            <sog>16.2</sog>
<cog>232.0</cog>
                        </extensions>
                    </trkpt>
                    <trkpt lat="54.571325" lon="10.531273333333333">
                        <ele>0</ele>
                        <time>2022-08-18T06:00:49Z</time>
                                                <extensions>
                            <sog>16.2</sog>
<cog>232.0</cog>
                        </extensions>
                    </trkpt>
                    <trkpt lat="54.57109333333334" lon="10.530766666666667">
                        <ele>0</ele>
                        <time>2022-08-18T06:00:54Z</time>
                                                <extensions>
                            <sog>16.2</sog>
<cog>231.8</cog>
                        </extensions>
                    </trkpt>
                    <trkpt lat="54.57109333333334" lon="10.530766666666667">
                        <ele>0</ele>
                        <time>2022-08-18T06:00:54Z</time>
                                                <extensions>
                            <sog>16.2</sog>
<cog>231.8</cog>
                        </extensions>
                    </trkpt>
                    <trkpt lat="54.569385000000004" lon="10.527016666666666">
                        <ele>0</ele>
                        <time>2022-08-18T06:01:31Z</time>
                                                <extensions>
                            <sog>16.1</sog>
<cog>232.0</cog>
                        </extensions>
                    </trkpt>
                    <trkpt lat="54.56910666666667" lon="10.526408333333334">
                        <ele>0</ele>
                        <time>2022-08-18T06:01:37Z</time>
                                                <extensions>
                            <sog>16.2</sog>
<cog>231.8</cog>
                        </extensions>
                    </trkpt>
                    <trkpt lat="54.568830000000005" lon="10.525801666666666">
                        <ele>0</ele>
                        <time>2022-08-18T06:01:43Z</time>
                                                <extensions>
                            <sog>16.2</sog>
<cog>231.8</cog>
                        </extensions>
                    </trkpt>
                    <trkpt lat="54.568549999999995" lon="10.525195">
                        <ele>0</ele>
                        <time>2022-08-18T06:01:49Z</time>
                                                <extensions>
                            <sog>16.2</sog>
<cog>231.6</cog>
                        </extensions>
                    </trkpt>
                    <trkpt lat="54.56827166666667" lon="10.52459">
                        <ele>0</ele>
                        <time>2022-08-18T06:01:55Z</time>
                                                <extensions>
                            <sog>16.2</sog>
<cog>231.6</cog>
                        </extensions>
                    </trkpt>
                    <trkpt lat="54.56745" lon="10.522755">
                        <ele>0</ele>
                        <time>2022-08-18T06:02:13Z</time>
                                                <extensions>
                            <sog>16.1</sog>
<cog>232.9</cog>
                        </extensions>
                    </trkpt>
                    <trkpt lat="54.566919999999996" lon="10.521510000000001">
                        <ele>0</ele>
                        <time>2022-08-18T06:02:25Z</time>
                                                <extensions>
                            <sog>16.1</sog>
<cog>234.0</cog>
                        </extensions>
                    </trkpt>
                    <trkpt lat="54.56666" lon="10.520881666666666">
                        <ele>0</ele>
                        <time>2022-08-18T06:02:31Z</time>
                                                <extensions>
                            <sog>16.1</sog>
<cog>234.5</cog>
                        </extensions>
                    </trkpt>
                    <trkpt lat="54.56640166666667" lon="10.520248333333333">
                        <ele>0</ele>
                        <time>2022-08-18T06:02:37Z</time>
                                                <extensions>
                            <sog>16.1</sog>
<cog>235.1</cog>
                        </extensions>
                    </trkpt>
                    <trkpt lat="54.56615" lon="10.51961">
                        <ele>0</ele>
                        <time>2022-08-18T06:02:43Z</time>
                                                <extensions>
                            <sog>16.1</sog>
<cog>235.8</cog>
                        </extensions>
                    </trkpt>
                    <trkpt lat="54.56590166666667" lon="10.518966666666667">
                        <ele>0</ele>
                        <time>2022-08-18T06:02:49Z</time>
                                                <extensions>
                            <sog>16.1</sog>
<cog>236.4</cog>
                        </extensions>
                    </trkpt>
                    <trkpt lat="54.56565833333333" lon="10.518318333333333">
                        <ele>0</ele>
                        <time>2022-08-18T06:02:55Z</time>
                                                <extensions>
                            <sog>16.1</sog>
<cog>237.1</cog>
                        </extensions>
                    </trkpt>
                    <trkpt lat="54.56545833333333" lon="10.517773333333334">
                        <ele>0</ele>
                        <time>2022-08-18T06:03:00Z</time>
                                                <extensions>
                            <sog>16.2</sog>
<cog>237.5</cog>
                        </extensions>
                    </trkpt>
                    <trkpt lat="54.565180000000005" lon="10.517006666666667">
                        <ele>0</ele>
                        <time>2022-08-18T06:03:07Z</time>
                                                <extensions>
                            <sog>16.2</sog>
<cog>238.1</cog>
                        </extensions>
                    </trkpt>
                    <trkpt lat="54.56448666666667" lon="10.515016666666666">
                        <ele>0</ele>
                        <time>2022-08-18T06:03:25Z</time>
                                                <extensions>
                            <sog>16.2</sog>
<cog>239.5</cog>
                        </extensions>
                    </trkpt>
                    <trkpt lat="54.56426" lon="10.514348333333334">
                        <ele>0</ele>
                        <time>2022-08-18T06:03:31Z</time>
                                                <extensions>
                            <sog>16.2</sog>
<cog>239.8</cog>
                        </extensions>
                    </trkpt>
                    <trkpt lat="54.564035" lon="10.513676666666667">
                        <ele>0</ele>
                        <time>2022-08-18T06:03:37Z</time>
                                                <extensions>
                            <sog>16.2</sog>
<cog>239.9</cog>
                        </extensions>
                    </trkpt>
                    <trkpt lat="54.563356666666664" lon="10.511664999999999">
                        <ele>0</ele>
                        <time>2022-08-18T06:03:55Z</time>
                                                <extensions>
                            <sog>16.2</sog>
<cog>239.7</cog>
                        </extensions>
                    </trkpt>
                    <trkpt lat="54.5629" lon="10.510328333333332">
                        <ele>0</ele>
                        <time>2022-08-18T06:04:07Z</time>
                                                <extensions>
                            <sog>16.2</sog>
<cog>239.5</cog>
                        </extensions>
                    </trkpt>
                    <trkpt lat="54.56247833333334" lon="10.509106666666666">
                        <ele>0</ele>
                        <time>2022-08-18T06:04:18Z</time>
                                                <extensions>
                            <sog>16.2</sog>
<cog>239.2</cog>
                        </extensions>
                    </trkpt>
                    <trkpt lat="54.56220833333334" lon="10.50833">
                        <ele>0</ele>
                        <time>2022-08-18T06:04:25Z</time>
                                                <extensions>
                            <sog>16.2</sog>
<cog>239.2</cog>
                        </extensions>
                    </trkpt>
                    <trkpt lat="54.56197833333333" lon="10.507663333333333">
                        <ele>0</ele>
                        <time>2022-08-18T06:04:31Z</time>
                                                <extensions>
                            <sog>16.2</sog>
<cog>239.2</cog>
                        </extensions>
                    </trkpt>
                    <trkpt lat="54.561055" lon="10.504999999999999">
                        <ele>0</ele>
                        <time>2022-08-18T06:04:55Z</time>
                                                <extensions>
                            <sog>16.2</sog>
<cog>239.1</cog>
                        </extensions>
                    </trkpt>
                    <trkpt lat="54.560165" lon="10.502455">
                        <ele>0</ele>
                        <time>2022-08-18T06:05:18Z</time>
                                                <extensions>
                            <sog>16.2</sog>
<cog>238.9</cog>
                        </extensions>
                    </trkpt>
                    <trkpt lat="54.559893333333335" lon="10.501681666666666">
                        <ele>0</ele>
                        <time>2022-08-18T06:05:25Z</time>
                                                <extensions>
                            <sog>16.2</sog>
<cog>238.8</cog>
                        </extensions>
                    </trkpt>
                    <trkpt lat="54.5597" lon="10.501128333333332">
                        <ele>0</ele>
                        <time>2022-08-18T06:05:30Z</time>
                                                <extensions>
                            <sog>16.2</sog>
<cog>238.9</cog>
                        </extensions>
                    </trkpt>
                    <trkpt lat="54.55942833333334" lon="10.500355">
                        <ele>0</ele>
                        <time>2022-08-18T06:05:37Z</time>
                                                <extensions>
                            <sog>16.2</sog>
<cog>238.9</cog>
                        </extensions>
                    </trkpt>
                    <trkpt lat="54.55896499999999" lon="10.499028333333333">
                        <ele>0</ele>
                        <time>2022-08-18T06:05:48Z</time>
                                                <extensions>
                            <sog>16.2</sog>
<cog>239.0</cog>
                        </extensions>
                    </trkpt>
                    <trkpt lat="54.558735" lon="10.498365">
                        <ele>0</ele>
                        <time>2022-08-18T06:05:55Z</time>
                                                <extensions>
                            <sog>16.2</sog>
<cog>239.1</cog>
                        </extensions>
                    </trkpt>
                    <trkpt lat="54.55854166666666" lon="10.497811666666667">
                        <ele>0</ele>
                        <time>2022-08-18T06:06:00Z</time>
                                                <extensions>
                            <sog>16.2</sog>
<cog>239.1</cog>
                        </extensions>
                    </trkpt>
                    <trkpt lat="54.55785166666667" lon="10.495818333333334">
                        <ele>0</ele>
                        <time>2022-08-18T06:06:18Z</time>
                                                <extensions>
                            <sog>16.2</sog>
<cog>239.2</cog>
                        </extensions>
                    </trkpt>
                    <trkpt lat="54.557390000000005" lon="10.494488333333333">
                        <ele>0</ele>
                        <time>2022-08-18T06:06:30Z</time>
                                                <extensions>
                            <sog>16.2</sog>
<cog>239.1</cog>
                        </extensions>
                    </trkpt>
                    <trkpt lat="54.557120000000005" lon="10.493715">
                        <ele>0</ele>
                        <time>2022-08-18T06:06:37Z</time>
                                                <extensions>
                            <sog>16.2</sog>
<cog>239.0</cog>
                        </extensions>
                    </trkpt>
                    <trkpt lat="54.55692833333333" lon="10.493161666666667">
                        <ele>0</ele>
                        <time>2022-08-18T06:06:42Z</time>
                                                <extensions>
                            <sog>16.2</sog>
<cog>239.1</cog>
                        </extensions>
                    </trkpt>
                    <trkpt lat="54.55666" lon="10.492386666666667">
                        <ele>0</ele>
                        <time>2022-08-18T06:06:48Z</time>
                                                <extensions>
                            <sog>16.2</sog>
<cog>239.1</cog>
                        </extensions>
                    </trkpt>
                    <trkpt lat="54.55642833333333" lon="10.491721666666667">
                        <ele>0</ele>
                        <time>2022-08-18T06:06:55Z</time>
                                                <extensions>
                            <sog>16.2</sog>
<cog>239.1</cog>
                        </extensions>
                    </trkpt>
                    <trkpt lat="54.55623666666667" lon="10.491168333333333">
                        <ele>0</ele>
                        <time>2022-08-18T06:07:00Z</time>
                                                <extensions>
                            <sog>16.2</sog>
<cog>239.2</cog>
                        </extensions>
                    </trkpt>
                    <trkpt lat="54.555548333333334" lon="10.489175">
                        <ele>0</ele>
                        <time>2022-08-18T06:07:18Z</time>
                                                <extensions>
                            <sog>16.2</sog>
<cog>239.2</cog>
                        </extensions>
                    </trkpt>
                    <trkpt lat="54.55482" lon="10.487073333333333">
                        <ele>0</ele>
                        <time>2022-08-18T06:07:37Z</time>
                                                <extensions>
                            <sog>16.1</sog>
<cog>239.1</cog>
                        </extensions>
                    </trkpt>
                    <trkpt lat="54.554361666666665" lon="10.485746666666667">
                        <ele>0</ele>
                        <time>2022-08-18T06:07:49Z</time>
                                                <extensions>
                            <sog>16.1</sog>
<cog>239.2</cog>
                        </extensions>
                    </trkpt>
                    <trkpt lat="54.55413166666666" lon="10.485083333333334">
                        <ele>0</ele>
                        <time>2022-08-18T06:07:55Z</time>
                                                <extensions>
                            <sog>16.2</sog>
<cog>239.3</cog>
                        </extensions>
                    </trkpt>
                    <trkpt lat="54.55390333333333" lon="10.484418333333334">
                        <ele>0</ele>
                        <time>2022-08-18T06:08:01Z</time>
                                                <extensions>
                            <sog>16.2</sog>
<cog>239.3</cog>
                        </extensions>
                    </trkpt>
                    <trkpt lat="54.552521666666664" lon="10.480431666666668">
                        <ele>0</ele>
                        <time>2022-08-18T06:08:37Z</time>
                                                <extensions>
                            <sog>16.2</sog>
<cog>239.1</cog>
                        </extensions>
                    </trkpt>
                    <trkpt lat="54.552058333333335" lon="10.479105">
                        <ele>0</ele>
                        <time>2022-08-18T06:08:49Z</time>
                                                <extensions>
                            <sog>16.2</sog>
<cog>239.0</cog>
                        </extensions>
                    </trkpt>
                    <trkpt lat="54.55182666666666" lon="10.478441666666667">
                        <ele>0</ele>
                        <time>2022-08-18T06:08:55Z</time>
                                                <extensions>
                            <sog>16.2</sog>
<cog>239.0</cog>
                        </extensions>
                    </trkpt>
                    <trkpt lat="54.551595" lon="10.47778">
                        <ele>0</ele>
                        <time>2022-08-18T06:09:01Z</time>
                                                <extensions>
                            <sog>16.2</sog>
<cog>239.0</cog>
                        </extensions>
                    </trkpt>
                    <trkpt lat="54.551363333333335" lon="10.477116666666666">
                        <ele>0</ele>
                        <time>2022-08-18T06:09:07Z</time>
                                                <extensions>
                            <sog>16.2</sog>
<cog>239.0</cog>
                        </extensions>
                    </trkpt>
                    <trkpt lat="54.55117" lon="10.476564999999999">
                        <ele>0</ele>
                        <time>2022-08-18T06:09:12Z</time>
                                                <extensions>
                            <sog>16.2</sog>
<cog>239.0</cog>
                        </extensions>
                    </trkpt>
                    <trkpt lat="54.5509" lon="10.475791666666668">
                        <ele>0</ele>
                        <time>2022-08-18T06:09:18Z</time>
                                                <extensions>
                            <sog>16.2</sog>
<cog>238.9</cog>
                        </extensions>
                    </trkpt>
                    <trkpt lat="54.550475" lon="10.47458">
                        <ele>0</ele>
                        <time>2022-08-18T06:09:30Z</time>
                                                <extensions>
                            <sog>16.1</sog>
<cog>238.8</cog>
                        </extensions>
                    </trkpt>
                    <trkpt lat="54.550205" lon="10.473808333333332">
                        <ele>0</ele>
                        <time>2022-08-18T06:09:37Z</time>
                                                <extensions>
                            <sog>16.1</sog>
<cog>238.9</cog>
                        </extensions>
                    </trkpt>
                    <trkpt lat="54.55001166666667" lon="10.473258333333332">
                        <ele>0</ele>
                        <time>2022-08-18T06:09:42Z</time>
                                                <extensions>
                            <sog>16.1</sog>
<cog>238.9</cog>
                        </extensions>
                    </trkpt>
                    <trkpt lat="54.54974333333333" lon="10.472485">
                        <ele>0</ele>
                        <time>2022-08-18T06:09:49Z</time>
                                                <extensions>
                            <sog>16.1</sog>
<cog>239.0</cog>
                        </extensions>
                    </trkpt>
                    <trkpt lat="54.54928333333333" lon="10.471158333333333">
                        <ele>0</ele>
                        <time>2022-08-18T06:10:01Z</time>
                                                <extensions>
                            <sog>16.1</sog>
<cog>239.2</cog>
                        </extensions>
                    </trkpt>
                    <trkpt lat="54.54905333333333" lon="10.470495">
                        <ele>0</ele>
                        <time>2022-08-18T06:10:07Z</time>
                                                <extensions>
                            <sog>16.1</sog>
<cog>239.2</cog>
                        </extensions>
                    </trkpt>
                    <trkpt lat="54.54859333333333" lon="10.469168333333332">
                        <ele>0</ele>
                        <time>2022-08-18T06:10:18Z</time>
                                                <extensions>
                            <sog>16.2</sog>
<cog>239.2</cog>
                        </extensions>
                    </trkpt>
                    <trkpt lat="54.54817166666667" lon="10.467951666666666">
                        <ele>0</ele>
                        <time>2022-08-18T06:10:30Z</time>
                                                <extensions>
                            <sog>16.1</sog>
<cog>239.1</cog>
                        </extensions>
                    </trkpt>
                    <trkpt lat="54.54790333333334" lon="10.46718">
                        <ele>0</ele>
                        <time>2022-08-18T06:10:37Z</time>
                                                <extensions>
                            <sog>16.1</sog>
<cog>239.1</cog>
                        </extensions>
                    </trkpt>
                    <trkpt lat="54.54771166666667" lon="10.466628333333334">
                        <ele>0</ele>
                        <time>2022-08-18T06:10:42Z</time>
                                                <extensions>
                            <sog>16.1</sog>
<cog>239.0</cog>
                        </extensions>
                    </trkpt>
                    <trkpt lat="54.54744166666667" lon="10.465856666666667">
                        <ele>0</ele>
                        <time>2022-08-18T06:10:49Z</time>
                                                <extensions>
                            <sog>16.1</sog>
<cog>239.0</cog>
                        </extensions>
                    </trkpt>
                    <trkpt lat="54.54698166666667" lon="10.464536666666667">
                        <ele>0</ele>
                        <time>2022-08-18T06:11:01Z</time>
                                                <extensions>
                            <sog>16.1</sog>
<cog>239.0</cog>
                        </extensions>
                    </trkpt>
                    <trkpt lat="54.546751666666665" lon="10.463876666666666">
                        <ele>0</ele>
                        <time>2022-08-18T06:11:07Z</time>
                                                <extensions>
                            <sog>16.1</sog>
<cog>238.9</cog>
                        </extensions>
                    </trkpt>
                    <trkpt lat="54.54629" lon="10.462558333333334">
                        <ele>0</ele>
                        <time>2022-08-18T06:11:19Z</time>
                                                <extensions>
                            <sog>16.1</sog>
<cog>238.9</cog>
                        </extensions>
                    </trkpt>
                    <trkpt lat="54.546058333333335" lon="10.461898333333332">
                        <ele>0</ele>
                        <time>2022-08-18T06:11:25Z</time>
                                                <extensions>
                            <sog>16.1</sog>
<cog>238.9</cog>
                        </extensions>
                    </trkpt>
                    <trkpt lat="54.54586666666667" lon="10.461348333333332">
                        <ele>0</ele>
                        <time>2022-08-18T06:11:30Z</time>
                                                <extensions>
                            <sog>16.1</sog>
<cog>239.0</cog>
                        </extensions>
                    </trkpt>
                    <trkpt lat="54.545406666666665" lon="10.460025">
                        <ele>0</ele>
                        <time>2022-08-18T06:11:42Z</time>
                                                <extensions>
                            <sog>16.1</sog>
<cog>239.1</cog>
                        </extensions>
                    </trkpt>
                    <trkpt lat="54.54513833333333" lon="10.459251666666667">
                        <ele>0</ele>
                        <time>2022-08-18T06:11:49Z</time>
                                                <extensions>
                            <sog>16.1</sog>
<cog>239.1</cog>
                        </extensions>
                    </trkpt>
                    <trkpt lat="54.54490833333333" lon="10.45859">
                        <ele>0</ele>
                        <time>2022-08-18T06:11:55Z</time>
                                                <extensions>
                            <sog>16.1</sog>
<cog>239.1</cog>
                        </extensions>
                    </trkpt>
                    <trkpt lat="54.544716666666666" lon="10.458038333333333">
                        <ele>0</ele>
                        <time>2022-08-18T06:12:00Z</time>
                                                <extensions>
                            <sog>16.1</sog>
<cog>239.1</cog>
                        </extensions>
                    </trkpt>
                    <trkpt lat="54.544448333333335" lon="10.457265">
                        <ele>0</ele>
                        <time>2022-08-18T06:12:07Z</time>
                                                <extensions>
                            <sog>16.1</sog>
<cog>239.2</cog>
                        </extensions>
                    </trkpt>
                    <trkpt lat="54.54399" lon="10.455938333333334">
                        <ele>0</ele>
                        <time>2022-08-18T06:12:19Z</time>
                                                <extensions>
                            <sog>16.1</sog>
<cog>239.3</cog>
                        </extensions>
                    </trkpt>
                    <trkpt lat="54.54376333333333" lon="10.455273333333334">
                        <ele>0</ele>
                        <time>2022-08-18T06:12:25Z</time>
                                                <extensions>
                            <sog>16.1</sog>
<cog>239.4</cog>
                        </extensions>
                    </trkpt>
                    <trkpt lat="54.543573333333335" lon="10.45472">
                        <ele>0</ele>
                        <time>2022-08-18T06:12:30Z</time>
                                                <extensions>
                            <sog>16.1</sog>
<cog>239.4</cog>
                        </extensions>
                    </trkpt>
                    <trkpt lat="54.543345" lon="10.454055">
                        <ele>0</ele>
                        <time>2022-08-18T06:12:36Z</time>
                                                <extensions>
                            <sog>16.1</sog>
<cog>239.4</cog>
                        </extensions>
                    </trkpt>
                    <trkpt lat="54.543078333333334" lon="10.453281666666667">
                        <ele>0</ele>
                        <time>2022-08-18T06:12:43Z</time>
                                                <extensions>
                            <sog>16.1</sog>
<cog>239.3</cog>
                        </extensions>
                    </trkpt>
                    <trkpt lat="54.54242833333333" lon="10.451401666666667">
                        <ele>0</ele>
                        <time>2022-08-18T06:13:00Z</time>
                                                <extensions>
                            <sog>16.1</sog>
<cog>239.2</cog>
                        </extensions>
                    </trkpt>
                    <trkpt lat="54.542161666666665" lon="10.450628333333333">
                        <ele>0</ele>
                        <time>2022-08-18T06:13:07Z</time>
                                                <extensions>
                            <sog>16.1</sog>
<cog>239.2</cog>
                        </extensions>
                    </trkpt>
                    <trkpt lat="54.54193166666666" lon="10.449966666666667">
                        <ele>0</ele>
                        <time>2022-08-18T06:13:13Z</time>
                                                <extensions>
                            <sog>16.1</sog>
<cog>239.2</cog>
                        </extensions>
                    </trkpt>
                    <trkpt lat="54.54170166666667" lon="10.449303333333335">
                        <ele>0</ele>
                        <time>2022-08-18T06:13:19Z</time>
                                                <extensions>
                            <sog>16.1</sog>
<cog>239.1</cog>
                        </extensions>
                    </trkpt>
                    <trkpt lat="54.541471666666666" lon="10.448641666666667">
                        <ele>0</ele>
                        <time>2022-08-18T06:13:25Z</time>
                                                <extensions>
                            <sog>16.1</sog>
<cog>239.1</cog>
                        </extensions>
                    </trkpt>
                    <trkpt lat="54.54127833333334" lon="10.44809">
                        <ele>0</ele>
                        <time>2022-08-18T06:13:30Z</time>
                                                <extensions>
                            <sog>16.1</sog>
<cog>239.1</cog>
                        </extensions>
                    </trkpt>
                    <trkpt lat="54.541048333333336" lon="10.447428333333333">
                        <ele>0</ele>
                        <time>2022-08-18T06:13:36Z</time>
                                                <extensions>
                            <sog>16.1</sog>
<cog>239.0</cog>
                        </extensions>
                    </trkpt>
                    <trkpt lat="54.540778333333336" lon="10.446656666666666">
                        <ele>0</ele>
                        <time>2022-08-18T06:13:43Z</time>
                                                <extensions>
                            <sog>16.1</sog>
<cog>238.9</cog>
                        </extensions>
                    </trkpt>
                    <trkpt lat="54.540353333333336" lon="10.445443333333333">
                        <ele>0</ele>
                        <time>2022-08-18T06:13:54Z</time>
                                                <extensions>
                            <sog>16.2</sog>
<cog>238.9</cog>
                        </extensions>
                    </trkpt>
                    <trkpt lat="54.540121666666664" lon="10.444781666666668">
                        <ele>0</ele>
                        <time>2022-08-18T06:14:00Z</time>
                                                <extensions>
                            <sog>16.2</sog>
<cog>238.9</cog>
                        </extensions>
                    </trkpt>
                    <trkpt lat="54.53962166666667" lon="10.443346666666667">
                        <ele>0</ele>
                        <time>2022-08-18T06:14:13Z</time>
                                                <extensions>
                            <sog>16.2</sog>
<cog>239.1</cog>
                        </extensions>
                    </trkpt>
                    <trkpt lat="54.539390000000004" lon="10.442683333333333">
                        <ele>0</ele>
                        <time>2022-08-18T06:14:19Z</time>
                                                <extensions>
                            <sog>16.2</sog>
<cog>239.1</cog>
                        </extensions>
                    </trkpt>
                    <trkpt lat="54.53916" lon="10.442020000000001">
                        <ele>0</ele>
                        <time>2022-08-18T06:14:25Z</time>
                                                <extensions>
                            <sog>16.2</sog>
<cog>239.1</cog>
                        </extensions>
                    </trkpt>
                    <trkpt lat="54.53896833333333" lon="10.441466666666667">
                        <ele>0</ele>
                        <time>2022-08-18T06:14:30Z</time>
                                                <extensions>
                            <sog>16.2</sog>
<cog>239.1</cog>
                        </extensions>
                    </trkpt>
                    <trkpt lat="54.538736666666665" lon="10.440803333333333">
                        <ele>0</ele>
                        <time>2022-08-18T06:14:36Z</time>
                                                <extensions>
                            <sog>16.2</sog>
<cog>239.1</cog>
                        </extensions>
                    </trkpt>
                    <trkpt lat="54.538466666666665" lon="10.44003">
                        <ele>0</ele>
                        <time>2022-08-18T06:14:43Z</time>
                                                <extensions>
                            <sog>16.2</sog>
<cog>239.0</cog>
                        </extensions>
                    </trkpt>
                    <trkpt lat="54.53804" lon="10.438816666666666">
                        <ele>0</ele>
                        <time>2022-08-18T06:14:54Z</time>
                                                <extensions>
                            <sog>16.2</sog>
<cog>238.8</cog>
                        </extensions>
                    </trkpt>
                    <trkpt lat="54.53780833333334" lon="10.438156666666666">
                        <ele>0</ele>
                        <time>2022-08-18T06:15:00Z</time>
                                                <extensions>
                            <sog>16.2</sog>
<cog>238.8</cog>
                        </extensions>
                    </trkpt>
                    <trkpt lat="54.53753666666667" lon="10.437385">
                        <ele>0</ele>
                        <time>2022-08-18T06:15:07Z</time>
                                                <extensions>
                            <sog>16.2</sog>
<cog>238.7</cog>
                        </extensions>
                    </trkpt>
                    <trkpt lat="54.53730333333333" lon="10.436725">
                        <ele>0</ele>
                        <time>2022-08-18T06:15:13Z</time>
                                                <extensions>
                            <sog>16.2</sog>
<cog>238.8</cog>
                        </extensions>
                    </trkpt>
                    <trkpt lat="54.53711" lon="10.436173333333333">
                        <ele>0</ele>
                        <time>2022-08-18T06:15:18Z</time>
                                                <extensions>
                            <sog>16.2</sog>
<cog>238.8</cog>
                        </extensions>
                    </trkpt>
                    <trkpt lat="54.53684" lon="10.435401666666667">
                        <ele>0</ele>
                        <time>2022-08-18T06:15:25Z</time>
                                                <extensions>
                            <sog>16.2</sog>
<cog>239.0</cog>
                        </extensions>
                    </trkpt>
                    <trkpt lat="54.53664833333333" lon="10.43485">
                        <ele>0</ele>
                        <time>2022-08-18T06:15:30Z</time>
                                                <extensions>
                            <sog>16.2</sog>
<cog>239.1</cog>
                        </extensions>
                    </trkpt>
                    <trkpt lat="54.53641666666667" lon="10.434186666666667">
                        <ele>0</ele>
                        <time>2022-08-18T06:15:36Z</time>
                                                <extensions>
                            <sog>16.2</sog>
<cog>239.1</cog>
                        </extensions>
                    </trkpt>
                    <trkpt lat="54.53614833333334" lon="10.433411666666666">
                        <ele>0</ele>
                        <time>2022-08-18T06:15:43Z</time>
                                                <extensions>
                            <sog>16.2</sog>
<cog>239.1</cog>
                        </extensions>
                    </trkpt>
                    <trkpt lat="54.53595666666667" lon="10.432858333333334">
                        <ele>0</ele>
                        <time>2022-08-18T06:15:48Z</time>
                                                <extensions>
                            <sog>16.2</sog>
<cog>239.2</cog>
                        </extensions>
                    </trkpt>
                    <trkpt lat="54.53572833333333" lon="10.432193333333334">
                        <ele>0</ele>
                        <time>2022-08-18T06:15:54Z</time>
                                                <extensions>
                            <sog>16.2</sog>
<cog>239.3</cog>
                        </extensions>
                    </trkpt>
                    <trkpt lat="54.53549666666667" lon="10.43153">
                        <ele>0</ele>
                        <time>2022-08-18T06:16:00Z</time>
                                                <extensions>
                            <sog>16.2</sog>
<cog>239.2</cog>
                        </extensions>
                    </trkpt>
                    <trkpt lat="54.53523" lon="10.430755">
                        <ele>0</ele>
                        <time>2022-08-18T06:16:07Z</time>
                                                <extensions>
                            <sog>16.2</sog>
<cog>239.2</cog>
                        </extensions>
                    </trkpt>
                    <trkpt lat="54.535" lon="10.43009">
                        <ele>0</ele>
                        <time>2022-08-18T06:16:13Z</time>
                                                <extensions>
                            <sog>16.2</sog>
<cog>239.2</cog>
                        </extensions>
                    </trkpt>
                    <trkpt lat="54.53480833333333" lon="10.429536666666667">
                        <ele>0</ele>
                        <time>2022-08-18T06:16:18Z</time>
                                                <extensions>
                            <sog>16.2</sog>
<cog>239.1</cog>
                        </extensions>
                    </trkpt>
                    <trkpt lat="54.53453833333333" lon="10.428761666666666">
                        <ele>0</ele>
                        <time>2022-08-18T06:16:25Z</time>
                                                <extensions>
                            <sog>16.2</sog>
<cog>239.2</cog>
                        </extensions>
                    </trkpt>
                    <trkpt lat="54.53411666666667" lon="10.427543333333334">
                        <ele>0</ele>
                        <time>2022-08-18T06:16:36Z</time>
                                                <extensions>
                            <sog>16.2</sog>
<cog>239.2</cog>
                        </extensions>
                    </trkpt>
                    <trkpt lat="54.53384833333334" lon="10.426768333333333">
                        <ele>0</ele>
                        <time>2022-08-18T06:16:43Z</time>
                                                <extensions>
                            <sog>16.2</sog>
<cog>239.1</cog>
                        </extensions>
                    </trkpt>
                    <trkpt lat="54.533654999999996" lon="10.426215000000001">
                        <ele>0</ele>
                        <time>2022-08-18T06:16:48Z</time>
                                                <extensions>
                            <sog>16.2</sog>
<cog>239.1</cog>
                        </extensions>
                    </trkpt>
                    <trkpt lat="54.53315666666666" lon="10.424778333333334">
                        <ele>0</ele>
                        <time>2022-08-18T06:17:01Z</time>
                                                <extensions>
                            <sog>16.2</sog>
<cog>239.2</cog>
                        </extensions>
                    </trkpt>
                    <trkpt lat="54.53292666666667" lon="10.424115">
                        <ele>0</ele>
                        <time>2022-08-18T06:17:07Z</time>
                                                <extensions>
                            <sog>16.1</sog>
<cog>239.2</cog>
                        </extensions>
                    </trkpt>
                    <trkpt lat="54.532696666666666" lon="10.423453333333333">
                        <ele>0</ele>
                        <time>2022-08-18T06:17:13Z</time>
                                                <extensions>
                            <sog>16.1</sog>
<cog>239.1</cog>
                        </extensions>
                    </trkpt>
                    <trkpt lat="54.532505" lon="10.422903333333332">
                        <ele>0</ele>
                        <time>2022-08-18T06:17:18Z</time>
                                                <extensions>
                            <sog>16.1</sog>
<cog>239.1</cog>
                        </extensions>
                    </trkpt>
                    <trkpt lat="54.53223666666667" lon="10.422134999999999">
                        <ele>0</ele>
                        <time>2022-08-18T06:17:25Z</time>
                                                <extensions>
                            <sog>16.1</sog>
<cog>239.0</cog>
                        </extensions>
                    </trkpt>
                    <trkpt lat="54.532045000000004" lon="10.421588333333334">
                        <ele>0</ele>
                        <time>2022-08-18T06:17:30Z</time>
                                                <extensions>
                            <sog>16.0</sog>
<cog>239.0</cog>
                        </extensions>
                    </trkpt>
                    <trkpt lat="54.531815" lon="10.420931666666666">
                        <ele>0</ele>
                        <time>2022-08-18T06:17:36Z</time>
                                                <extensions>
                            <sog>16.0</sog>
<cog>238.9</cog>
                        </extensions>
                    </trkpt>
                    <trkpt lat="54.53154666666667" lon="10.420166666666667">
                        <ele>0</ele>
                        <time>2022-08-18T06:17:43Z</time>
                                                <extensions>
                            <sog>16.0</sog>
<cog>238.8</cog>
                        </extensions>
                    </trkpt>
                    <trkpt lat="54.531355" lon="10.419621666666666">
                        <ele>0</ele>
                        <time>2022-08-18T06:17:48Z</time>
                                                <extensions>
                            <sog>16.0</sog>
<cog>238.8</cog>
                        </extensions>
                    </trkpt>
                    <trkpt lat="54.53112333333333" lon="10.418966666666668">
                        <ele>0</ele>
                        <time>2022-08-18T06:17:54Z</time>
                                                <extensions>
                            <sog>16.0</sog>
<cog>238.7</cog>
                        </extensions>
                    </trkpt>
                    <trkpt lat="54.53085333333333" lon="10.418203333333334">
                        <ele>0</ele>
                        <time>2022-08-18T06:18:01Z</time>
                                                <extensions>
                            <sog>16.0</sog>
<cog>238.7</cog>
                        </extensions>
                    </trkpt>
                    <trkpt lat="54.53062166666667" lon="10.41755">
                        <ele>0</ele>
                        <time>2022-08-18T06:18:07Z</time>
                                                <extensions>
                            <sog>16.0</sog>
<cog>238.6</cog>
                        </extensions>
                    </trkpt>
                    <trkpt lat="54.530390000000004" lon="10.416896666666666">
                        <ele>0</ele>
                        <time>2022-08-18T06:18:13Z</time>
                                                <extensions>
                            <sog>16.0</sog>
<cog>238.6</cog>
                        </extensions>
                    </trkpt>
                    <trkpt lat="54.53019666666667" lon="10.416353333333332">
                        <ele>0</ele>
                        <time>2022-08-18T06:18:18Z</time>
                                                <extensions>
                            <sog>16.0</sog>
<cog>238.6</cog>
                        </extensions>
                    </trkpt>
                    <trkpt lat="54.52992666666667" lon="10.415591666666668">
                        <ele>0</ele>
                        <time>2022-08-18T06:18:25Z</time>
                                                <extensions>
                            <sog>16.0</sog>
<cog>238.7</cog>
                        </extensions>
                    </trkpt>
                    <trkpt lat="54.529734999999995" lon="10.415046666666665">
                        <ele>0</ele>
                        <time>2022-08-18T06:18:30Z</time>
                                                <extensions>
                            <sog>16.0</sog>
<cog>238.8</cog>
                        </extensions>
                    </trkpt>
                    <trkpt lat="54.52950666666666" lon="10.414393333333333">
                        <ele>0</ele>
                        <time>2022-08-18T06:18:36Z</time>
                                                <extensions>
                            <sog>16.0</sog>
<cog>238.9</cog>
                        </extensions>
                    </trkpt>
                    <trkpt lat="54.529241666666664" lon="10.413630000000001">
                        <ele>0</ele>
                        <time>2022-08-18T06:18:43Z</time>
                                                <extensions>
                            <sog>16.0</sog>
<cog>239.1</cog>
                        </extensions>
                    </trkpt>
                    <trkpt lat="54.52905333333333" lon="10.413083333333333">
                        <ele>0</ele>
                        <time>2022-08-18T06:18:48Z</time>
                                                <extensions>
                            <sog>16.0</sog>
<cog>239.2</cog>
                        </extensions>
                    </trkpt>
                    <trkpt lat="54.52878833333333" lon="10.412318333333333">
                        <ele>0</ele>
                        <time>2022-08-18T06:18:55Z</time>
                                                <extensions>
                            <sog>15.9</sog>
<cog>239.2</cog>
                        </extensions>
                    </trkpt>
                    <trkpt lat="54.52856333333333" lon="10.411663333333333">
                        <ele>0</ele>
                        <time>2022-08-18T06:19:01Z</time>
                                                <extensions>
                            <sog>15.9</sog>
<cog>239.4</cog>
                        </extensions>
                    </trkpt>
                    <trkpt lat="54.52833833333333" lon="10.411010000000001">
                        <ele>0</ele>
                        <time>2022-08-18T06:19:07Z</time>
                                                <extensions>
                            <sog>15.9</sog>
<cog>239.3</cog>
                        </extensions>
                    </trkpt>
                    <trkpt lat="54.52811166666667" lon="10.410358333333333">
                        <ele>0</ele>
                        <time>2022-08-18T06:19:13Z</time>
                                                <extensions>
                            <sog>15.9</sog>
<cog>239.2</cog>
                        </extensions>
                    </trkpt>
                    <trkpt lat="54.527924999999996" lon="10.409815">
                        <ele>0</ele>
                        <time>2022-08-18T06:19:18Z</time>
                                                <extensions>
                            <sog>15.8</sog>
<cog>239.2</cog>
                        </extensions>
                    </trkpt>
                    <trkpt lat="54.52769833333333" lon="10.409166666666666">
                        <ele>0</ele>
                        <time>2022-08-18T06:19:24Z</time>
                                                <extensions>
                            <sog>15.8</sog>
<cog>239.1</cog>
                        </extensions>
                    </trkpt>
                    <trkpt lat="54.527435" lon="10.408411666666666">
                        <ele>0</ele>
                        <time>2022-08-18T06:19:31Z</time>
                                                <extensions>
                            <sog>15.8</sog>
<cog>239.0</cog>
                        </extensions>
                    </trkpt>
                    <trkpt lat="54.52724666666666" lon="10.407873333333333">
                        <ele>0</ele>
                        <time>2022-08-18T06:19:36Z</time>
                                                <extensions>
                            <sog>15.8</sog>
<cog>239.0</cog>
                        </extensions>
                    </trkpt>
                    <trkpt lat="54.52702166666666" lon="10.40723">
                        <ele>0</ele>
                        <time>2022-08-18T06:19:42Z</time>
                                                <extensions>
                            <sog>15.7</sog>
<cog>238.9</cog>
                        </extensions>
                    </trkpt>
                    <trkpt lat="54.526795" lon="10.406588333333334">
                        <ele>0</ele>
                        <time>2022-08-18T06:19:48Z</time>
                                                <extensions>
                            <sog>15.7</sog>
<cog>238.8</cog>
                        </extensions>
                    </trkpt>
                    <trkpt lat="54.52653333333333" lon="10.405841666666667">
                        <ele>0</ele>
                        <time>2022-08-18T06:19:55Z</time>
                                                <extensions>
                            <sog>15.7</sog>
<cog>238.8</cog>
                        </extensions>
                    </trkpt>
                    <trkpt lat="54.52630833333333" lon="10.405201666666667">
                        <ele>0</ele>
                        <time>2022-08-18T06:20:01Z</time>
                                                <extensions>
                            <sog>15.6</sog>
<cog>238.9</cog>
                        </extensions>
                    </trkpt>
                    <trkpt lat="54.52612333333333" lon="10.404668333333332">
                        <ele>0</ele>
                        <time>2022-08-18T06:20:06Z</time>
                                                <extensions>
                            <sog>15.6</sog>
<cog>239.0</cog>
                        </extensions>
                    </trkpt>
                    <trkpt lat="54.525864999999996" lon="10.403923333333333">
                        <ele>0</ele>
                        <time>2022-08-18T06:20:13Z</time>
                                                <extensions>
                            <sog>15.6</sog>
<cog>239.2</cog>
                        </extensions>
                    </trkpt>
                    <trkpt lat="54.525459999999995" lon="10.402753333333333">
                        <ele>0</ele>
                        <time>2022-08-18T06:20:24Z</time>
                                                <extensions>
                            <sog>15.5</sog>
<cog>239.4</cog>
                        </extensions>
                    </trkpt>
                    <trkpt lat="54.525205" lon="10.402006666666667">
                        <ele>0</ele>
                        <time>2022-08-18T06:20:31Z</time>
                                                <extensions>
                            <sog>15.5</sog>
<cog>239.4</cog>
                        </extensions>
                    </trkpt>
                    <trkpt lat="54.52502166666667" lon="10.401475">
                        <ele>0</ele>
                        <time>2022-08-18T06:20:36Z</time>
                                                <extensions>
                            <sog>15.5</sog>
<cog>239.3</cog>
                        </extensions>
                    </trkpt>
                    <trkpt lat="54.5248" lon="10.400836666666667">
                        <ele>0</ele>
                        <time>2022-08-18T06:20:42Z</time>
                                                <extensions>
                            <sog>15.5</sog>
<cog>239.2</cog>
                        </extensions>
                    </trkpt>
                    <trkpt lat="54.524541666666664" lon="10.400091666666667">
                        <ele>0</ele>
                        <time>2022-08-18T06:20:49Z</time>
                                                <extensions>
                            <sog>15.5</sog>
<cog>239.2</cog>
                        </extensions>
                    </trkpt>
                    <trkpt lat="54.524319999999996" lon="10.399455">
                        <ele>0</ele>
                        <time>2022-08-18T06:20:55Z</time>
                                                <extensions>
                            <sog>15.5</sog>
<cog>239.0</cog>
                        </extensions>
                    </trkpt>
                    <trkpt lat="54.524098333333335" lon="10.398821666666667">
                        <ele>0</ele>
                        <time>2022-08-18T06:21:01Z</time>
                                                <extensions>
                            <sog>15.5</sog>
<cog>239.0</cog>
                        </extensions>
                    </trkpt>
                    <trkpt lat="54.523915" lon="10.398291666666667">
                        <ele>0</ele>
                        <time>2022-08-18T06:21:06Z</time>
                                                <extensions>
                            <sog>15.5</sog>
<cog>239.1</cog>
                        </extensions>
                    </trkpt>
                    <trkpt lat="54.52365833333333" lon="10.397553333333333">
                        <ele>0</ele>
                        <time>2022-08-18T06:21:13Z</time>
                                                <extensions>
                            <sog>15.4</sog>
<cog>239.2</cog>
                        </extensions>
                    </trkpt>
                    <trkpt lat="54.523475" lon="10.397026666666667">
                        <ele>0</ele>
                        <time>2022-08-18T06:21:18Z</time>
                                                <extensions>
                            <sog>15.4</sog>
<cog>239.2</cog>
                        </extensions>
                    </trkpt>
                    <trkpt lat="54.52325666666666" lon="10.396395">
                        <ele>0</ele>
                        <time>2022-08-18T06:21:24Z</time>
                                                <extensions>
                            <sog>15.4</sog>
<cog>239.3</cog>
                        </extensions>
                    </trkpt>
                    <trkpt lat="54.523003333333335" lon="10.395656666666667">
                        <ele>0</ele>
                        <time>2022-08-18T06:21:31Z</time>
                                                <extensions>
                            <sog>15.4</sog>
<cog>239.4</cog>
                        </extensions>
                    </trkpt>
                    <trkpt lat="54.522823333333335" lon="10.395131666666666">
                        <ele>0</ele>
                        <time>2022-08-18T06:21:36Z</time>
                                                <extensions>
                            <sog>15.3</sog>
<cog>239.3</cog>
                        </extensions>
                    </trkpt>
                    <trkpt lat="54.522605" lon="10.394499999999999">
                        <ele>0</ele>
                        <time>2022-08-18T06:21:42Z</time>
                                                <extensions>
                            <sog>15.4</sog>
<cog>239.3</cog>
                        </extensions>
                    </trkpt>
                    <trkpt lat="54.522349999999996" lon="10.393763333333334">
                        <ele>0</ele>
                        <time>2022-08-18T06:21:49Z</time>
                                                <extensions>
                            <sog>15.4</sog>
<cog>239.3</cog>
                        </extensions>
                    </trkpt>
                    <trkpt lat="54.522131666666674" lon="10.393131666666667">
                        <ele>0</ele>
                        <time>2022-08-18T06:21:55Z</time>
                                                <extensions>
                            <sog>15.4</sog>
<cog>239.1</cog>
                        </extensions>
                    </trkpt>
                    <trkpt lat="54.521910000000005" lon="10.3925">
                        <ele>0</ele>
                        <time>2022-08-18T06:22:01Z</time>
                                                <extensions>
                            <sog>15.4</sog>
<cog>239.0</cog>
                        </extensions>
                    </trkpt>
                    <trkpt lat="54.52172666666667" lon="10.391973333333334">
                        <ele>0</ele>
                        <time>2022-08-18T06:22:06Z</time>
                                                <extensions>
                            <sog>15.4</sog>
<cog>238.9</cog>
                        </extensions>
                    </trkpt>
                    <trkpt lat="54.52146666666667" lon="10.391238333333332">
                        <ele>0</ele>
                        <time>2022-08-18T06:22:13Z</time>
                                                <extensions>
                            <sog>15.4</sog>
<cog>238.8</cog>
                        </extensions>
                    </trkpt>
                    <trkpt lat="54.521060000000006" lon="10.390089999999999">
                        <ele>0</ele>
                        <time>2022-08-18T06:22:24Z</time>
                                                <extensions>
                            <sog>15.3</sog>
<cog>238.7</cog>
                        </extensions>
                    </trkpt>
                    <trkpt lat="54.52080333333333" lon="10.389361666666668">
                        <ele>0</ele>
                        <time>2022-08-18T06:22:31Z</time>
                                                <extensions>
                            <sog>15.3</sog>
<cog>238.7</cog>
                        </extensions>
                    </trkpt>
                    <trkpt lat="54.52062" lon="10.388843333333334">
                        <ele>0</ele>
                        <time>2022-08-18T06:22:36Z</time>
                                                <extensions>
                            <sog>15.2</sog>
<cog>238.7</cog>
                        </extensions>
                    </trkpt>
                    <trkpt lat="54.520403333333334" lon="10.388223333333334">
                        <ele>0</ele>
                        <time>2022-08-18T06:22:42Z</time>
                                                <extensions>
                            <sog>15.2</sog>
<cog>238.9</cog>
                        </extensions>
                    </trkpt>
                    <trkpt lat="54.520149999999994" lon="10.387498333333333">
                        <ele>0</ele>
                        <time>2022-08-18T06:22:49Z</time>
                                                <extensions>
                            <sog>15.1</sog>
<cog>239.1</cog>
                        </extensions>
                    </trkpt>
                    <trkpt lat="54.51972166666667" lon="10.38626">
                        <ele>0</ele>
                        <time>2022-08-18T06:23:01Z</time>
                                                <extensions>
                            <sog>15.1</sog>
<cog>239.2</cog>
                        </extensions>
                    </trkpt>
                    <trkpt lat="54.51954166666667" lon="10.385744999999998">
                        <ele>0</ele>
                        <time>2022-08-18T06:23:06Z</time>
                                                <extensions>
                            <sog>15.1</sog>
<cog>239.2</cog>
                        </extensions>
                    </trkpt>
                    <trkpt lat="54.51929333333333" lon="10.385025">
                        <ele>0</ele>
                        <time>2022-08-18T06:23:13Z</time>
                                                <extensions>
                            <sog>15.0</sog>
<cog>239.2</cog>
                        </extensions>
                    </trkpt>
                    <trkpt lat="54.519115000000006" lon="10.38451">
                        <ele>0</ele>
                        <time>2022-08-18T06:23:18Z</time>
                                                <extensions>
                            <sog>15.0</sog>
<cog>239.2</cog>
                        </extensions>
                    </trkpt>
                    <trkpt lat="54.5189" lon="10.383894999999999">
                        <ele>0</ele>
                        <time>2022-08-18T06:23:24Z</time>
                                                <extensions>
                            <sog>15.0</sog>
<cog>239.1</cog>
                        </extensions>
                    </trkpt>
                    <trkpt lat="54.518685" lon="10.383278333333333">
                        <ele>0</ele>
                        <time>2022-08-18T06:23:30Z</time>
                                                <extensions>
                            <sog>15.0</sog>
<cog>239.0</cog>
                        </extensions>
                    </trkpt>
                    <trkpt lat="54.51846833333333" lon="10.382661666666667">
                        <ele>0</ele>
                        <time>2022-08-18T06:23:36Z</time>
                                                <extensions>
                            <sog>15.1</sog>
<cog>238.9</cog>
                        </extensions>
                    </trkpt>
                    <trkpt lat="54.518251666666664" lon="10.382043333333334">
                        <ele>0</ele>
                        <time>2022-08-18T06:23:42Z</time>
                                                <extensions>
                            <sog>15.1</sog>
<cog>238.8</cog>
                        </extensions>
                    </trkpt>
                    <trkpt lat="54.517995" lon="10.381323333333334">
                        <ele>0</ele>
                        <time>2022-08-18T06:23:49Z</time>
                                                <extensions>
                            <sog>15.1</sog>
<cog>238.6</cog>
                        </extensions>
                    </trkpt>
                    <trkpt lat="54.517813333333336" lon="10.380808333333333">
                        <ele>0</ele>
                        <time>2022-08-18T06:23:54Z</time>
                                                <extensions>
                            <sog>15.1</sog>
<cog>238.6</cog>
                        </extensions>
                    </trkpt>
                    <trkpt lat="54.517558333333334" lon="10.380086666666667">
                        <ele>0</ele>
                        <time>2022-08-18T06:24:01Z</time>
                                                <extensions>
                            <sog>15.2</sog>
<cog>238.7</cog>
                        </extensions>
                    </trkpt>
                    <trkpt lat="54.517375" lon="10.37957">
                        <ele>0</ele>
                        <time>2022-08-18T06:24:06Z</time>
                                                <extensions>
                            <sog>15.2</sog>
<cog>238.8</cog>
                        </extensions>
                    </trkpt>
                    <trkpt lat="54.51712166666667" lon="10.378845">
                        <ele>0</ele>
                        <time>2022-08-18T06:24:13Z</time>
                                                <extensions>
                            <sog>15.1</sog>
<cog>239.0</cog>
                        </extensions>
                    </trkpt>
                    <trkpt lat="54.51673" lon="10.377706666666667">
                        <ele>0</ele>
                        <time>2022-08-18T06:24:24Z</time>
                                                <extensions>
                            <sog>15.1</sog>
<cog>239.5</cog>
                        </extensions>
                    </trkpt>
                    <trkpt lat="54.51652" lon="10.377083333333333">
                        <ele>0</ele>
                        <time>2022-08-18T06:24:30Z</time>
                                                <extensions>
                            <sog>15.1</sog>
<cog>239.8</cog>
                        </extensions>
                    </trkpt>
                    <trkpt lat="54.51631333333333" lon="10.37646">
                        <ele>0</ele>
                        <time>2022-08-18T06:24:36Z</time>
                                                <extensions>
                            <sog>15.0</sog>
<cog>240.3</cog>
                        </extensions>
                    </trkpt>
                    <trkpt lat="54.515875" lon="10.375101666666666">
                        <ele>0</ele>
                        <time>2022-08-18T06:24:49Z</time>
                                                <extensions>
                            <sog>15.0</sog>
<cog>241.2</cog>
                        </extensions>
                    </trkpt>
                    <trkpt lat="54.51571166666667" lon="10.374576666666666">
                        <ele>0</ele>
                        <time>2022-08-18T06:24:54Z</time>
                                                <extensions>
                            <sog>15.0</sog>
<cog>241.7</cog>
                        </extensions>
                    </trkpt>
                    <trkpt lat="54.515485" lon="10.373838333333333">
                        <ele>0</ele>
                        <time>2022-08-18T06:25:01Z</time>
                                                <extensions>
                            <sog>15.0</sog>
<cog>242.2</cog>
                        </extensions>
                    </trkpt>
                    <trkpt lat="54.515325" lon="10.373306666666668">
                        <ele>0</ele>
                        <time>2022-08-18T06:25:06Z</time>
                                                <extensions>
                            <sog>15.0</sog>
<cog>242.6</cog>
                        </extensions>
                    </trkpt>
                    <trkpt lat="54.515105" lon="10.37256">
                        <ele>0</ele>
                        <time>2022-08-18T06:25:13Z</time>
                                                <extensions>
                            <sog>15.0</sog>
<cog>243.2</cog>
                        </extensions>
                    </trkpt>
                    <trkpt lat="54.51495166666667" lon="10.372023333333335">
                        <ele>0</ele>
                        <time>2022-08-18T06:25:18Z</time>
                                                <extensions>
                            <sog>15.0</sog>
<cog>243.7</cog>
                        </extensions>
                    </trkpt>
                    <trkpt lat="54.51477166666667" lon="10.371376666666666">
                        <ele>0</ele>
                        <time>2022-08-18T06:25:24Z</time>
                                                <extensions>
                            <sog>15.0</sog>
<cog>244.5</cog>
                        </extensions>
                    </trkpt>
                    <trkpt lat="54.5146" lon="10.370726666666666">
                        <ele>0</ele>
                        <time>2022-08-18T06:25:30Z</time>
                                                <extensions>
                            <sog>15.0</sog>
<cog>245.4</cog>
                        </extensions>
                    </trkpt>
                    <trkpt lat="54.514433333333336" lon="10.370073333333332">
                        <ele>0</ele>
                        <time>2022-08-18T06:25:36Z</time>
                                                <extensions>
                            <sog>14.9</sog>
<cog>246.2</cog>
                        </extensions>
                    </trkpt>
                    <trkpt lat="54.514271666666666" lon="10.369418333333334">
                        <ele>0</ele>
                        <time>2022-08-18T06:25:42Z</time>
                                                <extensions>
                            <sog>14.9</sog>
<cog>247.0</cog>
                        </extensions>
                    </trkpt>
                    <trkpt lat="54.51408833333333" lon="10.368651666666667">
                        <ele>0</ele>
                        <time>2022-08-18T06:25:49Z</time>
                                                <extensions>
                            <sog>14.8</sog>
<cog>247.6</cog>
                        </extensions>
                    </trkpt>
                    <trkpt lat="54.513958333333335" lon="10.368105000000002">
                        <ele>0</ele>
                        <time>2022-08-18T06:25:54Z</time>
                                                <extensions>
                            <sog>14.8</sog>
<cog>247.9</cog>
                        </extensions>
                    </trkpt>
                    <trkpt lat="54.51365166666667" lon="10.366795">
                        <ele>0</ele>
                        <time>2022-08-18T06:26:06Z</time>
                                                <extensions>
                            <sog>14.8</sog>
<cog>248.0</cog>
                        </extensions>
                    </trkpt>
                    <trkpt lat="54.51333833333333" lon="10.365486666666667">
                        <ele>0</ele>
                        <time>2022-08-18T06:26:18Z</time>
                                                <extensions>
                            <sog>14.8</sog>
<cog>247.5</cog>
                        </extensions>
                    </trkpt>
                    <trkpt lat="54.513180000000006" lon="10.364833333333333">
                        <ele>0</ele>
                        <time>2022-08-18T06:26:24Z</time>
                                                <extensions>
                            <sog>14.8</sog>
<cog>247.3</cog>
                        </extensions>
                    </trkpt>
                    <trkpt lat="54.51302166666667" lon="10.364180000000001">
                        <ele>0</ele>
                        <time>2022-08-18T06:26:30Z</time>
                                                <extensions>
                            <sog>14.8</sog>
<cog>247.4</cog>
                        </extensions>
                    </trkpt>
                    <trkpt lat="54.512863333333335" lon="10.363525000000001">
                        <ele>0</ele>
                        <time>2022-08-18T06:26:36Z</time>
                                                <extensions>
                            <sog>14.8</sog>
<cog>247.5</cog>
                        </extensions>
                    </trkpt>
                    <trkpt lat="54.512525" lon="10.362093333333332">
                        <ele>0</ele>
                        <time>2022-08-18T06:26:49Z</time>
                                                <extensions>
                            <sog>15.0</sog>
<cog>247.9</cog>
                        </extensions>
                    </trkpt>
                    <trkpt lat="54.512395" lon="10.361538333333334">
                        <ele>0</ele>
                        <time>2022-08-18T06:26:54Z</time>
                                                <extensions>
                            <sog>15.0</sog>
<cog>248.0</cog>
                        </extensions>
                    </trkpt>
                    <trkpt lat="54.512211666666666" lon="10.360758333333333">
                        <ele>0</ele>
                        <time>2022-08-18T06:27:01Z</time>
                                                <extensions>
                            <sog>15.1</sog>
<cog>247.9</cog>
                        </extensions>
                    </trkpt>
                    <trkpt lat="54.512078333333335" lon="10.360198333333333">
                        <ele>0</ele>
                        <time>2022-08-18T06:27:06Z</time>
                                                <extensions>
                            <sog>15.2</sog>
<cog>247.9</cog>
                        </extensions>
                    </trkpt>
                    <trkpt lat="54.51175833333333" lon="10.358846666666667">
                        <ele>0</ele>
                        <time>2022-08-18T06:27:18Z</time>
                                                <extensions>
                            <sog>15.3</sog>
<cog>247.8</cog>
                        </extensions>
                    </trkpt>
                    <trkpt lat="54.51159666666667" lon="10.358168333333333">
                        <ele>0</ele>
                        <time>2022-08-18T06:27:24Z</time>
                                                <extensions>
                            <sog>15.4</sog>
<cog>247.6</cog>
                        </extensions>
                    </trkpt>
                    <trkpt lat="54.511433333333336" lon="10.357488333333333">
                        <ele>0</ele>
                        <time>2022-08-18T06:27:30Z</time>
                                                <extensions>
                            <sog>15.4</sog>
<cog>247.7</cog>
                        </extensions>
                    </trkpt>
                    <trkpt lat="54.511269999999996" lon="10.356805000000001">
                        <ele>0</ele>
                        <time>2022-08-18T06:27:36Z</time>
                                                <extensions>
                            <sog>15.5</sog>
<cog>247.5</cog>
                        </extensions>
                    </trkpt>
                    <trkpt lat="54.51107666666667" lon="10.356005000000001">
                        <ele>0</ele>
                        <time>2022-08-18T06:27:43Z</time>
                                                <extensions>
                            <sog>15.5</sog>
<cog>247.5</cog>
                        </extensions>
                    </trkpt>
                    <trkpt lat="54.510911666666665" lon="10.355315">
                        <ele>0</ele>
                        <time>2022-08-18T06:27:49Z</time>
                                                <extensions>
                            <sog>15.6</sog>
<cog>247.6</cog>
                        </extensions>
                    </trkpt>
                    <trkpt lat="54.510774999999995" lon="10.35474">
                        <ele>0</ele>
                        <time>2022-08-18T06:27:54Z</time>
                                                <extensions>
                            <sog>15.6</sog>
<cog>247.6</cog>
                        </extensions>
                    </trkpt>
                    <trkpt lat="54.51058166666667" lon="10.353933333333334">
                        <ele>0</ele>
                        <time>2022-08-18T06:28:01Z</time>
                                                <extensions>
                            <sog>15.6</sog>
<cog>247.7</cog>
                        </extensions>
                    </trkpt>
                    <trkpt lat="54.510418333333334" lon="10.353241666666666">
                        <ele>0</ele>
                        <time>2022-08-18T06:28:07Z</time>
                                                <extensions>
                            <sog>15.6</sog>
<cog>247.8</cog>
                        </extensions>
                    </trkpt>
                    <trkpt lat="54.510255" lon="10.35255">
                        <ele>0</ele>
                        <time>2022-08-18T06:28:13Z</time>
                                                <extensions>
                            <sog>15.6</sog>
<cog>247.7</cog>
                        </extensions>
                    </trkpt>
                    <trkpt lat="54.51011666666667" lon="10.351975000000001">
                        <ele>0</ele>
                        <time>2022-08-18T06:28:18Z</time>
                                                <extensions>
                            <sog>15.6</sog>
<cog>247.7</cog>
                        </extensions>
                    </trkpt>
                    <trkpt lat="54.509953333333335" lon="10.351284999999999">
                        <ele>0</ele>
                        <time>2022-08-18T06:28:24Z</time>
                                                <extensions>
                            <sog>15.6</sog>
<cog>247.7</cog>
                        </extensions>
                    </trkpt>
                    <trkpt lat="54.50976" lon="10.350481666666667">
                        <ele>0</ele>
                        <time>2022-08-18T06:28:31Z</time>
                                                <extensions>
                            <sog>15.6</sog>
<cog>247.5</cog>
                        </extensions>
                    </trkpt>
                    <trkpt lat="54.509593333333335" lon="10.349795">
                        <ele>0</ele>
                        <time>2022-08-18T06:28:37Z</time>
                                                <extensions>
                            <sog>15.6</sog>
<cog>247.4</cog>
                        </extensions>
                    </trkpt>
                    <trkpt lat="54.50942833333333" lon="10.349106666666668">
                        <ele>0</ele>
                        <time>2022-08-18T06:28:43Z</time>
                                                <extensions>
                            <sog>15.6</sog>
<cog>247.4</cog>
                        </extensions>
                    </trkpt>
                    <trkpt lat="54.50926333333334" lon="10.34842">
                        <ele>0</ele>
                        <time>2022-08-18T06:28:49Z</time>
                                                <extensions>
                            <sog>15.6</sog>
<cog>247.4</cog>
                        </extensions>
                    </trkpt>
                    <trkpt lat="54.509125000000004" lon="10.347846666666667">
                        <ele>0</ele>
                        <time>2022-08-18T06:28:54Z</time>
                                                <extensions>
                            <sog>15.6</sog>
<cog>247.5</cog>
                        </extensions>
                    </trkpt>
                    <trkpt lat="54.508934999999994" lon="10.347043333333334">
                        <ele>0</ele>
                        <time>2022-08-18T06:29:01Z</time>
                                                <extensions>
                            <sog>15.6</sog>
<cog>247.8</cog>
                        </extensions>
                    </trkpt>
                    <trkpt lat="54.50877166666667" lon="10.346354999999999">
                        <ele>0</ele>
                        <time>2022-08-18T06:29:07Z</time>
                                                <extensions>
                            <sog>15.6</sog>
<cog>247.9</cog>
                        </extensions>
                    </trkpt>
                    <trkpt lat="54.50861" lon="10.345665">
                        <ele>0</ele>
                        <time>2022-08-18T06:29:13Z</time>
                                                <extensions>
                            <sog>15.6</sog>
<cog>248.0</cog>
                        </extensions>
                    </trkpt>
                    <trkpt lat="54.508475" lon="10.345091666666667">
                        <ele>0</ele>
                        <time>2022-08-18T06:29:18Z</time>
                                                <extensions>
                            <sog>15.6</sog>
<cog>247.9</cog>
                        </extensions>
                    </trkpt>
                    <trkpt lat="54.50831166666667" lon="10.344405">
                        <ele>0</ele>
                        <time>2022-08-18T06:29:24Z</time>
                                                <extensions>
                            <sog>15.5</sog>
<cog>247.8</cog>
                        </extensions>
                    </trkpt>
                    <trkpt lat="54.50812333333333" lon="10.343606666666666">
                        <ele>0</ele>
                        <time>2022-08-18T06:29:31Z</time>
                                                <extensions>
                            <sog>15.4</sog>
<cog>247.8</cog>
                        </extensions>
                    </trkpt>
                    <trkpt lat="54.50796166666667" lon="10.342928333333333">
                        <ele>0</ele>
                        <time>2022-08-18T06:29:37Z</time>
                                                <extensions>
                            <sog>15.4</sog>
<cog>247.7</cog>
                        </extensions>
                    </trkpt>
                    <trkpt lat="54.507798333333334" lon="10.342251666666668">
                        <ele>0</ele>
                        <time>2022-08-18T06:29:43Z</time>
                                                <extensions>
                            <sog>15.3</sog>
<cog>247.6</cog>
                        </extensions>
                    </trkpt>
                    <trkpt lat="54.50763833333333" lon="10.34158">
                        <ele>0</ele>
                        <time>2022-08-18T06:29:49Z</time>
                                                <extensions>
                            <sog>15.2</sog>
<cog>247.7</cog>
                        </extensions>
                    </trkpt>
                    <trkpt lat="54.50747833333333" lon="10.340910000000001">
                        <ele>0</ele>
                        <time>2022-08-18T06:29:55Z</time>
                                                <extensions>
                            <sog>15.1</sog>
<cog>247.7</cog>
                        </extensions>
                    </trkpt>
                    <trkpt lat="54.50732" lon="10.340241666666666">
                        <ele>0</ele>
                        <time>2022-08-18T06:30:01Z</time>
                                                <extensions>
                            <sog>15.1</sog>
<cog>247.8</cog>
                        </extensions>
                    </trkpt>
                    <trkpt lat="54.50716333333333" lon="10.339573333333334">
                        <ele>0</ele>
                        <time>2022-08-18T06:30:07Z</time>
                                                <extensions>
                            <sog>15.1</sog>
<cog>248.0</cog>
                        </extensions>
                    </trkpt>
                    <trkpt lat="54.50700666666667" lon="10.338903333333333">
                        <ele>0</ele>
                        <time>2022-08-18T06:30:13Z</time>
                                                <extensions>
                            <sog>15.1</sog>
<cog>248.1</cog>
                        </extensions>
                    </trkpt>
                    <trkpt lat="54.50687666666667" lon="10.338343333333334">
                        <ele>0</ele>
                        <time>2022-08-18T06:30:18Z</time>
                                                <extensions>
                            <sog>15.1</sog>
<cog>248.2</cog>
                        </extensions>
                    </trkpt>
                    <trkpt lat="54.50672" lon="10.337671666666667">
                        <ele>0</ele>
                        <time>2022-08-18T06:30:24Z</time>
                                                <extensions>
                            <sog>15.2</sog>
<cog>248.1</cog>
                        </extensions>
                    </trkpt>
                    <trkpt lat="54.50653666666666" lon="10.336885">
                        <ele>0</ele>
                        <time>2022-08-18T06:30:31Z</time>
                                                <extensions>
                            <sog>15.2</sog>
<cog>248.1</cog>
                        </extensions>
                    </trkpt>
                    <trkpt lat="54.50637833333334" lon="10.33621">
                        <ele>0</ele>
                        <time>2022-08-18T06:30:37Z</time>
                                                <extensions>
                            <sog>15.2</sog>
<cog>247.9</cog>
                        </extensions>
                    </trkpt>
                    <trkpt lat="54.50621833333333" lon="10.335533333333332">
                        <ele>0</ele>
                        <time>2022-08-18T06:30:43Z</time>
                                                <extensions>
                            <sog>15.3</sog>
<cog>247.8</cog>
                        </extensions>
                    </trkpt>
                    <trkpt lat="54.50605666666667" lon="10.334856666666667">
                        <ele>0</ele>
                        <time>2022-08-18T06:30:49Z</time>
                                                <extensions>
                            <sog>15.3</sog>
<cog>247.8</cog>
                        </extensions>
                    </trkpt>
                    <trkpt lat="54.505896666666665" lon="10.334178333333334">
                        <ele>0</ele>
                        <time>2022-08-18T06:30:55Z</time>
                                                <extensions>
                            <sog>15.3</sog>
<cog>247.8</cog>
                        </extensions>
                    </trkpt>
                    <trkpt lat="54.505734999999994" lon="10.333498333333333">
                        <ele>0</ele>
                        <time>2022-08-18T06:31:01Z</time>
                                                <extensions>
                            <sog>15.4</sog>
<cog>247.8</cog>
                        </extensions>
                    </trkpt>
                    <trkpt lat="54.50557333333334" lon="10.332816666666668">
                        <ele>0</ele>
                        <time>2022-08-18T06:31:07Z</time>
                                                <extensions>
                            <sog>15.4</sog>
<cog>247.7</cog>
                        </extensions>
                    </trkpt>
                    <trkpt lat="54.50541166666667" lon="10.332135">
                        <ele>0</ele>
                        <time>2022-08-18T06:31:13Z</time>
                                                <extensions>
                            <sog>15.4</sog>
<cog>247.7</cog>
                        </extensions>
                    </trkpt>
                    <trkpt lat="54.505116666666666" lon="10.330881666666667">
                        <ele>0</ele>
                        <time>2022-08-18T06:31:24Z</time>
                                                <extensions>
                            <sog>15.4</sog>
<cog>248.0</cog>
                        </extensions>
                    </trkpt>
                    <trkpt lat="54.504445000000004" lon="10.328005">
                        <ele>0</ele>
                        <time>2022-08-18T06:31:49Z</time>
                                                <extensions>
                            <sog>15.7</sog>
<cog>247.9</cog>
                        </extensions>
                    </trkpt>
                    <trkpt lat="54.50428" lon="10.32731">
                        <ele>0</ele>
                        <time>2022-08-18T06:31:55Z</time>
                                                <extensions>
                            <sog>15.7</sog>
<cog>247.8</cog>
                        </extensions>
                    </trkpt>
                    <trkpt lat="54.50411333333333" lon="10.326613333333334">
                        <ele>0</ele>
                        <time>2022-08-18T06:32:01Z</time>
                                                <extensions>
                            <sog>15.8</sog>
<cog>247.6</cog>
                        </extensions>
                    </trkpt>
                    <trkpt lat="54.50394666666667" lon="10.325915">
                        <ele>0</ele>
                        <time>2022-08-18T06:32:07Z</time>
                                                <extensions>
                            <sog>15.8</sog>
<cog>247.6</cog>
                        </extensions>
                    </trkpt>
                    <trkpt lat="54.50378" lon="10.325214999999998">
                        <ele>0</ele>
                        <time>2022-08-18T06:32:13Z</time>
                                                <extensions>
                            <sog>15.8</sog>
<cog>247.7</cog>
                        </extensions>
                    </trkpt>
                    <trkpt lat="54.503611666666664" lon="10.324513333333334">
                        <ele>0</ele>
                        <time>2022-08-18T06:32:19Z</time>
                                                <extensions>
                            <sog>15.9</sog>
<cog>247.7</cog>
                        </extensions>
                    </trkpt>
                    <trkpt lat="54.50347333333333" lon="10.323926666666667">
                        <ele>0</ele>
                        <time>2022-08-18T06:32:24Z</time>
                                                <extensions>
                            <sog>15.9</sog>
<cog>247.7</cog>
                        </extensions>
                    </trkpt>
                    <trkpt lat="54.503278333333334" lon="10.323103333333334">
                        <ele>0</ele>
                        <time>2022-08-18T06:32:31Z</time>
                                                <extensions>
                            <sog>15.9</sog>
<cog>247.8</cog>
                        </extensions>
                    </trkpt>
                    <trkpt lat="54.50311" lon="10.322398333333332">
                        <ele>0</ele>
                        <time>2022-08-18T06:32:37Z</time>
                                                <extensions>
                            <sog>16.0</sog>
<cog>247.7</cog>
                        </extensions>
                    </trkpt>
                    <trkpt lat="54.502941666666665" lon="10.321691666666668">
                        <ele>0</ele>
                        <time>2022-08-18T06:32:43Z</time>
                                                <extensions>
                            <sog>16.0</sog>
<cog>247.7</cog>
                        </extensions>
                    </trkpt>
                    <trkpt lat="54.50277333333334" lon="10.320983333333334">
                        <ele>0</ele>
                        <time>2022-08-18T06:32:49Z</time>
                                                <extensions>
                            <sog>16.0</sog>
<cog>247.7</cog>
                        </extensions>
                    </trkpt>
                    <trkpt lat="54.50260333333333" lon="10.320273333333335">
                        <ele>0</ele>
                        <time>2022-08-18T06:32:55Z</time>
                                                <extensions>
                            <sog>16.0</sog>
<cog>247.6</cog>
                        </extensions>
                    </trkpt>
                    <trkpt lat="54.502433333333336" lon="10.319565">
                        <ele>0</ele>
                        <time>2022-08-18T06:33:01Z</time>
                                                <extensions>
                            <sog>16.1</sog>
<cog>247.6</cog>
                        </extensions>
                    </trkpt>
                    <trkpt lat="54.502265" lon="10.318853333333333">
                        <ele>0</ele>
                        <time>2022-08-18T06:33:07Z</time>
                                                <extensions>
                            <sog>16.1</sog>
<cog>247.8</cog>
                        </extensions>
                    </trkpt>
                    <trkpt lat="54.502125" lon="10.318261666666666">
                        <ele>0</ele>
                        <time>2022-08-18T06:33:12Z</time>
                                                <extensions>
                            <sog>16.1</sog>
<cog>247.8</cog>
                        </extensions>
                    </trkpt>
                    <trkpt lat="54.50192666666667" lon="10.317431666666666">
                        <ele>0</ele>
                        <time>2022-08-18T06:33:19Z</time>
                                                <extensions>
                            <sog>16.1</sog>
<cog>247.7</cog>
                        </extensions>
                    </trkpt>
                    <trkpt lat="54.50178666666667" lon="10.316838333333333">
                        <ele>0</ele>
                        <time>2022-08-18T06:33:24Z</time>
                                                <extensions>
                            <sog>16.1</sog>
<cog>247.8</cog>
                        </extensions>
                    </trkpt>
                    <trkpt lat="54.50159166666666" lon="10.316008333333334">
                        <ele>0</ele>
                        <time>2022-08-18T06:33:31Z</time>
                                                <extensions>
                            <sog>16.1</sog>
<cog>247.9</cog>
                        </extensions>
                    </trkpt>
                    <trkpt lat="54.50142166666667" lon="10.315298333333335">
                        <ele>0</ele>
                        <time>2022-08-18T06:33:37Z</time>
                                                <extensions>
                            <sog>16.1</sog>
<cog>247.8</cog>
                        </extensions>
                    </trkpt>
                    <trkpt lat="54.50125333333334" lon="10.314588333333335">
                        <ele>0</ele>
                        <time>2022-08-18T06:33:43Z</time>
                                                <extensions>
                            <sog>16.1</sog>
<cog>247.7</cog>
                        </extensions>
                    </trkpt>
                    <trkpt lat="54.50108" lon="10.313880000000001">
                        <ele>0</ele>
                        <time>2022-08-18T06:33:49Z</time>
                                                <extensions>
                            <sog>16.1</sog>
<cog>247.2</cog>
                        </extensions>
                    </trkpt>
                    <trkpt lat="54.500904999999996" lon="10.313175">
                        <ele>0</ele>
                        <time>2022-08-18T06:33:55Z</time>
                                                <extensions>
                            <sog>16.0</sog>
<cog>246.8</cog>
                        </extensions>
                    </trkpt>
                    <trkpt lat="54.50075666666667" lon="10.31259">
                        <ele>0</ele>
                        <time>2022-08-18T06:34:00Z</time>
                                                <extensions>
                            <sog>16.0</sog>
<cog>246.5</cog>
                        </extensions>
                    </trkpt>
                    <trkpt lat="54.500545" lon="10.311773333333333">
                        <ele>0</ele>
                        <time>2022-08-18T06:34:07Z</time>
                                                <extensions>
                            <sog>16.0</sog>
<cog>246.0</cog>
                        </extensions>
                    </trkpt>
                    <trkpt lat="54.500393333333335" lon="10.311191666666668">
                        <ele>0</ele>
                        <time>2022-08-18T06:34:12Z</time>
                                                <extensions>
                            <sog>16.0</sog>
<cog>245.7</cog>
                        </extensions>
                    </trkpt>
                    <trkpt lat="54.50017666666667" lon="10.310378333333334">
                        <ele>0</ele>
                        <time>2022-08-18T06:34:19Z</time>
                                                <extensions>
                            <sog>16.0</sog>
<cog>245.3</cog>
                        </extensions>
                    </trkpt>
                    <trkpt lat="54.50001833333333" lon="10.3098">
                        <ele>0</ele>
                        <time>2022-08-18T06:34:24Z</time>
                                                <extensions>
                            <sog>16.0</sog>
<cog>244.9</cog>
                        </extensions>
                    </trkpt>
                    <trkpt lat="54.49979166666667" lon="10.308995000000001">
                        <ele>0</ele>
                        <time>2022-08-18T06:34:31Z</time>
                                                <extensions>
                            <sog>16.1</sog>
<cog>244.1</cog>
                        </extensions>
                    </trkpt>
                    <trkpt lat="54.49959166666667" lon="10.308308333333335">
                        <ele>0</ele>
                        <time>2022-08-18T06:34:36Z</time>
                                                <extensions>
                            <sog>16.1</sog>
<cog>243.4</cog>
                        </extensions>
                    </trkpt>
                    <trkpt lat="54.49938833333333" lon="10.307626666666666">
                        <ele>0</ele>
                        <time>2022-08-18T06:34:43Z</time>
                                                <extensions>
                            <sog>16.0</sog>
<cog>242.7</cog>
                        </extensions>
                    </trkpt>
                    <trkpt lat="54.49918" lon="10.306951666666667">
                        <ele>0</ele>
                        <time>2022-08-18T06:34:49Z</time>
                                                <extensions>
                            <sog>16.0</sog>
<cog>242.0</cog>
                        </extensions>
                    </trkpt>
                    <trkpt lat="54.498965" lon="10.30628">
                        <ele>0</ele>
                        <time>2022-08-18T06:34:55Z</time>
                                                <extensions>
                            <sog>16.0</sog>
<cog>241.3</cog>
                        </extensions>
                    </trkpt>
                    <trkpt lat="54.498525" lon="10.304951666666666">
                        <ele>0</ele>
                        <time>2022-08-18T06:35:07Z</time>
                                                <extensions>
                            <sog>16.0</sog>
<cog>239.9</cog>
                        </extensions>
                    </trkpt>
                    <trkpt lat="54.49833666666667" lon="10.304403333333333">
                        <ele>0</ele>
                        <time>2022-08-18T06:35:12Z</time>
                                                <extensions>
                            <sog>16.0</sog>
<cog>239.4</cog>
                        </extensions>
                    </trkpt>
                    <trkpt lat="54.498068333333336" lon="10.303641666666666">
                        <ele>0</ele>
                        <time>2022-08-18T06:35:19Z</time>
                                                <extensions>
                            <sog>16.0</sog>
<cog>238.7</cog>
                        </extensions>
                    </trkpt>
                    <trkpt lat="54.49787333333334" lon="10.303101666666667">
                        <ele>0</ele>
                        <time>2022-08-18T06:35:24Z</time>
                                                <extensions>
                            <sog>16.0</sog>
<cog>238.2</cog>
                        </extensions>
                    </trkpt>
                    <trkpt lat="54.49759666666667" lon="10.302349999999999">
                        <ele>0</ele>
                        <time>2022-08-18T06:35:31Z</time>
                                                <extensions>
                            <sog>15.9</sog>
<cog>237.8</cog>
                        </extensions>
                    </trkpt>
                    <trkpt lat="54.49735833333333" lon="10.301706666666666">
                        <ele>0</ele>
                        <time>2022-08-18T06:35:36Z</time>
                                                <extensions>
                            <sog>15.9</sog>
<cog>237.5</cog>
                        </extensions>
                    </trkpt>
                    <trkpt lat="54.49687666666667" lon="10.300426666666668">
                        <ele>0</ele>
                        <time>2022-08-18T06:35:49Z</time>
                                                <extensions>
                            <sog>16.0</sog>
<cog>236.9</cog>
                        </extensions>
                    </trkpt>
                    <trkpt lat="54.49663333333333" lon="10.29979">
                        <ele>0</ele>
                        <time>2022-08-18T06:35:55Z</time>
                                                <extensions>
                            <sog>16.0</sog>
<cog>236.7</cog>
                        </extensions>
                    </trkpt>
                    <trkpt lat="54.496430000000004" lon="10.29926">
                        <ele>0</ele>
                        <time>2022-08-18T06:36:00Z</time>
                                                <extensions>
                            <sog>16.0</sog>
<cog>236.6</cog>
                        </extensions>
                    </trkpt>
                    <trkpt lat="54.49618666666667" lon="10.298623333333333">
                        <ele>0</ele>
                        <time>2022-08-18T06:36:06Z</time>
                                                <extensions>
                            <sog>16.0</sog>
<cog>236.6</cog>
                        </extensions>
                    </trkpt>
                    <trkpt lat="54.49594166666667" lon="10.297986666666667">
                        <ele>0</ele>
                        <time>2022-08-18T06:36:12Z</time>
                                                <extensions>
                            <sog>16.0</sog>
<cog>236.6</cog>
                        </extensions>
                    </trkpt>
                    <trkpt lat="54.49565833333334" lon="10.297243333333334">
                        <ele>0</ele>
                        <time>2022-08-18T06:36:19Z</time>
                                                <extensions>
                            <sog>16.0</sog>
<cog>236.8</cog>
                        </extensions>
                    </trkpt>
                    <trkpt lat="54.49545666666667" lon="10.29671">
                        <ele>0</ele>
                        <time>2022-08-18T06:36:24Z</time>
                                                <extensions>
                            <sog>16.0</sog>
<cog>236.9</cog>
                        </extensions>
                    </trkpt>
                    <trkpt lat="54.495173333333334" lon="10.295964999999999">
                        <ele>0</ele>
                        <time>2022-08-18T06:36:31Z</time>
                                                <extensions>
                            <sog>16.0</sog>
<cog>236.9</cog>
                        </extensions>
                    </trkpt>
                    <trkpt lat="54.494931666666666" lon="10.295325">
                        <ele>0</ele>
                        <time>2022-08-18T06:36:36Z</time>
                                                <extensions>
                            <sog>16.0</sog>
<cog>236.9</cog>
                        </extensions>
                    </trkpt>
                    <trkpt lat="54.494728333333335" lon="10.294793333333333">
                        <ele>0</ele>
                        <time>2022-08-18T06:36:42Z</time>
                                                <extensions>
                            <sog>16.0</sog>
<cog>236.9</cog>
                        </extensions>
                    </trkpt>
                    <trkpt lat="54.49444666666667" lon="10.294045">
                        <ele>0</ele>
                        <time>2022-08-18T06:36:49Z</time>
                                                <extensions>
                            <sog>16.0</sog>
<cog>236.9</cog>
                        </extensions>
                    </trkpt>
                    <trkpt lat="54.494205" lon="10.293405">
                        <ele>0</ele>
                        <time>2022-08-18T06:36:55Z</time>
                                                <extensions>
                            <sog>16.0</sog>
<cog>237.0</cog>
                        </extensions>
                    </trkpt>
                    <trkpt lat="54.49400333333333" lon="10.292871666666667">
                        <ele>0</ele>
                        <time>2022-08-18T06:37:00Z</time>
                                                <extensions>
                            <sog>16.0</sog>
<cog>237.0</cog>
                        </extensions>
                    </trkpt>
                    <trkpt lat="54.49376333333333" lon="10.29223">
                        <ele>0</ele>
                        <time>2022-08-18T06:37:06Z</time>
                                                <extensions>
                            <sog>16.0</sog>
<cog>237.2</cog>
                        </extensions>
                    </trkpt>
                    <trkpt lat="54.49352333333333" lon="10.291586666666666">
                        <ele>0</ele>
                        <time>2022-08-18T06:37:12Z</time>
                                                <extensions>
                            <sog>16.0</sog>
<cog>237.3</cog>
                        </extensions>
                    </trkpt>
                    <trkpt lat="54.49324333333333" lon="10.290836666666667">
                        <ele>0</ele>
                        <time>2022-08-18T06:37:18Z</time>
                                                <extensions>
                            <sog>16.0</sog>
<cog>237.3</cog>
                        </extensions>
                    </trkpt>
                    <trkpt lat="54.49304333333334" lon="10.2903">
                        <ele>0</ele>
                        <time>2022-08-18T06:37:24Z</time>
                                                <extensions>
                            <sog>16.0</sog>
<cog>237.4</cog>
                        </extensions>
                    </trkpt>
                    <trkpt lat="54.49276333333333" lon="10.289546666666666">
                        <ele>0</ele>
                        <time>2022-08-18T06:37:31Z</time>
                                                <extensions>
                            <sog>16.0</sog>
<cog>237.4</cog>
                        </extensions>
                    </trkpt>
                    <trkpt lat="54.49252333333333" lon="10.288903333333334">
                        <ele>0</ele>
                        <time>2022-08-18T06:37:36Z</time>
                                                <extensions>
                            <sog>16.0</sog>
<cog>237.4</cog>
                        </extensions>
                    </trkpt>
                    <trkpt lat="54.49232333333334" lon="10.288365">
                        <ele>0</ele>
                        <time>2022-08-18T06:37:42Z</time>
                                                <extensions>
                            <sog>16.0</sog>
<cog>237.4</cog>
                        </extensions>
                    </trkpt>
                    <trkpt lat="54.492084999999996" lon="10.28772">
                        <ele>0</ele>
                        <time>2022-08-18T06:37:48Z</time>
                                                <extensions>
                            <sog>16.0</sog>
<cog>237.4</cog>
                        </extensions>
                    </trkpt>
                    <trkpt lat="54.491605" lon="10.28643">
                        <ele>0</ele>
                        <time>2022-08-18T06:38:00Z</time>
                                                <extensions>
                            <sog>16.0</sog>
<cog>237.4</cog>
                        </extensions>
                    </trkpt>
                    <trkpt lat="54.491365" lon="10.285783333333335">
                        <ele>0</ele>
                        <time>2022-08-18T06:38:06Z</time>
                                                <extensions>
                            <sog>16.0</sog>
<cog>237.3</cog>
                        </extensions>
                    </trkpt>
                    <trkpt lat="54.491123333333334" lon="10.28514">
                        <ele>0</ele>
                        <time>2022-08-18T06:38:12Z</time>
                                                <extensions>
                            <sog>16.0</sog>
<cog>237.3</cog>
                        </extensions>
                    </trkpt>
                    <trkpt lat="54.49084166666667" lon="10.284386666666668">
                        <ele>0</ele>
                        <time>2022-08-18T06:38:18Z</time>
                                                <extensions>
                            <sog>16.0</sog>
<cog>237.2</cog>
                        </extensions>
                    </trkpt>
                    <trkpt lat="54.49064166666667" lon="10.28385">
                        <ele>0</ele>
                        <time>2022-08-18T06:38:24Z</time>
                                                <extensions>
                            <sog>16.0</sog>
<cog>237.2</cog>
                        </extensions>
                    </trkpt>
                    <trkpt lat="54.49035833333333" lon="10.283098333333333">
                        <ele>0</ele>
                        <time>2022-08-18T06:38:31Z</time>
                                                <extensions>
                            <sog>16.0</sog>
<cog>237.1</cog>
                        </extensions>
                    </trkpt>
                    <trkpt lat="54.49011666666667" lon="10.282455">
                        <ele>0</ele>
                        <time>2022-08-18T06:38:36Z</time>
                                                <extensions>
                            <sog>16.1</sog>
<cog>237.0</cog>
                        </extensions>
                    </trkpt>
                    <trkpt lat="54.489911666666664" lon="10.281920000000001">
                        <ele>0</ele>
                        <time>2022-08-18T06:38:42Z</time>
                                                <extensions>
                            <sog>16.1</sog>
<cog>236.8</cog>
                        </extensions>
                    </trkpt>
                    <trkpt lat="54.489375" lon="10.280536666666666">
                        <ele>0</ele>
                        <time>2022-08-18T06:38:55Z</time>
                                                <extensions>
                            <sog>16.1</sog>
<cog>236.0</cog>
                        </extensions>
                    </trkpt>
                    <trkpt lat="54.489165" lon="10.28001">
                        <ele>0</ele>
                        <time>2022-08-18T06:39:00Z</time>
                                                <extensions>
                            <sog>16.1</sog>
<cog>235.6</cog>
                        </extensions>
                    </trkpt>
                    <trkpt lat="54.488910000000004" lon="10.27938">
                        <ele>0</ele>
                        <time>2022-08-18T06:39:06Z</time>
                                                <extensions>
                            <sog>16.1</sog>
<cog>235.1</cog>
                        </extensions>
                    </trkpt>
                    <trkpt lat="54.48865166666667" lon="10.278754999999999">
                        <ele>0</ele>
                        <time>2022-08-18T06:39:12Z</time>
                                                <extensions>
                            <sog>16.0</sog>
<cog>234.6</cog>
                        </extensions>
                    </trkpt>
                    <trkpt lat="54.488346666666665" lon="10.278031666666667">
                        <ele>0</ele>
                        <time>2022-08-18T06:39:18Z</time>
                                                <extensions>
                            <sog>16.0</sog>
<cog>234.0</cog>
                        </extensions>
                    </trkpt>
                    <trkpt lat="54.488125" lon="10.277516666666665">
                        <ele>0</ele>
                        <time>2022-08-18T06:39:24Z</time>
                                                <extensions>
                            <sog>16.0</sog>
<cog>233.6</cog>
                        </extensions>
                    </trkpt>
                    <trkpt lat="54.48781333333333" lon="10.276803333333334">
                        <ele>0</ele>
                        <time>2022-08-18T06:39:31Z</time>
                                                <extensions>
                            <sog>16.0</sog>
<cog>232.9</cog>
                        </extensions>
                    </trkpt>
                    <trkpt lat="54.487539999999996" lon="10.276198333333333">
                        <ele>0</ele>
                        <time>2022-08-18T06:39:36Z</time>
                                                <extensions>
                            <sog>16.0</sog>
<cog>232.3</cog>
                        </extensions>
                    </trkpt>
                    <trkpt lat="54.48731166666666" lon="10.275696666666667">
                        <ele>0</ele>
                        <time>2022-08-18T06:39:42Z</time>
                                                <extensions>
                            <sog>16.0</sog>
<cog>231.8</cog>
                        </extensions>
                    </trkpt>
                    <trkpt lat="54.486700000000006" lon="10.274416666666667">
                        <ele>0</ele>
                        <time>2022-08-18T06:39:55Z</time>
                                                <extensions>
                            <sog>16.0</sog>
<cog>230.2</cog>
                        </extensions>
                    </trkpt>
                    <trkpt lat="54.48646" lon="10.273931666666666">
                        <ele>0</ele>
                        <time>2022-08-18T06:40:00Z</time>
                                                <extensions>
                            <sog>16.0</sog>
<cog>229.6</cog>
                        </extensions>
                    </trkpt>
                    <trkpt lat="54.48616833333333" lon="10.273356666666666">
                        <ele>0</ele>
                        <time>2022-08-18T06:40:06Z</time>
                                                <extensions>
                            <sog>16.0</sog>
<cog>228.9</cog>
                        </extensions>
                    </trkpt>
                    <trkpt lat="54.48587166666667" lon="10.272788333333333">
                        <ele>0</ele>
                        <time>2022-08-18T06:40:12Z</time>
                                                <extensions>
                            <sog>16.0</sog>
<cog>228.1</cog>
                        </extensions>
                    </trkpt>
                    <trkpt lat="54.48552166666666" lon="10.272134999999999">
                        <ele>0</ele>
                        <time>2022-08-18T06:40:18Z</time>
                                                <extensions>
                            <sog>15.9</sog>
<cog>227.2</cog>
                        </extensions>
                    </trkpt>
                    <trkpt lat="54.48526833333334" lon="10.271675">
                        <ele>0</ele>
                        <time>2022-08-18T06:40:24Z</time>
                                                <extensions>
                            <sog>15.9</sog>
<cog>226.6</cog>
                        </extensions>
                    </trkpt>
                    <trkpt lat="54.48459666666667" lon="10.270503333333332">
                        <ele>0</ele>
                        <time>2022-08-18T06:40:36Z</time>
                                                <extensions>
                            <sog>15.9</sog>
<cog>225.0</cog>
                        </extensions>
                    </trkpt>
                    <trkpt lat="54.48433333333333" lon="10.270061666666667">
                        <ele>0</ele>
                        <time>2022-08-18T06:40:42Z</time>
                                                <extensions>
                            <sog>15.9</sog>
<cog>224.4</cog>
                        </extensions>
                    </trkpt>
                    <trkpt lat="54.484015" lon="10.269536666666665">
                        <ele>0</ele>
                        <time>2022-08-18T06:40:48Z</time>
                                                <extensions>
                            <sog>15.9</sog>
<cog>223.8</cog>
                        </extensions>
                    </trkpt>
                    <trkpt lat="54.48364" lon="10.268933333333333">
                        <ele>0</ele>
                        <time>2022-08-18T06:40:55Z</time>
                                                <extensions>
                            <sog>15.8</sog>
<cog>223.0</cog>
                        </extensions>
                    </trkpt>
                    <trkpt lat="54.48337" lon="10.268506666666667">
                        <ele>0</ele>
                        <time>2022-08-18T06:41:00Z</time>
                                                <extensions>
                            <sog>15.8</sog>
<cog>222.5</cog>
                        </extensions>
                    </trkpt>
                    <trkpt lat="54.48298833333333" lon="10.267916666666668">
                        <ele>0</ele>
                        <time>2022-08-18T06:41:07Z</time>
                                                <extensions>
                            <sog>15.8</sog>
<cog>221.9</cog>
                        </extensions>
                    </trkpt>
                    <trkpt lat="54.48271166666667" lon="10.267501666666668">
                        <ele>0</ele>
                        <time>2022-08-18T06:41:12Z</time>
                                                <extensions>
                            <sog>15.8</sog>
<cog>221.4</cog>
                        </extensions>
                    </trkpt>
                    <trkpt lat="54.482045" lon="10.266516666666666">
                        <ele>0</ele>
                        <time>2022-08-18T06:41:24Z</time>
                                                <extensions>
                            <sog>15.8</sog>
<cog>220.4</cog>
                        </extensions>
                    </trkpt>
                    <trkpt lat="54.48165166666667" lon="10.265953333333332">
                        <ele>0</ele>
                        <time>2022-08-18T06:41:31Z</time>
                                                <extensions>
                            <sog>15.8</sog>
<cog>219.7</cog>
                        </extensions>
                    </trkpt>
                    <trkpt lat="54.48131" lon="10.265475">
                        <ele>0</ele>
                        <time>2022-08-18T06:41:36Z</time>
                                                <extensions>
                            <sog>15.9</sog>
<cog>219.2</cog>
                        </extensions>
                    </trkpt>
                    <trkpt lat="54.48102166666667" lon="10.265078333333333">
                        <ele>0</ele>
                        <time>2022-08-18T06:41:42Z</time>
                                                <extensions>
                            <sog>15.9</sog>
<cog>218.7</cog>
                        </extensions>
                    </trkpt>
                    <trkpt lat="54.480671666666666" lon="10.264605">
                        <ele>0</ele>
                        <time>2022-08-18T06:41:48Z</time>
                                                <extensions>
                            <sog>16.0</sog>
<cog>218.1</cog>
                        </extensions>
                    </trkpt>
                    <trkpt lat="54.48025666666667" lon="10.264058333333333">
                        <ele>0</ele>
                        <time>2022-08-18T06:41:55Z</time>
                                                <extensions>
                            <sog>16.1</sog>
<cog>217.4</cog>
                        </extensions>
                    </trkpt>
                    <trkpt lat="54.479956666666666" lon="10.263671666666665">
                        <ele>0</ele>
                        <time>2022-08-18T06:42:00Z</time>
                                                <extensions>
                            <sog>16.2</sog>
<cog>216.9</cog>
                        </extensions>
                    </trkpt>
                    <trkpt lat="54.47953" lon="10.263136666666666">
                        <ele>0</ele>
                        <time>2022-08-18T06:42:07Z</time>
                                                <extensions>
                            <sog>16.3</sog>
<cog>216.0</cog>
                        </extensions>
                    </trkpt>
                    <trkpt lat="54.479220000000005" lon="10.262761666666668">
                        <ele>0</ele>
                        <time>2022-08-18T06:42:12Z</time>
                                                <extensions>
                            <sog>16.4</sog>
<cog>215.3</cog>
                        </extensions>
                    </trkpt>
                    <trkpt lat="54.47878" lon="10.262241666666666">
                        <ele>0</ele>
                        <time>2022-08-18T06:42:18Z</time>
                                                <extensions>
                            <sog>16.5</sog>
<cog>214.5</cog>
                        </extensions>
                    </trkpt>
                    <trkpt lat="54.47839833333333" lon="10.261801666666665">
                        <ele>0</ele>
                        <time>2022-08-18T06:42:25Z</time>
                                                <extensions>
                            <sog>16.5</sog>
<cog>213.8</cog>
                        </extensions>
                    </trkpt>
                    <trkpt lat="54.47801333333334" lon="10.261366666666667">
                        <ele>0</ele>
                        <time>2022-08-18T06:42:31Z</time>
                                                <extensions>
                            <sog>16.6</sog>
<cog>213.1</cog>
                        </extensions>
                    </trkpt>
                    <trkpt lat="54.47768833333334" lon="10.26101">
                        <ele>0</ele>
                        <time>2022-08-18T06:42:36Z</time>
                                                <extensions>
                            <sog>16.7</sog>
<cog>212.7</cog>
                        </extensions>
                    </trkpt>
                    <trkpt lat="54.477293333333336" lon="10.260583333333333">
                        <ele>0</ele>
                        <time>2022-08-18T06:42:42Z</time>
                                                <extensions>
                            <sog>16.7</sog>
<cog>212.2</cog>
                        </extensions>
                    </trkpt>
                    <trkpt lat="54.476895" lon="10.260163333333333">
                        <ele>0</ele>
                        <time>2022-08-18T06:42:48Z</time>
                                                <extensions>
                            <sog>16.8</sog>
<cog>211.4</cog>
                        </extensions>
                    </trkpt>
                    <trkpt lat="54.47642333333333" lon="10.259683333333333">
                        <ele>0</ele>
                        <time>2022-08-18T06:42:55Z</time>
                                                <extensions>
                            <sog>16.9</sog>
<cog>210.5</cog>
                        </extensions>
                    </trkpt>
                    <trkpt lat="54.476083333333335" lon="10.259346666666666">
                        <ele>0</ele>
                        <time>2022-08-18T06:43:00Z</time>
                                                <extensions>
                            <sog>16.9</sog>
<cog>210.0</cog>
                        </extensions>
                    </trkpt>
                    <trkpt lat="54.47560333333333" lon="10.258883333333333">
                        <ele>0</ele>
                        <time>2022-08-18T06:43:07Z</time>
                                                <extensions>
                            <sog>17.0</sog>
<cog>209.3</cog>
                        </extensions>
                    </trkpt>
                    <trkpt lat="54.475258333333336" lon="10.258555">
                        <ele>0</ele>
                        <time>2022-08-18T06:43:12Z</time>
                                                <extensions>
                            <sog>17.0</sog>
<cog>209.1</cog>
                        </extensions>
                    </trkpt>
                    <trkpt lat="54.47477333333333" lon="10.258094999999999">
                        <ele>0</ele>
                        <time>2022-08-18T06:43:18Z</time>
                                                <extensions>
                            <sog>17.1</sog>
<cog>208.8</cog>
                        </extensions>
                    </trkpt>
                    <trkpt lat="54.474354999999996" lon="10.257703333333334">
                        <ele>0</ele>
                        <time>2022-08-18T06:43:25Z</time>
                                                <extensions>
                            <sog>17.1</sog>
<cog>208.6</cog>
                        </extensions>
                    </trkpt>
                    <trkpt lat="54.47393666666667" lon="10.257311666666668">
                        <ele>0</ele>
                        <time>2022-08-18T06:43:31Z</time>
                                                <extensions>
                            <sog>17.2</sog>
<cog>208.5</cog>
                        </extensions>
                    </trkpt>
                    <trkpt lat="54.473585" lon="10.256988333333334">
                        <ele>0</ele>
                        <time>2022-08-18T06:43:36Z</time>
                                                <extensions>
                            <sog>17.2</sog>
<cog>208.2</cog>
                        </extensions>
                    </trkpt>
                    <trkpt lat="54.47316166666667" lon="10.256601666666667">
                        <ele>0</ele>
                        <time>2022-08-18T06:43:42Z</time>
                                                <extensions>
                            <sog>17.3</sog>
<cog>208.0</cog>
                        </extensions>
                    </trkpt>
                    <trkpt lat="54.47273666666667" lon="10.256213333333333">
                        <ele>0</ele>
                        <time>2022-08-18T06:43:48Z</time>
                                                <extensions>
                            <sog>17.3</sog>
<cog>208.0</cog>
                        </extensions>
                    </trkpt>
                    <trkpt lat="54.472240000000006" lon="10.25576">
                        <ele>0</ele>
                        <time>2022-08-18T06:43:55Z</time>
                                                <extensions>
                            <sog>17.3</sog>
<cog>208.0</cog>
                        </extensions>
                    </trkpt>
                    <trkpt lat="54.471885" lon="10.255435">
                        <ele>0</ele>
                        <time>2022-08-18T06:44:00Z</time>
                                                <extensions>
                            <sog>17.4</sog>
<cog>208.0</cog>
                        </extensions>
                    </trkpt>
                    <trkpt lat="54.47138833333334" lon="10.254973333333334">
                        <ele>0</ele>
                        <time>2022-08-18T06:44:07Z</time>
                                                <extensions>
                            <sog>17.4</sog>
<cog>208.4</cog>
                        </extensions>
                    </trkpt>
                    <trkpt lat="54.47103333333334" lon="10.254643333333332">
                        <ele>0</ele>
                        <time>2022-08-18T06:44:12Z</time>
                                                <extensions>
                            <sog>17.4</sog>
<cog>208.4</cog>
                        </extensions>
                    </trkpt>
                    <trkpt lat="54.470535000000005" lon="10.254178333333334">
                        <ele>0</ele>
                        <time>2022-08-18T06:44:18Z</time>
                                                <extensions>
                            <sog>17.5</sog>
<cog>208.5</cog>
                        </extensions>
                    </trkpt>
                    <trkpt lat="54.470106666666666" lon="10.253776666666665">
                        <ele>0</ele>
                        <time>2022-08-18T06:44:25Z</time>
                                                <extensions>
                            <sog>17.5</sog>
<cog>208.6</cog>
                        </extensions>
                    </trkpt>
                    <trkpt lat="54.469678333333334" lon="10.253376666666666">
                        <ele>0</ele>
                        <time>2022-08-18T06:44:31Z</time>
                                                <extensions>
                            <sog>17.5</sog>
<cog>208.5</cog>
                        </extensions>
                    </trkpt>
                    <trkpt lat="54.469321666666666" lon="10.253041666666666">
                        <ele>0</ele>
                        <time>2022-08-18T06:44:36Z</time>
                                                <extensions>
                            <sog>17.6</sog>
<cog>208.6</cog>
                        </extensions>
                    </trkpt>
                    <trkpt lat="54.468893333333334" lon="10.252633333333334">
                        <ele>0</ele>
                        <time>2022-08-18T06:44:42Z</time>
                                                <extensions>
                            <sog>17.6</sog>
<cog>209.0</cog>
                        </extensions>
                    </trkpt>
                    <trkpt lat="54.46846666666667" lon="10.252221666666665">
                        <ele>0</ele>
                        <time>2022-08-18T06:44:48Z</time>
                                                <extensions>
                            <sog>17.6</sog>
<cog>209.2</cog>
                        </extensions>
                    </trkpt>
                    <trkpt lat="54.46796666666667" lon="10.251738333333332">
                        <ele>0</ele>
                        <time>2022-08-18T06:44:55Z</time>
                                                <extensions>
                            <sog>17.7</sog>
<cog>209.4</cog>
                        </extensions>
                    </trkpt>
                    <trkpt lat="54.46761166666667" lon="10.251389999999999">
                        <ele>0</ele>
                        <time>2022-08-18T06:45:00Z</time>
                                                <extensions>
                            <sog>17.7</sog>
<cog>209.6</cog>
                        </extensions>
                    </trkpt>
                    <trkpt lat="54.46718166666667" lon="10.250971666666667">
                        <ele>0</ele>
                        <time>2022-08-18T06:45:06Z</time>
                                                <extensions>
                            <sog>17.7</sog>
<cog>209.6</cog>
                        </extensions>
                    </trkpt>
                    <trkpt lat="54.46675333333334" lon="10.250553333333333">
                        <ele>0</ele>
                        <time>2022-08-18T06:45:12Z</time>
                                                <extensions>
                            <sog>17.8</sog>
<cog>209.5</cog>
                        </extensions>
                    </trkpt>
                    <trkpt lat="54.466249999999995" lon="10.250066666666667">
                        <ele>0</ele>
                        <time>2022-08-18T06:45:18Z</time>
                                                <extensions>
                            <sog>17.8</sog>
<cog>209.4</cog>
                        </extensions>
                    </trkpt>
                    <trkpt lat="54.46581666666667" lon="10.249651666666667">
                        <ele>0</ele>
                        <time>2022-08-18T06:45:25Z</time>
                                                <extensions>
                            <sog>17.8</sog>
<cog>209.1</cog>
                        </extensions>
                    </trkpt>
                    <trkpt lat="54.465381666666666" lon="10.249238333333333">
                        <ele>0</ele>
                        <time>2022-08-18T06:45:31Z</time>
                                                <extensions>
                            <sog>17.9</sog>
<cog>209.0</cog>
                        </extensions>
                    </trkpt>
                    <trkpt lat="54.46501833333333" lon="10.248893333333333">
                        <ele>0</ele>
                        <time>2022-08-18T06:45:36Z</time>
                                                <extensions>
                            <sog>17.9</sog>
<cog>208.9</cog>
                        </extensions>
                    </trkpt>
                    <trkpt lat="54.46458333333333" lon="10.24848">
                        <ele>0</ele>
                        <time>2022-08-18T06:45:42Z</time>
                                                <extensions>
                            <sog>17.9</sog>
<cog>208.9</cog>
                        </extensions>
                    </trkpt>
                    <trkpt lat="54.46414666666667" lon="10.248065">
                        <ele>0</ele>
                        <time>2022-08-18T06:45:48Z</time>
                                                <extensions>
                            <sog>18.0</sog>
<cog>208.9</cog>
                        </extensions>
                    </trkpt>
                    <trkpt lat="54.463636666666666" lon="10.247578333333333">
                        <ele>0</ele>
                        <time>2022-08-18T06:45:55Z</time>
                                                <extensions>
                            <sog>18.0</sog>
<cog>209.0</cog>
                        </extensions>
                    </trkpt>
                    <trkpt lat="54.46319666666667" lon="10.247161666666667">
                        <ele>0</ele>
                        <time>2022-08-18T06:46:01Z</time>
                                                <extensions>
                            <sog>18.0</sog>
<cog>208.9</cog>
                        </extensions>
                    </trkpt>
                    <trkpt lat="54.462831666666666" lon="10.246813333333334">
                        <ele>0</ele>
                        <time>2022-08-18T06:46:06Z</time>
                                                <extensions>
                            <sog>18.1</sog>
<cog>208.9</cog>
                        </extensions>
                    </trkpt>
                    <trkpt lat="54.46239" lon="10.246398333333333">
                        <ele>0</ele>
                        <time>2022-08-18T06:46:12Z</time>
                                                <extensions>
                            <sog>18.1</sog>
<cog>208.7</cog>
                        </extensions>
                    </trkpt>
                    <trkpt lat="54.46187333333333" lon="10.245916666666666">
                        <ele>0</ele>
                        <time>2022-08-18T06:46:18Z</time>
                                                <extensions>
                            <sog>18.1</sog>
<cog>208.5</cog>
                        </extensions>
                    </trkpt>
                    <trkpt lat="54.46143" lon="10.245501666666666">
                        <ele>0</ele>
                        <time>2022-08-18T06:46:25Z</time>
                                                <extensions>
                            <sog>18.2</sog>
<cog>208.6</cog>
                        </extensions>
                    </trkpt>
                    <trkpt lat="54.46098666666667" lon="10.245086666666667">
                        <ele>0</ele>
                        <time>2022-08-18T06:46:31Z</time>
                                                <extensions>
                            <sog>18.2</sog>
<cog>208.6</cog>
                        </extensions>
                    </trkpt>
                    <trkpt lat="54.46061833333333" lon="10.244738333333334">
                        <ele>0</ele>
                        <time>2022-08-18T06:46:36Z</time>
                                                <extensions>
                            <sog>18.2</sog>
<cog>208.7</cog>
                        </extensions>
                    </trkpt>
                    <trkpt lat="54.46017333333334" lon="10.244318333333332">
                        <ele>0</ele>
                        <time>2022-08-18T06:46:42Z</time>
                                                <extensions>
                            <sog>18.2</sog>
<cog>208.8</cog>
                        </extensions>
                    </trkpt>
                    <trkpt lat="54.45973" lon="10.243898333333334">
                        <ele>0</ele>
                        <time>2022-08-18T06:46:48Z</time>
                                                <extensions>
                            <sog>18.3</sog>
<cog>208.9</cog>
                        </extensions>
                    </trkpt>
                    <trkpt lat="54.458765" lon="10.242985000000001">
                        <ele>0</ele>
                        <time>2022-08-18T06:47:01Z</time>
                                                <extensions>
                            <sog>18.3</sog>
<cog>208.8</cog>
                        </extensions>
                    </trkpt>
                    <trkpt lat="54.45839333333333" lon="10.242635">
                        <ele>0</ele>
                        <time>2022-08-18T06:47:06Z</time>
                                                <extensions>
                            <sog>18.3</sog>
<cog>208.7</cog>
                        </extensions>
                    </trkpt>
                    <trkpt lat="54.457946666666665" lon="10.242213333333332">
                        <ele>0</ele>
                        <time>2022-08-18T06:47:12Z</time>
                                                <extensions>
                            <sog>18.3</sog>
<cog>208.7</cog>
                        </extensions>
                    </trkpt>
                    <trkpt lat="54.457499999999996" lon="10.241793333333334">
                        <ele>0</ele>
                        <time>2022-08-18T06:47:18Z</time>
                                                <extensions>
                            <sog>18.3</sog>
<cog>208.7</cog>
                        </extensions>
                    </trkpt>
                    <trkpt lat="54.45697833333334" lon="10.241301666666667">
                        <ele>0</ele>
                        <time>2022-08-18T06:47:25Z</time>
                                                <extensions>
                            <sog>18.3</sog>
<cog>208.7</cog>
                        </extensions>
                    </trkpt>
                    <trkpt lat="54.456606666666666" lon="10.240951666666666">
                        <ele>0</ele>
                        <time>2022-08-18T06:47:30Z</time>
                                                <extensions>
                            <sog>18.3</sog>
<cog>208.7</cog>
                        </extensions>
                    </trkpt>
                    <trkpt lat="54.45616" lon="10.240526666666666">
                        <ele>0</ele>
                        <time>2022-08-18T06:47:36Z</time>
                                                <extensions>
                            <sog>18.3</sog>
<cog>208.9</cog>
                        </extensions>
                    </trkpt>
                    <trkpt lat="54.45571333333333" lon="10.240103333333334">
                        <ele>0</ele>
                        <time>2022-08-18T06:47:42Z</time>
                                                <extensions>
                            <sog>18.3</sog>
<cog>209.0</cog>
                        </extensions>
                    </trkpt>
                    <trkpt lat="54.455268333333336" lon="10.239676666666666">
                        <ele>0</ele>
                        <time>2022-08-18T06:47:48Z</time>
                                                <extensions>
                            <sog>18.3</sog>
<cog>209.1</cog>
                        </extensions>
                    </trkpt>
                    <trkpt lat="54.45475" lon="10.239180000000001">
                        <ele>0</ele>
                        <time>2022-08-18T06:47:55Z</time>
                                                <extensions>
                            <sog>18.3</sog>
<cog>209.1</cog>
                        </extensions>
                    </trkpt>
                    <trkpt lat="54.454305" lon="10.238755">
                        <ele>0</ele>
                        <time>2022-08-18T06:48:01Z</time>
                                                <extensions>
                            <sog>18.3</sog>
<cog>209.1</cog>
                        </extensions>
                    </trkpt>
                    <trkpt lat="54.453935" lon="10.2384">
                        <ele>0</ele>
                        <time>2022-08-18T06:48:06Z</time>
                                                <extensions>
                            <sog>18.3</sog>
<cog>209.1</cog>
                        </extensions>
                    </trkpt>
                    <trkpt lat="54.45349" lon="10.237976666666667">
                        <ele>0</ele>
                        <time>2022-08-18T06:48:12Z</time>
                                                <extensions>
                            <sog>18.3</sog>
<cog>209.0</cog>
                        </extensions>
                    </trkpt>
                    <trkpt lat="54.453044999999996" lon="10.237556666666668">
                        <ele>0</ele>
                        <time>2022-08-18T06:48:18Z</time>
                                                <extensions>
                            <sog>18.3</sog>
<cog>208.7</cog>
                        </extensions>
                    </trkpt>
                    <trkpt lat="54.452525" lon="10.23707">
                        <ele>0</ele>
                        <time>2022-08-18T06:48:25Z</time>
                                                <extensions>
                            <sog>18.3</sog>
<cog>208.6</cog>
                        </extensions>
                    </trkpt>
                    <trkpt lat="54.452151666666666" lon="10.236723333333334">
                        <ele>0</ele>
                        <time>2022-08-18T06:48:30Z</time>
                                                <extensions>
                            <sog>18.3</sog>
<cog>208.5</cog>
                        </extensions>
                    </trkpt>
                    <trkpt lat="54.451705" lon="10.23631">
                        <ele>0</ele>
                        <time>2022-08-18T06:48:36Z</time>
                                                <extensions>
                            <sog>18.3</sog>
<cog>208.3</cog>
                        </extensions>
                    </trkpt>
                    <trkpt lat="54.451260000000005" lon="10.235895">
                        <ele>0</ele>
                        <time>2022-08-18T06:48:42Z</time>
                                                <extensions>
                            <sog>18.2</sog>
<cog>208.4</cog>
                        </extensions>
                    </trkpt>
                    <trkpt lat="54.450815" lon="10.235478333333333">
                        <ele>0</ele>
                        <time>2022-08-18T06:48:48Z</time>
                                                <extensions>
                            <sog>18.2</sog>
<cog>208.5</cog>
                        </extensions>
                    </trkpt>
                    <trkpt lat="54.45037" lon="10.235063333333333">
                        <ele>0</ele>
                        <time>2022-08-18T06:48:54Z</time>
                                                <extensions>
                            <sog>18.2</sog>
<cog>208.5</cog>
                        </extensions>
                    </trkpt>
                    <trkpt lat="54.44985" lon="10.234578333333333">
                        <ele>0</ele>
                        <time>2022-08-18T06:49:01Z</time>
                                                <extensions>
                            <sog>18.2</sog>
<cog>208.6</cog>
                        </extensions>
                    </trkpt>
                    <trkpt lat="54.44948" lon="10.234231666666666">
                        <ele>0</ele>
                        <time>2022-08-18T06:49:06Z</time>
                                                <extensions>
                            <sog>18.2</sog>
<cog>208.5</cog>
                        </extensions>
                    </trkpt>
                    <trkpt lat="54.449035" lon="10.233816666666666">
                        <ele>0</ele>
                        <time>2022-08-18T06:49:12Z</time>
                                                <extensions>
                            <sog>18.2</sog>
<cog>208.5</cog>
                        </extensions>
                    </trkpt>
                    <trkpt lat="54.448589999999996" lon="10.233401666666667">
                        <ele>0</ele>
                        <time>2022-08-18T06:49:18Z</time>
                                                <extensions>
                            <sog>18.2</sog>
<cog>208.6</cog>
                        </extensions>
                    </trkpt>
                    <trkpt lat="54.44807166666667" lon="10.232915">
                        <ele>0</ele>
                        <time>2022-08-18T06:49:25Z</time>
                                                <extensions>
                            <sog>18.2</sog>
<cog>208.6</cog>
                        </extensions>
                    </trkpt>
                    <trkpt lat="54.44770166666667" lon="10.232568333333335">
                        <ele>0</ele>
                        <time>2022-08-18T06:49:30Z</time>
                                                <extensions>
                            <sog>18.2</sog>
<cog>208.6</cog>
                        </extensions>
                    </trkpt>
                    <trkpt lat="54.44725833333334" lon="10.232149999999999">
                        <ele>0</ele>
                        <time>2022-08-18T06:49:36Z</time>
                                                <extensions>
                            <sog>18.2</sog>
<cog>208.7</cog>
                        </extensions>
                    </trkpt>
                    <trkpt lat="54.446815" lon="10.231733333333333">
                        <ele>0</ele>
                        <time>2022-08-18T06:49:42Z</time>
                                                <extensions>
                            <sog>18.2</sog>
<cog>208.7</cog>
                        </extensions>
                    </trkpt>
                    <trkpt lat="54.44629833333333" lon="10.231248333333333">
                        <ele>0</ele>
                        <time>2022-08-18T06:49:49Z</time>
                                                <extensions>
                            <sog>18.2</sog>
<cog>208.6</cog>
                        </extensions>
                    </trkpt>
                    <trkpt lat="54.445928333333335" lon="10.2309">
                        <ele>0</ele>
                        <time>2022-08-18T06:49:54Z</time>
                                                <extensions>
                            <sog>18.2</sog>
<cog>208.7</cog>
                        </extensions>
                    </trkpt>
                    <trkpt lat="54.445413333333335" lon="10.230411666666667">
                        <ele>0</ele>
                        <time>2022-08-18T06:50:01Z</time>
                                                <extensions>
                            <sog>18.2</sog>
<cog>208.8</cog>
                        </extensions>
                    </trkpt>
                    <trkpt lat="54.44504333333334" lon="10.230065">
                        <ele>0</ele>
                        <time>2022-08-18T06:50:06Z</time>
                                                <extensions>
                            <sog>18.2</sog>
<cog>208.7</cog>
                        </extensions>
                    </trkpt>
                    <trkpt lat="54.4446" lon="10.229648333333333">
                        <ele>0</ele>
                        <time>2022-08-18T06:50:12Z</time>
                                                <extensions>
                            <sog>18.2</sog>
<cog>208.7</cog>
                        </extensions>
                    </trkpt>
                    <trkpt lat="54.444158333333334" lon="10.229228333333333">
                        <ele>0</ele>
                        <time>2022-08-18T06:50:18Z</time>
                                                <extensions>
                            <sog>18.2</sog>
<cog>208.8</cog>
                        </extensions>
                    </trkpt>
                    <trkpt lat="54.443641666666664" lon="10.228745">
                        <ele>0</ele>
                        <time>2022-08-18T06:50:25Z</time>
                                                <extensions>
                            <sog>18.2</sog>
<cog>208.6</cog>
                        </extensions>
                    </trkpt>
                    <trkpt lat="54.44327333333333" lon="10.228398333333333">
                        <ele>0</ele>
                        <time>2022-08-18T06:50:30Z</time>
                                                <extensions>
                            <sog>18.1</sog>
<cog>208.6</cog>
                        </extensions>
                    </trkpt>
                    <trkpt lat="54.44283" lon="10.227981666666667">
                        <ele>0</ele>
                        <time>2022-08-18T06:50:36Z</time>
                                                <extensions>
                            <sog>18.1</sog>
<cog>208.7</cog>
                        </extensions>
                    </trkpt>
                    <trkpt lat="54.442388333333334" lon="10.227566666666666">
                        <ele>0</ele>
                        <time>2022-08-18T06:50:42Z</time>
                                                <extensions>
                            <sog>18.1</sog>
<cog>208.7</cog>
                        </extensions>
                    </trkpt>
                    <trkpt lat="54.441873333333334" lon="10.22708">
                        <ele>0</ele>
                        <time>2022-08-18T06:50:49Z</time>
                                                <extensions>
                            <sog>18.1</sog>
<cog>208.8</cog>
                        </extensions>
                    </trkpt>
                    <trkpt lat="54.44150666666667" lon="10.226731666666666">
                        <ele>0</ele>
                        <time>2022-08-18T06:50:54Z</time>
                                                <extensions>
                            <sog>18.1</sog>
<cog>209.0</cog>
                        </extensions>
                    </trkpt>
                    <trkpt lat="54.44062666666667" lon="10.225891666666666">
                        <ele>0</ele>
                        <time>2022-08-18T06:51:06Z</time>
                                                <extensions>
                            <sog>18.1</sog>
<cog>209.1</cog>
                        </extensions>
                    </trkpt>
                    <trkpt lat="54.440115" lon="10.225401666666667">
                        <ele>0</ele>
                        <time>2022-08-18T06:51:13Z</time>
                                                <extensions>
                            <sog>18.1</sog>
<cog>209.1</cog>
                        </extensions>
                    </trkpt>
                    <trkpt lat="54.439235000000004" lon="10.224568333333334">
                        <ele>0</ele>
                        <time>2022-08-18T06:51:25Z</time>
                                                <extensions>
                            <sog>18.1</sog>
<cog>208.8</cog>
                        </extensions>
                    </trkpt>
                    <trkpt lat="54.43886833333333" lon="10.224221666666667">
                        <ele>0</ele>
                        <time>2022-08-18T06:51:30Z</time>
                                                <extensions>
                            <sog>18.1</sog>
<cog>208.7</cog>
                        </extensions>
                    </trkpt>
                    <trkpt lat="54.43842666666667" lon="10.223811666666668">
                        <ele>0</ele>
                        <time>2022-08-18T06:51:36Z</time>
                                                <extensions>
                            <sog>18.1</sog>
<cog>208.5</cog>
                        </extensions>
                    </trkpt>
                    <trkpt lat="54.43798666666667" lon="10.223401666666666">
                        <ele>0</ele>
                        <time>2022-08-18T06:51:42Z</time>
                                                <extensions>
                            <sog>18.0</sog>
<cog>208.4</cog>
                        </extensions>
                    </trkpt>
                    <trkpt lat="54.43747333333333" lon="10.222921666666668">
                        <ele>0</ele>
                        <time>2022-08-18T06:51:49Z</time>
                                                <extensions>
                            <sog>18.0</sog>
<cog>208.5</cog>
                        </extensions>
                    </trkpt>
                    <trkpt lat="54.436591666666665" lon="10.222104999999999">
                        <ele>0</ele>
                        <time>2022-08-18T06:52:01Z</time>
                                                <extensions>
                            <sog>18.0</sog>
<cog>208.3</cog>
                        </extensions>
                    </trkpt>
                    <trkpt lat="54.436225" lon="10.221766666666667">
                        <ele>0</ele>
                        <time>2022-08-18T06:52:06Z</time>
                                                <extensions>
                            <sog>18.0</sog>
<cog>208.1</cog>
                        </extensions>
                    </trkpt>
                    <trkpt lat="54.43570833333333" lon="10.221298333333333">
                        <ele>0</ele>
                        <time>2022-08-18T06:52:13Z</time>
                                                <extensions>
                            <sog>18.0</sog>
<cog>207.7</cog>
                        </extensions>
                    </trkpt>
                    <trkpt lat="54.435338333333334" lon="10.220966666666667">
                        <ele>0</ele>
                        <time>2022-08-18T06:52:18Z</time>
                                                <extensions>
                            <sog>18.0</sog>
<cog>207.6</cog>
                        </extensions>
                    </trkpt>
                    <trkpt lat="54.434455" lon="10.220191666666667">
                        <ele>0</ele>
                        <time>2022-08-18T06:52:30Z</time>
                                                <extensions>
                            <sog>17.7</sog>
<cog>206.9</cog>
                        </extensions>
                    </trkpt>
                    <trkpt lat="54.43359" lon="10.219448333333334">
                        <ele>0</ele>
                        <time>2022-08-18T06:52:42Z</time>
                                                <extensions>
                            <sog>17.3</sog>
<cog>206.5</cog>
                        </extensions>
                    </trkpt>
                    <trkpt lat="54.43309166666666" lon="10.219023333333332">
                        <ele>0</ele>
                        <time>2022-08-18T06:52:49Z</time>
                                                <extensions>
                            <sog>17.2</sog>
<cog>206.4</cog>
                        </extensions>
                    </trkpt>
                    <trkpt lat="54.43266666666667" lon="10.218661666666666">
                        <ele>0</ele>
                        <time>2022-08-18T06:52:55Z</time>
                                                <extensions>
                            <sog>17.0</sog>
<cog>206.4</cog>
                        </extensions>
                    </trkpt>
                    <trkpt lat="54.432244999999995" lon="10.218304999999999">
                        <ele>0</ele>
                        <time>2022-08-18T06:53:00Z</time>
                                                <extensions>
                            <sog>16.9</sog>
<cog>206.2</cog>
                        </extensions>
                    </trkpt>
                    <trkpt lat="54.43189333333333" lon="10.21801">
                        <ele>0</ele>
                        <time>2022-08-18T06:53:06Z</time>
                                                <extensions>
                            <sog>16.8</sog>
<cog>206.1</cog>
                        </extensions>
                    </trkpt>
                    <trkpt lat="54.431405000000005" lon="10.217606666666667">
                        <ele>0</ele>
                        <time>2022-08-18T06:53:13Z</time>
                                                <extensions>
                            <sog>16.7</sog>
<cog>205.6</cog>
                        </extensions>
                    </trkpt>
                    <trkpt lat="54.43105666666667" lon="10.217324999999999">
                        <ele>0</ele>
                        <time>2022-08-18T06:53:18Z</time>
                                                <extensions>
                            <sog>16.6</sog>
<cog>205.2</cog>
                        </extensions>
                    </trkpt>
                    <trkpt lat="54.430571666666665" lon="10.216941666666665">
                        <ele>0</ele>
                        <time>2022-08-18T06:53:25Z</time>
                                                <extensions>
                            <sog>16.5</sog>
<cog>204.7</cog>
                        </extensions>
                    </trkpt>
                    <trkpt lat="54.430225" lon="10.216675">
                        <ele>0</ele>
                        <time>2022-08-18T06:53:30Z</time>
                                                <extensions>
                            <sog>16.4</sog>
<cog>204.2</cog>
                        </extensions>
                    </trkpt>
                    <trkpt lat="54.429743333333334" lon="10.216311666666666">
                        <ele>0</ele>
                        <time>2022-08-18T06:53:37Z</time>
                                                <extensions>
                            <sog>16.2</sog>
<cog>203.6</cog>
                        </extensions>
                    </trkpt>
                    <trkpt lat="54.42933166666667" lon="10.216008333333333">
                        <ele>0</ele>
                        <time>2022-08-18T06:53:43Z</time>
                                                <extensions>
                            <sog>16.1</sog>
<cog>203.2</cog>
                        </extensions>
                    </trkpt>
                    <trkpt lat="54.42892166666666" lon="10.215711666666666">
                        <ele>0</ele>
                        <time>2022-08-18T06:53:49Z</time>
                                                <extensions>
                            <sog>16.0</sog>
<cog>202.9</cog>
                        </extensions>
                    </trkpt>
                    <trkpt lat="54.42851333333333" lon="10.21542">
                        <ele>0</ele>
                        <time>2022-08-18T06:53:55Z</time>
                                                <extensions>
                            <sog>15.9</sog>
<cog>202.6</cog>
                        </extensions>
                    </trkpt>
                    <trkpt lat="54.428106666666665" lon="10.215133333333334">
                        <ele>0</ele>
                        <time>2022-08-18T06:54:00Z</time>
                                                <extensions>
                            <sog>15.8</sog>
<cog>202.3</cog>
                        </extensions>
                    </trkpt>
                    <trkpt lat="54.42777" lon="10.214898333333334">
                        <ele>0</ele>
                        <time>2022-08-18T06:54:06Z</time>
                                                <extensions>
                            <sog>15.7</sog>
<cog>202.2</cog>
                        </extensions>
                    </trkpt>
                    <trkpt lat="54.427299999999995" lon="10.214573333333334">
                        <ele>0</ele>
                        <time>2022-08-18T06:54:13Z</time>
                                                <extensions>
                            <sog>15.6</sog>
<cog>201.9</cog>
                        </extensions>
                    </trkpt>
                    <trkpt lat="54.426965" lon="10.214345">
                        <ele>0</ele>
                        <time>2022-08-18T06:54:18Z</time>
                                                <extensions>
                            <sog>15.5</sog>
<cog>201.6</cog>
                        </extensions>
                    </trkpt>
                    <trkpt lat="54.426498333333335" lon="10.214034999999999">
                        <ele>0</ele>
                        <time>2022-08-18T06:54:25Z</time>
                                                <extensions>
                            <sog>15.4</sog>
<cog>201.1</cog>
                        </extensions>
                    </trkpt>
                    <trkpt lat="54.42616833333333" lon="10.213818333333334">
                        <ele>0</ele>
                        <time>2022-08-18T06:54:30Z</time>
                                                <extensions>
                            <sog>15.3</sog>
<cog>200.8</cog>
                        </extensions>
                    </trkpt>
                    <trkpt lat="54.425713333333334" lon="10.213526666666667">
                        <ele>0</ele>
                        <time>2022-08-18T06:54:37Z</time>
                                                <extensions>
                            <sog>15.0</sog>
<cog>200.4</cog>
                        </extensions>
                    </trkpt>
                    <trkpt lat="54.42532833333333" lon="10.213285">
                        <ele>0</ele>
                        <time>2022-08-18T06:54:43Z</time>
                                                <extensions>
                            <sog>14.7</sog>
<cog>200.2</cog>
                        </extensions>
                    </trkpt>
                    <trkpt lat="54.424951666666665" lon="10.213048333333335">
                        <ele>0</ele>
                        <time>2022-08-18T06:54:49Z</time>
                                                <extensions>
                            <sog>14.4</sog>
<cog>200.1</cog>
                        </extensions>
                    </trkpt>
                    <trkpt lat="54.42458166666667" lon="10.212815">
                        <ele>0</ele>
                        <time>2022-08-18T06:54:55Z</time>
                                                <extensions>
                            <sog>14.2</sog>
<cog>200.1</cog>
                        </extensions>
                    </trkpt>
                    <trkpt lat="54.423921666666665" lon="10.212401666666667">
                        <ele>0</ele>
                        <time>2022-08-18T06:55:06Z</time>
                                                <extensions>
                            <sog>13.7</sog>
<cog>200.1</cog>
                        </extensions>
                    </trkpt>
                    <trkpt lat="54.42351166666666" lon="10.212145">
                        <ele>0</ele>
                        <time>2022-08-18T06:55:13Z</time>
                                                <extensions>
                            <sog>13.4</sog>
<cog>200.0</cog>
                        </extensions>
                    </trkpt>
                    <trkpt lat="54.42316666666667" lon="10.211929999999999">
                        <ele>0</ele>
                        <time>2022-08-18T06:55:19Z</time>
                                                <extensions>
                            <sog>13.2</sog>
<cog>199.9</cog>
                        </extensions>
                    </trkpt>
                    <trkpt lat="54.422828333333335" lon="10.211721666666667">
                        <ele>0</ele>
                        <time>2022-08-18T06:55:25Z</time>
                                                <extensions>
                            <sog>13.0</sog>
<cog>199.7</cog>
                        </extensions>
                    </trkpt>
                    <trkpt lat="54.42254833333333" lon="10.211551666666667">
                        <ele>0</ele>
                        <time>2022-08-18T06:55:30Z</time>
                                                <extensions>
                            <sog>12.8</sog>
<cog>199.6</cog>
                        </extensions>
                    </trkpt>
                    <trkpt lat="54.422165" lon="10.211318333333333">
                        <ele>0</ele>
                        <time>2022-08-18T06:55:37Z</time>
                                                <extensions>
                            <sog>12.5</sog>
<cog>199.3</cog>
                        </extensions>
                    </trkpt>
                    <trkpt lat="54.421839999999996" lon="10.211126666666667">
                        <ele>0</ele>
                        <time>2022-08-18T06:55:43Z</time>
                                                <extensions>
                            <sog>12.3</sog>
<cog>199.0</cog>
                        </extensions>
                    </trkpt>
                    <trkpt lat="54.42152" lon="10.210941666666667">
                        <ele>0</ele>
                        <time>2022-08-18T06:55:49Z</time>
                                                <extensions>
                            <sog>12.1</sog>
<cog>198.6</cog>
                        </extensions>
                    </trkpt>
                    <trkpt lat="54.42120333333333" lon="10.210761666666667">
                        <ele>0</ele>
                        <time>2022-08-18T06:55:55Z</time>
                                                <extensions>
                            <sog>12.0</sog>
<cog>198.3</cog>
                        </extensions>
                    </trkpt>
                    <trkpt lat="54.42032666666667" lon="10.210285">
                        <ele>0</ele>
                        <time>2022-08-18T06:56:12Z</time>
                                                <extensions>
                            <sog>11.5</sog>
<cog>197.2</cog>
                        </extensions>
                    </trkpt>
                    <trkpt lat="54.419975" lon="10.2101">
                        <ele>0</ele>
                        <time>2022-08-18T06:56:19Z</time>
                                                <extensions>
                            <sog>11.3</sog>
<cog>197.0</cog>
                        </extensions>
                    </trkpt>
                    <trkpt lat="54.419430000000006" lon="10.209818333333335">
                        <ele>0</ele>
                        <time>2022-08-18T06:56:30Z</time>
                                                <extensions>
                            <sog>11.1</sog>
<cog>196.6</cog>
                        </extensions>
                    </trkpt>
                    <trkpt lat="54.419088333333335" lon="10.209645">
                        <ele>0</ele>
                        <time>2022-08-18T06:56:37Z</time>
                                                <extensions>
                            <sog>10.9</sog>
<cog>196.5</cog>
                        </extensions>
                    </trkpt>
                    <trkpt lat="54.418800000000005" lon="10.209498333333332">
                        <ele>0</ele>
                        <time>2022-08-18T06:56:43Z</time>
                                                <extensions>
                            <sog>10.8</sog>
<cog>196.4</cog>
                        </extensions>
                    </trkpt>
                    <trkpt lat="54.41856166666666" lon="10.209380000000001">
                        <ele>0</ele>
                        <time>2022-08-18T06:56:48Z</time>
                                                <extensions>
                            <sog>10.7</sog>
<cog>196.2</cog>
                        </extensions>
                    </trkpt>
                    <trkpt lat="54.41823" lon="10.209215">
                        <ele>0</ele>
                        <time>2022-08-18T06:56:55Z</time>
                                                <extensions>
                            <sog>10.6</sog>
<cog>196.1</cog>
                        </extensions>
                    </trkpt>
                    <trkpt lat="54.417946666666666" lon="10.209076666666666">
                        <ele>0</ele>
                        <time>2022-08-18T06:57:01Z</time>
                                                <extensions>
                            <sog>10.5</sog>
<cog>195.9</cog>
                        </extensions>
                    </trkpt>
                    <trkpt lat="54.41743333333333" lon="10.208828333333335">
                        <ele>0</ele>
                        <time>2022-08-18T06:57:12Z</time>
                                                <extensions>
                            <sog>10.4</sog>
<cog>195.7</cog>
                        </extensions>
                    </trkpt>
                    <trkpt lat="54.41711" lon="10.208670000000001">
                        <ele>0</ele>
                        <time>2022-08-18T06:57:19Z</time>
                                                <extensions>
                            <sog>10.4</sog>
<cog>195.8</cog>
                        </extensions>
                    </trkpt>
                    <trkpt lat="54.41683333333334" lon="10.208535000000001">
                        <ele>0</ele>
                        <time>2022-08-18T06:57:25Z</time>
                                                <extensions>
                            <sog>10.3</sog>
<cog>195.9</cog>
                        </extensions>
                    </trkpt>
                    <trkpt lat="54.41628333333333" lon="10.208261666666667">
                        <ele>0</ele>
                        <time>2022-08-18T06:57:37Z</time>
                                                <extensions>
                            <sog>10.3</sog>
<cog>196.1</cog>
                        </extensions>
                    </trkpt>
                    <trkpt lat="54.41600833333334" lon="10.208124999999999">
                        <ele>0</ele>
                        <time>2022-08-18T06:57:43Z</time>
                                                <extensions>
                            <sog>10.3</sog>
<cog>196.2</cog>
                        </extensions>
                    </trkpt>
                    <trkpt lat="54.415778333333336" lon="10.20801">
                        <ele>0</ele>
                        <time>2022-08-18T06:57:48Z</time>
                                                <extensions>
                            <sog>10.3</sog>
<cog>196.2</cog>
                        </extensions>
                    </trkpt>
                    <trkpt lat="54.41550333333333" lon="10.207873333333334">
                        <ele>0</ele>
                        <time>2022-08-18T06:57:54Z</time>
                                                <extensions>
                            <sog>10.3</sog>
<cog>196.2</cog>
                        </extensions>
                    </trkpt>
                    <trkpt lat="54.41518166666666" lon="10.207711666666667">
                        <ele>0</ele>
                        <time>2022-08-18T06:58:01Z</time>
                                                <extensions>
                            <sog>10.3</sog>
<cog>196.3</cog>
                        </extensions>
                    </trkpt>
                    <trkpt lat="54.41490666666667" lon="10.207571666666666">
                        <ele>0</ele>
                        <time>2022-08-18T06:58:07Z</time>
                                                <extensions>
                            <sog>10.3</sog>
<cog>196.3</cog>
                        </extensions>
                    </trkpt>
                    <trkpt lat="54.414675" lon="10.207456666666667">
                        <ele>0</ele>
                        <time>2022-08-18T06:58:12Z</time>
                                                <extensions>
                            <sog>10.4</sog>
<cog>196.3</cog>
                        </extensions>
                    </trkpt>
                    <trkpt lat="54.41435166666667" lon="10.207293333333332">
                        <ele>0</ele>
                        <time>2022-08-18T06:58:19Z</time>
                                                <extensions>
                            <sog>10.4</sog>
<cog>196.4</cog>
                        </extensions>
                    </trkpt>
                    <trkpt lat="54.414305" lon="10.207268333333333">
                        <ele>0</ele>
                        <time>2022-08-18T06:58:20Z</time>
                                                <extensions>
                            <sog>10.4</sog>
<cog>196.4</cog>
                        </extensions>
                    </trkpt>
                    <trkpt lat="54.41407166666667" lon="10.20715">
                        <ele>0</ele>
                        <time>2022-08-18T06:58:25Z</time>
                                                <extensions>
                            <sog>10.5</sog>
<cog>196.5</cog>
                        </extensions>
                    </trkpt>
                    <trkpt lat="54.41383833333334" lon="10.207031666666667">
                        <ele>0</ele>
                        <time>2022-08-18T06:58:30Z</time>
                                                <extensions>
                            <sog>10.5</sog>
<cog>196.4</cog>
                        </extensions>
                    </trkpt>
                    <trkpt lat="54.41350833333333" lon="10.206864999999999">
                        <ele>0</ele>
                        <time>2022-08-18T06:58:37Z</time>
                                                <extensions>
                            <sog>10.6</sog>
<cog>196.4</cog>
                        </extensions>
                    </trkpt>
                    <trkpt lat="54.41336666666667" lon="10.206793333333334">
                        <ele>0</ele>
                        <time>2022-08-18T06:58:40Z</time>
                                                <extensions>
                            <sog>10.6</sog>
<cog>196.4</cog>
                        </extensions>
                    </trkpt>
                    <trkpt lat="54.413225000000004" lon="10.206721666666665">
                        <ele>0</ele>
                        <time>2022-08-18T06:58:43Z</time>
                                                <extensions>
                            <sog>10.6</sog>
<cog>196.4</cog>
                        </extensions>
                    </trkpt>
                    <trkpt lat="54.41298666666667" lon="10.206603333333334">
                        <ele>0</ele>
                        <time>2022-08-18T06:58:48Z</time>
                                                <extensions>
                            <sog>10.7</sog>
<cog>196.2</cog>
                        </extensions>
                    </trkpt>
                    <trkpt lat="54.41269833333333" lon="10.20646">
                        <ele>0</ele>
                        <time>2022-08-18T06:58:54Z</time>
                                                <extensions>
                            <sog>10.8</sog>
<cog>196.2</cog>
                        </extensions>
                    </trkpt>
                    <trkpt lat="54.41236" lon="10.20629">
                        <ele>0</ele>
                        <time>2022-08-18T06:59:01Z</time>
                                                <extensions>
                            <sog>10.8</sog>
<cog>196.3</cog>
                        </extensions>
                    </trkpt>
                    <trkpt lat="54.411921666666665" lon="10.206073333333334">
                        <ele>0</ele>
                        <time>2022-08-18T06:59:10Z</time>
                                                <extensions>
                            <sog>10.9</sog>
<cog>196.1</cog>
                        </extensions>
                    </trkpt>
                    <trkpt lat="54.411431666666665" lon="10.205831666666667">
                        <ele>0</ele>
                        <time>2022-08-18T06:59:20Z</time>
                                                <extensions>
                            <sog>11.0</sog>
<cog>196.1</cog>
                        </extensions>
                    </trkpt>
                    <trkpt lat="54.410945" lon="10.205591666666667">
                        <ele>0</ele>
                        <time>2022-08-18T06:59:30Z</time>
                                                <extensions>
                            <sog>10.9</sog>
<cog>195.9</cog>
                        </extensions>
                    </trkpt>
                    <trkpt lat="54.41046333333334" lon="10.205353333333333">
                        <ele>0</ele>
                        <time>2022-08-18T06:59:40Z</time>
                                                <extensions>
                            <sog>10.8</sog>
<cog>196.0</cog>
                        </extensions>
                    </trkpt>
                    <trkpt lat="54.40998166666667" lon="10.205116666666667">
                        <ele>0</ele>
                        <time>2022-08-18T06:59:50Z</time>
                                                <extensions>
                            <sog>10.8</sog>
<cog>196.0</cog>
                        </extensions>
                    </trkpt>
                    <trkpt lat="54.40945833333333" lon="10.204855">
                        <ele>0</ele>
                        <time>2022-08-18T07:00:01Z</time>
                                                <extensions>
                            <sog>10.7</sog>
<cog>196.2</cog>
                        </extensions>
                    </trkpt>
                    <trkpt lat="54.40945833333333" lon="10.204855">
                        <ele>0</ele>
                        <time>2022-08-18T07:00:01Z</time>
                                                <extensions>
                            <sog>10.7</sog>
<cog>196.2</cog>
                        </extensions>
                    </trkpt>
                    <trkpt lat="54.40903166666667" lon="10.204645">
                        <ele>0</ele>
                        <time>2022-08-18T07:00:10Z</time>
                                                <extensions>
                            <sog>10.6</sog>
<cog>196.1</cog>
                        </extensions>
                    </trkpt>
                    <trkpt lat="54.40903166666667" lon="10.204645">
                        <ele>0</ele>
                        <time>2022-08-18T07:00:10Z</time>
                                                <extensions>
                            <sog>10.6</sog>
<cog>196.1</cog>
                        </extensions>
                    </trkpt>
                    <trkpt lat="54.408561666666664" lon="10.20441">
                        <ele>0</ele>
                        <time>2022-08-18T07:00:20Z</time>
                                                <extensions>
                            <sog>10.5</sog>
<cog>196.1</cog>
                        </extensions>
                    </trkpt>
                    <trkpt lat="54.408561666666664" lon="10.20441">
                        <ele>0</ele>
                        <time>2022-08-18T07:00:20Z</time>
                                                <extensions>
                            <sog>10.5</sog>
<cog>196.1</cog>
                        </extensions>
                    </trkpt>
                    <trkpt lat="54.40809333333333" lon="10.204181666666667">
                        <ele>0</ele>
                        <time>2022-08-18T07:00:30Z</time>
                                                <extensions>
                            <sog>10.5</sog>
<cog>196.0</cog>
                        </extensions>
                    </trkpt>
                    <trkpt lat="54.40809333333333" lon="10.204181666666667">
                        <ele>0</ele>
                        <time>2022-08-18T07:00:30Z</time>
                                                <extensions>
                            <sog>10.5</sog>
<cog>196.0</cog>
                        </extensions>
                    </trkpt>
                    <trkpt lat="54.406666666666666" lon="10.203476666666667">
                        <ele>0</ele>
                        <time>2022-08-18T07:01:01Z</time>
                                                <extensions>
                            <sog>10.2</sog>
<cog>196.0</cog>
                        </extensions>
                    </trkpt>
                    <trkpt lat="54.406666666666666" lon="10.203476666666667">
                        <ele>0</ele>
                        <time>2022-08-18T07:01:01Z</time>
                                                <extensions>
                            <sog>10.2</sog>
<cog>196.0</cog>
                        </extensions>
                    </trkpt>
                    <trkpt lat="54.406258333333334" lon="10.203273333333334">
                        <ele>0</ele>
                        <time>2022-08-18T07:01:10Z</time>
                                                <extensions>
                            <sog>10.2</sog>
<cog>196.2</cog>
                        </extensions>
                    </trkpt>
                    <trkpt lat="54.40580666666666" lon="10.203046666666667">
                        <ele>0</ele>
                        <time>2022-08-18T07:01:20Z</time>
                                                <extensions>
                            <sog>10.1</sog>
<cog>196.3</cog>
                        </extensions>
                    </trkpt>
                    <trkpt lat="54.40535666666666" lon="10.202823333333333">
                        <ele>0</ele>
                        <time>2022-08-18T07:01:30Z</time>
                                                <extensions>
                            <sog>10.1</sog>
<cog>196.2</cog>
                        </extensions>
                    </trkpt>
                    <trkpt lat="54.40446333333333" lon="10.20238">
                        <ele>0</ele>
                        <time>2022-08-18T07:01:50Z</time>
                                                <extensions>
                            <sog>10.0</sog>
<cog>196.1</cog>
                        </extensions>
                    </trkpt>
                    <trkpt lat="54.403974999999996" lon="10.202138333333332">
                        <ele>0</ele>
                        <time>2022-08-18T07:02:01Z</time>
                                                <extensions>
                            <sog>10.0</sog>
<cog>196.0</cog>
                        </extensions>
                    </trkpt>
                    <trkpt lat="54.403576666666666" lon="10.201941666666666">
                        <ele>0</ele>
                        <time>2022-08-18T07:02:10Z</time>
                                                <extensions>
                            <sog>9.9</sog>
<cog>195.9</cog>
                        </extensions>
                    </trkpt>
                    <trkpt lat="54.40313166666667" lon="10.201736666666667">
                        <ele>0</ele>
                        <time>2022-08-18T07:02:20Z</time>
                                                <extensions>
                            <sog>9.9</sog>
<cog>195.0</cog>
                        </extensions>
                    </trkpt>
                    <trkpt lat="54.40268833333334" lon="10.20154">
                        <ele>0</ele>
                        <time>2022-08-18T07:02:30Z</time>
                                                <extensions>
                            <sog>9.9</sog>
<cog>194.2</cog>
                        </extensions>
                    </trkpt>
                    <trkpt lat="54.402245" lon="10.201353333333333">
                        <ele>0</ele>
                        <time>2022-08-18T07:02:40Z</time>
                                                <extensions>
                            <sog>9.8</sog>
<cog>193.8</cog>
                        </extensions>
                    </trkpt>
                    <trkpt lat="54.40180333333333" lon="10.201165">
                        <ele>0</ele>
                        <time>2022-08-18T07:02:50Z</time>
                                                <extensions>
                            <sog>9.8</sog>
<cog>193.8</cog>
                        </extensions>
                    </trkpt>
                    <trkpt lat="54.401320000000005" lon="10.200965">
                        <ele>0</ele>
                        <time>2022-08-18T07:03:01Z</time>
                                                <extensions>
                            <sog>9.8</sog>
<cog>193.7</cog>
                        </extensions>
                    </trkpt>
                    <trkpt lat="54.400925" lon="10.2008">
                        <ele>0</ele>
                        <time>2022-08-18T07:03:10Z</time>
                                                <extensions>
                            <sog>9.7</sog>
<cog>193.5</cog>
                        </extensions>
                    </trkpt>
                    <trkpt lat="54.400486666666666" lon="10.200621666666667">
                        <ele>0</ele>
                        <time>2022-08-18T07:03:20Z</time>
                                                <extensions>
                            <sog>9.7</sog>
<cog>193.4</cog>
                        </extensions>
                    </trkpt>
                    <trkpt lat="54.40004833333333" lon="10.200445">
                        <ele>0</ele>
                        <time>2022-08-18T07:03:30Z</time>
                                                <extensions>
                            <sog>9.7</sog>
<cog>193.1</cog>
                        </extensions>
                    </trkpt>
                    <trkpt lat="54.39961" lon="10.200271666666668">
                        <ele>0</ele>
                        <time>2022-08-18T07:03:40Z</time>
                                                <extensions>
                            <sog>9.7</sog>
<cog>193.1</cog>
                        </extensions>
                    </trkpt>
                    <trkpt lat="54.398735" lon="10.19993">
                        <ele>0</ele>
                        <time>2022-08-18T07:04:00Z</time>
                                                <extensions>
                            <sog>9.7</sog>
<cog>192.8</cog>
                        </extensions>
                    </trkpt>
                    <trkpt lat="54.39829666666667" lon="10.199761666666666">
                        <ele>0</ele>
                        <time>2022-08-18T07:04:10Z</time>
                                                <extensions>
                            <sog>9.7</sog>
<cog>192.5</cog>
                        </extensions>
                    </trkpt>
                    <trkpt lat="54.397855" lon="10.199591666666667">
                        <ele>0</ele>
                        <time>2022-08-18T07:04:20Z</time>
                                                <extensions>
                            <sog>9.8</sog>
<cog>192.6</cog>
                        </extensions>
                    </trkpt>
                    <trkpt lat="54.39741" lon="10.19942">
                        <ele>0</ele>
                        <time>2022-08-18T07:04:30Z</time>
                                                <extensions>
                            <sog>9.8</sog>
<cog>192.6</cog>
                        </extensions>
                    </trkpt>
                    <trkpt lat="54.39696166666667" lon="10.199246666666665">
                        <ele>0</ele>
                        <time>2022-08-18T07:04:40Z</time>
                                                <extensions>
                            <sog>9.9</sog>
<cog>192.8</cog>
                        </extensions>
                    </trkpt>
                    <trkpt lat="54.39650833333334" lon="10.199071666666667">
                        <ele>0</ele>
                        <time>2022-08-18T07:04:50Z</time>
                                                <extensions>
                            <sog>10.1</sog>
<cog>192.6</cog>
                        </extensions>
                    </trkpt>
                    <trkpt lat="54.39604666666666" lon="10.198895">
                        <ele>0</ele>
                        <time>2022-08-18T07:05:00Z</time>
                                                <extensions>
                            <sog>10.2</sog>
<cog>192.6</cog>
                        </extensions>
                    </trkpt>
                    <trkpt lat="54.39510666666667" lon="10.198531666666666">
                        <ele>0</ele>
                        <time>2022-08-18T07:05:20Z</time>
                                                <extensions>
                            <sog>10.5</sog>
<cog>193.0</cog>
                        </extensions>
                    </trkpt>
                    <trkpt lat="54.39462666666667" lon="10.198336666666668">
                        <ele>0</ele>
                        <time>2022-08-18T07:05:30Z</time>
                                                <extensions>
                            <sog>10.7</sog>
<cog>193.4</cog>
                        </extensions>
                    </trkpt>
                    <trkpt lat="54.39364666666667" lon="10.197935">
                        <ele>0</ele>
                        <time>2022-08-18T07:05:50Z</time>
                                                <extensions>
                            <sog>11.0</sog>
<cog>193.6</cog>
                        </extensions>
                    </trkpt>
                    <trkpt lat="54.393145" lon="10.197728333333334">
                        <ele>0</ele>
                        <time>2022-08-18T07:06:00Z</time>
                                                <extensions>
                            <sog>11.1</sog>
<cog>193.5</cog>
                        </extensions>
                    </trkpt>
                    <trkpt lat="54.39264333333333" lon="10.19751">
                        <ele>0</ele>
                        <time>2022-08-18T07:06:10Z</time>
                                                <extensions>
                            <sog>11.2</sog>
<cog>194.4</cog>
                        </extensions>
                    </trkpt>
                    <trkpt lat="54.39209" lon="10.19725">
                        <ele>0</ele>
                        <time>2022-08-18T07:06:21Z</time>
                                                <extensions>
                            <sog>11.2</sog>
<cog>195.6</cog>
                        </extensions>
                    </trkpt>
                    <trkpt lat="54.39164666666667" lon="10.197021666666666">
                        <ele>0</ele>
                        <time>2022-08-18T07:06:30Z</time>
                                                <extensions>
                            <sog>11.0</sog>
<cog>196.8</cog>
                        </extensions>
                    </trkpt>
                    <trkpt lat="54.39111833333333" lon="10.196736666666668">
                        <ele>0</ele>
                        <time>2022-08-18T07:06:41Z</time>
                                                <extensions>
                            <sog>10.8</sog>
<cog>197.7</cog>
                        </extensions>
                    </trkpt>
                    <trkpt lat="54.39069833333333" lon="10.19649">
                        <ele>0</ele>
                        <time>2022-08-18T07:06:50Z</time>
                                                <extensions>
                            <sog>10.6</sog>
<cog>199.0</cog>
                        </extensions>
                    </trkpt>
                    <trkpt lat="54.39024" lon="10.196213333333333">
                        <ele>0</ele>
                        <time>2022-08-18T07:07:00Z</time>
                                                <extensions>
                            <sog>10.4</sog>
<cog>199.6</cog>
                        </extensions>
                    </trkpt>
                    <trkpt lat="54.38975000000001" lon="10.195895">
                        <ele>0</ele>
                        <time>2022-08-18T07:07:11Z</time>
                                                <extensions>
                            <sog>10.2</sog>
<cog>201.0</cog>
                        </extensions>
                    </trkpt>
                    <trkpt lat="54.38894166666667" lon="10.195298333333334">
                        <ele>0</ele>
                        <time>2022-08-18T07:07:30Z</time>
                                                <extensions>
                            <sog>9.8</sog>
<cog>204.9</cog>
                        </extensions>
                    </trkpt>
                    <trkpt lat="54.38850333333333" lon="10.194913333333334">
                        <ele>0</ele>
                        <time>2022-08-18T07:07:41Z</time>
                                                <extensions>
                            <sog>9.6</sog>
<cog>208.0</cog>
                        </extensions>
                    </trkpt>
                    <trkpt lat="54.38812166666666" lon="10.194543333333334">
                        <ele>0</ele>
                        <time>2022-08-18T07:07:51Z</time>
                                                <extensions>
                            <sog>9.4</sog>
<cog>209.5</cog>
                        </extensions>
                    </trkpt>
                    <trkpt lat="54.387785" lon="10.194205">
                        <ele>0</ele>
                        <time>2022-08-18T07:08:00Z</time>
                                                <extensions>
                            <sog>9.3</sog>
<cog>210.7</cog>
                        </extensions>
                    </trkpt>
                    <trkpt lat="54.38738166666667" lon="10.193785">
                        <ele>0</ele>
                        <time>2022-08-18T07:08:11Z</time>
                                                <extensions>
                            <sog>9.2</sog>
<cog>211.2</cog>
                        </extensions>
                    </trkpt>
                    <trkpt lat="54.38702" lon="10.193396666666667">
                        <ele>0</ele>
                        <time>2022-08-18T07:08:21Z</time>
                                                <extensions>
                            <sog>9.2</sog>
<cog>212.3</cog>
                        </extensions>
                    </trkpt>
                    <trkpt lat="54.386700000000005" lon="10.193043333333332">
                        <ele>0</ele>
                        <time>2022-08-18T07:08:30Z</time>
                                                <extensions>
                            <sog>9.1</sog>
<cog>212.9</cog>
                        </extensions>
                    </trkpt>
                    <trkpt lat="54.386314999999996" lon="10.192604999999999">
                        <ele>0</ele>
                        <time>2022-08-18T07:08:41Z</time>
                                                <extensions>
                            <sog>9.1</sog>
<cog>213.8</cog>
                        </extensions>
                    </trkpt>
                    <trkpt lat="54.385655" lon="10.191831666666667">
                        <ele>0</ele>
                        <time>2022-08-18T07:09:00Z</time>
                                                <extensions>
                            <sog>9.1</sog>
<cog>214.6</cog>
                        </extensions>
                    </trkpt>
                    <trkpt lat="54.385275" lon="10.191376666666667">
                        <ele>0</ele>
                        <time>2022-08-18T07:09:11Z</time>
                                                <extensions>
                            <sog>9.1</sog>
<cog>214.9</cog>
                        </extensions>
                    </trkpt>
                    <trkpt lat="54.384926666666665" lon="10.190958333333333">
                        <ele>0</ele>
                        <time>2022-08-18T07:09:21Z</time>
                                                <extensions>
                            <sog>9.2</sog>
<cog>215.2</cog>
                        </extensions>
                    </trkpt>
                    <trkpt lat="54.38461333333333" lon="10.190573333333333">
                        <ele>0</ele>
                        <time>2022-08-18T07:09:30Z</time>
                                                <extensions>
                            <sog>9.2</sog>
<cog>215.5</cog>
                        </extensions>
                    </trkpt>
                    <trkpt lat="54.38422833333333" lon="10.190096666666667">
                        <ele>0</ele>
                        <time>2022-08-18T07:09:41Z</time>
                                                <extensions>
                            <sog>9.3</sog>
<cog>215.9</cog>
                        </extensions>
                    </trkpt>
                    <trkpt lat="54.383874999999996" lon="10.189653333333332">
                        <ele>0</ele>
                        <time>2022-08-18T07:09:51Z</time>
                                                <extensions>
                            <sog>9.5</sog>
<cog>216.2</cog>
                        </extensions>
                    </trkpt>
                    <trkpt lat="54.38348166666666" lon="10.18916">
                        <ele>0</ele>
                        <time>2022-08-18T07:10:01Z</time>
                                                <extensions>
                            <sog>9.6</sog>
<cog>216.2</cog>
                        </extensions>
                    </trkpt>
                    <trkpt lat="54.382785" lon="10.188286666666666">
                        <ele>0</ele>
                        <time>2022-08-18T07:10:21Z</time>
                                                <extensions>
                            <sog>9.9</sog>
<cog>216.1</cog>
                        </extensions>
                    </trkpt>
                    <trkpt lat="54.38244833333333" lon="10.187863333333333">
                        <ele>0</ele>
                        <time>2022-08-18T07:10:30Z</time>
                                                <extensions>
                            <sog>10.0</sog>
<cog>216.3</cog>
                        </extensions>
                    </trkpt>
                    <trkpt lat="54.38203166666666" lon="10.187335">
                        <ele>0</ele>
                        <time>2022-08-18T07:10:41Z</time>
                                                <extensions>
                            <sog>10.2</sog>
<cog>216.5</cog>
                        </extensions>
                    </trkpt>
                    <trkpt lat="54.380856666666666" lon="10.185838333333333">
                        <ele>0</ele>
                        <time>2022-08-18T07:11:11Z</time>
                                                <extensions>
                            <sog>10.7</sog>
<cog>216.5</cog>
                        </extensions>
                    </trkpt>
                    <trkpt lat="54.380086666666664" lon="10.184865">
                        <ele>0</ele>
                        <time>2022-08-18T07:11:30Z</time>
                                                <extensions>
                            <sog>10.9</sog>
<cog>216.4</cog>
                        </extensions>
                    </trkpt>
                    <trkpt lat="54.379623333333335" lon="10.184316666666666">
                        <ele>0</ele>
                        <time>2022-08-18T07:11:41Z</time>
                                                <extensions>
                            <sog>11.1</sog>
<cog>214.4</cog>
                        </extensions>
                    </trkpt>
                    <trkpt lat="54.379194999999996" lon="10.183826666666667">
                        <ele>0</ele>
                        <time>2022-08-18T07:11:51Z</time>
                                                <extensions>
                            <sog>11.1</sog>
<cog>213.1</cog>
                        </extensions>
                    </trkpt>
                    <trkpt lat="54.37871500000001" lon="10.183296666666667">
                        <ele>0</ele>
                        <time>2022-08-18T07:12:01Z</time>
                                                <extensions>
                            <sog>11.2</sog>
<cog>213.3</cog>
                        </extensions>
                    </trkpt>
                    <trkpt lat="54.37831833333333" lon="10.182866666666666">
                        <ele>0</ele>
                        <time>2022-08-18T07:12:11Z</time>
                                                <extensions>
                            <sog>11.3</sog>
<cog>211.8</cog>
                        </extensions>
                    </trkpt>
                    <trkpt lat="54.37787" lon="10.182398333333333">
                        <ele>0</ele>
                        <time>2022-08-18T07:12:21Z</time>
                                                <extensions>
                            <sog>11.3</sog>
<cog>211.4</cog>
                        </extensions>
                    </trkpt>
                    <trkpt lat="54.37746" lon="10.181985">
                        <ele>0</ele>
                        <time>2022-08-18T07:12:30Z</time>
                                                <extensions>
                            <sog>11.4</sog>
<cog>210.1</cog>
                        </extensions>
                    </trkpt>
                    <trkpt lat="54.37699833333333" lon="10.181535">
                        <ele>0</ele>
                        <time>2022-08-18T07:12:40Z</time>
                                                <extensions>
                            <sog>11.5</sog>
<cog>209.7</cog>
                        </extensions>
                    </trkpt>
                    <trkpt lat="54.37596666666666" lon="10.180563333333334">
                        <ele>0</ele>
                        <time>2022-08-18T07:13:01Z</time>
                                                <extensions>
                            <sog>11.6</sog>
<cog>208.6</cog>
                        </extensions>
                    </trkpt>
                    <trkpt lat="54.37554" lon="10.180171666666666">
                        <ele>0</ele>
                        <time>2022-08-18T07:13:11Z</time>
                                                <extensions>
                            <sog>11.6</sog>
<cog>208.1</cog>
                        </extensions>
                    </trkpt>
                    <trkpt lat="54.375065" lon="10.179734999999999">
                        <ele>0</ele>
                        <time>2022-08-18T07:13:21Z</time>
                                                <extensions>
                            <sog>11.6</sog>
<cog>208.2</cog>
                        </extensions>
                    </trkpt>
                    <trkpt lat="54.374633333333335" lon="10.179345000000001">
                        <ele>0</ele>
                        <time>2022-08-18T07:13:30Z</time>
                                                <extensions>
                            <sog>11.7</sog>
<cog>207.8</cog>
                        </extensions>
                    </trkpt>
                    <trkpt lat="54.37415333333333" lon="10.17891">
                        <ele>0</ele>
                        <time>2022-08-18T07:13:40Z</time>
                                                <extensions>
                            <sog>11.7</sog>
<cog>207.8</cog>
                        </extensions>
                    </trkpt>
                    <trkpt lat="54.37367" lon="10.178478333333334">
                        <ele>0</ele>
                        <time>2022-08-18T07:13:50Z</time>
                                                <extensions>
                            <sog>11.8</sog>
<cog>207.5</cog>
                        </extensions>
                    </trkpt>
                    <trkpt lat="54.37308666666667" lon="10.17796">
                        <ele>0</ele>
                        <time>2022-08-18T07:14:01Z</time>
                                                <extensions>
                            <sog>11.8</sog>
<cog>207.3</cog>
                        </extensions>
                    </trkpt>
                    <trkpt lat="54.37264833333334" lon="10.177575">
                        <ele>0</ele>
                        <time>2022-08-18T07:14:11Z</time>
                                                <extensions>
                            <sog>11.8</sog>
<cog>207.1</cog>
                        </extensions>
                    </trkpt>
                    <trkpt lat="54.37221833333333" lon="10.177193333333333">
                        <ele>0</ele>
                        <time>2022-08-18T07:14:20Z</time>
                                                <extensions>
                            <sog>11.6</sog>
<cog>207.3</cog>
                        </extensions>
                    </trkpt>
                    <trkpt lat="54.371755" lon="10.176783333333333">
                        <ele>0</ele>
                        <time>2022-08-18T07:14:30Z</time>
                                                <extensions>
                            <sog>11.2</sog>
<cog>207.3</cog>
                        </extensions>
                    </trkpt>
                    <trkpt lat="54.37130666666667" lon="10.176385">
                        <ele>0</ele>
                        <time>2022-08-18T07:14:40Z</time>
                                                <extensions>
                            <sog>10.8</sog>
<cog>207.4</cog>
                        </extensions>
                    </trkpt>
                    <trkpt lat="54.37087333333333" lon="10.175996666666666">
                        <ele>0</ele>
                        <time>2022-08-18T07:14:50Z</time>
                                                <extensions>
                            <sog>10.5</sog>
<cog>207.5</cog>
                        </extensions>
                    </trkpt>
                    <trkpt lat="54.37037" lon="10.175545">
                        <ele>0</ele>
                        <time>2022-08-18T07:15:01Z</time>
                                                <extensions>
                            <sog>10.1</sog>
<cog>207.6</cog>
                        </extensions>
                    </trkpt>
                    <trkpt lat="54.37000333333334" lon="10.175218333333333">
                        <ele>0</ele>
                        <time>2022-08-18T07:15:11Z</time>
                                                <extensions>
                            <sog>9.9</sog>
<cog>207.5</cog>
                        </extensions>
                    </trkpt>
                    <trkpt lat="54.369645" lon="10.174896666666665">
                        <ele>0</ele>
                        <time>2022-08-18T07:15:20Z</time>
                                                <extensions>
                            <sog>9.7</sog>
<cog>207.5</cog>
                        </extensions>
                    </trkpt>
                    <trkpt lat="54.36925" lon="10.174548333333332">
                        <ele>0</ele>
                        <time>2022-08-18T07:15:30Z</time>
                                                <extensions>
                            <sog>9.6</sog>
<cog>207.2</cog>
                        </extensions>
                    </trkpt>
                    <trkpt lat="54.368860000000005" lon="10.174201666666667">
                        <ele>0</ele>
                        <time>2022-08-18T07:15:40Z</time>
                                                <extensions>
                            <sog>9.4</sog>
<cog>207.5</cog>
                        </extensions>
                    </trkpt>
                    <trkpt lat="54.368473333333334" lon="10.173855">
                        <ele>0</ele>
                        <time>2022-08-18T07:15:50Z</time>
                                                <extensions>
                            <sog>9.4</sog>
<cog>207.6</cog>
                        </extensions>
                    </trkpt>
                    <trkpt lat="54.36801" lon="10.173443333333333">
                        <ele>0</ele>
                        <time>2022-08-18T07:16:01Z</time>
                                                <extensions>
                            <sog>9.4</sog>
<cog>207.3</cog>
                        </extensions>
                    </trkpt>
                    <trkpt lat="54.367311666666666" lon="10.172836666666665">
                        <ele>0</ele>
                        <time>2022-08-18T07:16:20Z</time>
                                                <extensions>
                            <sog>9.4</sog>
<cog>206.8</cog>
                        </extensions>
                    </trkpt>
                    <trkpt lat="54.36692333333334" lon="10.172500000000001">
                        <ele>0</ele>
                        <time>2022-08-18T07:16:30Z</time>
                                                <extensions>
                            <sog>9.4</sog>
<cog>206.8</cog>
                        </extensions>
                    </trkpt>
                    <trkpt lat="54.36653166666667" lon="10.172161666666666">
                        <ele>0</ele>
                        <time>2022-08-18T07:16:40Z</time>
                                                <extensions>
                            <sog>9.5</sog>
<cog>206.8</cog>
                        </extensions>
                    </trkpt>
                    <trkpt lat="54.36613833333333" lon="10.171816666666667">
                        <ele>0</ele>
                        <time>2022-08-18T07:16:50Z</time>
                                                <extensions>
                            <sog>9.5</sog>
<cog>207.1</cog>
                        </extensions>
                    </trkpt>
                    <trkpt lat="54.36529666666667" lon="10.17109">
                        <ele>0</ele>
                        <time>2022-08-18T07:17:11Z</time>
                                                <extensions>
                            <sog>9.8</sog>
<cog>206.5</cog>
                        </extensions>
                    </trkpt>
                    <trkpt lat="54.364925" lon="10.170783333333333">
                        <ele>0</ele>
                        <time>2022-08-18T07:17:20Z</time>
                                                <extensions>
                            <sog>9.9</sog>
<cog>205.7</cog>
                        </extensions>
                    </trkpt>
                    <trkpt lat="54.36450833333333" lon="10.170436666666665">
                        <ele>0</ele>
                        <time>2022-08-18T07:17:30Z</time>
                                                <extensions>
                            <sog>10.0</sog>
<cog>205.8</cog>
                        </extensions>
                    </trkpt>
                    <trkpt lat="54.364085" lon="10.170093333333334">
                        <ele>0</ele>
                        <time>2022-08-18T07:17:40Z</time>
                                                <extensions>
                            <sog>10.1</sog>
<cog>205.2</cog>
                        </extensions>
                    </trkpt>
                    <trkpt lat="54.363213333333334" lon="10.169405000000001">
                        <ele>0</ele>
                        <time>2022-08-18T07:18:00Z</time>
                                                <extensions>
                            <sog>10.5</sog>
<cog>204.3</cog>
                        </extensions>
                    </trkpt>
                    <trkpt lat="54.36271833333333" lon="10.169028333333333">
                        <ele>0</ele>
                        <time>2022-08-18T07:18:11Z</time>
                                                <extensions>
                            <sog>10.6</sog>
<cog>203.8</cog>
                        </extensions>
                    </trkpt>
                    <trkpt lat="54.36230666666667" lon="10.168726666666666">
                        <ele>0</ele>
                        <time>2022-08-18T07:18:20Z</time>
                                                <extensions>
                            <sog>10.8</sog>
<cog>203.1</cog>
                        </extensions>
                    </trkpt>
                    <trkpt lat="54.36184166666667" lon="10.168396666666666">
                        <ele>0</ele>
                        <time>2022-08-18T07:18:30Z</time>
                                                <extensions>
                            <sog>10.9</sog>
<cog>202.2</cog>
                        </extensions>
                    </trkpt>
                    <trkpt lat="54.36136833333333" lon="10.168076666666668">
                        <ele>0</ele>
                        <time>2022-08-18T07:18:40Z</time>
                                                <extensions>
                            <sog>11.0</sog>
<cog>201.4</cog>
                        </extensions>
                    </trkpt>
                    <trkpt lat="54.360890000000005" lon="10.167763333333333">
                        <ele>0</ele>
                        <time>2022-08-18T07:18:50Z</time>
                                                <extensions>
                            <sog>11.0</sog>
<cog>200.7</cog>
                        </extensions>
                    </trkpt>
                    <trkpt lat="54.36040833333333" lon="10.167461666666666">
                        <ele>0</ele>
                        <time>2022-08-18T07:19:00Z</time>
                                                <extensions>
                            <sog>11.0</sog>
<cog>199.9</cog>
                        </extensions>
                    </trkpt>
                    <trkpt lat="54.35945" lon="10.166908333333334">
                        <ele>0</ele>
                        <time>2022-08-18T07:19:20Z</time>
                                                <extensions>
                            <sog>10.7</sog>
<cog>197.9</cog>
                        </extensions>
                    </trkpt>
                    <trkpt lat="54.358985" lon="10.16666">
                        <ele>0</ele>
                        <time>2022-08-18T07:19:30Z</time>
                                                <extensions>
                            <sog>10.4</sog>
<cog>197.0</cog>
                        </extensions>
                    </trkpt>
                    <trkpt lat="54.35852833333333" lon="10.166433333333334">
                        <ele>0</ele>
                        <time>2022-08-18T07:19:40Z</time>
                                                <extensions>
                            <sog>10.2</sog>
<cog>196.0</cog>
                        </extensions>
                    </trkpt>
                    <trkpt lat="54.358039999999995" lon="10.166205">
                        <ele>0</ele>
                        <time>2022-08-18T07:19:50Z</time>
                                                <extensions>
                            <sog>9.9</sog>
<cog>195.0</cog>
                        </extensions>
                    </trkpt>
                    <trkpt lat="54.35764666666667" lon="10.166033333333333">
                        <ele>0</ele>
                        <time>2022-08-18T07:20:00Z</time>
                                                <extensions>
                            <sog>9.7</sog>
<cog>194.1</cog>
                        </extensions>
                    </trkpt>
                    <trkpt lat="54.35717666666667" lon="10.165841666666667">
                        <ele>0</ele>
                        <time>2022-08-18T07:20:11Z</time>
                                                <extensions>
                            <sog>9.4</sog>
<cog>193.2</cog>
                        </extensions>
                    </trkpt>
                    <trkpt lat="54.35638666666667" lon="10.165545">
                        <ele>0</ele>
                        <time>2022-08-18T07:20:30Z</time>
                                                <extensions>
                            <sog>9.0</sog>
<cog>191.9</cog>
                        </extensions>
                    </trkpt>
                    <trkpt lat="54.35598166666667" lon="10.165405">
                        <ele>0</ele>
                        <time>2022-08-18T07:20:40Z</time>
                                                <extensions>
                            <sog>8.9</sog>
<cog>191.3</cog>
                        </extensions>
                    </trkpt>
                    <trkpt lat="54.355583333333335" lon="10.165273333333333">
                        <ele>0</ele>
                        <time>2022-08-18T07:20:50Z</time>
                                                <extensions>
                            <sog>8.7</sog>
<cog>190.8</cog>
                        </extensions>
                    </trkpt>
                    <trkpt lat="54.35519" lon="10.16515">
                        <ele>0</ele>
                        <time>2022-08-18T07:21:00Z</time>
                                                <extensions>
                            <sog>8.6</sog>
<cog>190.2</cog>
                        </extensions>
                    </trkpt>
                    <trkpt lat="54.35438333333333" lon="10.164916666666667">
                        <ele>0</ele>
                        <time>2022-08-18T07:21:21Z</time>
                                                <extensions>
                            <sog>8.3</sog>
<cog>189.2</cog>
                        </extensions>
                    </trkpt>
                    <trkpt lat="54.354045" lon="10.164826666666666">
                        <ele>0</ele>
                        <time>2022-08-18T07:21:30Z</time>
                                                <extensions>
                            <sog>8.2</sog>
<cog>188.7</cog>
                        </extensions>
                    </trkpt>
                    <trkpt lat="54.35367166666666" lon="10.164731666666666">
                        <ele>0</ele>
                        <time>2022-08-18T07:21:40Z</time>
                                                <extensions>
                            <sog>8.1</sog>
<cog>188.2</cog>
                        </extensions>
                    </trkpt>
                    <trkpt lat="54.35330333333333" lon="10.164645">
                        <ele>0</ele>
                        <time>2022-08-18T07:21:50Z</time>
                                                <extensions>
                            <sog>8.0</sog>
<cog>187.7</cog>
                        </extensions>
                    </trkpt>
                    <trkpt lat="54.352938333333334" lon="10.164563333333332">
                        <ele>0</ele>
                        <time>2022-08-18T07:22:00Z</time>
                                                <extensions>
                            <sog>7.9</sog>
<cog>187.3</cog>
                        </extensions>
                    </trkpt>
                    <trkpt lat="54.35254333333333" lon="10.164481666666667">
                        <ele>0</ele>
                        <time>2022-08-18T07:22:11Z</time>
                                                <extensions>
                            <sog>7.8</sog>
<cog>186.8</cog>
                        </extensions>
                    </trkpt>
                    <trkpt lat="54.35218666666666" lon="10.164413333333332">
                        <ele>0</ele>
                        <time>2022-08-18T07:22:21Z</time>
                                                <extensions>
                            <sog>7.7</sog>
<cog>186.4</cog>
                        </extensions>
                    </trkpt>
                    <trkpt lat="54.35186833333333" lon="10.164355">
                        <ele>0</ele>
                        <time>2022-08-18T07:22:30Z</time>
                                                <extensions>
                            <sog>7.6</sog>
<cog>186.0</cog>
                        </extensions>
                    </trkpt>
                    <trkpt lat="54.35151833333334" lon="10.164296666666667">
                        <ele>0</ele>
                        <time>2022-08-18T07:22:40Z</time>
                                                <extensions>
                            <sog>7.6</sog>
<cog>185.5</cog>
                        </extensions>
                    </trkpt>
                    <trkpt lat="54.35117" lon="10.164243333333333">
                        <ele>0</ele>
                        <time>2022-08-18T07:22:50Z</time>
                                                <extensions>
                            <sog>7.5</sog>
<cog>185.0</cog>
                        </extensions>
                    </trkpt>
                    <trkpt lat="54.350791666666666" lon="10.164193333333333">
                        <ele>0</ele>
                        <time>2022-08-18T07:23:01Z</time>
                                                <extensions>
                            <sog>7.4</sog>
<cog>184.3</cog>
                        </extensions>
                    </trkpt>
                    <trkpt lat="54.350453333333334" lon="10.164151666666667">
                        <ele>0</ele>
                        <time>2022-08-18T07:23:11Z</time>
                                                <extensions>
                            <sog>7.3</sog>
<cog>183.9</cog>
                        </extensions>
                    </trkpt>
                    <trkpt lat="54.35011833333333" lon="10.164118333333333">
                        <ele>0</ele>
                        <time>2022-08-18T07:23:21Z</time>
                                                <extensions>
                            <sog>7.2</sog>
<cog>183.3</cog>
                        </extensions>
                    </trkpt>
                    <trkpt lat="54.34982166666667" lon="10.16409">
                        <ele>0</ele>
                        <time>2022-08-18T07:23:30Z</time>
                                                <extensions>
                            <sog>7.1</sog>
<cog>182.9</cog>
                        </extensions>
                    </trkpt>
                    <trkpt lat="54.349495000000005" lon="10.164064999999999">
                        <ele>0</ele>
                        <time>2022-08-18T07:23:40Z</time>
                                                <extensions>
                            <sog>7.0</sog>
<cog>182.4</cog>
                        </extensions>
                    </trkpt>
                    <trkpt lat="54.34917333333333" lon="10.164045">
                        <ele>0</ele>
                        <time>2022-08-18T07:23:50Z</time>
                                                <extensions>
                            <sog>6.9</sog>
<cog>182.1</cog>
                        </extensions>
                    </trkpt>
                    <trkpt lat="54.348821666666666" lon="10.164025">
                        <ele>0</ele>
                        <time>2022-08-18T07:24:01Z</time>
                                                <extensions>
                            <sog>6.9</sog>
<cog>181.7</cog>
                        </extensions>
                    </trkpt>
                    <trkpt lat="54.348505" lon="10.164011666666665">
                        <ele>0</ele>
                        <time>2022-08-18T07:24:11Z</time>
                                                <extensions>
                            <sog>6.8</sog>
<cog>181.4</cog>
                        </extensions>
                    </trkpt>
                    <trkpt lat="54.348193333333334" lon="10.164001666666667">
                        <ele>0</ele>
                        <time>2022-08-18T07:24:21Z</time>
                                                <extensions>
                            <sog>6.7</sog>
<cog>181.1</cog>
                        </extensions>
                    </trkpt>
                    <trkpt lat="54.34791666666667" lon="10.163993333333334">
                        <ele>0</ele>
                        <time>2022-08-18T07:24:30Z</time>
                                                <extensions>
                            <sog>6.6</sog>
<cog>181.0</cog>
                        </extensions>
                    </trkpt>
                    <trkpt lat="54.347611666666666" lon="10.163985">
                        <ele>0</ele>
                        <time>2022-08-18T07:24:40Z</time>
                                                <extensions>
                            <sog>6.5</sog>
<cog>180.9</cog>
                        </extensions>
                    </trkpt>
                    <trkpt lat="54.34731" lon="10.163976666666667">
                        <ele>0</ele>
                        <time>2022-08-18T07:24:50Z</time>
                                                <extensions>
                            <sog>6.5</sog>
<cog>180.9</cog>
                        </extensions>
                    </trkpt>
                    <trkpt lat="54.346983333333334" lon="10.163966666666665">
                        <ele>0</ele>
                        <time>2022-08-18T07:25:01Z</time>
                                                <extensions>
                            <sog>6.4</sog>
<cog>181.0</cog>
                        </extensions>
                    </trkpt>
                    <trkpt lat="54.34668833333333" lon="10.163956666666667">
                        <ele>0</ele>
                        <time>2022-08-18T07:25:11Z</time>
                                                <extensions>
                            <sog>6.3</sog>
<cog>181.2</cog>
                        </extensions>
                    </trkpt>
                    <trkpt lat="54.346395" lon="10.163943333333332">
                        <ele>0</ele>
                        <time>2022-08-18T07:25:20Z</time>
                                                <extensions>
                            <sog>6.3</sog>
<cog>181.4</cog>
                        </extensions>
                    </trkpt>
                    <trkpt lat="54.346106666666664" lon="10.163929999999999">
                        <ele>0</ele>
                        <time>2022-08-18T07:25:31Z</time>
                                                <extensions>
                            <sog>6.2</sog>
<cog>181.6</cog>
                        </extensions>
                    </trkpt>
                    <trkpt lat="54.34584666666667" lon="10.163915">
                        <ele>0</ele>
                        <time>2022-08-18T07:25:40Z</time>
                                                <extensions>
                            <sog>6.2</sog>
<cog>181.7</cog>
                        </extensions>
                    </trkpt>
                    <trkpt lat="54.34556166666667" lon="10.1639">
                        <ele>0</ele>
                        <time>2022-08-18T07:25:50Z</time>
                                                <extensions>
                            <sog>6.1</sog>
<cog>181.8</cog>
                        </extensions>
                    </trkpt>
                    <trkpt lat="54.34525" lon="10.163881666666667">
                        <ele>0</ele>
                        <time>2022-08-18T07:26:01Z</time>
                                                <extensions>
                            <sog>6.1</sog>
<cog>182.1</cog>
                        </extensions>
                    </trkpt>
                    <trkpt lat="54.344968333333334" lon="10.163861666666666">
                        <ele>0</ele>
                        <time>2022-08-18T07:26:11Z</time>
                                                <extensions>
                            <sog>6.0</sog>
<cog>182.3</cog>
                        </extensions>
                    </trkpt>
                    <trkpt lat="54.34469" lon="10.163841666666666">
                        <ele>0</ele>
                        <time>2022-08-18T07:26:20Z</time>
                                                <extensions>
                            <sog>6.0</sog>
<cog>182.5</cog>
                        </extensions>
                    </trkpt>
                    <trkpt lat="54.344413333333335" lon="10.163821666666667">
                        <ele>0</ele>
                        <time>2022-08-18T07:26:31Z</time>
                                                <extensions>
                            <sog>6.0</sog>
<cog>182.3</cog>
                        </extensions>
                    </trkpt>
                    <trkpt lat="54.344165" lon="10.163803333333334">
                        <ele>0</ele>
                        <time>2022-08-18T07:26:40Z</time>
                                                <extensions>
                            <sog>5.9</sog>
<cog>182.5</cog>
                        </extensions>
                    </trkpt>
                    <trkpt lat="54.34389" lon="10.163781666666667">
                        <ele>0</ele>
                        <time>2022-08-18T07:26:50Z</time>
                                                <extensions>
                            <sog>5.9</sog>
<cog>182.7</cog>
                        </extensions>
                    </trkpt>
                    <trkpt lat="54.34359" lon="10.163756666666666">
                        <ele>0</ele>
                        <time>2022-08-18T07:27:01Z</time>
                                                <extensions>
                            <sog>5.9</sog>
<cog>182.7</cog>
                        </extensions>
                    </trkpt>
                    <trkpt lat="54.34331833333333" lon="10.163736666666667">
                        <ele>0</ele>
                        <time>2022-08-18T07:27:11Z</time>
                                                <extensions>
                            <sog>5.8</sog>
<cog>182.5</cog>
                        </extensions>
                    </trkpt>
                    <trkpt lat="54.34304833333333" lon="10.163713333333334">
                        <ele>0</ele>
                        <time>2022-08-18T07:27:20Z</time>
                                                <extensions>
                            <sog>5.8</sog>
<cog>182.9</cog>
                        </extensions>
                    </trkpt>
                    <trkpt lat="54.34278" lon="10.163691666666667">
                        <ele>0</ele>
                        <time>2022-08-18T07:27:31Z</time>
                                                <extensions>
                            <sog>5.8</sog>
<cog>182.7</cog>
                        </extensions>
                    </trkpt>
                    <trkpt lat="54.34253833333333" lon="10.16367">
                        <ele>0</ele>
                        <time>2022-08-18T07:27:40Z</time>
                                                <extensions>
                            <sog>5.8</sog>
<cog>182.9</cog>
                        </extensions>
                    </trkpt>
                    <trkpt lat="54.34253833333333" lon="10.16367">
                        <ele>0</ele>
                        <time>2022-08-18T07:27:40Z</time>
                                                <extensions>
                            <sog>5.8</sog>
<cog>182.9</cog>
                        </extensions>
                    </trkpt>
                    <trkpt lat="54.34227166666667" lon="10.163648333333333">
                        <ele>0</ele>
                        <time>2022-08-18T07:27:50Z</time>
                                                <extensions>
                            <sog>5.7</sog>
<cog>182.7</cog>
                        </extensions>
                    </trkpt>
                    <trkpt lat="54.34198" lon="10.16362">
                        <ele>0</ele>
                        <time>2022-08-18T07:28:01Z</time>
                                                <extensions>
                            <sog>5.7</sog>
<cog>183.5</cog>
                        </extensions>
                    </trkpt>
                    <trkpt lat="54.341715" lon="10.16359">
                        <ele>0</ele>
                        <time>2022-08-18T07:28:11Z</time>
                                                <extensions>
                            <sog>5.7</sog>
<cog>183.8</cog>
                        </extensions>
                    </trkpt>
                    <trkpt lat="54.341451666666664" lon="10.163553333333335">
                        <ele>0</ele>
                        <time>2022-08-18T07:28:20Z</time>
                                                <extensions>
                            <sog>5.7</sog>
<cog>184.7</cog>
                        </extensions>
                    </trkpt>
                    <trkpt lat="54.34119166666667" lon="10.163514999999999">
                        <ele>0</ele>
                        <time>2022-08-18T07:28:31Z</time>
                                                <extensions>
                            <sog>5.6</sog>
<cog>184.9</cog>
                        </extensions>
                    </trkpt>
                    <trkpt lat="54.340955" lon="10.163476666666666">
                        <ele>0</ele>
                        <time>2022-08-18T07:28:40Z</time>
                                                <extensions>
                            <sog>5.6</sog>
<cog>185.5</cog>
                        </extensions>
                    </trkpt>
                    <trkpt lat="54.340695" lon="10.163431666666666">
                        <ele>0</ele>
                        <time>2022-08-18T07:28:50Z</time>
                                                <extensions>
                            <sog>5.6</sog>
<cog>185.7</cog>
                        </extensions>
                    </trkpt>
                    <trkpt lat="54.340408333333336" lon="10.163378333333332">
                        <ele>0</ele>
                        <time>2022-08-18T07:29:01Z</time>
                                                <extensions>
                            <sog>5.6</sog>
<cog>186.4</cog>
                        </extensions>
                    </trkpt>
                    <trkpt lat="54.34014833333333" lon="10.163326666666668">
                        <ele>0</ele>
                        <time>2022-08-18T07:29:11Z</time>
                                                <extensions>
                            <sog>5.6</sog>
<cog>186.6</cog>
                        </extensions>
                    </trkpt>
                    <trkpt lat="54.33989" lon="10.16327">
                        <ele>0</ele>
                        <time>2022-08-18T07:29:20Z</time>
                                                <extensions>
                            <sog>5.6</sog>
<cog>187.3</cog>
                        </extensions>
                    </trkpt>
                    <trkpt lat="54.33963333333334" lon="10.16321">
                        <ele>0</ele>
                        <time>2022-08-18T07:29:31Z</time>
                                                <extensions>
                            <sog>5.6</sog>
<cog>187.9</cog>
                        </extensions>
                    </trkpt>
                    <trkpt lat="54.339376666666666" lon="10.163141666666666">
                        <ele>0</ele>
                        <time>2022-08-18T07:29:41Z</time>
                                                <extensions>
                            <sog>5.6</sog>
<cog>189.1</cog>
                        </extensions>
                    </trkpt>
                    <trkpt lat="54.339148333333334" lon="10.163073333333333">
                        <ele>0</ele>
                        <time>2022-08-18T07:29:50Z</time>
                                                <extensions>
                            <sog>5.5</sog>
<cog>190.0</cog>
                        </extensions>
                    </trkpt>
                    <trkpt lat="54.33887166666667" lon="10.162978333333333">
                        <ele>0</ele>
                        <time>2022-08-18T07:30:01Z</time>
                                                <extensions>
                            <sog>5.5</sog>
<cog>191.8</cog>
                        </extensions>
                    </trkpt>
                    <trkpt lat="54.33862166666667" lon="10.16288">
                        <ele>0</ele>
                        <time>2022-08-18T07:30:11Z</time>
                                                <extensions>
                            <sog>5.5</sog>
<cog>193.4</cog>
                        </extensions>
                    </trkpt>
                    <trkpt lat="54.338375" lon="10.162765">
                        <ele>0</ele>
                        <time>2022-08-18T07:30:20Z</time>
                                                <extensions>
                            <sog>5.5</sog>
<cog>195.5</cog>
                        </extensions>
                    </trkpt>
                    <trkpt lat="54.33813166666666" lon="10.162641666666667">
                        <ele>0</ele>
                        <time>2022-08-18T07:30:31Z</time>
                                                <extensions>
                            <sog>5.4</sog>
<cog>196.9</cog>
                        </extensions>
                    </trkpt>
                    <trkpt lat="54.337891666666664" lon="10.162505000000001">
                        <ele>0</ele>
                        <time>2022-08-18T07:30:41Z</time>
                                                <extensions>
                            <sog>5.4</sog>
<cog>198.6</cog>
                        </extensions>
                    </trkpt>
                    <trkpt lat="54.337655000000005" lon="10.16236">
                        <ele>0</ele>
                        <time>2022-08-18T07:30:51Z</time>
                                                <extensions>
                            <sog>5.4</sog>
<cog>199.8</cog>
                        </extensions>
                    </trkpt>
                    <trkpt lat="54.337445" lon="10.16222">
                        <ele>0</ele>
                        <time>2022-08-18T07:31:00Z</time>
                                                <extensions>
                            <sog>5.4</sog>
<cog>201.3</cog>
                        </extensions>
                    </trkpt>
                    <trkpt lat="54.33719" lon="10.162043333333335">
                        <ele>0</ele>
                        <time>2022-08-18T07:31:11Z</time>
                                                <extensions>
                            <sog>5.4</sog>
<cog>202.5</cog>
                        </extensions>
                    </trkpt>
                    <trkpt lat="54.33696166666667" lon="10.161868333333333">
                        <ele>0</ele>
                        <time>2022-08-18T07:31:20Z</time>
                                                <extensions>
                            <sog>5.4</sog>
<cog>204.5</cog>
                        </extensions>
                    </trkpt>
                    <trkpt lat="54.33673666666667" lon="10.161685">
                        <ele>0</ele>
                        <time>2022-08-18T07:31:31Z</time>
                                                <extensions>
                            <sog>5.4</sog>
<cog>205.7</cog>
                        </extensions>
                    </trkpt>
                    <trkpt lat="54.336515" lon="10.161489999999999">
                        <ele>0</ele>
                        <time>2022-08-18T07:31:41Z</time>
                                                <extensions>
                            <sog>5.3</sog>
<cog>207.5</cog>
                        </extensions>
                    </trkpt>
                    <trkpt lat="54.33629666666666" lon="10.161285">
                        <ele>0</ele>
                        <time>2022-08-18T07:31:51Z</time>
                                                <extensions>
                            <sog>5.3</sog>
<cog>208.9</cog>
                        </extensions>
                    </trkpt>
                    <trkpt lat="54.336103333333334" lon="10.161093333333334">
                        <ele>0</ele>
                        <time>2022-08-18T07:32:00Z</time>
                                                <extensions>
                            <sog>5.3</sog>
<cog>210.5</cog>
                        </extensions>
                    </trkpt>
                    <trkpt lat="54.33587" lon="10.160848333333332">
                        <ele>0</ele>
                        <time>2022-08-18T07:32:11Z</time>
                                                <extensions>
                            <sog>5.3</sog>
<cog>211.9</cog>
                        </extensions>
                    </trkpt>
                    <trkpt lat="54.33566333333333" lon="10.160616666666666">
                        <ele>0</ele>
                        <time>2022-08-18T07:32:20Z</time>
                                                <extensions>
                            <sog>5.3</sog>
<cog>213.1</cog>
                        </extensions>
                    </trkpt>
                    <trkpt lat="54.335476666666665" lon="10.160403333333333">
                        <ele>0</ele>
                        <time>2022-08-18T07:32:30Z</time>
                                                <extensions>
                            <sog>5.3</sog>
<cog>213.6</cog>
                        </extensions>
                    </trkpt>
                    <trkpt lat="54.33524833333333" lon="10.160143333333334">
                        <ele>0</ele>
                        <time>2022-08-18T07:32:41Z</time>
                                                <extensions>
                            <sog>5.4</sog>
<cog>213.6</cog>
                        </extensions>
                    </trkpt>
                    <trkpt lat="54.335040000000006" lon="10.159905">
                        <ele>0</ele>
                        <time>2022-08-18T07:32:51Z</time>
                                                <extensions>
                            <sog>5.4</sog>
<cog>213.9</cog>
                        </extensions>
                    </trkpt>
                    <trkpt lat="54.334855" lon="10.159688333333333">
                        <ele>0</ele>
                        <time>2022-08-18T07:33:00Z</time>
                                                <extensions>
                            <sog>5.4</sog>
<cog>214.2</cog>
                        </extensions>
                    </trkpt>
                    <trkpt lat="54.33462833333333" lon="10.159418333333333">
                        <ele>0</ele>
                        <time>2022-08-18T07:33:11Z</time>
                                                <extensions>
                            <sog>5.4</sog>
<cog>215.1</cog>
                        </extensions>
                    </trkpt>
                    <trkpt lat="54.334425" lon="10.159166666666666">
                        <ele>0</ele>
                        <time>2022-08-18T07:33:20Z</time>
                                                <extensions>
                            <sog>5.4</sog>
<cog>216.1</cog>
                        </extensions>
                    </trkpt>
                    <trkpt lat="54.334425" lon="10.159166666666666">
                        <ele>0</ele>
                        <time>2022-08-18T07:33:20Z</time>
                                                <extensions>
                            <sog>5.4</sog>
<cog>216.1</cog>
                        </extensions>
                    </trkpt>
                    <trkpt lat="54.33424333333333" lon="10.158938333333333">
                        <ele>0</ele>
                        <time>2022-08-18T07:33:30Z</time>
                                                <extensions>
                            <sog>5.4</sog>
<cog>216.3</cog>
                        </extensions>
                    </trkpt>
                    <trkpt lat="54.334021666666665" lon="10.158655000000001">
                        <ele>0</ele>
                        <time>2022-08-18T07:33:41Z</time>
                                                <extensions>
                            <sog>5.4</sog>
<cog>216.7</cog>
                        </extensions>
                    </trkpt>
                    <trkpt lat="54.334021666666665" lon="10.158655000000001">
                        <ele>0</ele>
                        <time>2022-08-18T07:33:41Z</time>
                                                <extensions>
                            <sog>5.4</sog>
<cog>216.7</cog>
                        </extensions>
                    </trkpt>
                    <trkpt lat="54.333819999999996" lon="10.158395">
                        <ele>0</ele>
                        <time>2022-08-18T07:33:51Z</time>
                                                <extensions>
                            <sog>5.4</sog>
<cog>216.7</cog>
                        </extensions>
                    </trkpt>
                    <trkpt lat="54.33363666666666" lon="10.15816">
                        <ele>0</ele>
                        <time>2022-08-18T07:34:00Z</time>
                                                <extensions>
                            <sog>5.4</sog>
<cog>217.0</cog>
                        </extensions>
                    </trkpt>
                    <trkpt lat="54.33363666666666" lon="10.15816">
                        <ele>0</ele>
                        <time>2022-08-18T07:34:00Z</time>
                                                <extensions>
                            <sog>5.4</sog>
<cog>217.0</cog>
                        </extensions>
                    </trkpt>
                    <trkpt lat="54.333414999999995" lon="10.157871666666667">
                        <ele>0</ele>
                        <time>2022-08-18T07:34:11Z</time>
                                                <extensions>
                            <sog>5.4</sog>
<cog>217.3</cog>
                        </extensions>
                    </trkpt>
                    <trkpt lat="54.333234999999995" lon="10.157631666666667">
                        <ele>0</ele>
                        <time>2022-08-18T07:34:20Z</time>
                                                <extensions>
                            <sog>5.4</sog>
<cog>217.9</cog>
                        </extensions>
                    </trkpt>
                    <trkpt lat="54.333035" lon="10.157363333333333">
                        <ele>0</ele>
                        <time>2022-08-18T07:34:30Z</time>
                                                <extensions>
                            <sog>5.4</sog>
<cog>218.2</cog>
                        </extensions>
                    </trkpt>
                    <trkpt lat="54.332816666666666" lon="10.157065">
                        <ele>0</ele>
                        <time>2022-08-18T07:34:41Z</time>
                                                <extensions>
                            <sog>5.4</sog>
<cog>218.5</cog>
                        </extensions>
                    </trkpt>
                    <trkpt lat="54.332618333333336" lon="10.156796666666667">
                        <ele>0</ele>
                        <time>2022-08-18T07:34:51Z</time>
                                                <extensions>
                            <sog>5.5</sog>
<cog>218.2</cog>
                        </extensions>
                    </trkpt>
                    <trkpt lat="54.332438333333336" lon="10.156553333333333">
                        <ele>0</ele>
                        <time>2022-08-18T07:35:00Z</time>
                                                <extensions>
                            <sog>5.5</sog>
<cog>218.1</cog>
                        </extensions>
                    </trkpt>
                    <trkpt lat="54.33221833333334" lon="10.15626">
                        <ele>0</ele>
                        <time>2022-08-18T07:35:11Z</time>
                                                <extensions>
                            <sog>5.5</sog>
<cog>217.9</cog>
                        </extensions>
                    </trkpt>
                    <trkpt lat="54.33203833333334" lon="10.156015">
                        <ele>0</ele>
                        <time>2022-08-18T07:35:20Z</time>
                                                <extensions>
                            <sog>5.5</sog>
<cog>218.7</cog>
                        </extensions>
                    </trkpt>
                    <trkpt lat="54.33184000000001" lon="10.155745">
                        <ele>0</ele>
                        <time>2022-08-18T07:35:30Z</time>
                                                <extensions>
                            <sog>5.4</sog>
<cog>218.5</cog>
                        </extensions>
                    </trkpt>
                    <trkpt lat="54.33162333333333" lon="10.155444999999999">
                        <ele>0</ele>
                        <time>2022-08-18T07:35:41Z</time>
                                                <extensions>
                            <sog>5.5</sog>
<cog>218.8</cog>
                        </extensions>
                    </trkpt>
                    <trkpt lat="54.331424999999996" lon="10.155175000000002">
                        <ele>0</ele>
                        <time>2022-08-18T07:35:51Z</time>
                                                <extensions>
                            <sog>5.4</sog>
<cog>218.4</cog>
                        </extensions>
                    </trkpt>
                    <trkpt lat="54.331246666666665" lon="10.15493">
                        <ele>0</ele>
                        <time>2022-08-18T07:36:00Z</time>
                                                <extensions>
                            <sog>5.4</sog>
<cog>218.9</cog>
                        </extensions>
                    </trkpt>
                    <trkpt lat="54.331048333333335" lon="10.154658333333334">
                        <ele>0</ele>
                        <time>2022-08-18T07:36:10Z</time>
                                                <extensions>
                            <sog>5.4</sog>
<cog>218.4</cog>
                        </extensions>
                    </trkpt>
                    <trkpt lat="54.33085166666667" lon="10.154386666666666">
                        <ele>0</ele>
                        <time>2022-08-18T07:36:20Z</time>
                                                <extensions>
                            <sog>5.4</sog>
<cog>218.9</cog>
                        </extensions>
                    </trkpt>
                    <trkpt lat="54.33065333333333" lon="10.154118333333335">
                        <ele>0</ele>
                        <time>2022-08-18T07:36:30Z</time>
                                                <extensions>
                            <sog>5.4</sog>
<cog>218.1</cog>
                        </extensions>
                    </trkpt>
                    <trkpt lat="54.33043333333333" lon="10.153821666666666">
                        <ele>0</ele>
                        <time>2022-08-18T07:36:41Z</time>
                                                <extensions>
                            <sog>5.5</sog>
<cog>218.3</cog>
                        </extensions>
                    </trkpt>
                    <trkpt lat="54.33023333333333" lon="10.153555">
                        <ele>0</ele>
                        <time>2022-08-18T07:36:51Z</time>
                                                <extensions>
                            <sog>5.4</sog>
<cog>217.5</cog>
                        </extensions>
                    </trkpt>
                    <trkpt lat="54.33005166666667" lon="10.153315">
                        <ele>0</ele>
                        <time>2022-08-18T07:37:00Z</time>
                                                <extensions>
                            <sog>5.4</sog>
<cog>218.0</cog>
                        </extensions>
                    </trkpt>
                    <trkpt lat="54.32985" lon="10.153051666666666">
                        <ele>0</ele>
                        <time>2022-08-18T07:37:10Z</time>
                                                <extensions>
                            <sog>5.4</sog>
<cog>217.1</cog>
                        </extensions>
                    </trkpt>
                    <trkpt lat="54.329645" lon="10.152793333333333">
                        <ele>0</ele>
                        <time>2022-08-18T07:37:20Z</time>
                                                <extensions>
                            <sog>5.5</sog>
<cog>215.8</cog>
                        </extensions>
                    </trkpt>
                    <trkpt lat="54.32942666666667" lon="10.152563333333335">
                        <ele>0</ele>
                        <time>2022-08-18T07:37:30Z</time>
                                                <extensions>
                            <sog>5.5</sog>
<cog>210.5</cog>
                        </extensions>
                    </trkpt>
                    <trkpt lat="54.329213333333335" lon="10.152393333333332">
                        <ele>0</ele>
                        <time>2022-08-18T07:37:39Z</time>
                                                <extensions>
                            <sog>5.6</sog>
<cog>203.4</cog>
                        </extensions>
                    </trkpt>
                    <trkpt lat="54.329163333333334" lon="10.152363333333334">
                        <ele>0</ele>
                        <time>2022-08-18T07:37:41Z</time>
                                                <extensions>
                            <sog>5.7</sog>
<cog>201.2</cog>
                        </extensions>
                    </trkpt>
                    <trkpt lat="54.32908666666666" lon="10.152325">
                        <ele>0</ele>
                        <time>2022-08-18T07:37:44Z</time>
                                                <extensions>
                            <sog>5.7</sog>
<cog>197.9</cog>
                        </extensions>
                    </trkpt>
                    <trkpt lat="54.328981666666664" lon="10.152285000000001">
                        <ele>0</ele>
                        <time>2022-08-18T07:37:47Z</time>
                                                <extensions>
                            <sog>5.7</sog>
<cog>193.4</cog>
                        </extensions>
                    </trkpt>
                    <trkpt lat="54.32890333333333" lon="10.152265">
                        <ele>0</ele>
                        <time>2022-08-18T07:37:51Z</time>
                                                <extensions>
                            <sog>5.7</sog>
<cog>190.2</cog>
                        </extensions>
                    </trkpt>
                    <trkpt lat="54.328743333333335" lon="10.152248333333334">
                        <ele>0</ele>
                        <time>2022-08-18T07:37:57Z</time>
                                                <extensions>
                            <sog>5.7</sog>
<cog>183.5</cog>
                        </extensions>
                    </trkpt>
                    <trkpt lat="54.32866333333333" lon="10.152251666666666">
                        <ele>0</ele>
                        <time>2022-08-18T07:38:00Z</time>
                                                <extensions>
                            <sog>5.7</sog>
<cog>180.1</cog>
                        </extensions>
                    </trkpt>
                    <trkpt lat="54.32856" lon="10.152268333333334">
                        <ele>0</ele>
                        <time>2022-08-18T07:38:04Z</time>
                                                <extensions>
                            <sog>5.6</sog>
<cog>175.5</cog>
                        </extensions>
                    </trkpt>
                    <trkpt lat="54.32848333333333" lon="10.152289999999999">
                        <ele>0</ele>
                        <time>2022-08-18T07:38:07Z</time>
                                                <extensions>
                            <sog>5.6</sog>
<cog>172.1</cog>
                        </extensions>
                    </trkpt>
                    <trkpt lat="54.32840833333333" lon="10.15232">
                        <ele>0</ele>
                        <time>2022-08-18T07:38:10Z</time>
                                                <extensions>
                            <sog>5.5</sog>
<cog>168.8</cog>
                        </extensions>
                    </trkpt>
                    <trkpt lat="54.328311666666664" lon="10.152368333333333">
                        <ele>0</ele>
                        <time>2022-08-18T07:38:13Z</time>
                                                <extensions>
                            <sog>5.4</sog>
<cog>164.5</cog>
                        </extensions>
                    </trkpt>
                    <trkpt lat="54.32824166666667" lon="10.152413333333334">
                        <ele>0</ele>
                        <time>2022-08-18T07:38:17Z</time>
                                                <extensions>
                            <sog>5.4</sog>
<cog>161.2</cog>
                        </extensions>
                    </trkpt>
                    <trkpt lat="54.32817333333333" lon="10.152465000000001">
                        <ele>0</ele>
                        <time>2022-08-18T07:38:20Z</time>
                                                <extensions>
                            <sog>5.3</sog>
<cog>157.7</cog>
                        </extensions>
                    </trkpt>
                    <trkpt lat="54.32808833333333" lon="10.152541666666668">
                        <ele>0</ele>
                        <time>2022-08-18T07:38:24Z</time>
                                                <extensions>
                            <sog>5.2</sog>
<cog>153.0</cog>
                        </extensions>
                    </trkpt>
                    <trkpt lat="54.328028333333336" lon="10.152606666666665">
                        <ele>0</ele>
                        <time>2022-08-18T07:38:27Z</time>
                                                <extensions>
                            <sog>5.1</sog>
<cog>149.5</cog>
                        </extensions>
                    </trkpt>
                    <trkpt lat="54.32797166666667" lon="10.152676666666668">
                        <ele>0</ele>
                        <time>2022-08-18T07:38:30Z</time>
                                                <extensions>
                            <sog>5.0</sog>
<cog>146.0</cog>
                        </extensions>
                    </trkpt>
                    <trkpt lat="54.32790166666667" lon="10.152776666666666">
                        <ele>0</ele>
                        <time>2022-08-18T07:38:34Z</time>
                                                <extensions>
                            <sog>4.9</sog>
<cog>141.5</cog>
                        </extensions>
                    </trkpt>
                    <trkpt lat="54.32783666666667" lon="10.152883333333333">
                        <ele>0</ele>
                        <time>2022-08-18T07:38:37Z</time>
                                                <extensions>
                            <sog>4.8</sog>
<cog>136.9</cog>
                        </extensions>
                    </trkpt>
                    <trkpt lat="54.32779333333334" lon="10.15297">
                        <ele>0</ele>
                        <time>2022-08-18T07:38:41Z</time>
                                                <extensions>
                            <sog>4.8</sog>
<cog>133.2</cog>
                        </extensions>
                    </trkpt>
                    <trkpt lat="54.32775166666667" lon="10.153058333333332">
                        <ele>0</ele>
                        <time>2022-08-18T07:38:43Z</time>
                                                <extensions>
                            <sog>4.7</sog>
<cog>129.4</cog>
                        </extensions>
                    </trkpt>
                    <trkpt lat="54.32771666666667" lon="10.153151666666668">
                        <ele>0</ele>
                        <time>2022-08-18T07:38:47Z</time>
                                                <extensions>
                            <sog>4.7</sog>
<cog>125.7</cog>
                        </extensions>
                    </trkpt>
                    <trkpt lat="54.32767333333334" lon="10.153276666666667">
                        <ele>0</ele>
                        <time>2022-08-18T07:38:51Z</time>
                                                <extensions>
                            <sog>4.6</sog>
<cog>121.3</cog>
                        </extensions>
                    </trkpt>
                    <trkpt lat="54.327645" lon="10.153373333333333">
                        <ele>0</ele>
                        <time>2022-08-18T07:38:53Z</time>
                                                <extensions>
                            <sog>4.5</sog>
<cog>118.1</cog>
                        </extensions>
                    </trkpt>
                    <trkpt lat="54.32762" lon="10.15347">
                        <ele>0</ele>
                        <time>2022-08-18T07:38:57Z</time>
                                                <extensions>
                            <sog>4.4</sog>
<cog>114.8</cog>
                        </extensions>
                    </trkpt>
                    <trkpt lat="54.3276" lon="10.153568333333334">
                        <ele>0</ele>
                        <time>2022-08-18T07:39:00Z</time>
                                                <extensions>
                            <sog>4.4</sog>
<cog>111.1</cog>
                        </extensions>
                    </trkpt>
                    <trkpt lat="54.32758166666667" lon="10.153699999999999">
                        <ele>0</ele>
                        <time>2022-08-18T07:39:04Z</time>
                                                <extensions>
                            <sog>4.3</sog>
<cog>105.7</cog>
                        </extensions>
                    </trkpt>
                    <trkpt lat="54.32757166666667" lon="10.153796666666667">
                        <ele>0</ele>
                        <time>2022-08-18T07:39:07Z</time>
                                                <extensions>
                            <sog>4.2</sog>
<cog>101.7</cog>
                        </extensions>
                    </trkpt>
                    <trkpt lat="54.327565" lon="10.153893333333334">
                        <ele>0</ele>
                        <time>2022-08-18T07:39:10Z</time>
                                                <extensions>
                            <sog>4.1</sog>
<cog>97.7</cog>
                        </extensions>
                    </trkpt>
                    <trkpt lat="54.32756333333334" lon="10.154018333333333">
                        <ele>0</ele>
                        <time>2022-08-18T07:39:14Z</time>
                                                <extensions>
                            <sog>3.9</sog>
<cog>92.4</cog>
                        </extensions>
                    </trkpt>
                    <trkpt lat="54.32756833333334" lon="10.15411">
                        <ele>0</ele>
                        <time>2022-08-18T07:39:17Z</time>
                                                <extensions>
                            <sog>3.9</sog>
<cog>88.3</cog>
                        </extensions>
                    </trkpt>
                    <trkpt lat="54.327575" lon="10.154198333333333">
                        <ele>0</ele>
                        <time>2022-08-18T07:39:20Z</time>
                                                <extensions>
                            <sog>3.8</sog>
<cog>84.1</cog>
                        </extensions>
                    </trkpt>
                    <trkpt lat="54.32759166666666" lon="10.154313333333333">
                        <ele>0</ele>
                        <time>2022-08-18T07:39:23Z</time>
                                                <extensions>
                            <sog>3.7</sog>
<cog>78.1</cog>
                        </extensions>
                    </trkpt>
                    <trkpt lat="54.32760666666666" lon="10.154393333333333">
                        <ele>0</ele>
                        <time>2022-08-18T07:39:27Z</time>
                                                <extensions>
                            <sog>3.6</sog>
<cog>73.4</cog>
                        </extensions>
                    </trkpt>
                    <trkpt lat="54.32760666666666" lon="10.154393333333333">
                        <ele>0</ele>
                        <time>2022-08-18T07:39:27Z</time>
                                                <extensions>
                            <sog>3.6</sog>
<cog>73.4</cog>
                        </extensions>
                    </trkpt>
                    <trkpt lat="54.32762666666667" lon="10.154471666666666">
                        <ele>0</ele>
                        <time>2022-08-18T07:39:30Z</time>
                                                <extensions>
                            <sog>3.5</sog>
<cog>68.8</cog>
                        </extensions>
                    </trkpt>
                    <trkpt lat="54.32765833333334" lon="10.154568333333334">
                        <ele>0</ele>
                        <time>2022-08-18T07:39:34Z</time>
                                                <extensions>
                            <sog>3.5</sog>
<cog>62.9</cog>
                        </extensions>
                    </trkpt>
                    <trkpt lat="54.32768333333333" lon="10.154635">
                        <ele>0</ele>
                        <time>2022-08-18T07:39:37Z</time>
                                                <extensions>
                            <sog>3.4</sog>
<cog>58.7</cog>
                        </extensions>
                    </trkpt>
                    <trkpt lat="54.32772" lon="10.154713333333332">
                        <ele>0</ele>
                        <time>2022-08-18T07:39:41Z</time>
                                                <extensions>
                            <sog>3.2</sog>
<cog>53.5</cog>
                        </extensions>
                    </trkpt>
                    <trkpt lat="54.32774666666667" lon="10.154765">
                        <ele>0</ele>
                        <time>2022-08-18T07:39:44Z</time>
                                                <extensions>
                            <sog>3.0</sog>
<cog>49.6</cog>
                        </extensions>
                    </trkpt>
                    <trkpt lat="54.327774999999995" lon="10.15481">
                        <ele>0</ele>
                        <time>2022-08-18T07:39:47Z</time>
                                                <extensions>
                            <sog>2.8</sog>
<cog>45.0</cog>
                        </extensions>
                    </trkpt>
                    <trkpt lat="54.327815" lon="10.154860000000001">
                        <ele>0</ele>
                        <time>2022-08-18T07:39:51Z</time>
                                                <extensions>
                            <sog>2.6</sog>
<cog>38.0</cog>
                        </extensions>
                    </trkpt>
                    <trkpt lat="54.327843333333334" lon="10.154888333333334">
                        <ele>0</ele>
                        <time>2022-08-18T07:39:54Z</time>
                                                <extensions>
                            <sog>2.4</sog>
<cog>32.7</cog>
                        </extensions>
                    </trkpt>
                    <trkpt lat="54.32787166666667" lon="10.154911666666667">
                        <ele>0</ele>
                        <time>2022-08-18T07:39:57Z</time>
                                                <extensions>
                            <sog>2.3</sog>
<cog>27.6</cog>
                        </extensions>
                    </trkpt>
                    <trkpt lat="54.32789833333333" lon="10.154928333333334">
                        <ele>0</ele>
                        <time>2022-08-18T07:40:00Z</time>
                                                <extensions>
                            <sog>2.1</sog>
<cog>22.4</cog>
                        </extensions>
                    </trkpt>
                    <trkpt lat="54.327935000000004" lon="10.154943333333334">
                        <ele>0</ele>
                        <time>2022-08-18T07:40:04Z</time>
                                                <extensions>
                            <sog>2.0</sog>
<cog>15.3</cog>
                        </extensions>
                    </trkpt>
                    <trkpt lat="54.32796" lon="10.154948333333333">
                        <ele>0</ele>
                        <time>2022-08-18T07:40:07Z</time>
                                                <extensions>
                            <sog>1.9</sog>
<cog>9.7</cog>
                        </extensions>
                    </trkpt>
                    <trkpt lat="54.32799333333333" lon="10.154948333333333">
                        <ele>0</ele>
                        <time>2022-08-18T07:40:11Z</time>
                                                <extensions>
                            <sog>1.8</sog>
<cog>1.6</cog>
                        </extensions>
                    </trkpt>
                    <trkpt lat="54.32801833333333" lon="10.154941666666668">
                        <ele>0</ele>
                        <time>2022-08-18T07:40:14Z</time>
                                                <extensions>
                            <sog>1.8</sog>
<cog>355.4</cog>
                        </extensions>
                    </trkpt>
                    <trkpt lat="54.32801833333333" lon="10.154941666666668">
                        <ele>0</ele>
                        <time>2022-08-18T07:40:14Z</time>
                                                <extensions>
                            <sog>1.8</sog>
<cog>355.4</cog>
                        </extensions>
                    </trkpt>
                    <trkpt lat="54.32804333333333" lon="10.154931666666666">
                        <ele>0</ele>
                        <time>2022-08-18T07:40:17Z</time>
                                                <extensions>
                            <sog>1.8</sog>
<cog>349.3</cog>
                        </extensions>
                    </trkpt>
                    <trkpt lat="54.32806666666667" lon="10.154918333333335">
                        <ele>0</ele>
                        <time>2022-08-18T07:40:20Z</time>
                                                <extensions>
                            <sog>1.7</sog>
<cog>343.6</cog>
                        </extensions>
                    </trkpt>
                    <trkpt lat="54.328095" lon="10.154895">
                        <ele>0</ele>
                        <time>2022-08-18T07:40:23Z</time>
                                                <extensions>
                            <sog>1.7</sog>
<cog>336.6</cog>
                        </extensions>
                    </trkpt>
                    <trkpt lat="54.328115000000004" lon="10.154873333333335">
                        <ele>0</ele>
                        <time>2022-08-18T07:40:27Z</time>
                                                <extensions>
                            <sog>1.7</sog>
<cog>331.6</cog>
                        </extensions>
                    </trkpt>
                    <trkpt lat="54.328134999999996" lon="10.154850000000001">
                        <ele>0</ele>
                        <time>2022-08-18T07:40:30Z</time>
                                                <extensions>
                            <sog>1.6</sog>
<cog>326.4</cog>
                        </extensions>
                    </trkpt>
                    <trkpt lat="54.328155" lon="10.154816666666667">
                        <ele>0</ele>
                        <time>2022-08-18T07:40:33Z</time>
                                                <extensions>
                            <sog>1.5</sog>
<cog>318.9</cog>
                        </extensions>
                    </trkpt>
                    <trkpt lat="54.32816833333333" lon="10.154791666666666">
                        <ele>0</ele>
                        <time>2022-08-18T07:40:37Z</time>
                                                <extensions>
                            <sog>1.4</sog>
<cog>313.0</cog>
                        </extensions>
                    </trkpt>
                    <trkpt lat="54.328178333333334" lon="10.154766666666665">
                        <ele>0</ele>
                        <time>2022-08-18T07:40:40Z</time>
                                                <extensions>
                            <sog>1.3</sog>
<cog>306.3</cog>
                        </extensions>
                    </trkpt>
                    <trkpt lat="54.32818666666667" lon="10.154733333333333">
                        <ele>0</ele>
                        <time>2022-08-18T07:40:44Z</time>
                                                <extensions>
                            <sog>1.1</sog>
<cog>296.6</cog>
                        </extensions>
                    </trkpt>
                    <trkpt lat="54.32819166666666" lon="10.154706666666668">
                        <ele>0</ele>
                        <time>2022-08-18T07:40:47Z</time>
                                                <extensions>
                            <sog>1.1</sog>
<cog>290.3</cog>
                        </extensions>
                    </trkpt>
                    <trkpt lat="54.32819666666667" lon="10.154658333333334">
                        <ele>0</ele>
                        <time>2022-08-18T07:40:51Z</time>
                                                <extensions>
                            <sog>1.2</sog>
<cog>281.9</cog>
                        </extensions>
                    </trkpt>
                    <trkpt lat="54.32819833333333" lon="10.154638333333333">
                        <ele>0</ele>
                        <time>2022-08-18T07:40:54Z</time>
                                                <extensions>
                            <sog>1.2</sog>
<cog>278.3</cog>
                        </extensions>
                    </trkpt>
                    <trkpt lat="54.32819833333333" lon="10.154608333333334">
                        <ele>0</ele>
                        <time>2022-08-18T07:40:57Z</time>
                                                <extensions>
                            <sog>1.2</sog>
<cog>272.1</cog>
                        </extensions>
                    </trkpt>
                    <trkpt lat="54.328195" lon="10.154578333333335">
                        <ele>0</ele>
                        <time>2022-08-18T07:41:00Z</time>
                                                <extensions>
                            <sog>1.2</sog>
<cog>264.5</cog>
                        </extensions>
                    </trkpt>
                    <trkpt lat="54.32818833333333" lon="10.154541666666667">
                        <ele>0</ele>
                        <time>2022-08-18T07:41:04Z</time>
                                                <extensions>
                            <sog>1.2</sog>
<cog>253.8</cog>
                        </extensions>
                    </trkpt>
                    <trkpt lat="54.328179999999996" lon="10.154513333333334">
                        <ele>0</ele>
                        <time>2022-08-18T07:41:07Z</time>
                                                <extensions>
                            <sog>1.2</sog>
<cog>247.7</cog>
                        </extensions>
                    </trkpt>
                    <trkpt lat="54.32816666666667" lon="10.154475">
                        <ele>0</ele>
                        <time>2022-08-18T07:41:11Z</time>
                                                <extensions>
                            <sog>1.3</sog>
<cog>242.0</cog>
                        </extensions>
                    </trkpt>
                    <trkpt lat="54.32815666666667" lon="10.154446666666667">
                        <ele>0</ele>
                        <time>2022-08-18T07:41:14Z</time>
                                                <extensions>
                            <sog>1.4</sog>
<cog>237.8</cog>
                        </extensions>
                    </trkpt>
                    <trkpt lat="54.32814333333333" lon="10.154418333333332">
                        <ele>0</ele>
                        <time>2022-08-18T07:41:17Z</time>
                                                <extensions>
                            <sog>1.4</sog>
<cog>233.4</cog>
                        </extensions>
                    </trkpt>
                    <trkpt lat="54.32812833333333" lon="10.154391666666667">
                        <ele>0</ele>
                        <time>2022-08-18T07:41:20Z</time>
                                                <extensions>
                            <sog>1.5</sog>
<cog>228.4</cog>
                        </extensions>
                    </trkpt>
                    <trkpt lat="54.32808833333333" lon="10.154326666666666">
                        <ele>0</ele>
                        <time>2022-08-18T07:41:27Z</time>
                                                <extensions>
                            <sog>1.7</sog>
<cog>224.0</cog>
                        </extensions>
                    </trkpt>
                    <trkpt lat="54.328070000000004" lon="10.154295">
                        <ele>0</ele>
                        <time>2022-08-18T07:41:30Z</time>
                                                <extensions>
                            <sog>1.8</sog>
<cog>226.0</cog>
                        </extensions>
                    </trkpt>
                    <trkpt lat="54.32800666666667" lon="10.154176666666666">
                        <ele>0</ele>
                        <time>2022-08-18T07:41:40Z</time>
                                                <extensions>
                            <sog>2.0</sog>
<cog>225.4</cog>
                        </extensions>
                    </trkpt>
                    <trkpt lat="54.327909999999996" lon="10.15404">
                        <ele>0</ele>
                        <time>2022-08-18T07:41:51Z</time>
                                                <extensions>
                            <sog>2.3</sog>
<cog>219.5</cog>
                        </extensions>
                    </trkpt>
                    <trkpt lat="54.327835" lon="10.153941666666666">
                        <ele>0</ele>
                        <time>2022-08-18T07:42:00Z</time>
                                                <extensions>
                            <sog>2.5</sog>
<cog>217.2</cog>
                        </extensions>
                    </trkpt>
                    <trkpt lat="54.32771666666667" lon="10.153798333333333">
                        <ele>0</ele>
                        <time>2022-08-18T07:42:11Z</time>
                                                <extensions>
                            <sog>2.9</sog>
<cog>216.5</cog>
                        </extensions>
                    </trkpt>
                    <trkpt lat="54.327615" lon="10.153656666666667">
                        <ele>0</ele>
                        <time>2022-08-18T07:42:20Z</time>
                                                <extensions>
                            <sog>3.2</sog>
<cog>218.4</cog>
                        </extensions>
                    </trkpt>
                    <trkpt lat="54.327485" lon="10.153495">
                        <ele>0</ele>
                        <time>2022-08-18T07:42:30Z</time>
                                                <extensions>
                            <sog>3.5</sog>
<cog>216.3</cog>
                        </extensions>
                    </trkpt>
                    <trkpt lat="54.32734666666667" lon="10.153308333333333">
                        <ele>0</ele>
                        <time>2022-08-18T07:42:40Z</time>
                                                <extensions>
                            <sog>3.8</sog>
<cog>217.9</cog>
                        </extensions>
                    </trkpt>
                    <trkpt lat="54.32715833333334" lon="10.153076666666667">
                        <ele>0</ele>
                        <time>2022-08-18T07:42:51Z</time>
                                                <extensions>
                            <sog>4.2</sog>
<cog>216.1</cog>
                        </extensions>
                    </trkpt>
                    <trkpt lat="54.32702666666667" lon="10.152901666666667">
                        <ele>0</ele>
                        <time>2022-08-18T07:43:00Z</time>
                                                <extensions>
                            <sog>4.5</sog>
<cog>217.7</cog>
                        </extensions>
                    </trkpt>
                    <trkpt lat="54.32683333333333" lon="10.152653333333335">
                        <ele>0</ele>
                        <time>2022-08-18T07:43:11Z</time>
                                                <extensions>
                            <sog>4.8</sog>
<cog>216.6</cog>
                        </extensions>
                    </trkpt>
                    <trkpt lat="54.32666666666667" lon="10.152435">
                        <ele>0</ele>
                        <time>2022-08-18T07:43:20Z</time>
                                                <extensions>
                            <sog>5.0</sog>
<cog>217.7</cog>
                        </extensions>
                    </trkpt>
                    <trkpt lat="54.32647833333333" lon="10.152191666666665">
                        <ele>0</ele>
                        <time>2022-08-18T07:43:30Z</time>
                                                <extensions>
                            <sog>5.1</sog>
<cog>216.8</cog>
                        </extensions>
                    </trkpt>
                    <trkpt lat="54.32629" lon="10.151943333333332">
                        <ele>0</ele>
                        <time>2022-08-18T07:43:40Z</time>
                                                <extensions>
                            <sog>5.1</sog>
<cog>217.7</cog>
                        </extensions>
                    </trkpt>
                    <trkpt lat="54.326080000000005" lon="10.151675000000001">
                        <ele>0</ele>
                        <time>2022-08-18T07:43:51Z</time>
                                                <extensions>
                            <sog>5.1</sog>
<cog>216.5</cog>
                        </extensions>
                    </trkpt>
                    <trkpt lat="54.32590833333334" lon="10.151455">
                        <ele>0</ele>
                        <time>2022-08-18T07:44:00Z</time>
                                                <extensions>
                            <sog>5.1</sog>
<cog>216.8</cog>
                        </extensions>
                    </trkpt>
                    <trkpt lat="54.325696666666666" lon="10.151188333333332">
                        <ele>0</ele>
                        <time>2022-08-18T07:44:11Z</time>
                                                <extensions>
                            <sog>5.1</sog>
<cog>216.0</cog>
                        </extensions>
                    </trkpt>
                    <trkpt lat="54.32530833333333" lon="10.150703333333333">
                        <ele>0</ele>
                        <time>2022-08-18T07:44:31Z</time>
                                                <extensions>
                            <sog>5.2</sog>
<cog>216.5</cog>
                        </extensions>
                    </trkpt>
                    <trkpt lat="54.32513166666667" lon="10.15048">
                        <ele>0</ele>
                        <time>2022-08-18T07:44:40Z</time>
                                                <extensions>
                            <sog>5.2</sog>
<cog>216.2</cog>
                        </extensions>
                    </trkpt>
                    <trkpt lat="54.324915000000004" lon="10.150208333333333">
                        <ele>0</ele>
                        <time>2022-08-18T07:44:51Z</time>
                                                <extensions>
                            <sog>5.3</sog>
<cog>216.4</cog>
                        </extensions>
                    </trkpt>
                    <trkpt lat="54.32473666666667" lon="10.14998">
                        <ele>0</ele>
                        <time>2022-08-18T07:45:00Z</time>
                                                <extensions>
                            <sog>5.3</sog>
<cog>216.8</cog>
                        </extensions>
                    </trkpt>
                    <trkpt lat="54.32451833333334" lon="10.149698333333333">
                        <ele>0</ele>
                        <time>2022-08-18T07:45:11Z</time>
                                                <extensions>
                            <sog>5.4</sog>
<cog>216.7</cog>
                        </extensions>
                    </trkpt>
                    <trkpt lat="54.32434" lon="10.149466666666665">
                        <ele>0</ele>
                        <time>2022-08-18T07:45:20Z</time>
                                                <extensions>
                            <sog>5.3</sog>
<cog>217.7</cog>
                        </extensions>
                    </trkpt>
                    <trkpt lat="54.324128333333334" lon="10.149181666666667">
                        <ele>0</ele>
                        <time>2022-08-18T07:45:31Z</time>
                                                <extensions>
                            <sog>5.3</sog>
<cog>217.5</cog>
                        </extensions>
                    </trkpt>
                    <trkpt lat="54.32395333333333" lon="10.148951666666667">
                        <ele>0</ele>
                        <time>2022-08-18T07:45:40Z</time>
                                                <extensions>
                            <sog>5.2</sog>
<cog>217.8</cog>
                        </extensions>
                    </trkpt>
                    <trkpt lat="54.32395333333333" lon="10.148951666666667">
                        <ele>0</ele>
                        <time>2022-08-18T07:45:40Z</time>
                                                <extensions>
                            <sog>5.2</sog>
<cog>217.8</cog>
                        </extensions>
                    </trkpt>
                    <trkpt lat="54.323765" lon="10.148695">
                        <ele>0</ele>
                        <time>2022-08-18T07:45:50Z</time>
                                                <extensions>
                            <sog>5.2</sog>
<cog>218.5</cog>
                        </extensions>
                    </trkpt>
                    <trkpt lat="54.32357833333333" lon="10.148441666666667">
                        <ele>0</ele>
                        <time>2022-08-18T07:46:00Z</time>
                                                <extensions>
                            <sog>5.1</sog>
<cog>218.3</cog>
                        </extensions>
                    </trkpt>
                    <trkpt lat="54.323375000000006" lon="10.148163333333335">
                        <ele>0</ele>
                        <time>2022-08-18T07:46:11Z</time>
                                                <extensions>
                            <sog>5.1</sog>
<cog>218.4</cog>
                        </extensions>
                    </trkpt>
                    <trkpt lat="54.32321" lon="10.147938333333334">
                        <ele>0</ele>
                        <time>2022-08-18T07:46:20Z</time>
                                                <extensions>
                            <sog>5.0</sog>
<cog>218.6</cog>
                        </extensions>
                    </trkpt>
                    <trkpt lat="54.32301" lon="10.147663333333332">
                        <ele>0</ele>
                        <time>2022-08-18T07:46:31Z</time>
                                                <extensions>
                            <sog>5.0</sog>
<cog>218.6</cog>
                        </extensions>
                    </trkpt>
                    <trkpt lat="54.32284666666667" lon="10.14744">
                        <ele>0</ele>
                        <time>2022-08-18T07:46:40Z</time>
                                                <extensions>
                            <sog>5.0</sog>
<cog>218.9</cog>
                        </extensions>
                    </trkpt>
                    <trkpt lat="54.322665" lon="10.147191666666666">
                        <ele>0</ele>
                        <time>2022-08-18T07:46:50Z</time>
                                                <extensions>
                            <sog>5.0</sog>
<cog>218.6</cog>
                        </extensions>
                    </trkpt>
                    <trkpt lat="54.32248666666667" lon="10.146943333333333">
                        <ele>0</ele>
                        <time>2022-08-18T07:46:59Z</time>
                                                <extensions>
                            <sog>5.0</sog>
<cog>218.9</cog>
                        </extensions>
                    </trkpt>
                    <trkpt lat="54.32248666666667" lon="10.146943333333333">
                        <ele>0</ele>
                        <time>2022-08-18T07:46:59Z</time>
                                                <extensions>
                            <sog>5.0</sog>
<cog>218.9</cog>
                        </extensions>
                    </trkpt>
                    <trkpt lat="54.32230666666667" lon="10.146695">
                        <ele>0</ele>
                        <time>2022-08-18T07:47:10Z</time>
                                                <extensions>
                            <sog>4.9</sog>
<cog>218.7</cog>
                        </extensions>
                    </trkpt>
                    <trkpt lat="54.322109999999995" lon="10.146424999999999">
                        <ele>0</ele>
                        <time>2022-08-18T07:47:21Z</time>
                                                <extensions>
                            <sog>4.9</sog>
<cog>218.8</cog>
                        </extensions>
                    </trkpt>
                    <trkpt lat="54.32193333333333" lon="10.146181666666667">
                        <ele>0</ele>
                        <time>2022-08-18T07:47:31Z</time>
                                                <extensions>
                            <sog>4.8</sog>
<cog>218.6</cog>
                        </extensions>
                    </trkpt>
                    <trkpt lat="54.321775" lon="10.145973333333334">
                        <ele>0</ele>
                        <time>2022-08-18T07:47:40Z</time>
                                                <extensions>
                            <sog>4.7</sog>
<cog>217.5</cog>
                        </extensions>
                    </trkpt>
                    <trkpt lat="54.321603333333336" lon="10.14574">
                        <ele>0</ele>
                        <time>2022-08-18T07:47:50Z</time>
                                                <extensions>
                            <sog>4.7</sog>
<cog>218.7</cog>
                        </extensions>
                    </trkpt>
                    <trkpt lat="54.321434999999994" lon="10.145513333333334">
                        <ele>0</ele>
                        <time>2022-08-18T07:47:59Z</time>
                                                <extensions>
                            <sog>4.6</sog>
<cog>217.8</cog>
                        </extensions>
                    </trkpt>
                    <trkpt lat="54.32127" lon="10.145288333333333">
                        <ele>0</ele>
                        <time>2022-08-18T07:48:10Z</time>
                                                <extensions>
                            <sog>4.5</sog>
<cog>218.9</cog>
                        </extensions>
                    </trkpt>
                    <trkpt lat="54.321095" lon="10.145046666666667">
                        <ele>0</ele>
                        <time>2022-08-18T07:48:21Z</time>
                                                <extensions>
                            <sog>4.4</sog>
<cog>218.5</cog>
                        </extensions>
                    </trkpt>
                    <trkpt lat="54.32094166666666" lon="10.144833333333334">
                        <ele>0</ele>
                        <time>2022-08-18T07:48:31Z</time>
                                                <extensions>
                            <sog>4.2</sog>
<cog>219.5</cog>
                        </extensions>
                    </trkpt>
                    <trkpt lat="54.320813333333334" lon="10.144643333333333">
                        <ele>0</ele>
                        <time>2022-08-18T07:48:40Z</time>
                                                <extensions>
                            <sog>4.0</sog>
<cog>221.0</cog>
                        </extensions>
                    </trkpt>
                    <trkpt lat="54.32067833333333" lon="10.144445">
                        <ele>0</ele>
                        <time>2022-08-18T07:48:50Z</time>
                                                <extensions>
                            <sog>3.8</sog>
<cog>220.0</cog>
                        </extensions>
                    </trkpt>
                    <trkpt lat="54.320550000000004" lon="10.144261666666667">
                        <ele>0</ele>
                        <time>2022-08-18T07:48:59Z</time>
                                                <extensions>
                            <sog>3.5</sog>
<cog>220.0</cog>
                        </extensions>
                    </trkpt>
                    <trkpt lat="54.320431666666664" lon="10.144088333333334">
                        <ele>0</ele>
                        <time>2022-08-18T07:49:10Z</time>
                                                <extensions>
                            <sog>3.3</sog>
<cog>220.5</cog>
                        </extensions>
                    </trkpt>
                    <trkpt lat="54.32031166666666" lon="10.143911666666666">
                        <ele>0</ele>
                        <time>2022-08-18T07:49:21Z</time>
                                                <extensions>
                            <sog>3.0</sog>
<cog>220.8</cog>
                        </extensions>
                    </trkpt>
                    <trkpt lat="54.32020833333333" lon="10.143766666666666">
                        <ele>0</ele>
                        <time>2022-08-18T07:49:31Z</time>
                                                <extensions>
                            <sog>2.8</sog>
<cog>218.9</cog>
                        </extensions>
                    </trkpt>
                    <trkpt lat="54.320119999999996" lon="10.143645">
                        <ele>0</ele>
                        <time>2022-08-18T07:49:40Z</time>
                                                <extensions>
                            <sog>2.7</sog>
<cog>218.4</cog>
                        </extensions>
                    </trkpt>
                    <trkpt lat="54.32002333333333" lon="10.14351">
                        <ele>0</ele>
                        <time>2022-08-18T07:49:50Z</time>
                                                <extensions>
                            <sog>2.6</sog>
<cog>218.9</cog>
                        </extensions>
                    </trkpt>
                    <trkpt lat="54.31992666666667" lon="10.14338">
                        <ele>0</ele>
                        <time>2022-08-18T07:49:59Z</time>
                                                <extensions>
                            <sog>2.6</sog>
<cog>218.4</cog>
                        </extensions>
                    </trkpt>
                    <trkpt lat="54.319828333333334" lon="10.14325">
                        <ele>0</ele>
                        <time>2022-08-18T07:50:10Z</time>
                                                <extensions>
                            <sog>2.6</sog>
<cog>217.0</cog>
                        </extensions>
                    </trkpt>
                    <trkpt lat="54.319718333333334" lon="10.143120000000001">
                        <ele>0</ele>
                        <time>2022-08-18T07:50:21Z</time>
                                                <extensions>
                            <sog>2.6</sog>
<cog>215.3</cog>
                        </extensions>
                    </trkpt>
                    <trkpt lat="54.319624999999995" lon="10.142996666666667">
                        <ele>0</ele>
                        <time>2022-08-18T07:50:31Z</time>
                                                <extensions>
                            <sog>2.5</sog>
<cog>216.7</cog>
                        </extensions>
                    </trkpt>
                    <trkpt lat="54.319534999999995" lon="10.1429">
                        <ele>0</ele>
                        <time>2022-08-18T07:50:40Z</time>
                                                <extensions>
                            <sog>2.5</sog>
<cog>211.7</cog>
                        </extensions>
                    </trkpt>
                    <trkpt lat="54.31944" lon="10.142791666666666">
                        <ele>0</ele>
                        <time>2022-08-18T07:50:50Z</time>
                                                <extensions>
                            <sog>2.4</sog>
<cog>213.8</cog>
                        </extensions>
                    </trkpt>
                    <trkpt lat="54.319341666666666" lon="10.142693333333334">
                        <ele>0</ele>
                        <time>2022-08-18T07:50:59Z</time>
                                                <extensions>
                            <sog>2.4</sog>
<cog>210.4</cog>
                        </extensions>
                    </trkpt>
                    <trkpt lat="54.319253333333336" lon="10.142581666666667">
                        <ele>0</ele>
                        <time>2022-08-18T07:51:10Z</time>
                                                <extensions>
                            <sog>2.3</sog>
<cog>217.1</cog>
                        </extensions>
                    </trkpt>
                    <trkpt lat="54.319155" lon="10.142476666666665">
                        <ele>0</ele>
                        <time>2022-08-18T07:51:21Z</time>
                                                <extensions>
                            <sog>2.2</sog>
<cog>211.0</cog>
                        </extensions>
                    </trkpt>
                    <trkpt lat="54.31908166666666" lon="10.14239">
                        <ele>0</ele>
                        <time>2022-08-18T07:51:31Z</time>
                                                <extensions>
                            <sog>1.8</sog>
<cog>214.5</cog>
                        </extensions>
                    </trkpt>
                    <trkpt lat="54.31897" lon="10.142283333333333">
                        <ele>0</ele>
                        <time>2022-08-18T07:51:51Z</time>
                                                <extensions>
                            <sog>1.1</sog>
<cog>214.3</cog>
                        </extensions>
                    </trkpt>
                    <trkpt lat="54.31888666666667" lon="10.142203333333333">
                        <ele>0</ele>
                        <time>2022-08-18T07:52:10Z</time>
                                                <extensions>
                            <sog>1.0</sog>
<cog>210.4</cog>
                        </extensions>
                    </trkpt>
                    <trkpt lat="54.31885" lon="10.142159999999999">
                        <ele>0</ele>
                        <time>2022-08-18T07:52:20Z</time>
                                                <extensions>
                            <sog>0.9</sog>
<cog>215.0</cog>
                        </extensions>
                    </trkpt>
                    <trkpt lat="54.31881" lon="10.142111666666667">
                        <ele>0</ele>
                        <time>2022-08-18T07:52:31Z</time>
                                                <extensions>
                            <sog>0.9</sog>
<cog>218.0</cog>
                        </extensions>
                    </trkpt>
                    <trkpt lat="54.318738333333336" lon="10.142011666666667">
                        <ele>0</ele>
                        <time>2022-08-18T07:52:51Z</time>
                                                <extensions>
                            <sog>1.0</sog>
<cog>218.9</cog>
                        </extensions>
                    </trkpt>
                    <trkpt lat="54.31870833333333" lon="10.141966666666667">
                        <ele>0</ele>
                        <time>2022-08-18T07:53:00Z</time>
                                                <extensions>
                            <sog>0.9</sog>
<cog>220.5</cog>
                        </extensions>
                    </trkpt>
                    <trkpt lat="54.318675" lon="10.141921666666667">
                        <ele>0</ele>
                        <time>2022-08-18T07:53:10Z</time>
                                                <extensions>
                            <sog>0.8</sog>
<cog>218.6</cog>
                        </extensions>
                    </trkpt>
                    <trkpt lat="54.318648333333336" lon="10.141879999999999">
                        <ele>0</ele>
                        <time>2022-08-18T07:53:20Z</time>
                                                <extensions>
                            <sog>0.7</sog>
<cog>224.4</cog>
                        </extensions>
                    </trkpt>
                    <trkpt lat="54.31862666666667" lon="10.141846666666668">
                        <ele>0</ele>
                        <time>2022-08-18T07:53:31Z</time>
                                                <extensions>
                            <sog>0.5</sog>
<cog>221.4</cog>
                        </extensions>
                    </trkpt>
                    <trkpt lat="54.31861" lon="10.14182">
                        <ele>0</ele>
                        <time>2022-08-18T07:53:40Z</time>
                                                <extensions>
                            <sog>0.5</sog>
<cog>221.3</cog>
                        </extensions>
                    </trkpt>
                    <trkpt lat="54.31858833333333" lon="10.141791666666668">
                        <ele>0</ele>
                        <time>2022-08-18T07:53:51Z</time>
                                                <extensions>
                            <sog>0.5</sog>
<cog>215.7</cog>
                        </extensions>
                    </trkpt>
                    <trkpt lat="54.31856833333333" lon="10.141770000000001">
                        <ele>0</ele>
                        <time>2022-08-18T07:54:00Z</time>
                                                <extensions>
                            <sog>0.5</sog>
<cog>213.5</cog>
                        </extensions>
                    </trkpt>
                    <trkpt lat="54.318551666666664" lon="10.141741666666666">
                        <ele>0</ele>
                        <time>2022-08-18T07:54:10Z</time>
                                                <extensions>
                            <sog>0.5</sog>
<cog>225.3</cog>
                        </extensions>
                    </trkpt>
                    <trkpt lat="54.318513333333335" lon="10.141703333333334">
                        <ele>0</ele>
                        <time>2022-08-18T07:54:31Z</time>
                                                <extensions>
                            <sog>0.4</sog>
<cog>210.9</cog>
                        </extensions>
                    </trkpt>
                    <trkpt lat="54.3185" lon="10.141683333333333">
                        <ele>0</ele>
                        <time>2022-08-18T07:54:40Z</time>
                                                <extensions>
                            <sog>0.4</sog>
<cog>217.8</cog>
                        </extensions>
                    </trkpt>
                    <trkpt lat="54.31848166666667" lon="10.141658333333334">
                        <ele>0</ele>
                        <time>2022-08-18T07:54:51Z</time>
                                                <extensions>
                            <sog>0.4</sog>
<cog>221.8</cog>
                        </extensions>
                    </trkpt>
                    <trkpt lat="54.318463333333334" lon="10.141636666666667">
                        <ele>0</ele>
                        <time>2022-08-18T07:55:00Z</time>
                                                <extensions>
                            <sog>0.5</sog>
<cog>213.0</cog>
                        </extensions>
                    </trkpt>
                    <trkpt lat="54.31844" lon="10.141605">
                        <ele>0</ele>
                        <time>2022-08-18T07:55:10Z</time>
                                                <extensions>
                            <sog>0.6</sog>
<cog>223.2</cog>
                        </extensions>
                    </trkpt>
                    <trkpt lat="54.318419999999996" lon="10.141583333333333">
                        <ele>0</ele>
                        <time>2022-08-18T07:55:20Z</time>
                                                <extensions>
                            <sog>0.5</sog>
<cog>206.1</cog>
                        </extensions>
                    </trkpt>
                    <trkpt lat="54.318403333333336" lon="10.141565000000002">
                        <ele>0</ele>
                        <time>2022-08-18T07:55:31Z</time>
                                                <extensions>
                            <sog>0.3</sog>
<cog>223.4</cog>
                        </extensions>
                    </trkpt>
                    <trkpt lat="54.31839" lon="10.141546666666667">
                        <ele>0</ele>
                        <time>2022-08-18T07:55:40Z</time>
                                                <extensions>
                            <sog>0.4</sog>
<cog>208.0</cog>
                        </extensions>
                    </trkpt>
                    <trkpt lat="54.318369999999994" lon="10.14153">
                        <ele>0</ele>
                        <time>2022-08-18T07:55:51Z</time>
                                                <extensions>
                            <sog>0.4</sog>
<cog>223.0</cog>
                        </extensions>
                    </trkpt>
                    <trkpt lat="54.31836333333333" lon="10.141503333333333">
                        <ele>0</ele>
                        <time>2022-08-18T07:56:00Z</time>
                                                <extensions>
                            <sog>0.3</sog>
<cog>242.7</cog>
                        </extensions>
                    </trkpt>
                    <trkpt lat="54.318355" lon="10.141481666666666">
                        <ele>0</ele>
                        <time>2022-08-18T07:56:10Z</time>
                                                <extensions>
                            <sog>0.3</sog>
<cog>230.8</cog>
                        </extensions>
                    </trkpt>
                    <trkpt lat="54.31834333333334" lon="10.141468333333334">
                        <ele>0</ele>
                        <time>2022-08-18T07:56:20Z</time>
                                                <extensions>
                            <sog>0.3</sog>
<cog>203.9</cog>
                        </extensions>
                    </trkpt>
                    <trkpt lat="54.31832333333333" lon="10.141461666666666">
                        <ele>0</ele>
                        <time>2022-08-18T07:56:31Z</time>
                                                <extensions>
                            <sog>0.3</sog>
<cog>199.6</cog>
                        </extensions>
                    </trkpt>
                    <trkpt lat="54.318308333333334" lon="10.141426666666666">
                        <ele>0</ele>
                        <time>2022-08-18T07:56:51Z</time>
                                                <extensions>
                            <sog>0.2</sog>
<cog>215.5</cog>
                        </extensions>
                    </trkpt>
                    <trkpt lat="54.3183" lon="10.141426666666666">
                        <ele>0</ele>
                        <time>2022-08-18T07:57:01Z</time>
                                                <extensions>
                            <sog>0.1</sog>
<cog>178.5</cog>
                        </extensions>
                    </trkpt>
                    <trkpt lat="54.3183" lon="10.141423333333334">
                        <ele>0</ele>
                        <time>2022-08-18T07:57:10Z</time>
                                                <extensions>
                            <sog>0.0</sog>
<cog>271.0</cog>
                        </extensions>
                    </trkpt>
                    <trkpt lat="54.31829166666667" lon="10.141415">
                        <ele>0</ele>
                        <time>2022-08-18T07:57:31Z</time>
                                                <extensions>
                            <sog>0.1</sog>
<cog>199.5</cog>
                        </extensions>
                    </trkpt>
                    <trkpt lat="54.318290000000005" lon="10.141404999999999">
                        <ele>0</ele>
                        <time>2022-08-18T07:57:40Z</time>
                                                <extensions>
                            <sog>0.1</sog>
<cog>234.5</cog>
                        </extensions>
                    </trkpt>
                    <trkpt lat="54.318281666666664" lon="10.141396666666667">
                        <ele>0</ele>
                        <time>2022-08-18T07:57:51Z</time>
                                                <extensions>
                            <sog>0.1</sog>
<cog>210.6</cog>
                        </extensions>
                    </trkpt>
                    <trkpt lat="54.318275" lon="10.141388333333333">
                        <ele>0</ele>
                        <time>2022-08-18T07:58:01Z</time>
                                                <extensions>
                            <sog>0.1</sog>
<cog>222.0</cog>
                        </extensions>
                    </trkpt>
                    <trkpt lat="54.318268333333336" lon="10.141376666666668">
                        <ele>0</ele>
                        <time>2022-08-18T07:58:10Z</time>
                                                <extensions>
                            <sog>0.2</sog>
<cog>221.8</cog>
                        </extensions>
                    </trkpt>
                    <trkpt lat="54.318261666666665" lon="10.14137">
                        <ele>0</ele>
                        <time>2022-08-18T07:58:19Z</time>
                                                <extensions>
                            <sog>0.1</sog>
<cog>215.4</cog>
                        </extensions>
                    </trkpt>
                    <trkpt lat="54.31825666666667" lon="10.141365">
                        <ele>0</ele>
                        <time>2022-08-18T07:58:40Z</time>
                                                <extensions>
                            <sog>0.0</sog>
<cog>132.9</cog>
                        </extensions>
                    </trkpt>
                    <trkpt lat="54.31825833333333" lon="10.141365">
                        <ele>0</ele>
                        <time>2022-08-18T07:58:51Z</time>
                                                <extensions>
                            <sog>0.0</sog>
<cog>3.0</cog>
                        </extensions>
                    </trkpt>
                    <trkpt lat="54.31825833333333" lon="10.141366666666666">
                        <ele>0</ele>
                        <time>2022-08-18T07:59:01Z</time>
                                                <extensions>
                            <sog>0.0</sog>
<cog>70.3</cog>
                        </extensions>
                    </trkpt>
                    <trkpt lat="54.31825833333333" lon="10.141366666666666">
                        <ele>0</ele>
                        <time>2022-08-18T07:59:10Z</time>
                                                <extensions>
                            <sog>0.0</sog>
<cog>63.5</cog>
                        </extensions>
                    </trkpt>
                    <trkpt lat="54.31825666666667" lon="10.141365">
                        <ele>0</ele>
                        <time>2022-08-18T07:59:19Z</time>
                                                <extensions>
                            <sog>0.0</sog>
<cog>92.6</cog>
                        </extensions>
                    </trkpt>
                    <trkpt lat="54.31825666666667" lon="10.141366666666666">
                        <ele>0</ele>
                        <time>2022-08-18T07:59:40Z</time>
                                                <extensions>
                            <sog>0.0</sog>
<cog>87.7</cog>
                        </extensions>
                    </trkpt>
                    <trkpt lat="54.31825666666667" lon="10.141365">
                        <ele>0</ele>
                        <time>2022-08-18T07:59:49Z</time>
                                                <extensions>
                            <sog>0.0</sog>
<cog>93.5</cog>
                        </extensions>
                    </trkpt>
                    <trkpt lat="54.31825666666667" lon="10.141365">
                        <ele>0</ele>
                        <time>2022-08-18T08:00:01Z</time>
                                                <extensions>
                            <sog>0.0</sog>
<cog>233.5</cog>
                        </extensions>
                    </trkpt>
                    <trkpt lat="54.31825666666667" lon="10.141365">
                        <ele>0</ele>
                        <time>2022-08-18T08:00:10Z</time>
                                                <extensions>
                            <sog>0.0</sog>
<cog>247.2</cog>
                        </extensions>
                    </trkpt>
                    <trkpt lat="54.31825666666667" lon="10.141365">
                        <ele>0</ele>
                        <time>2022-08-18T08:00:10Z</time>
                                                <extensions>
                            <sog>0.0</sog>
<cog>247.2</cog>
                        </extensions>
                    </trkpt>
                    <trkpt lat="54.31825666666667" lon="10.141365">
                        <ele>0</ele>
                        <time>2022-08-18T08:00:19Z</time>
                                                <extensions>
                            <sog>0.0</sog>
<cog>277.4</cog>
                        </extensions>
                    </trkpt>
                    <trkpt lat="54.31825666666667" lon="10.141365">
                        <ele>0</ele>
                        <time>2022-08-18T08:00:20Z</time>
                                                <extensions>
                            <sog>0.0</sog>
<cog>277.4</cog>
                        </extensions>
                    </trkpt>
                    <trkpt lat="54.318255" lon="10.141363333333334">
                        <ele>0</ele>
                        <time>2022-08-18T08:00:40Z</time>
                                                <extensions>
                            <sog>0.0</sog>
<cog>201.3</cog>
                        </extensions>
                    </trkpt>
                    <trkpt lat="54.318255" lon="10.141363333333334">
                        <ele>0</ele>
                        <time>2022-08-18T08:00:40Z</time>
                                                <extensions>
                            <sog>0.0</sog>
<cog>201.3</cog>
                        </extensions>
                    </trkpt>
                    <trkpt lat="54.318255" lon="10.141363333333334">
                        <ele>0</ele>
                        <time>2022-08-18T08:00:49Z</time>
                                                <extensions>
                            <sog>0.0</sog>
<cog>230.9</cog>
                        </extensions>
                    </trkpt>
                    <trkpt lat="54.318255" lon="10.141363333333334">
                        <ele>0</ele>
                        <time>2022-08-18T08:00:49Z</time>
                                                <extensions>
                            <sog>0.0</sog>
<cog>230.9</cog>
                        </extensions>
                    </trkpt>
                    <trkpt lat="54.318255" lon="10.141363333333334">
                        <ele>0</ele>
                        <time>2022-08-18T08:01:10Z</time>
                                                <extensions>
                            <sog>0.0</sog>
<cog>261.3</cog>
                        </extensions>
                    </trkpt>
                    <trkpt lat="54.318255" lon="10.141363333333334">
                        <ele>0</ele>
                        <time>2022-08-18T08:01:19Z</time>
                                                <extensions>
                            <sog>0.0</sog>
<cog>195.2</cog>
                        </extensions>
                    </trkpt>
                    <trkpt lat="54.318255" lon="10.141363333333334">
                        <ele>0</ele>
                        <time>2022-08-18T08:01:40Z</time>
                                                <extensions>
                            <sog>0.0</sog>
<cog>257.8</cog>
                        </extensions>
                    </trkpt>
                    <trkpt lat="54.318255" lon="10.141363333333334">
                        <ele>0</ele>
                        <time>2022-08-18T08:01:49Z</time>
                                                <extensions>
                            <sog>0.0</sog>
<cog>214.8</cog>
                        </extensions>
                    </trkpt>
                    <trkpt lat="54.318255" lon="10.141363333333334">
                        <ele>0</ele>
                        <time>2022-08-18T08:02:00Z</time>
                                                <extensions>
                            <sog>0.0</sog>
<cog>212.3</cog>
                        </extensions>
                    </trkpt>
                    <trkpt lat="54.31825333333334" lon="10.141365">
                        <ele>0</ele>
                        <time>2022-08-18T08:02:10Z</time>
                                                <extensions>
                            <sog>0.0</sog>
<cog>147.5</cog>
                        </extensions>
                    </trkpt>
                    <trkpt lat="54.31825333333334" lon="10.141365">
                        <ele>0</ele>
                        <time>2022-08-18T08:02:19Z</time>
                                                <extensions>
                            <sog>0.0</sog>
<cog>212.7</cog>
                        </extensions>
                    </trkpt>
                    <trkpt lat="54.31825166666667" lon="10.141363333333334">
                        <ele>0</ele>
                        <time>2022-08-18T08:02:30Z</time>
                                                <extensions>
                            <sog>0.0</sog>
<cog>224.8</cog>
                        </extensions>
                    </trkpt>
                    <trkpt lat="54.31825166666667" lon="10.141363333333334">
                        <ele>0</ele>
                        <time>2022-08-18T08:02:40Z</time>
                                                <extensions>
                            <sog>0.0</sog>
<cog>224.7</cog>
                        </extensions>
                    </trkpt>
                    <trkpt lat="54.31825166666667" lon="10.141363333333334">
                        <ele>0</ele>
                        <time>2022-08-18T08:02:49Z</time>
                                                <extensions>
                            <sog>0.0</sog>
<cog>198.7</cog>
                        </extensions>
                    </trkpt>
                    <trkpt lat="54.31825333333334" lon="10.141363333333334">
                        <ele>0</ele>
                        <time>2022-08-18T08:03:00Z</time>
                                                <extensions>
                            <sog>0.0</sog>
<cog>215.2</cog>
                        </extensions>
                    </trkpt>
                    <trkpt lat="54.31825166666667" lon="10.141363333333334">
                        <ele>0</ele>
                        <time>2022-08-18T08:03:10Z</time>
                                                <extensions>
                            <sog>0.0</sog>
<cog>190.5</cog>
                        </extensions>
                    </trkpt>
                    <trkpt lat="54.31825166666667" lon="10.141363333333334">
                        <ele>0</ele>
                        <time>2022-08-18T08:03:20Z</time>
                                                <extensions>
                            <sog>0.0</sog>
<cog>195.0</cog>
                        </extensions>
                    </trkpt>
                    <trkpt lat="54.31825166666667" lon="10.141365">
                        <ele>0</ele>
                        <time>2022-08-18T08:03:30Z</time>
                                                <extensions>
                            <sog>0.0</sog>
<cog>185.4</cog>
                        </extensions>
                    </trkpt>
                    <trkpt lat="54.31825333333334" lon="10.141365">
                        <ele>0</ele>
                        <time>2022-08-18T08:03:40Z</time>
                                                <extensions>
                            <sog>0.0</sog>
<cog>163.9</cog>
                        </extensions>
                    </trkpt>
                    <trkpt lat="54.31825166666667" lon="10.141365">
                        <ele>0</ele>
                        <time>2022-08-18T08:03:49Z</time>
                                                <extensions>
                            <sog>0.0</sog>
<cog>186.3</cog>
                        </extensions>
                    </trkpt>
                    <trkpt lat="54.31825166666667" lon="10.141365">
                        <ele>0</ele>
                        <time>2022-08-18T08:04:00Z</time>
                                                <extensions>
                            <sog>0.0</sog>
<cog>163.3</cog>
                        </extensions>
                    </trkpt>
                    <trkpt lat="54.31825166666667" lon="10.141365">
                        <ele>0</ele>
                        <time>2022-08-18T08:04:10Z</time>
                                                <extensions>
                            <sog>0.0</sog>
<cog>172.9</cog>
                        </extensions>
                    </trkpt>
                    <trkpt lat="54.31825166666667" lon="10.141366666666666">
                        <ele>0</ele>
                        <time>2022-08-18T08:04:20Z</time>
                                                <extensions>
                            <sog>0.0</sog>
<cog>143.5</cog>
                        </extensions>
                    </trkpt>
                    <trkpt lat="54.31825166666667" lon="10.141366666666666">
                        <ele>0</ele>
                        <time>2022-08-18T08:04:30Z</time>
                                                <extensions>
                            <sog>0.0</sog>
<cog>129.8</cog>
                        </extensions>
                    </trkpt>
                    <trkpt lat="54.31825166666667" lon="10.141366666666666">
                        <ele>0</ele>
                        <time>2022-08-18T08:04:40Z</time>
                                                <extensions>
                            <sog>0.0</sog>
<cog>144.0</cog>
                        </extensions>
                    </trkpt>
                    <trkpt lat="54.31825166666667" lon="10.141365">
                        <ele>0</ele>
                        <time>2022-08-18T08:04:49Z</time>
                                                <extensions>
                            <sog>0.0</sog>
<cog>154.8</cog>
                        </extensions>
                    </trkpt>
                    <trkpt lat="54.31825166666667" lon="10.141366666666666">
                        <ele>0</ele>
                        <time>2022-08-18T08:05:57Z</time>
                                                <extensions>
                            <sog>0.0</sog>
<cog>158.6</cog>
                        </extensions>
                    </trkpt>
                    <trkpt lat="54.318255" lon="10.141365">
                        <ele>0</ele>
                        <time>2022-08-18T08:08:57Z</time>
                                                <extensions>
                            <sog>0.0</sog>
<cog>65.3</cog>
                        </extensions>
                    </trkpt>
                    <trkpt lat="54.318255" lon="10.141363333333334">
                        <ele>0</ele>
                        <time>2022-08-18T08:11:56Z</time>
                                                <extensions>
                            <sog>0.0</sog>
<cog>100.2</cog>
                        </extensions>
                    </trkpt>
                    <trkpt lat="54.318255" lon="10.141361666666667">
                        <ele>0</ele>
                        <time>2022-08-18T08:14:57Z</time>
                                                <extensions>
                            <sog>0.0</sog>
<cog>67.9</cog>
                        </extensions>
                    </trkpt>
                    <trkpt lat="54.318255" lon="10.141361666666667">
                        <ele>0</ele>
                        <time>2022-08-18T08:17:57Z</time>
                                                <extensions>
                            <sog>0.0</sog>
<cog>229.9</cog>
                        </extensions>
                    </trkpt>
                    <trkpt lat="54.31825333333334" lon="10.141365">
                        <ele>0</ele>
                        <time>2022-08-18T08:20:57Z</time>
                                                <extensions>
                            <sog>0.0</sog>
<cog>136.9</cog>
                        </extensions>
                    </trkpt>
                    <trkpt lat="54.318255" lon="10.141363333333334">
                        <ele>0</ele>
                        <time>2022-08-18T08:23:56Z</time>
                                                <extensions>
                            <sog>0.0</sog>
<cog>289.4</cog>
                        </extensions>
                    </trkpt>
                    <trkpt lat="54.31825333333334" lon="10.141365">
                        <ele>0</ele>
                        <time>2022-08-18T08:26:57Z</time>
                                                <extensions>
                            <sog>0.0</sog>
<cog>65.3</cog>
                        </extensions>
                    </trkpt>
                    <trkpt lat="54.318255" lon="10.141363333333334">
                        <ele>0</ele>
                        <time>2022-08-18T08:29:57Z</time>
                                                <extensions>
                            <sog>0.0</sog>
<cog>308.5</cog>
                        </extensions>
                    </trkpt>
                    <trkpt lat="54.318255" lon="10.141365">
                        <ele>0</ele>
                        <time>2022-08-18T08:32:56Z</time>
                                                <extensions>
                            <sog>0.0</sog>
<cog>315.9</cog>
                        </extensions>
                    </trkpt>
                    <trkpt lat="54.318255" lon="10.141363333333334">
                        <ele>0</ele>
                        <time>2022-08-18T08:35:56Z</time>
                                                <extensions>
                            <sog>0.0</sog>
<cog>343.5</cog>
                        </extensions>
                    </trkpt>
                    <trkpt lat="54.31825333333334" lon="10.141365">
                        <ele>0</ele>
                        <time>2022-08-18T08:38:57Z</time>
                                                <extensions>
                            <sog>0.0</sog>
<cog>275.2</cog>
                        </extensions>
                    </trkpt>
                    <trkpt lat="54.318255" lon="10.141365">
                        <ele>0</ele>
                        <time>2022-08-18T08:41:55Z</time>
                                                <extensions>
                            <sog>0.0</sog>
<cog>63.8</cog>
                        </extensions>
                    </trkpt>
                    <trkpt lat="54.31825333333334" lon="10.141366666666666">
                        <ele>0</ele>
                        <time>2022-08-18T08:47:56Z</time>
                                                <extensions>
                            <sog>0.0</sog>
<cog>74.6</cog>
                        </extensions>
                    </trkpt>
                    <trkpt lat="54.31825666666667" lon="10.141365">
                        <ele>0</ele>
                        <time>2022-08-18T08:59:57Z</time>
                                                <extensions>
                            <sog>0.0</sog>
<cog>233.4</cog>
                        </extensions>
                    </trkpt>
                    <trkpt lat="54.31825666666667" lon="10.141365">
                        <ele>0</ele>
                        <time>2022-08-18T09:02:57Z</time>
                                                <extensions>
                            <sog>0.0</sog>
<cog>217.7</cog>
                        </extensions>
                    </trkpt>
                    <trkpt lat="54.31825666666667" lon="10.141363333333334">
                        <ele>0</ele>
                        <time>2022-08-18T09:05:58Z</time>
                                                <extensions>
                            <sog>0.0</sog>
<cog>261.4</cog>
                        </extensions>
                    </trkpt>
                    <trkpt lat="54.318255" lon="10.141366666666666">
                        <ele>0</ele>
                        <time>2022-08-18T09:08:57Z</time>
                                                <extensions>
                            <sog>0.0</sog>
<cog>175.9</cog>
                        </extensions>
                    </trkpt>
                    <trkpt lat="54.31825666666667" lon="10.141365">
                        <ele>0</ele>
                        <time>2022-08-18T09:14:56Z</time>
                                                <extensions>
                            <sog>0.0</sog>
<cog>210.8</cog>
                        </extensions>
                    </trkpt>
                    <trkpt lat="54.31825666666667" lon="10.14137">
                        <ele>0</ele>
                        <time>2022-08-18T09:17:57Z</time>
                                                <extensions>
                            <sog>0.0</sog>
<cog>140.6</cog>
                        </extensions>
                    </trkpt>
                    <trkpt lat="54.31825666666667" lon="10.141366666666666">
                        <ele>0</ele>
                        <time>2022-08-18T09:20:57Z</time>
                                                <extensions>
                            <sog>0.0</sog>
<cog>135.6</cog>
                        </extensions>
                    </trkpt>
                    <trkpt lat="54.318255" lon="10.141366666666666">
                        <ele>0</ele>
                        <time>2022-08-18T09:23:57Z</time>
                                                <extensions>
                            <sog>0.0</sog>
<cog>209.3</cog>
                        </extensions>
                    </trkpt>
                    <trkpt lat="54.318255" lon="10.141366666666666">
                        <ele>0</ele>
                        <time>2022-08-18T09:26:57Z</time>
                                                <extensions>
                            <sog>0.0</sog>
<cog>250.7</cog>
                        </extensions>
                    </trkpt>
                    <trkpt lat="54.318255" lon="10.141363333333334">
                        <ele>0</ele>
                        <time>2022-08-18T09:29:56Z</time>
                                                <extensions>
                            <sog>0.0</sog>
<cog>283.4</cog>
                        </extensions>
                    </trkpt>
                    <trkpt lat="54.31825333333334" lon="10.141363333333334">
                        <ele>0</ele>
                        <time>2022-08-18T09:32:56Z</time>
                                                <extensions>
                            <sog>0.0</sog>
<cog>239.2</cog>
                        </extensions>
                    </trkpt>
                    <trkpt lat="54.31825333333334" lon="10.141365">
                        <ele>0</ele>
                        <time>2022-08-18T09:35:57Z</time>
                                                <extensions>
                            <sog>0.0</sog>
<cog>268.7</cog>
                        </extensions>
                    </trkpt>
                    <trkpt lat="54.31825333333334" lon="10.141363333333334">
                        <ele>0</ele>
                        <time>2022-08-18T09:38:58Z</time>
                                                <extensions>
                            <sog>0.0</sog>
<cog>205.2</cog>
                        </extensions>
                    </trkpt>
                    <trkpt lat="54.31825333333334" lon="10.141363333333334">
                        <ele>0</ele>
                        <time>2022-08-18T09:41:56Z</time>
                                                <extensions>
                            <sog>0.0</sog>
<cog>321.0</cog>
                        </extensions>
                    </trkpt>
                    <trkpt lat="54.31825333333334" lon="10.141363333333334">
                        <ele>0</ele>
                        <time>2022-08-18T09:44:57Z</time>
                                                <extensions>
                            <sog>0.0</sog>
<cog>55.5</cog>
                        </extensions>
                    </trkpt>
                    <trkpt lat="54.318255" lon="10.141365">
                        <ele>0</ele>
                        <time>2022-08-18T09:47:57Z</time>
                                                <extensions>
                            <sog>0.0</sog>
<cog>320.4</cog>
                        </extensions>
                    </trkpt>
                    <trkpt lat="54.318255" lon="10.141363333333334">
                        <ele>0</ele>
                        <time>2022-08-18T09:50:58Z</time>
                                                <extensions>
                            <sog>0.0</sog>
<cog>34.3</cog>
                        </extensions>
                    </trkpt>
                    <trkpt lat="54.31825333333334" lon="10.141363333333334">
                        <ele>0</ele>
                        <time>2022-08-18T09:53:56Z</time>
                                                <extensions>
                            <sog>0.0</sog>
<cog>318.6</cog>
                        </extensions>
                    </trkpt>
                    <trkpt lat="54.31825333333334" lon="10.141361666666667">
                        <ele>0</ele>
                        <time>2022-08-18T09:56:56Z</time>
                                                <extensions>
                            <sog>0.0</sog>
<cog>307.3</cog>
                        </extensions>
                    </trkpt>
                    <trkpt lat="54.31825333333334" lon="10.141361666666667">
                        <ele>0</ele>
                        <time>2022-08-18T09:59:56Z</time>
                                                <extensions>
                            <sog>0.0</sog>
<cog>248.0</cog>
                        </extensions>
                    </trkpt>
                    <trkpt lat="54.318255" lon="10.141361666666667">
                        <ele>0</ele>
                        <time>2022-08-18T10:05:56Z</time>
                                                <extensions>
                            <sog>0.0</sog>
<cog>315.2</cog>
                        </extensions>
                    </trkpt>
                    <trkpt lat="54.31825333333334" lon="10.141363333333334">
                        <ele>0</ele>
                        <time>2022-08-18T10:08:56Z</time>
                                                <extensions>
                            <sog>0.0</sog>
<cog>330.0</cog>
                        </extensions>
                    </trkpt>
                    <trkpt lat="54.31825333333334" lon="10.141359999999999">
                        <ele>0</ele>
                        <time>2022-08-18T10:11:58Z</time>
                                                <extensions>
                            <sog>0.0</sog>
<cog>320.2</cog>
                        </extensions>
                    </trkpt>
                    <trkpt lat="54.31825333333334" lon="10.141359999999999">
                        <ele>0</ele>
                        <time>2022-08-18T10:17:56Z</time>
                                                <extensions>
                            <sog>0.0</sog>
<cog>335.4</cog>
                        </extensions>
                    </trkpt>
                    <trkpt lat="54.31825333333334" lon="10.141358333333333">
                        <ele>0</ele>
                        <time>2022-08-18T10:20:57Z</time>
                                                <extensions>
                            <sog>0.0</sog>
<cog>318.9</cog>
                        </extensions>
                    </trkpt>
                    <trkpt lat="54.31825333333334" lon="10.141356666666667">
                        <ele>0</ele>
                        <time>2022-08-18T10:23:56Z</time>
                                                <extensions>
                            <sog>0.0</sog>
<cog>347.9</cog>
                        </extensions>
                    </trkpt>
                    <trkpt lat="54.31825333333334" lon="10.141356666666667">
                        <ele>0</ele>
                        <time>2022-08-18T10:26:56Z</time>
                                                <extensions>
                            <sog>0.0</sog>
<cog>316.5</cog>
                        </extensions>
                    </trkpt>
                    <trkpt lat="54.31825333333334" lon="10.141355">
                        <ele>0</ele>
                        <time>2022-08-18T10:29:57Z</time>
                                                <extensions>
                            <sog>0.0</sog>
<cog>336.7</cog>
                        </extensions>
                    </trkpt>
                    <trkpt lat="54.31825166666667" lon="10.141355">
                        <ele>0</ele>
                        <time>2022-08-18T10:35:57Z</time>
                                                <extensions>
                            <sog>0.0</sog>
<cog>257.8</cog>
                        </extensions>
                    </trkpt>
                    <trkpt lat="54.31825166666667" lon="10.141356666666667">
                        <ele>0</ele>
                        <time>2022-08-18T10:38:57Z</time>
                                                <extensions>
                            <sog>0.0</sog>
<cog>239.5</cog>
                        </extensions>
                    </trkpt>
                    <trkpt lat="54.31825" lon="10.141356666666667">
                        <ele>0</ele>
                        <time>2022-08-18T10:41:57Z</time>
                                                <extensions>
                            <sog>0.0</sog>
<cog>210.8</cog>
                        </extensions>
                    </trkpt>
                    <trkpt lat="54.31825" lon="10.141358333333333">
                        <ele>0</ele>
                        <time>2022-08-18T10:44:56Z</time>
                                                <extensions>
                            <sog>0.0</sog>
<cog>209.4</cog>
                        </extensions>
                    </trkpt>
                    <trkpt lat="54.31825166666667" lon="10.141361666666667">
                        <ele>0</ele>
                        <time>2022-08-18T10:53:56Z</time>
                                                <extensions>
                            <sog>0.0</sog>
<cog>64.0</cog>
                        </extensions>
                    </trkpt>
                    <trkpt lat="54.31825166666667" lon="10.141361666666667">
                        <ele>0</ele>
                        <time>2022-08-18T10:56:56Z</time>
                                                <extensions>
                            <sog>0.0</sog>
<cog>61.0</cog>
                        </extensions>
                    </trkpt>
                    <trkpt lat="54.31825166666667" lon="10.141361666666667">
                        <ele>0</ele>
                        <time>2022-08-18T10:59:56Z</time>
                                                <extensions>
                            <sog>0.0</sog>
<cog>58.7</cog>
                        </extensions>
                    </trkpt>
                    <trkpt lat="54.31825166666667" lon="10.141359999999999">
                        <ele>0</ele>
                        <time>2022-08-18T11:02:56Z</time>
                                                <extensions>
                            <sog>0.0</sog>
<cog>74.1</cog>
                        </extensions>
                    </trkpt>
                    <trkpt lat="54.31825166666667" lon="10.141361666666667">
                        <ele>0</ele>
                        <time>2022-08-18T11:05:56Z</time>
                                                <extensions>
                            <sog>0.0</sog>
<cog>47.5</cog>
                        </extensions>
                    </trkpt>
                    <trkpt lat="54.31825166666667" lon="10.141359999999999">
                        <ele>0</ele>
                        <time>2022-08-18T11:08:58Z</time>
                                                <extensions>
                            <sog>0.0</sog>
<cog>30.7</cog>
                        </extensions>
                    </trkpt>
                    <trkpt lat="54.31825166666667" lon="10.141359999999999">
                        <ele>0</ele>
                        <time>2022-08-18T11:14:57Z</time>
                                                <extensions>
                            <sog>0.0</sog>
<cog>126.2</cog>
                        </extensions>
                    </trkpt>
                    <trkpt lat="54.31825166666667" lon="10.141358333333333">
                        <ele>0</ele>
                        <time>2022-08-18T11:17:57Z</time>
                                                <extensions>
                            <sog>0.0</sog>
<cog>95.8</cog>
                        </extensions>
                    </trkpt>
                    <trkpt lat="54.31825333333334" lon="10.141356666666667">
                        <ele>0</ele>
                        <time>2022-08-18T11:23:58Z</time>
                                                <extensions>
                            <sog>0.0</sog>
<cog>42.4</cog>
                        </extensions>
                    </trkpt>
                    <trkpt lat="54.31825333333334" lon="10.141361666666667">
                        <ele>0</ele>
                        <time>2022-08-18T11:26:57Z</time>
                                                <extensions>
                            <sog>0.0</sog>
<cog>100.0</cog>
                        </extensions>
                    </trkpt>
                    <trkpt lat="54.31825166666667" lon="10.141361666666667">
                        <ele>0</ele>
                        <time>2022-08-18T11:29:58Z</time>
                                                <extensions>
                            <sog>0.0</sog>
<cog>17.7</cog>
                        </extensions>
                    </trkpt>
                    <trkpt lat="54.31825166666667" lon="10.141359999999999">
                        <ele>0</ele>
                        <time>2022-08-18T11:32:56Z</time>
                                                <extensions>
                            <sog>0.0</sog>
<cog>13.3</cog>
                        </extensions>
                    </trkpt>
                    <trkpt lat="54.318255" lon="10.141359999999999">
                        <ele>0</ele>
                        <time>2022-08-18T11:41:56Z</time>
                                                <extensions>
                            <sog>0.0</sog>
<cog>310.8</cog>
                        </extensions>
                    </trkpt>
                    <trkpt lat="54.318255" lon="10.141361666666667">
                        <ele>0</ele>
                        <time>2022-08-18T11:44:57Z</time>
                                                <extensions>
                            <sog>0.0</sog>
<cog>19.9</cog>
                        </extensions>
                    </trkpt>
                    <trkpt lat="54.318255" lon="10.141363333333334">
                        <ele>0</ele>
                        <time>2022-08-18T11:47:57Z</time>
                                                <extensions>
                            <sog>0.0</sog>
<cog>59.1</cog>
                        </extensions>
                    </trkpt>
                    <trkpt lat="54.318255" lon="10.141361666666667">
                        <ele>0</ele>
                        <time>2022-08-18T11:50:57Z</time>
                                                <extensions>
                            <sog>0.0</sog>
<cog>62.0</cog>
                        </extensions>
                    </trkpt>
                    <trkpt lat="54.318255" lon="10.141358333333333">
                        <ele>0</ele>
                        <time>2022-08-18T11:56:56Z</time>
                                                <extensions>
                            <sog>0.0</sog>
<cog>228.7</cog>
                        </extensions>
                    </trkpt>
                    <trkpt lat="54.318265" lon="10.141358333333333">
                        <ele>0</ele>
                        <time>2022-08-18T11:59:56Z</time>
                                                <extensions>
                            <sog>0.1</sog>
<cog>10.5</cog>
                        </extensions>
                    </trkpt>
                    <trkpt lat="54.31919666666667" lon="10.142446666666666">
                        <ele>0</ele>
                        <time>2022-08-18T12:02:56Z</time>
                                                <extensions>
                            <sog>2.6</sog>
<cog>39.6</cog>
                        </extensions>
                    </trkpt>
                    <trkpt lat="54.319865" lon="10.14336">
                        <ele>0</ele>
                        <time>2022-08-18T12:03:57Z</time>
                                                <extensions>
                            <sog>3.3</sog>
<cog>39.2</cog>
                        </extensions>
                    </trkpt>
                    <trkpt lat="54.320116666666664" lon="10.143696666666667">
                        <ele>0</ele>
                        <time>2022-08-18T12:04:17Z</time>
                                                <extensions>
                            <sog>3.5</sog>
<cog>39.7</cog>
                        </extensions>
                    </trkpt>
                    <trkpt lat="54.32025" lon="10.143873333333334">
                        <ele>0</ele>
                        <time>2022-08-18T12:04:26Z</time>
                                                <extensions>
                            <sog>3.6</sog>
<cog>37.5</cog>
                        </extensions>
                    </trkpt>
                    <trkpt lat="54.32038166666667" lon="10.144061666666666">
                        <ele>0</ele>
                        <time>2022-08-18T12:04:37Z</time>
                                                <extensions>
                            <sog>3.7</sog>
<cog>40.3</cog>
                        </extensions>
                    </trkpt>
                    <trkpt lat="54.32053166666667" lon="10.144271666666667">
                        <ele>0</ele>
                        <time>2022-08-18T12:04:48Z</time>
                                                <extensions>
                            <sog>3.8</sog>
<cog>38.7</cog>
                        </extensions>
                    </trkpt>
                    <trkpt lat="54.320656666666665" lon="10.14445">
                        <ele>0</ele>
                        <time>2022-08-18T12:04:57Z</time>
                                                <extensions>
                            <sog>3.9</sog>
<cog>40.4</cog>
                        </extensions>
                    </trkpt>
                    <trkpt lat="54.320813333333334" lon="10.144671666666666">
                        <ele>0</ele>
                        <time>2022-08-18T12:05:08Z</time>
                                                <extensions>
                            <sog>4.0</sog>
<cog>38.8</cog>
                        </extensions>
                    </trkpt>
                    <trkpt lat="54.32094333333334" lon="10.144858333333334">
                        <ele>0</ele>
                        <time>2022-08-18T12:05:17Z</time>
                                                <extensions>
                            <sog>4.0</sog>
<cog>40.3</cog>
                        </extensions>
                    </trkpt>
                    <trkpt lat="54.32109166666667" lon="10.145064999999999">
                        <ele>0</ele>
                        <time>2022-08-18T12:05:26Z</time>
                                                <extensions>
                            <sog>4.1</sog>
<cog>38.8</cog>
                        </extensions>
                    </trkpt>
                    <trkpt lat="54.321241666666666" lon="10.145278333333332">
                        <ele>0</ele>
                        <time>2022-08-18T12:05:37Z</time>
                                                <extensions>
                            <sog>4.2</sog>
<cog>40.0</cog>
                        </extensions>
                    </trkpt>
                    <trkpt lat="54.32140833333334" lon="10.145515">
                        <ele>0</ele>
                        <time>2022-08-18T12:05:48Z</time>
                                                <extensions>
                            <sog>4.2</sog>
<cog>39.1</cog>
                        </extensions>
                    </trkpt>
                    <trkpt lat="54.32154666666667" lon="10.145711666666667">
                        <ele>0</ele>
                        <time>2022-08-18T12:05:57Z</time>
                                                <extensions>
                            <sog>4.3</sog>
<cog>40.2</cog>
                        </extensions>
                    </trkpt>
                    <trkpt lat="54.32171666666667" lon="10.145954999999999">
                        <ele>0</ele>
                        <time>2022-08-18T12:06:08Z</time>
                                                <extensions>
                            <sog>4.3</sog>
<cog>39.1</cog>
                        </extensions>
                    </trkpt>
                    <trkpt lat="54.32171666666667" lon="10.145954999999999">
                        <ele>0</ele>
                        <time>2022-08-18T12:06:08Z</time>
                                                <extensions>
                            <sog>4.3</sog>
<cog>39.1</cog>
                        </extensions>
                    </trkpt>
                    <trkpt lat="54.32186" lon="10.146153333333332">
                        <ele>0</ele>
                        <time>2022-08-18T12:06:17Z</time>
                                                <extensions>
                            <sog>4.4</sog>
<cog>39.2</cog>
                        </extensions>
                    </trkpt>
                    <trkpt lat="54.322005" lon="10.146351666666668">
                        <ele>0</ele>
                        <time>2022-08-18T12:06:26Z</time>
                                                <extensions>
                            <sog>4.4</sog>
<cog>38.5</cog>
                        </extensions>
                    </trkpt>
                    <trkpt lat="54.322183333333335" lon="10.146593333333334">
                        <ele>0</ele>
                        <time>2022-08-18T12:06:37Z</time>
                                                <extensions>
                            <sog>4.5</sog>
<cog>38.6</cog>
                        </extensions>
                    </trkpt>
                    <trkpt lat="54.322363333333335" lon="10.14684">
                        <ele>0</ele>
                        <time>2022-08-18T12:06:48Z</time>
                                                <extensions>
                            <sog>4.5</sog>
<cog>38.7</cog>
                        </extensions>
                    </trkpt>
                    <trkpt lat="54.322363333333335" lon="10.14684">
                        <ele>0</ele>
                        <time>2022-08-18T12:06:48Z</time>
                                                <extensions>
                            <sog>4.5</sog>
<cog>38.7</cog>
                        </extensions>
                    </trkpt>
                    <trkpt lat="54.322511666666664" lon="10.147041666666667">
                        <ele>0</ele>
                        <time>2022-08-18T12:06:57Z</time>
                                                <extensions>
                            <sog>4.5</sog>
<cog>38.1</cog>
                        </extensions>
                    </trkpt>
                    <trkpt lat="54.322694999999996" lon="10.14729">
                        <ele>0</ele>
                        <time>2022-08-18T12:07:08Z</time>
                                                <extensions>
                            <sog>4.6</sog>
<cog>38.1</cog>
                        </extensions>
                    </trkpt>
                    <trkpt lat="54.322694999999996" lon="10.14729">
                        <ele>0</ele>
                        <time>2022-08-18T12:07:08Z</time>
                                                <extensions>
                            <sog>4.6</sog>
<cog>38.1</cog>
                        </extensions>
                    </trkpt>
                    <trkpt lat="54.32284833333333" lon="10.14749">
                        <ele>0</ele>
                        <time>2022-08-18T12:07:17Z</time>
                                                <extensions>
                            <sog>4.6</sog>
<cog>37.5</cog>
                        </extensions>
                    </trkpt>
                    <trkpt lat="54.32301666666667" lon="10.147718333333334">
                        <ele>0</ele>
                        <time>2022-08-18T12:07:26Z</time>
                                                <extensions>
                            <sog>4.6</sog>
<cog>38.3</cog>
                        </extensions>
                    </trkpt>
                    <trkpt lat="54.32318833333333" lon="10.147945">
                        <ele>0</ele>
                        <time>2022-08-18T12:07:37Z</time>
                                                <extensions>
                            <sog>4.7</sog>
<cog>37.5</cog>
                        </extensions>
                    </trkpt>
                    <trkpt lat="54.32337833333334" lon="10.148198333333333">
                        <ele>0</ele>
                        <time>2022-08-18T12:07:48Z</time>
                                                <extensions>
                            <sog>4.7</sog>
<cog>38.1</cog>
                        </extensions>
                    </trkpt>
                    <trkpt lat="54.323535" lon="10.148405">
                        <ele>0</ele>
                        <time>2022-08-18T12:07:57Z</time>
                                                <extensions>
                            <sog>4.7</sog>
<cog>37.4</cog>
                        </extensions>
                    </trkpt>
                    <trkpt lat="54.323726666666666" lon="10.14866">
                        <ele>0</ele>
                        <time>2022-08-18T12:08:08Z</time>
                                                <extensions>
                            <sog>4.8</sog>
<cog>37.9</cog>
                        </extensions>
                    </trkpt>
                    <trkpt lat="54.323726666666666" lon="10.14866">
                        <ele>0</ele>
                        <time>2022-08-18T12:08:08Z</time>
                                                <extensions>
                            <sog>4.8</sog>
<cog>37.9</cog>
                        </extensions>
                    </trkpt>
                    <trkpt lat="54.32388666666667" lon="10.148869999999999">
                        <ele>0</ele>
                        <time>2022-08-18T12:08:17Z</time>
                                                <extensions>
                            <sog>4.8</sog>
<cog>37.3</cog>
                        </extensions>
                    </trkpt>
                    <trkpt lat="54.324063333333335" lon="10.149101666666667">
                        <ele>0</ele>
                        <time>2022-08-18T12:08:26Z</time>
                                                <extensions>
                            <sog>4.8</sog>
<cog>37.6</cog>
                        </extensions>
                    </trkpt>
                    <trkpt lat="54.324243333333335" lon="10.149336666666667">
                        <ele>0</ele>
                        <time>2022-08-18T12:08:37Z</time>
                                                <extensions>
                            <sog>4.8</sog>
<cog>37.2</cog>
                        </extensions>
                    </trkpt>
                    <trkpt lat="54.324439999999996" lon="10.149593333333334">
                        <ele>0</ele>
                        <time>2022-08-18T12:08:48Z</time>
                                                <extensions>
                            <sog>4.8</sog>
<cog>37.4</cog>
                        </extensions>
                    </trkpt>
                    <trkpt lat="54.324601666666666" lon="10.149804999999999">
                        <ele>0</ele>
                        <time>2022-08-18T12:08:57Z</time>
                                                <extensions>
                            <sog>4.9</sog>
<cog>37.2</cog>
                        </extensions>
                    </trkpt>
                    <trkpt lat="54.324801666666666" lon="10.150063333333332">
                        <ele>0</ele>
                        <time>2022-08-18T12:09:08Z</time>
                                                <extensions>
                            <sog>4.9</sog>
<cog>37.1</cog>
                        </extensions>
                    </trkpt>
                    <trkpt lat="54.324963333333336" lon="10.150273333333333">
                        <ele>0</ele>
                        <time>2022-08-18T12:09:17Z</time>
                                                <extensions>
                            <sog>4.9</sog>
<cog>37.1</cog>
                        </extensions>
                    </trkpt>
                    <trkpt lat="54.32512833333333" lon="10.150485">
                        <ele>0</ele>
                        <time>2022-08-18T12:09:26Z</time>
                                                <extensions>
                            <sog>4.9</sog>
<cog>37.0</cog>
                        </extensions>
                    </trkpt>
                    <trkpt lat="54.32532833333333" lon="10.150746666666667">
                        <ele>0</ele>
                        <time>2022-08-18T12:09:37Z</time>
                                                <extensions>
                            <sog>4.9</sog>
<cog>37.2</cog>
                        </extensions>
                    </trkpt>
                    <trkpt lat="54.32553" lon="10.151003333333334">
                        <ele>0</ele>
                        <time>2022-08-18T12:09:48Z</time>
                                                <extensions>
                            <sog>4.9</sog>
<cog>36.6</cog>
                        </extensions>
                    </trkpt>
                    <trkpt lat="54.325696666666666" lon="10.151216666666667">
                        <ele>0</ele>
                        <time>2022-08-18T12:09:57Z</time>
                                                <extensions>
                            <sog>4.9</sog>
<cog>36.6</cog>
                        </extensions>
                    </trkpt>
                    <trkpt lat="54.325900000000004" lon="10.151473333333334">
                        <ele>0</ele>
                        <time>2022-08-18T12:10:08Z</time>
                                                <extensions>
                            <sog>4.9</sog>
<cog>36.2</cog>
                        </extensions>
                    </trkpt>
                    <trkpt lat="54.32606666666666" lon="10.151684999999999">
                        <ele>0</ele>
                        <time>2022-08-18T12:10:17Z</time>
                                                <extensions>
                            <sog>5.0</sog>
<cog>36.6</cog>
                        </extensions>
                    </trkpt>
                    <trkpt lat="54.326235" lon="10.151896666666666">
                        <ele>0</ele>
                        <time>2022-08-18T12:10:26Z</time>
                                                <extensions>
                            <sog>5.0</sog>
<cog>36.2</cog>
                        </extensions>
                    </trkpt>
                    <trkpt lat="54.326438333333336" lon="10.152154999999999">
                        <ele>0</ele>
                        <time>2022-08-18T12:10:37Z</time>
                                                <extensions>
                            <sog>5.0</sog>
<cog>36.6</cog>
                        </extensions>
                    </trkpt>
                    <trkpt lat="54.326645" lon="10.152413333333334">
                        <ele>0</ele>
                        <time>2022-08-18T12:10:48Z</time>
                                                <extensions>
                            <sog>5.0</sog>
<cog>36.2</cog>
                        </extensions>
                    </trkpt>
                    <trkpt lat="54.32683166666666" lon="10.15265">
                        <ele>0</ele>
                        <time>2022-08-18T12:10:58Z</time>
                                                <extensions>
                            <sog>5.0</sog>
<cog>36.4</cog>
                        </extensions>
                    </trkpt>
                    <trkpt lat="54.32701833333333" lon="10.152885">
                        <ele>0</ele>
                        <time>2022-08-18T12:11:08Z</time>
                                                <extensions>
                            <sog>5.0</sog>
<cog>36.1</cog>
                        </extensions>
                    </trkpt>
                    <trkpt lat="54.32718833333333" lon="10.153096666666666">
                        <ele>0</ele>
                        <time>2022-08-18T12:11:17Z</time>
                                                <extensions>
                            <sog>5.0</sog>
<cog>36.2</cog>
                        </extensions>
                    </trkpt>
                    <trkpt lat="54.327395" lon="10.153356666666667">
                        <ele>0</ele>
                        <time>2022-08-18T12:11:28Z</time>
                                                <extensions>
                            <sog>5.0</sog>
<cog>35.9</cog>
                        </extensions>
                    </trkpt>
                    <trkpt lat="54.327585" lon="10.153591666666667">
                        <ele>0</ele>
                        <time>2022-08-18T12:11:38Z</time>
                                                <extensions>
                            <sog>5.0</sog>
<cog>36.0</cog>
                        </extensions>
                    </trkpt>
                    <trkpt lat="54.32777333333333" lon="10.153826666666667">
                        <ele>0</ele>
                        <time>2022-08-18T12:11:48Z</time>
                                                <extensions>
                            <sog>5.0</sog>
<cog>35.8</cog>
                        </extensions>
                    </trkpt>
                    <trkpt lat="54.327965" lon="10.154061666666667">
                        <ele>0</ele>
                        <time>2022-08-18T12:11:58Z</time>
                                                <extensions>
                            <sog>5.0</sog>
<cog>35.8</cog>
                        </extensions>
                    </trkpt>
                    <trkpt lat="54.328155" lon="10.154296666666665">
                        <ele>0</ele>
                        <time>2022-08-18T12:12:08Z</time>
                                                <extensions>
                            <sog>5.0</sog>
<cog>35.7</cog>
                        </extensions>
                    </trkpt>
                    <trkpt lat="54.32832666666666" lon="10.154508333333332">
                        <ele>0</ele>
                        <time>2022-08-18T12:12:17Z</time>
                                                <extensions>
                            <sog>5.0</sog>
<cog>35.7</cog>
                        </extensions>
                    </trkpt>
                    <trkpt lat="54.328535" lon="10.154768333333333">
                        <ele>0</ele>
                        <time>2022-08-18T12:12:28Z</time>
                                                <extensions>
                            <sog>5.0</sog>
<cog>35.9</cog>
                        </extensions>
                    </trkpt>
                    <trkpt lat="54.328725" lon="10.155003333333333">
                        <ele>0</ele>
                        <time>2022-08-18T12:12:38Z</time>
                                                <extensions>
                            <sog>5.0</sog>
<cog>36.0</cog>
                        </extensions>
                    </trkpt>
                    <trkpt lat="54.328896666666665" lon="10.155218333333332">
                        <ele>0</ele>
                        <time>2022-08-18T12:12:46Z</time>
                                                <extensions>
                            <sog>5.0</sog>
<cog>36.1</cog>
                        </extensions>
                    </trkpt>
                    <trkpt lat="54.329105" lon="10.155478333333333">
                        <ele>0</ele>
                        <time>2022-08-18T12:12:58Z</time>
                                                <extensions>
                            <sog>5.0</sog>
<cog>35.9</cog>
                        </extensions>
                    </trkpt>
                    <trkpt lat="54.329296666666664" lon="10.15571">
                        <ele>0</ele>
                        <time>2022-08-18T12:13:08Z</time>
                                                <extensions>
                            <sog>5.0</sog>
<cog>35.2</cog>
                        </extensions>
                    </trkpt>
                    <trkpt lat="54.32947" lon="10.155916666666666">
                        <ele>0</ele>
                        <time>2022-08-18T12:13:17Z</time>
                                                <extensions>
                            <sog>5.0</sog>
<cog>34.6</cog>
                        </extensions>
                    </trkpt>
                    <trkpt lat="54.329685000000005" lon="10.156165">
                        <ele>0</ele>
                        <time>2022-08-18T12:13:28Z</time>
                                                <extensions>
                            <sog>5.1</sog>
<cog>34.1</cog>
                        </extensions>
                    </trkpt>
                    <trkpt lat="54.32988" lon="10.156391666666668">
                        <ele>0</ele>
                        <time>2022-08-18T12:13:38Z</time>
                                                <extensions>
                            <sog>5.1</sog>
<cog>33.9</cog>
                        </extensions>
                    </trkpt>
                    <trkpt lat="54.330056666666664" lon="10.156591666666666">
                        <ele>0</ele>
                        <time>2022-08-18T12:13:46Z</time>
                                                <extensions>
                            <sog>5.1</sog>
<cog>33.4</cog>
                        </extensions>
                    </trkpt>
                    <trkpt lat="54.33027333333334" lon="10.156835000000001">
                        <ele>0</ele>
                        <time>2022-08-18T12:13:58Z</time>
                                                <extensions>
                            <sog>5.1</sog>
<cog>33.2</cog>
                        </extensions>
                    </trkpt>
                    <trkpt lat="54.33047333333333" lon="10.157053333333332">
                        <ele>0</ele>
                        <time>2022-08-18T12:14:08Z</time>
                                                <extensions>
                            <sog>5.1</sog>
<cog>32.5</cog>
                        </extensions>
                    </trkpt>
                    <trkpt lat="54.33065166666667" lon="10.157248333333333">
                        <ele>0</ele>
                        <time>2022-08-18T12:14:17Z</time>
                                                <extensions>
                            <sog>5.1</sog>
<cog>32.2</cog>
                        </extensions>
                    </trkpt>
                    <trkpt lat="54.33087333333334" lon="10.157483333333333">
                        <ele>0</ele>
                        <time>2022-08-18T12:14:28Z</time>
                                                <extensions>
                            <sog>5.1</sog>
<cog>31.7</cog>
                        </extensions>
                    </trkpt>
                    <trkpt lat="54.331075000000006" lon="10.157694999999999">
                        <ele>0</ele>
                        <time>2022-08-18T12:14:38Z</time>
                                                <extensions>
                            <sog>5.1</sog>
<cog>31.6</cog>
                        </extensions>
                    </trkpt>
                    <trkpt lat="54.33125666666667" lon="10.157885">
                        <ele>0</ele>
                        <time>2022-08-18T12:14:46Z</time>
                                                <extensions>
                            <sog>5.1</sog>
<cog>31.4</cog>
                        </extensions>
                    </trkpt>
                    <trkpt lat="54.33147666666667" lon="10.158118333333334">
                        <ele>0</ele>
                        <time>2022-08-18T12:14:58Z</time>
                                                <extensions>
                            <sog>5.1</sog>
<cog>31.6</cog>
                        </extensions>
                    </trkpt>
                    <trkpt lat="54.331678333333336" lon="10.158330000000001">
                        <ele>0</ele>
                        <time>2022-08-18T12:15:08Z</time>
                                                <extensions>
                            <sog>5.1</sog>
<cog>31.3</cog>
                        </extensions>
                    </trkpt>
                    <trkpt lat="54.33186" lon="10.158520000000001">
                        <ele>0</ele>
                        <time>2022-08-18T12:15:17Z</time>
                                                <extensions>
                            <sog>5.1</sog>
<cog>31.4</cog>
                        </extensions>
                    </trkpt>
                    <trkpt lat="54.33208333333334" lon="10.15875">
                        <ele>0</ele>
                        <time>2022-08-18T12:15:28Z</time>
                                                <extensions>
                            <sog>5.1</sog>
<cog>31.0</cog>
                        </extensions>
                    </trkpt>
                    <trkpt lat="54.33228666666666" lon="10.158956666666667">
                        <ele>0</ele>
                        <time>2022-08-18T12:15:38Z</time>
                                                <extensions>
                            <sog>5.1</sog>
<cog>30.4</cog>
                        </extensions>
                    </trkpt>
                    <trkpt lat="54.33247166666667" lon="10.15914">
                        <ele>0</ele>
                        <time>2022-08-18T12:15:46Z</time>
                                                <extensions>
                            <sog>5.1</sog>
<cog>29.8</cog>
                        </extensions>
                    </trkpt>
                    <trkpt lat="54.3327" lon="10.159355">
                        <ele>0</ele>
                        <time>2022-08-18T12:15:58Z</time>
                                                <extensions>
                            <sog>5.1</sog>
<cog>28.8</cog>
                        </extensions>
                    </trkpt>
                    <trkpt lat="54.332906666666666" lon="10.15955">
                        <ele>0</ele>
                        <time>2022-08-18T12:16:08Z</time>
                                                <extensions>
                            <sog>5.1</sog>
<cog>28.5</cog>
                        </extensions>
                    </trkpt>
                    <trkpt lat="54.333095" lon="10.159723333333334">
                        <ele>0</ele>
                        <time>2022-08-18T12:16:17Z</time>
                                                <extensions>
                            <sog>5.1</sog>
<cog>28.1</cog>
                        </extensions>
                    </trkpt>
                    <trkpt lat="54.333324999999995" lon="10.159930000000001">
                        <ele>0</ele>
                        <time>2022-08-18T12:16:28Z</time>
                                                <extensions>
                            <sog>5.1</sog>
<cog>27.6</cog>
                        </extensions>
                    </trkpt>
                    <trkpt lat="54.33353666666667" lon="10.160115">
                        <ele>0</ele>
                        <time>2022-08-18T12:16:38Z</time>
                                                <extensions>
                            <sog>5.1</sog>
<cog>26.9</cog>
                        </extensions>
                    </trkpt>
                    <trkpt lat="54.33372833333333" lon="10.16028">
                        <ele>0</ele>
                        <time>2022-08-18T12:16:46Z</time>
                                                <extensions>
                            <sog>5.1</sog>
<cog>26.5</cog>
                        </extensions>
                    </trkpt>
                    <trkpt lat="54.33394" lon="10.160456666666667">
                        <ele>0</ele>
                        <time>2022-08-18T12:16:57Z</time>
                                                <extensions>
                            <sog>5.1</sog>
<cog>25.8</cog>
                        </extensions>
                    </trkpt>
                    <trkpt lat="54.334176666666664" lon="10.160648333333334">
                        <ele>0</ele>
                        <time>2022-08-18T12:17:08Z</time>
                                                <extensions>
                            <sog>5.1</sog>
<cog>25.2</cog>
                        </extensions>
                    </trkpt>
                    <trkpt lat="54.33439666666666" lon="10.160823333333333">
                        <ele>0</ele>
                        <time>2022-08-18T12:17:18Z</time>
                                                <extensions>
                            <sog>5.3</sog>
<cog>24.7</cog>
                        </extensions>
                    </trkpt>
                    <trkpt lat="54.33461" lon="10.160988333333334">
                        <ele>0</ele>
                        <time>2022-08-18T12:17:27Z</time>
                                                <extensions>
                            <sog>5.6</sog>
<cog>24.2</cog>
                        </extensions>
                    </trkpt>
                    <trkpt lat="54.33461" lon="10.160988333333334">
                        <ele>0</ele>
                        <time>2022-08-18T12:17:27Z</time>
                                                <extensions>
                            <sog>5.6</sog>
<cog>24.2</cog>
                        </extensions>
                    </trkpt>
                    <trkpt lat="54.33488833333333" lon="10.161196666666665">
                        <ele>0</ele>
                        <time>2022-08-18T12:17:38Z</time>
                                                <extensions>
                            <sog>6.0</sog>
<cog>23.5</cog>
                        </extensions>
                    </trkpt>
                    <trkpt lat="54.335161666666664" lon="10.161395">
                        <ele>0</ele>
                        <time>2022-08-18T12:17:47Z</time>
                                                <extensions>
                            <sog>6.5</sog>
<cog>22.6</cog>
                        </extensions>
                    </trkpt>
                    <trkpt lat="54.335425" lon="10.161576666666667">
                        <ele>0</ele>
                        <time>2022-08-18T12:17:57Z</time>
                                                <extensions>
                            <sog>6.8</sog>
<cog>22.0</cog>
                        </extensions>
                    </trkpt>
                    <trkpt lat="54.335765" lon="10.161805">
                        <ele>0</ele>
                        <time>2022-08-18T12:18:08Z</time>
                                                <extensions>
                            <sog>7.2</sog>
<cog>21.0</cog>
                        </extensions>
                    </trkpt>
                    <trkpt lat="54.33609333333333" lon="10.162013333333334">
                        <ele>0</ele>
                        <time>2022-08-18T12:18:18Z</time>
                                                <extensions>
                            <sog>7.6</sog>
<cog>20.1</cog>
                        </extensions>
                    </trkpt>
                    <trkpt lat="54.33640166666667" lon="10.1622">
                        <ele>0</ele>
                        <time>2022-08-18T12:18:27Z</time>
                                                <extensions>
                            <sog>7.9</sog>
<cog>19.3</cog>
                        </extensions>
                    </trkpt>
                    <trkpt lat="54.33679333333334" lon="10.162426666666667">
                        <ele>0</ele>
                        <time>2022-08-18T12:18:38Z</time>
                                                <extensions>
                            <sog>8.2</sog>
<cog>18.2</cog>
                        </extensions>
                    </trkpt>
                    <trkpt lat="54.337165" lon="10.162626666666666">
                        <ele>0</ele>
                        <time>2022-08-18T12:18:47Z</time>
                                                <extensions>
                            <sog>8.4</sog>
<cog>17.3</cog>
                        </extensions>
                    </trkpt>
                    <trkpt lat="54.33750333333333" lon="10.162801666666667">
                        <ele>0</ele>
                        <time>2022-08-18T12:18:57Z</time>
                                                <extensions>
                            <sog>8.5</sog>
<cog>16.4</cog>
                        </extensions>
                    </trkpt>
                    <trkpt lat="54.33792166666667" lon="10.163003333333334">
                        <ele>0</ele>
                        <time>2022-08-18T12:19:08Z</time>
                                                <extensions>
                            <sog>8.5</sog>
<cog>15.4</cog>
                        </extensions>
                    </trkpt>
                    <trkpt lat="54.33830666666667" lon="10.163174999999999">
                        <ele>0</ele>
                        <time>2022-08-18T12:19:18Z</time>
                                                <extensions>
                            <sog>8.6</sog>
<cog>14.5</cog>
                        </extensions>
                    </trkpt>
                    <trkpt lat="54.338655" lon="10.163324999999999">
                        <ele>0</ele>
                        <time>2022-08-18T12:19:27Z</time>
                                                <extensions>
                            <sog>8.6</sog>
<cog>13.8</cog>
                        </extensions>
                    </trkpt>
                    <trkpt lat="54.339085" lon="10.163501666666667">
                        <ele>0</ele>
                        <time>2022-08-18T12:19:38Z</time>
                                                <extensions>
                            <sog>8.6</sog>
<cog>13.4</cog>
                        </extensions>
                    </trkpt>
                    <trkpt lat="54.339475" lon="10.16366">
                        <ele>0</ele>
                        <time>2022-08-18T12:19:47Z</time>
                                                <extensions>
                            <sog>8.7</sog>
<cog>13.2</cog>
                        </extensions>
                    </trkpt>
                    <trkpt lat="54.33983" lon="10.1638">
                        <ele>0</ele>
                        <time>2022-08-18T12:19:57Z</time>
                                                <extensions>
                            <sog>8.7</sog>
<cog>13.0</cog>
                        </extensions>
                    </trkpt>
                    <trkpt lat="54.340265" lon="10.163968333333335">
                        <ele>0</ele>
                        <time>2022-08-18T12:20:08Z</time>
                                                <extensions>
                            <sog>8.7</sog>
<cog>12.5</cog>
                        </extensions>
                    </trkpt>
                    <trkpt lat="54.34066333333333" lon="10.164118333333333">
                        <ele>0</ele>
                        <time>2022-08-18T12:20:18Z</time>
                                                <extensions>
                            <sog>8.8</sog>
<cog>12.2</cog>
                        </extensions>
                    </trkpt>
                    <trkpt lat="54.34102166666666" lon="10.164248333333335">
                        <ele>0</ele>
                        <time>2022-08-18T12:20:27Z</time>
                                                <extensions>
                            <sog>8.8</sog>
<cog>11.9</cog>
                        </extensions>
                    </trkpt>
                    <trkpt lat="54.34137833333333" lon="10.164375">
                        <ele>0</ele>
                        <time>2022-08-18T12:20:36Z</time>
                                                <extensions>
                            <sog>8.7</sog>
<cog>11.6</cog>
                        </extensions>
                    </trkpt>
                    <trkpt lat="54.34185166666667" lon="10.164541666666667">
                        <ele>0</ele>
                        <time>2022-08-18T12:20:47Z</time>
                                                <extensions>
                            <sog>8.7</sog>
<cog>11.4</cog>
                        </extensions>
                    </trkpt>
                    <trkpt lat="54.342205" lon="10.164663333333333">
                        <ele>0</ele>
                        <time>2022-08-18T12:20:57Z</time>
                                                <extensions>
                            <sog>8.6</sog>
<cog>11.3</cog>
                        </extensions>
                    </trkpt>
                    <trkpt lat="54.342635" lon="10.164811666666667">
                        <ele>0</ele>
                        <time>2022-08-18T12:21:08Z</time>
                                                <extensions>
                            <sog>8.6</sog>
<cog>11.3</cog>
                        </extensions>
                    </trkpt>
                    <trkpt lat="54.343023333333335" lon="10.164946666666667">
                        <ele>0</ele>
                        <time>2022-08-18T12:21:18Z</time>
                                                <extensions>
                            <sog>8.5</sog>
<cog>11.3</cog>
                        </extensions>
                    </trkpt>
                    <trkpt lat="54.34337166666667" lon="10.165066666666666">
                        <ele>0</ele>
                        <time>2022-08-18T12:21:27Z</time>
                                                <extensions>
                            <sog>8.5</sog>
<cog>11.3</cog>
                        </extensions>
                    </trkpt>
                    <trkpt lat="54.34371833333333" lon="10.165185000000001">
                        <ele>0</ele>
                        <time>2022-08-18T12:21:36Z</time>
                                                <extensions>
                            <sog>8.4</sog>
<cog>11.2</cog>
                        </extensions>
                    </trkpt>
                    <trkpt lat="54.34417833333334" lon="10.165339999999999">
                        <ele>0</ele>
                        <time>2022-08-18T12:21:47Z</time>
                                                <extensions>
                            <sog>8.4</sog>
<cog>11.0</cog>
                        </extensions>
                    </trkpt>
                    <trkpt lat="54.344521666666665" lon="10.165453333333334">
                        <ele>0</ele>
                        <time>2022-08-18T12:21:57Z</time>
                                                <extensions>
                            <sog>8.4</sog>
<cog>10.8</cog>
                        </extensions>
                    </trkpt>
                    <trkpt lat="54.344939999999994" lon="10.165591666666668">
                        <ele>0</ele>
                        <time>2022-08-18T12:22:08Z</time>
                                                <extensions>
                            <sog>8.3</sog>
<cog>10.9</cog>
                        </extensions>
                    </trkpt>
                    <trkpt lat="54.34532" lon="10.165718333333333">
                        <ele>0</ele>
                        <time>2022-08-18T12:22:18Z</time>
                                                <extensions>
                            <sog>8.3</sog>
<cog>11.0</cog>
                        </extensions>
                    </trkpt>
                    <trkpt lat="54.345659999999995" lon="10.165833333333333">
                        <ele>0</ele>
                        <time>2022-08-18T12:22:27Z</time>
                                                <extensions>
                            <sog>8.3</sog>
<cog>11.1</cog>
                        </extensions>
                    </trkpt>
                    <trkpt lat="54.346448333333335" lon="10.1661">
                        <ele>0</ele>
                        <time>2022-08-18T12:22:48Z</time>
                                                <extensions>
                            <sog>8.2</sog>
<cog>11.1</cog>
                        </extensions>
                    </trkpt>
                    <trkpt lat="54.346785" lon="10.166213333333333">
                        <ele>0</ele>
                        <time>2022-08-18T12:22:57Z</time>
                                                <extensions>
                            <sog>8.2</sog>
<cog>11.0</cog>
                        </extensions>
                    </trkpt>
                    <trkpt lat="54.34719833333334" lon="10.16635">
                        <ele>0</ele>
                        <time>2022-08-18T12:23:08Z</time>
                                                <extensions>
                            <sog>8.2</sog>
<cog>10.9</cog>
                        </extensions>
                    </trkpt>
                    <trkpt lat="54.34791" lon="10.166586666666666">
                        <ele>0</ele>
                        <time>2022-08-18T12:23:27Z</time>
                                                <extensions>
                            <sog>8.2</sog>
<cog>10.9</cog>
                        </extensions>
                    </trkpt>
                    <trkpt lat="54.34824833333333" lon="10.166699999999999">
                        <ele>0</ele>
                        <time>2022-08-18T12:23:36Z</time>
                                                <extensions>
                            <sog>8.2</sog>
<cog>11.0</cog>
                        </extensions>
                    </trkpt>
                    <trkpt lat="54.3487" lon="10.16685">
                        <ele>0</ele>
                        <time>2022-08-18T12:23:48Z</time>
                                                <extensions>
                            <sog>8.2</sog>
<cog>10.9</cog>
                        </extensions>
                    </trkpt>
                    <trkpt lat="54.349455" lon="10.167103333333333">
                        <ele>0</ele>
                        <time>2022-08-18T12:24:08Z</time>
                                                <extensions>
                            <sog>8.3</sog>
<cog>11.0</cog>
                        </extensions>
                    </trkpt>
                    <trkpt lat="54.34983166666667" lon="10.167228333333332">
                        <ele>0</ele>
                        <time>2022-08-18T12:24:18Z</time>
                                                <extensions>
                            <sog>8.3</sog>
<cog>10.9</cog>
                        </extensions>
                    </trkpt>
                    <trkpt lat="54.35050833333333" lon="10.167466666666666">
                        <ele>0</ele>
                        <time>2022-08-18T12:24:36Z</time>
                                                <extensions>
                            <sog>8.3</sog>
<cog>12.1</cog>
                        </extensions>
                    </trkpt>
                    <trkpt lat="54.35095666666667" lon="10.167646666666666">
                        <ele>0</ele>
                        <time>2022-08-18T12:24:48Z</time>
                                                <extensions>
                            <sog>8.3</sog>
<cog>13.6</cog>
                        </extensions>
                    </trkpt>
                    <trkpt lat="54.35129333333334" lon="10.167788333333334">
                        <ele>0</ele>
                        <time>2022-08-18T12:24:57Z</time>
                                                <extensions>
                            <sog>8.3</sog>
<cog>13.7</cog>
                        </extensions>
                    </trkpt>
                    <trkpt lat="54.35170166666667" lon="10.167966666666667">
                        <ele>0</ele>
                        <time>2022-08-18T12:25:08Z</time>
                                                <extensions>
                            <sog>8.3</sog>
<cog>14.4</cog>
                        </extensions>
                    </trkpt>
                    <trkpt lat="54.352" lon="10.168098333333335">
                        <ele>0</ele>
                        <time>2022-08-18T12:25:16Z</time>
                                                <extensions>
                            <sog>8.3</sog>
<cog>14.3</cog>
                        </extensions>
                    </trkpt>
                    <trkpt lat="54.352375" lon="10.168263333333334">
                        <ele>0</ele>
                        <time>2022-08-18T12:25:26Z</time>
                                                <extensions>
                            <sog>8.3</sog>
<cog>14.6</cog>
                        </extensions>
                    </trkpt>
                    <trkpt lat="54.35275" lon="10.168433333333333">
                        <ele>0</ele>
                        <time>2022-08-18T12:25:36Z</time>
                                                <extensions>
                            <sog>8.4</sog>
<cog>14.6</cog>
                        </extensions>
                    </trkpt>
                    <trkpt lat="54.35320333333333" lon="10.16864">
                        <ele>0</ele>
                        <time>2022-08-18T12:25:48Z</time>
                                                <extensions>
                            <sog>8.4</sog>
<cog>15.1</cog>
                        </extensions>
                    </trkpt>
                    <trkpt lat="54.353584999999995" lon="10.16882">
                        <ele>0</ele>
                        <time>2022-08-18T12:25:58Z</time>
                                                <extensions>
                            <sog>8.5</sog>
<cog>15.2</cog>
                        </extensions>
                    </trkpt>
                    <trkpt lat="54.353968333333334" lon="10.169003333333334">
                        <ele>0</ele>
                        <time>2022-08-18T12:26:08Z</time>
                                                <extensions>
                            <sog>8.6</sog>
<cog>15.7</cog>
                        </extensions>
                    </trkpt>
                    <trkpt lat="54.35428" lon="10.169153333333332">
                        <ele>0</ele>
                        <time>2022-08-18T12:26:16Z</time>
                                                <extensions>
                            <sog>8.7</sog>
<cog>15.7</cog>
                        </extensions>
                    </trkpt>
                    <trkpt lat="54.35467333333334" lon="10.169346666666666">
                        <ele>0</ele>
                        <time>2022-08-18T12:26:26Z</time>
                                                <extensions>
                            <sog>8.8</sog>
<cog>15.9</cog>
                        </extensions>
                    </trkpt>
                    <trkpt lat="54.355151666666664" lon="10.169581666666666">
                        <ele>0</ele>
                        <time>2022-08-18T12:26:38Z</time>
                                                <extensions>
                            <sog>9.0</sog>
<cog>15.9</cog>
                        </extensions>
                    </trkpt>
                    <trkpt lat="54.355558333333335" lon="10.169781666666667">
                        <ele>0</ele>
                        <time>2022-08-18T12:26:48Z</time>
                                                <extensions>
                            <sog>9.1</sog>
<cog>16.0</cog>
                        </extensions>
                    </trkpt>
                    <trkpt lat="54.35597166666666" lon="10.169983333333333">
                        <ele>0</ele>
                        <time>2022-08-18T12:26:58Z</time>
                                                <extensions>
                            <sog>9.3</sog>
<cog>15.9</cog>
                        </extensions>
                    </trkpt>
                    <trkpt lat="54.35635166666667" lon="10.170168333333333">
                        <ele>0</ele>
                        <time>2022-08-18T12:27:07Z</time>
                                                <extensions>
                            <sog>9.4</sog>
<cog>15.9</cog>
                        </extensions>
                    </trkpt>
                    <trkpt lat="54.356735" lon="10.170358333333333">
                        <ele>0</ele>
                        <time>2022-08-18T12:27:16Z</time>
                                                <extensions>
                            <sog>9.6</sog>
<cog>15.9</cog>
                        </extensions>
                    </trkpt>
                    <trkpt lat="54.357169999999996" lon="10.170571666666666">
                        <ele>0</ele>
                        <time>2022-08-18T12:27:26Z</time>
                                                <extensions>
                            <sog>9.8</sog>
<cog>16.0</cog>
                        </extensions>
                    </trkpt>
                    <trkpt lat="54.35815" lon="10.171056666666667">
                        <ele>0</ele>
                        <time>2022-08-18T12:27:48Z</time>
                                                <extensions>
                            <sog>10.1</sog>
<cog>16.1</cog>
                        </extensions>
                    </trkpt>
                    <trkpt lat="54.35902" lon="10.171486666666668">
                        <ele>0</ele>
                        <time>2022-08-18T12:28:07Z</time>
                                                <extensions>
                            <sog>10.3</sog>
<cog>16.0</cog>
                        </extensions>
                    </trkpt>
                    <trkpt lat="54.35943833333333" lon="10.171691666666668">
                        <ele>0</ele>
                        <time>2022-08-18T12:28:16Z</time>
                                                <extensions>
                            <sog>10.4</sog>
<cog>15.9</cog>
                        </extensions>
                    </trkpt>
                    <trkpt lat="54.35990833333334" lon="10.171921666666666">
                        <ele>0</ele>
                        <time>2022-08-18T12:28:26Z</time>
                                                <extensions>
                            <sog>10.6</sog>
<cog>15.9</cog>
                        </extensions>
                    </trkpt>
                    <trkpt lat="54.36047666666666" lon="10.172201666666666">
                        <ele>0</ele>
                        <time>2022-08-18T12:28:38Z</time>
                                                <extensions>
                            <sog>10.7</sog>
<cog>16.2</cog>
                        </extensions>
                    </trkpt>
                    <trkpt lat="54.360951666666665" lon="10.172451666666666">
                        <ele>0</ele>
                        <time>2022-08-18T12:28:48Z</time>
                                                <extensions>
                            <sog>10.7</sog>
<cog>17.1</cog>
                        </extensions>
                    </trkpt>
                    <trkpt lat="54.36142666666667" lon="10.172716666666668">
                        <ele>0</ele>
                        <time>2022-08-18T12:28:58Z</time>
                                                <extensions>
                            <sog>10.8</sog>
<cog>18.2</cog>
                        </extensions>
                    </trkpt>
                    <trkpt lat="54.361855" lon="10.172963333333334">
                        <ele>0</ele>
                        <time>2022-08-18T12:29:07Z</time>
                                                <extensions>
                            <sog>10.8</sog>
<cog>18.5</cog>
                        </extensions>
                    </trkpt>
                    <trkpt lat="54.36228333333334" lon="10.173216666666667">
                        <ele>0</ele>
                        <time>2022-08-18T12:29:16Z</time>
                                                <extensions>
                            <sog>10.8</sog>
<cog>19.2</cog>
                        </extensions>
                    </trkpt>
                    <trkpt lat="54.362845" lon="10.173566666666666">
                        <ele>0</ele>
                        <time>2022-08-18T12:29:27Z</time>
                                                <extensions>
                            <sog>10.7</sog>
<cog>20.1</cog>
                        </extensions>
                    </trkpt>
                    <trkpt lat="54.36330833333333" lon="10.173871666666667">
                        <ele>0</ele>
                        <time>2022-08-18T12:29:38Z</time>
                                                <extensions>
                            <sog>10.7</sog>
<cog>21.2</cog>
                        </extensions>
                    </trkpt>
                    <trkpt lat="54.363764999999994" lon="10.174188333333332">
                        <ele>0</ele>
                        <time>2022-08-18T12:29:48Z</time>
                                                <extensions>
                            <sog>10.6</sog>
<cog>22.1</cog>
                        </extensions>
                    </trkpt>
                    <trkpt lat="54.36421666666667" lon="10.174518333333333">
                        <ele>0</ele>
                        <time>2022-08-18T12:29:58Z</time>
                                                <extensions>
                            <sog>10.6</sog>
<cog>23.2</cog>
                        </extensions>
                    </trkpt>
                    <trkpt lat="54.36461833333333" lon="10.174823333333334">
                        <ele>0</ele>
                        <time>2022-08-18T12:30:07Z</time>
                                                <extensions>
                            <sog>10.5</sog>
<cog>23.9</cog>
                        </extensions>
                    </trkpt>
                    <trkpt lat="54.36501666666666" lon="10.175136666666667">
                        <ele>0</ele>
                        <time>2022-08-18T12:30:16Z</time>
                                                <extensions>
                            <sog>10.5</sog>
<cog>24.8</cog>
                        </extensions>
                    </trkpt>
                    <trkpt lat="54.36597" lon="10.175946666666666">
                        <ele>0</ele>
                        <time>2022-08-18T12:30:38Z</time>
                                                <extensions>
                            <sog>10.4</sog>
<cog>27.1</cog>
                        </extensions>
                    </trkpt>
                    <trkpt lat="54.366395000000004" lon="10.176335">
                        <ele>0</ele>
                        <time>2022-08-18T12:30:48Z</time>
                                                <extensions>
                            <sog>10.4</sog>
<cog>28.2</cog>
                        </extensions>
                    </trkpt>
                    <trkpt lat="54.366814999999995" lon="10.176736666666667">
                        <ele>0</ele>
                        <time>2022-08-18T12:30:58Z</time>
                                                <extensions>
                            <sog>10.3</sog>
<cog>29.3</cog>
                        </extensions>
                    </trkpt>
                    <trkpt lat="54.36718833333334" lon="10.177105000000001">
                        <ele>0</ele>
                        <time>2022-08-18T12:31:07Z</time>
                                                <extensions>
                            <sog>10.3</sog>
<cog>30.1</cog>
                        </extensions>
                    </trkpt>
                    <trkpt lat="54.368053333333336" lon="10.17799">
                        <ele>0</ele>
                        <time>2022-08-18T12:31:27Z</time>
                                                <extensions>
                            <sog>10.3</sog>
<cog>31.0</cog>
                        </extensions>
                    </trkpt>
                    <trkpt lat="54.36846333333334" lon="10.178411666666667">
                        <ele>0</ele>
                        <time>2022-08-18T12:31:38Z</time>
                                                <extensions>
                            <sog>10.3</sog>
<cog>30.9</cog>
                        </extensions>
                    </trkpt>
                    <trkpt lat="54.368875" lon="10.178833333333333">
                        <ele>0</ele>
                        <time>2022-08-18T12:31:48Z</time>
                                                <extensions>
                            <sog>10.3</sog>
<cog>30.7</cog>
                        </extensions>
                    </trkpt>
                    <trkpt lat="54.369695" lon="10.179673333333334">
                        <ele>0</ele>
                        <time>2022-08-18T12:32:08Z</time>
                                                <extensions>
                            <sog>10.3</sog>
<cog>31.0</cog>
                        </extensions>
                    </trkpt>
                    <trkpt lat="54.370021666666666" lon="10.180010000000001">
                        <ele>0</ele>
                        <time>2022-08-18T12:32:16Z</time>
                                                <extensions>
                            <sog>10.3</sog>
<cog>31.1</cog>
                        </extensions>
                    </trkpt>
                    <trkpt lat="54.370913333333334" lon="10.180941666666666">
                        <ele>0</ele>
                        <time>2022-08-18T12:32:38Z</time>
                                                <extensions>
                            <sog>10.2</sog>
<cog>31.3</cog>
                        </extensions>
                    </trkpt>
                    <trkpt lat="54.37132" lon="10.181365">
                        <ele>0</ele>
                        <time>2022-08-18T12:32:48Z</time>
                                                <extensions>
                            <sog>10.2</sog>
<cog>31.2</cog>
                        </extensions>
                    </trkpt>
                    <trkpt lat="54.37213" lon="10.182203333333332">
                        <ele>0</ele>
                        <time>2022-08-18T12:33:08Z</time>
                                                <extensions>
                            <sog>10.2</sog>
<cog>31.1</cog>
                        </extensions>
                    </trkpt>
                    <trkpt lat="54.372454999999995" lon="10.182536666666666">
                        <ele>0</ele>
                        <time>2022-08-18T12:33:16Z</time>
                                                <extensions>
                            <sog>10.2</sog>
<cog>31.0</cog>
                        </extensions>
                    </trkpt>
                    <trkpt lat="54.37294" lon="10.183038333333334">
                        <ele>0</ele>
                        <time>2022-08-18T12:33:27Z</time>
                                                <extensions>
                            <sog>10.2</sog>
<cog>31.1</cog>
                        </extensions>
                    </trkpt>
                    <trkpt lat="54.37334166666667" lon="10.183456666666666">
                        <ele>0</ele>
                        <time>2022-08-18T12:33:38Z</time>
                                                <extensions>
                            <sog>10.1</sog>
<cog>31.2</cog>
                        </extensions>
                    </trkpt>
                    <trkpt lat="54.373745" lon="10.183876666666666">
                        <ele>0</ele>
                        <time>2022-08-18T12:33:48Z</time>
                                                <extensions>
                            <sog>10.1</sog>
<cog>31.3</cog>
                        </extensions>
                    </trkpt>
                    <trkpt lat="54.37455" lon="10.184713333333333">
                        <ele>0</ele>
                        <time>2022-08-18T12:34:08Z</time>
                                                <extensions>
                            <sog>10.2</sog>
<cog>31.3</cog>
                        </extensions>
                    </trkpt>
                    <trkpt lat="54.37531333333333" lon="10.185511666666667">
                        <ele>0</ele>
                        <time>2022-08-18T12:34:27Z</time>
                                                <extensions>
                            <sog>10.1</sog>
<cog>31.4</cog>
                        </extensions>
                    </trkpt>
                    <trkpt lat="54.37575666666667" lon="10.185976666666667">
                        <ele>0</ele>
                        <time>2022-08-18T12:34:38Z</time>
                                                <extensions>
                            <sog>10.1</sog>
<cog>31.5</cog>
                        </extensions>
                    </trkpt>
                    <trkpt lat="54.376158333333336" lon="10.186398333333333">
                        <ele>0</ele>
                        <time>2022-08-18T12:34:48Z</time>
                                                <extensions>
                            <sog>10.1</sog>
<cog>31.5</cog>
                        </extensions>
                    </trkpt>
                    <trkpt lat="54.376961666666666" lon="10.187241666666667">
                        <ele>0</ele>
                        <time>2022-08-18T12:35:08Z</time>
                                                <extensions>
                            <sog>10.2</sog>
<cog>31.4</cog>
                        </extensions>
                    </trkpt>
                    <trkpt lat="54.37728333333334" lon="10.187576666666667">
                        <ele>0</ele>
                        <time>2022-08-18T12:35:16Z</time>
                                                <extensions>
                            <sog>10.2</sog>
<cog>31.3</cog>
                        </extensions>
                    </trkpt>
                    <trkpt lat="54.37772666666667" lon="10.18804">
                        <ele>0</ele>
                        <time>2022-08-18T12:35:27Z</time>
                                                <extensions>
                            <sog>10.2</sog>
<cog>31.3</cog>
                        </extensions>
                    </trkpt>
                    <trkpt lat="54.378130000000006" lon="10.18846">
                        <ele>0</ele>
                        <time>2022-08-18T12:35:37Z</time>
                                                <extensions>
                            <sog>10.2</sog>
<cog>31.3</cog>
                        </extensions>
                    </trkpt>
                    <trkpt lat="54.378571666666666" lon="10.188923333333333">
                        <ele>0</ele>
                        <time>2022-08-18T12:35:48Z</time>
                                                <extensions>
                            <sog>10.2</sog>
<cog>31.4</cog>
                        </extensions>
                    </trkpt>
                    <trkpt lat="54.379376666666666" lon="10.189768333333335">
                        <ele>0</ele>
                        <time>2022-08-18T12:36:08Z</time>
                                                <extensions>
                            <sog>10.2</sog>
<cog>31.5</cog>
                        </extensions>
                    </trkpt>
                    <trkpt lat="54.37969833333333" lon="10.190104999999999">
                        <ele>0</ele>
                        <time>2022-08-18T12:36:16Z</time>
                                                <extensions>
                            <sog>10.2</sog>
<cog>31.5</cog>
                        </extensions>
                    </trkpt>
                    <trkpt lat="54.38014166666667" lon="10.190570000000001">
                        <ele>0</ele>
                        <time>2022-08-18T12:36:27Z</time>
                                                <extensions>
                            <sog>10.2</sog>
<cog>31.5</cog>
                        </extensions>
                    </trkpt>
                    <trkpt lat="54.380543333333335" lon="10.190991666666667">
                        <ele>0</ele>
                        <time>2022-08-18T12:36:37Z</time>
                                                <extensions>
                            <sog>10.2</sog>
<cog>31.4</cog>
                        </extensions>
                    </trkpt>
                    <trkpt lat="54.380986666666665" lon="10.191455">
                        <ele>0</ele>
                        <time>2022-08-18T12:36:48Z</time>
                                                <extensions>
                            <sog>10.2</sog>
<cog>31.3</cog>
                        </extensions>
                    </trkpt>
                    <trkpt lat="54.381793333333334" lon="10.192296666666666">
                        <ele>0</ele>
                        <time>2022-08-18T12:37:08Z</time>
                                                <extensions>
                            <sog>10.2</sog>
<cog>31.3</cog>
                        </extensions>
                    </trkpt>
                    <trkpt lat="54.382115" lon="10.192631666666667">
                        <ele>0</ele>
                        <time>2022-08-18T12:37:16Z</time>
                                                <extensions>
                            <sog>10.2</sog>
<cog>31.3</cog>
                        </extensions>
                    </trkpt>
                    <trkpt lat="54.382556666666666" lon="10.193095">
                        <ele>0</ele>
                        <time>2022-08-18T12:37:27Z</time>
                                                <extensions>
                            <sog>10.1</sog>
<cog>31.4</cog>
                        </extensions>
                    </trkpt>
                    <trkpt lat="54.382958333333335" lon="10.193516666666666">
                        <ele>0</ele>
                        <time>2022-08-18T12:37:37Z</time>
                                                <extensions>
                            <sog>10.1</sog>
<cog>31.5</cog>
                        </extensions>
                    </trkpt>
                    <trkpt lat="54.38380166666666" lon="10.194403333333334">
                        <ele>0</ele>
                        <time>2022-08-18T12:37:58Z</time>
                                                <extensions>
                            <sog>10.1</sog>
<cog>31.5</cog>
                        </extensions>
                    </trkpt>
                    <trkpt lat="54.38420166666666" lon="10.194825">
                        <ele>0</ele>
                        <time>2022-08-18T12:38:08Z</time>
                                                <extensions>
                            <sog>10.1</sog>
<cog>31.5</cog>
                        </extensions>
                    </trkpt>
                    <trkpt lat="54.38460333333333" lon="10.195248333333332">
                        <ele>0</ele>
                        <time>2022-08-18T12:38:17Z</time>
                                                <extensions>
                            <sog>10.1</sog>
<cog>31.6</cog>
                        </extensions>
                    </trkpt>
                    <trkpt lat="54.38496333333333" lon="10.195628333333334">
                        <ele>0</ele>
                        <time>2022-08-18T12:38:27Z</time>
                                                <extensions>
                            <sog>10.1</sog>
<cog>31.6</cog>
                        </extensions>
                    </trkpt>
                    <trkpt lat="54.38536333333333" lon="10.196051666666667">
                        <ele>0</ele>
                        <time>2022-08-18T12:38:37Z</time>
                                                <extensions>
                            <sog>10.1</sog>
<cog>31.7</cog>
                        </extensions>
                    </trkpt>
                    <trkpt lat="54.385803333333335" lon="10.196518333333334">
                        <ele>0</ele>
                        <time>2022-08-18T12:38:48Z</time>
                                                <extensions>
                            <sog>10.1</sog>
<cog>31.7</cog>
                        </extensions>
                    </trkpt>
                    <trkpt lat="54.386201666666665" lon="10.196943333333333">
                        <ele>0</ele>
                        <time>2022-08-18T12:38:58Z</time>
                                                <extensions>
                            <sog>10.1</sog>
<cog>31.8</cog>
                        </extensions>
                    </trkpt>
                    <trkpt lat="54.38660166666667" lon="10.197368333333333">
                        <ele>0</ele>
                        <time>2022-08-18T12:39:08Z</time>
                                                <extensions>
                            <sog>10.1</sog>
<cog>31.8</cog>
                        </extensions>
                    </trkpt>
                    <trkpt lat="54.387370000000004" lon="10.19815">
                        <ele>0</ele>
                        <time>2022-08-18T12:39:27Z</time>
                                                <extensions>
                            <sog>10.1</sog>
<cog>29.9</cog>
                        </extensions>
                    </trkpt>
                    <trkpt lat="54.38777833333334" lon="10.198543333333333">
                        <ele>0</ele>
                        <time>2022-08-18T12:39:37Z</time>
                                                <extensions>
                            <sog>10.1</sog>
<cog>29.3</cog>
                        </extensions>
                    </trkpt>
                    <trkpt lat="54.38823166666667" lon="10.198968333333333">
                        <ele>0</ele>
                        <time>2022-08-18T12:39:48Z</time>
                                                <extensions>
                            <sog>10.1</sog>
<cog>28.2</cog>
                        </extensions>
                    </trkpt>
                    <trkpt lat="54.388985000000005" lon="10.199633333333333">
                        <ele>0</ele>
                        <time>2022-08-18T12:40:06Z</time>
                                                <extensions>
                            <sog>10.2</sog>
<cog>26.7</cog>
                        </extensions>
                    </trkpt>
                    <trkpt lat="54.389496666666666" lon="10.200058333333335">
                        <ele>0</ele>
                        <time>2022-08-18T12:40:17Z</time>
                                                <extensions>
                            <sog>10.2</sog>
<cog>25.6</cog>
                        </extensions>
                    </trkpt>
                    <trkpt lat="54.38988666666667" lon="10.200365">
                        <ele>0</ele>
                        <time>2022-08-18T12:40:27Z</time>
                                                <extensions>
                            <sog>10.3</sog>
<cog>24.4</cog>
                        </extensions>
                    </trkpt>
                    <trkpt lat="54.39032833333333" lon="10.200693333333334">
                        <ele>0</ele>
                        <time>2022-08-18T12:40:37Z</time>
                                                <extensions>
                            <sog>10.4</sog>
<cog>23.3</cog>
                        </extensions>
                    </trkpt>
                    <trkpt lat="54.39082166666667" lon="10.20104">
                        <ele>0</ele>
                        <time>2022-08-18T12:40:48Z</time>
                                                <extensions>
                            <sog>10.5</sog>
<cog>21.9</cog>
                        </extensions>
                    </trkpt>
                    <trkpt lat="54.39127666666666" lon="10.201341666666668">
                        <ele>0</ele>
                        <time>2022-08-18T12:40:58Z</time>
                                                <extensions>
                            <sog>10.5</sog>
<cog>20.9</cog>
                        </extensions>
                    </trkpt>
                    <trkpt lat="54.391645000000004" lon="10.201573333333332">
                        <ele>0</ele>
                        <time>2022-08-18T12:41:06Z</time>
                                                <extensions>
                            <sog>10.6</sog>
<cog>19.8</cog>
                        </extensions>
                    </trkpt>
                    <trkpt lat="54.39220666666667" lon="10.2019">
                        <ele>0</ele>
                        <time>2022-08-18T12:41:17Z</time>
                                                <extensions>
                            <sog>10.7</sog>
<cog>18.4</cog>
                        </extensions>
                    </trkpt>
                    <trkpt lat="54.392633333333336" lon="10.202128333333333">
                        <ele>0</ele>
                        <time>2022-08-18T12:41:27Z</time>
                                                <extensions>
                            <sog>10.7</sog>
<cog>17.1</cog>
                        </extensions>
                    </trkpt>
                    <trkpt lat="54.39311166666666" lon="10.202368333333334">
                        <ele>0</ele>
                        <time>2022-08-18T12:41:37Z</time>
                                                <extensions>
                            <sog>10.8</sog>
<cog>16.0</cog>
                        </extensions>
                    </trkpt>
                    <trkpt lat="54.39364333333333" lon="10.202613333333334">
                        <ele>0</ele>
                        <time>2022-08-18T12:41:48Z</time>
                                                <extensions>
                            <sog>10.8</sog>
<cog>14.8</cog>
                        </extensions>
                    </trkpt>
                    <trkpt lat="54.394525" lon="10.202976666666666">
                        <ele>0</ele>
                        <time>2022-08-18T12:42:06Z</time>
                                                <extensions>
                            <sog>10.9</sog>
<cog>12.8</cog>
                        </extensions>
                    </trkpt>
                    <trkpt lat="54.395115000000004" lon="10.203191666666667">
                        <ele>0</ele>
                        <time>2022-08-18T12:42:17Z</time>
                                                <extensions>
                            <sog>10.8</sog>
<cog>11.6</cog>
                        </extensions>
                    </trkpt>
                    <trkpt lat="54.395554999999995" lon="10.203339999999999">
                        <ele>0</ele>
                        <time>2022-08-18T12:42:27Z</time>
                                                <extensions>
                            <sog>10.7</sog>
<cog>11.0</cog>
                        </extensions>
                    </trkpt>
                    <trkpt lat="54.39604166666666" lon="10.203498333333332">
                        <ele>0</ele>
                        <time>2022-08-18T12:42:37Z</time>
                                                <extensions>
                            <sog>10.7</sog>
<cog>10.7</cog>
                        </extensions>
                    </trkpt>
                    <trkpt lat="54.396525" lon="10.203651666666667">
                        <ele>0</ele>
                        <time>2022-08-18T12:42:47Z</time>
                                                <extensions>
                            <sog>10.6</sog>
<cog>10.5</cog>
                        </extensions>
                    </trkpt>
                    <trkpt lat="54.39705666666667" lon="10.203816666666667">
                        <ele>0</ele>
                        <time>2022-08-18T12:42:58Z</time>
                                                <extensions>
                            <sog>10.5</sog>
<cog>10.2</cog>
                        </extensions>
                    </trkpt>
                    <trkpt lat="54.397439999999996" lon="10.203931666666668">
                        <ele>0</ele>
                        <time>2022-08-18T12:43:06Z</time>
                                                <extensions>
                            <sog>10.5</sog>
<cog>9.8</cog>
                        </extensions>
                    </trkpt>
                    <trkpt lat="54.39801666666666" lon="10.2041">
                        <ele>0</ele>
                        <time>2022-08-18T12:43:17Z</time>
                                                <extensions>
                            <sog>10.5</sog>
<cog>9.5</cog>
                        </extensions>
                    </trkpt>
                    <trkpt lat="54.398445" lon="10.204221666666665">
                        <ele>0</ele>
                        <time>2022-08-18T12:43:27Z</time>
                                                <extensions>
                            <sog>10.4</sog>
<cog>9.3</cog>
                        </extensions>
                    </trkpt>
                    <trkpt lat="54.398921666666666" lon="10.204353333333334">
                        <ele>0</ele>
                        <time>2022-08-18T12:43:37Z</time>
                                                <extensions>
                            <sog>10.4</sog>
<cog>9.1</cog>
                        </extensions>
                    </trkpt>
                    <trkpt lat="54.399395" lon="10.204483333333334">
                        <ele>0</ele>
                        <time>2022-08-18T12:43:47Z</time>
                                                <extensions>
                            <sog>10.3</sog>
<cog>9.3</cog>
                        </extensions>
                    </trkpt>
                    <trkpt lat="54.39986333333333" lon="10.204625">
                        <ele>0</ele>
                        <time>2022-08-18T12:43:57Z</time>
                                                <extensions>
                            <sog>10.3</sog>
<cog>9.9</cog>
                        </extensions>
                    </trkpt>
                    <trkpt lat="54.40028333333333" lon="10.204761666666666">
                        <ele>0</ele>
                        <time>2022-08-18T12:44:06Z</time>
                                                <extensions>
                            <sog>10.2</sog>
<cog>10.9</cog>
                        </extensions>
                    </trkpt>
                    <trkpt lat="54.401255" lon="10.20511">
                        <ele>0</ele>
                        <time>2022-08-18T12:44:27Z</time>
                                                <extensions>
                            <sog>10.2</sog>
<cog>12.5</cog>
                        </extensions>
                    </trkpt>
                    <trkpt lat="54.40171333333333" lon="10.205291666666666">
                        <ele>0</ele>
                        <time>2022-08-18T12:44:37Z</time>
                                                <extensions>
                            <sog>10.1</sog>
<cog>13.1</cog>
                        </extensions>
                    </trkpt>
                    <trkpt lat="54.40217" lon="10.205488333333333">
                        <ele>0</ele>
                        <time>2022-08-18T12:44:47Z</time>
                                                <extensions>
                            <sog>10.1</sog>
<cog>14.3</cog>
                        </extensions>
                    </trkpt>
                    <trkpt lat="54.40262333333333" lon="10.205698333333334">
                        <ele>0</ele>
                        <time>2022-08-18T12:44:57Z</time>
                                                <extensions>
                            <sog>10.1</sog>
<cog>15.1</cog>
                        </extensions>
                    </trkpt>
                    <trkpt lat="54.403029999999994" lon="10.205895">
                        <ele>0</ele>
                        <time>2022-08-18T12:45:06Z</time>
                                                <extensions>
                            <sog>10.1</sog>
<cog>16.0</cog>
                        </extensions>
                    </trkpt>
                    <trkpt lat="54.403479999999995" lon="10.206121666666666">
                        <ele>0</ele>
                        <time>2022-08-18T12:45:16Z</time>
                                                <extensions>
                            <sog>10.1</sog>
<cog>16.3</cog>
                        </extensions>
                    </trkpt>
                    <trkpt lat="54.40397666666667" lon="10.206376666666667">
                        <ele>0</ele>
                        <time>2022-08-18T12:45:27Z</time>
                                                <extensions>
                            <sog>10.2</sog>
<cog>16.6</cog>
                        </extensions>
                    </trkpt>
                    <trkpt lat="54.40443166666667" lon="10.206610000000001">
                        <ele>0</ele>
                        <time>2022-08-18T12:45:37Z</time>
                                                <extensions>
                            <sog>10.2</sog>
<cog>16.7</cog>
                        </extensions>
                    </trkpt>
                    <trkpt lat="54.40488666666667" lon="10.20685">
                        <ele>0</ele>
                        <time>2022-08-18T12:45:47Z</time>
                                                <extensions>
                            <sog>10.3</sog>
<cog>17.2</cog>
                        </extensions>
                    </trkpt>
                    <trkpt lat="54.405345000000004" lon="10.207098333333333">
                        <ele>0</ele>
                        <time>2022-08-18T12:45:57Z</time>
                                                <extensions>
                            <sog>10.4</sog>
<cog>17.5</cog>
                        </extensions>
                    </trkpt>
                    <trkpt lat="54.40580833333333" lon="10.207353333333334">
                        <ele>0</ele>
                        <time>2022-08-18T12:46:07Z</time>
                                                <extensions>
                            <sog>10.5</sog>
<cog>17.8</cog>
                        </extensions>
                    </trkpt>
                    <trkpt lat="54.40622666666666" lon="10.207586666666666">
                        <ele>0</ele>
                        <time>2022-08-18T12:46:16Z</time>
                                                <extensions>
                            <sog>10.6</sog>
<cog>18.0</cog>
                        </extensions>
                    </trkpt>
                    <trkpt lat="54.406745" lon="10.207876666666667">
                        <ele>0</ele>
                        <time>2022-08-18T12:46:27Z</time>
                                                <extensions>
                            <sog>10.7</sog>
<cog>18.0</cog>
                        </extensions>
                    </trkpt>
                    <trkpt lat="54.40722" lon="10.208141666666668">
                        <ele>0</ele>
                        <time>2022-08-18T12:46:37Z</time>
                                                <extensions>
                            <sog>10.8</sog>
<cog>17.9</cog>
                        </extensions>
                    </trkpt>
                    <trkpt lat="54.40769833333333" lon="10.208408333333333">
                        <ele>0</ele>
                        <time>2022-08-18T12:46:47Z</time>
                                                <extensions>
                            <sog>10.9</sog>
<cog>18.0</cog>
                        </extensions>
                    </trkpt>
                    <trkpt lat="54.40818" lon="10.208678333333333">
                        <ele>0</ele>
                        <time>2022-08-18T12:46:57Z</time>
                                                <extensions>
                            <sog>10.9</sog>
<cog>18.0</cog>
                        </extensions>
                    </trkpt>
                    <trkpt lat="54.408665" lon="10.20895">
                        <ele>0</ele>
                        <time>2022-08-18T12:47:07Z</time>
                                                <extensions>
                            <sog>11.0</sog>
<cog>18.2</cog>
                        </extensions>
                    </trkpt>
                    <trkpt lat="54.409101666666665" lon="10.209198333333335">
                        <ele>0</ele>
                        <time>2022-08-18T12:47:16Z</time>
                                                <extensions>
                            <sog>11.0</sog>
<cog>18.2</cog>
                        </extensions>
                    </trkpt>
                    <trkpt lat="54.40963833333333" lon="10.209503333333334">
                        <ele>0</ele>
                        <time>2022-08-18T12:47:27Z</time>
                                                <extensions>
                            <sog>11.1</sog>
<cog>18.3</cog>
                        </extensions>
                    </trkpt>
                    <trkpt lat="54.41013" lon="10.209781666666666">
                        <ele>0</ele>
                        <time>2022-08-18T12:47:37Z</time>
                                                <extensions>
                            <sog>11.1</sog>
<cog>18.3</cog>
                        </extensions>
                    </trkpt>
                    <trkpt lat="54.410623333333334" lon="10.210061666666666">
                        <ele>0</ele>
                        <time>2022-08-18T12:47:47Z</time>
                                                <extensions>
                            <sog>11.2</sog>
<cog>18.3</cog>
                        </extensions>
                    </trkpt>
                    <trkpt lat="54.411121666666666" lon="10.210343333333332">
                        <ele>0</ele>
                        <time>2022-08-18T12:47:57Z</time>
                                                <extensions>
                            <sog>11.3</sog>
<cog>18.2</cog>
                        </extensions>
                    </trkpt>
                    <trkpt lat="54.41162333333333" lon="10.210628333333334">
                        <ele>0</ele>
                        <time>2022-08-18T12:48:07Z</time>
                                                <extensions>
                            <sog>11.4</sog>
<cog>18.2</cog>
                        </extensions>
                    </trkpt>
                    <trkpt lat="54.41264666666667" lon="10.211213333333335">
                        <ele>0</ele>
                        <time>2022-08-18T12:48:27Z</time>
                                                <extensions>
                            <sog>11.7</sog>
<cog>18.9</cog>
                        </extensions>
                    </trkpt>
                    <trkpt lat="54.41316333333334" lon="10.211526666666666">
                        <ele>0</ele>
                        <time>2022-08-18T12:48:36Z</time>
                                                <extensions>
                            <sog>11.9</sog>
<cog>19.5</cog>
                        </extensions>
                    </trkpt>
                    <trkpt lat="54.41368666666666" lon="10.211866666666667">
                        <ele>0</ele>
                        <time>2022-08-18T12:48:47Z</time>
                                                <extensions>
                            <sog>12.1</sog>
<cog>20.8</cog>
                        </extensions>
                    </trkpt>
                    <trkpt lat="54.41421833333333" lon="10.212211666666667">
                        <ele>0</ele>
                        <time>2022-08-18T12:48:57Z</time>
                                                <extensions>
                            <sog>12.3</sog>
<cog>20.8</cog>
                        </extensions>
                    </trkpt>
                    <trkpt lat="54.41475666666667" lon="10.212583333333333">
                        <ele>0</ele>
                        <time>2022-08-18T12:49:07Z</time>
                                                <extensions>
                            <sog>12.6</sog>
<cog>22.0</cog>
                        </extensions>
                    </trkpt>
                    <trkpt lat="54.41525" lon="10.212931666666666">
                        <ele>0</ele>
                        <time>2022-08-18T12:49:16Z</time>
                                                <extensions>
                            <sog>12.8</sog>
<cog>22.5</cog>
                        </extensions>
                    </trkpt>
                    <trkpt lat="54.416985" lon="10.214293333333334">
                        <ele>0</ele>
                        <time>2022-08-18T12:49:47Z</time>
                                                <extensions>
                            <sog>13.6</sog>
<cog>25.6</cog>
                        </extensions>
                    </trkpt>
                    <trkpt lat="54.41813333333334" lon="10.215288333333332">
                        <ele>0</ele>
                        <time>2022-08-18T12:50:07Z</time>
                                                <extensions>
                            <sog>14.0</sog>
<cog>27.4</cog>
                        </extensions>
                    </trkpt>
                    <trkpt lat="54.41877" lon="10.215876666666666">
                        <ele>0</ele>
                        <time>2022-08-18T12:50:17Z</time>
                                                <extensions>
                            <sog>14.2</sog>
<cog>28.6</cog>
                        </extensions>
                    </trkpt>
                    <trkpt lat="54.418885" lon="10.215986666666668">
                        <ele>0</ele>
                        <time>2022-08-18T12:50:19Z</time>
                                                <extensions>
                            <sog>14.3</sog>
<cog>28.9</cog>
                        </extensions>
                    </trkpt>
                    <trkpt lat="54.419175" lon="10.216268333333334">
                        <ele>0</ele>
                        <time>2022-08-18T12:50:25Z</time>
                                                <extensions>
                            <sog>14.3</sog>
<cog>29.4</cog>
                        </extensions>
                    </trkpt>
                    <trkpt lat="54.419581666666666" lon="10.216671666666667">
                        <ele>0</ele>
                        <time>2022-08-18T12:50:31Z</time>
                                                <extensions>
                            <sog>14.5</sog>
<cog>30.1</cog>
                        </extensions>
                    </trkpt>
                    <trkpt lat="54.41987166666667" lon="10.216966666666668">
                        <ele>0</ele>
                        <time>2022-08-18T12:50:36Z</time>
                                                <extensions>
                            <sog>14.6</sog>
<cog>30.7</cog>
                        </extensions>
                    </trkpt>
                    <trkpt lat="54.420278333333336" lon="10.21739">
                        <ele>0</ele>
                        <time>2022-08-18T12:50:43Z</time>
                                                <extensions>
                            <sog>14.7</sog>
<cog>31.2</cog>
                        </extensions>
                    </trkpt>
                    <trkpt lat="54.42045333333333" lon="10.217575">
                        <ele>0</ele>
                        <time>2022-08-18T12:50:47Z</time>
                                                <extensions>
                            <sog>14.7</sog>
<cog>31.4</cog>
                        </extensions>
                    </trkpt>
                    <trkpt lat="54.42062833333333" lon="10.21776">
                        <ele>0</ele>
                        <time>2022-08-18T12:50:50Z</time>
                                                <extensions>
                            <sog>14.8</sog>
<cog>31.6</cog>
                        </extensions>
                    </trkpt>
                    <trkpt lat="54.42092" lon="10.218073333333333">
                        <ele>0</ele>
                        <time>2022-08-18T12:50:54Z</time>
                                                <extensions>
                            <sog>14.9</sog>
<cog>31.9</cog>
                        </extensions>
                    </trkpt>
                    <trkpt lat="54.42198333333333" lon="10.219218333333334">
                        <ele>0</ele>
                        <time>2022-08-18T12:51:12Z</time>
                                                <extensions>
                            <sog>15.1</sog>
<cog>32.2</cog>
                        </extensions>
                    </trkpt>
                    <trkpt lat="54.4224" lon="10.21967">
                        <ele>0</ele>
                        <time>2022-08-18T12:51:19Z</time>
                                                <extensions>
                            <sog>15.2</sog>
<cog>32.2</cog>
                        </extensions>
                    </trkpt>
                    <trkpt lat="54.4227" lon="10.219996666666667">
                        <ele>0</ele>
                        <time>2022-08-18T12:51:25Z</time>
                                                <extensions>
                            <sog>15.3</sog>
<cog>32.3</cog>
                        </extensions>
                    </trkpt>
                    <trkpt lat="54.423118333333335" lon="10.220456666666667">
                        <ele>0</ele>
                        <time>2022-08-18T12:51:31Z</time>
                                                <extensions>
                            <sog>15.3</sog>
<cog>32.6</cog>
                        </extensions>
                    </trkpt>
                    <trkpt lat="54.423478333333335" lon="10.220855">
                        <ele>0</ele>
                        <time>2022-08-18T12:51:37Z</time>
                                                <extensions>
                            <sog>15.4</sog>
<cog>32.7</cog>
                        </extensions>
                    </trkpt>
                    <trkpt lat="54.423840000000006" lon="10.221256666666667">
                        <ele>0</ele>
                        <time>2022-08-18T12:51:43Z</time>
                                                <extensions>
                            <sog>15.5</sog>
<cog>32.9</cog>
                        </extensions>
                    </trkpt>
                    <trkpt lat="54.42420166666667" lon="10.221660000000002">
                        <ele>0</ele>
                        <time>2022-08-18T12:51:50Z</time>
                                                <extensions>
                            <sog>15.5</sog>
<cog>33.1</cog>
                        </extensions>
                    </trkpt>
                    <trkpt lat="54.42486666666667" lon="10.222406666666666">
                        <ele>0</ele>
                        <time>2022-08-18T12:52:00Z</time>
                                                <extensions>
                            <sog>15.6</sog>
<cog>33.1</cog>
                        </extensions>
                    </trkpt>
                    <trkpt lat="54.425230000000006" lon="10.222815">
                        <ele>0</ele>
                        <time>2022-08-18T12:52:07Z</time>
                                                <extensions>
                            <sog>15.6</sog>
<cog>33.1</cog>
                        </extensions>
                    </trkpt>
                    <trkpt lat="54.42559666666667" lon="10.223223333333333">
                        <ele>0</ele>
                        <time>2022-08-18T12:52:12Z</time>
                                                <extensions>
                            <sog>15.7</sog>
<cog>33.0</cog>
                        </extensions>
                    </trkpt>
                    <trkpt lat="54.42602333333333" lon="10.223700000000001">
                        <ele>0</ele>
                        <time>2022-08-18T12:52:19Z</time>
                                                <extensions>
                            <sog>15.7</sog>
<cog>33.0</cog>
                        </extensions>
                    </trkpt>
                    <trkpt lat="54.42633" lon="10.224043333333332">
                        <ele>0</ele>
                        <time>2022-08-18T12:52:25Z</time>
                                                <extensions>
                            <sog>15.8</sog>
<cog>33.2</cog>
                        </extensions>
                    </trkpt>
                    <trkpt lat="54.42675666666666" lon="10.224528333333334">
                        <ele>0</ele>
                        <time>2022-08-18T12:52:31Z</time>
                                                <extensions>
                            <sog>15.8</sog>
<cog>33.5</cog>
                        </extensions>
                    </trkpt>
                    <trkpt lat="54.427119999999995" lon="10.224953333333334">
                        <ele>0</ele>
                        <time>2022-08-18T12:52:37Z</time>
                                                <extensions>
                            <sog>15.8</sog>
<cog>34.3</cog>
                        </extensions>
                    </trkpt>
                    <trkpt lat="54.42742166666667" lon="10.22531">
                        <ele>0</ele>
                        <time>2022-08-18T12:52:43Z</time>
                                                <extensions>
                            <sog>15.8</sog>
<cog>34.5</cog>
                        </extensions>
                    </trkpt>
                    <trkpt lat="54.427843333333335" lon="10.225818333333333">
                        <ele>0</ele>
                        <time>2022-08-18T12:52:50Z</time>
                                                <extensions>
                            <sog>15.9</sog>
<cog>35.1</cog>
                        </extensions>
                    </trkpt>
                    <trkpt lat="54.42814333333333" lon="10.226186666666667">
                        <ele>0</ele>
                        <time>2022-08-18T12:52:54Z</time>
                                                <extensions>
                            <sog>15.9</sog>
<cog>35.5</cog>
                        </extensions>
                    </trkpt>
                    <trkpt lat="54.428505" lon="10.226626666666668">
                        <ele>0</ele>
                        <time>2022-08-18T12:53:00Z</time>
                                                <extensions>
                            <sog>16.0</sog>
<cog>35.3</cog>
                        </extensions>
                    </trkpt>
                    <trkpt lat="54.42892833333334" lon="10.227143333333334">
                        <ele>0</ele>
                        <time>2022-08-18T12:53:07Z</time>
                                                <extensions>
                            <sog>16.0</sog>
<cog>35.5</cog>
                        </extensions>
                    </trkpt>
                    <trkpt lat="54.429228333333334" lon="10.227516666666666">
                        <ele>0</ele>
                        <time>2022-08-18T12:53:12Z</time>
                                                <extensions>
                            <sog>16.0</sog>
<cog>35.9</cog>
                        </extensions>
                    </trkpt>
                    <trkpt lat="54.42964833333333" lon="10.228041666666666">
                        <ele>0</ele>
                        <time>2022-08-18T12:53:19Z</time>
                                                <extensions>
                            <sog>16.0</sog>
<cog>36.0</cog>
                        </extensions>
                    </trkpt>
                    <trkpt lat="54.42994833333333" lon="10.22842">
                        <ele>0</ele>
                        <time>2022-08-18T12:53:25Z</time>
                                                <extensions>
                            <sog>16.0</sog>
<cog>36.4</cog>
                        </extensions>
                    </trkpt>
                    <trkpt lat="54.43036166666666" lon="10.228964999999999">
                        <ele>0</ele>
                        <time>2022-08-18T12:53:31Z</time>
                                                <extensions>
                            <sog>16.1</sog>
<cog>37.4</cog>
                        </extensions>
                    </trkpt>
                    <trkpt lat="54.431075" lon="10.229901666666667">
                        <ele>0</ele>
                        <time>2022-08-18T12:53:43Z</time>
                                                <extensions>
                            <sog>16.2</sog>
<cog>37.5</cog>
                        </extensions>
                    </trkpt>
                    <trkpt lat="54.43143" lon="10.230378333333334">
                        <ele>0</ele>
                        <time>2022-08-18T12:53:50Z</time>
                                                <extensions>
                            <sog>16.2</sog>
<cog>37.9</cog>
                        </extensions>
                    </trkpt>
                    <trkpt lat="54.43172666666667" lon="10.230773333333333">
                        <ele>0</ele>
                        <time>2022-08-18T12:53:54Z</time>
                                                <extensions>
                            <sog>16.2</sog>
<cog>37.7</cog>
                        </extensions>
                    </trkpt>
                    <trkpt lat="54.431846666666665" lon="10.23093">
                        <ele>0</ele>
                        <time>2022-08-18T12:53:57Z</time>
                                                <extensions>
                            <sog>16.2</sog>
<cog>37.6</cog>
                        </extensions>
                    </trkpt>
                    <trkpt lat="54.432085" lon="10.231246666666667">
                        <ele>0</ele>
                        <time>2022-08-18T12:54:00Z</time>
                                                <extensions>
                            <sog>16.3</sog>
<cog>37.6</cog>
                        </extensions>
                    </trkpt>
                    <trkpt lat="54.43280166666667" lon="10.2322">
                        <ele>0</ele>
                        <time>2022-08-18T12:54:12Z</time>
                                                <extensions>
                            <sog>16.3</sog>
<cog>37.7</cog>
                        </extensions>
                    </trkpt>
                    <trkpt lat="54.43322" lon="10.232756666666667">
                        <ele>0</ele>
                        <time>2022-08-18T12:54:19Z</time>
                                                <extensions>
                            <sog>16.3</sog>
<cog>37.8</cog>
                        </extensions>
                    </trkpt>
                    <trkpt lat="54.43351833333334" lon="10.233156666666668">
                        <ele>0</ele>
                        <time>2022-08-18T12:54:25Z</time>
                                                <extensions>
                            <sog>16.4</sog>
<cog>38.0</cog>
                        </extensions>
                    </trkpt>
                    <trkpt lat="54.43387833333334" lon="10.233640000000001">
                        <ele>0</ele>
                        <time>2022-08-18T12:54:31Z</time>
                                                <extensions>
                            <sog>16.4</sog>
<cog>38.1</cog>
                        </extensions>
                    </trkpt>
                    <trkpt lat="54.434655" lon="10.234693333333333">
                        <ele>0</ele>
                        <time>2022-08-18T12:54:43Z</time>
                                                <extensions>
                            <sog>16.4</sog>
<cog>38.4</cog>
                        </extensions>
                    </trkpt>
                    <trkpt lat="54.43501333333334" lon="10.235183333333334">
                        <ele>0</ele>
                        <time>2022-08-18T12:54:50Z</time>
                                                <extensions>
                            <sog>16.5</sog>
<cog>38.5</cog>
                        </extensions>
                    </trkpt>
                    <trkpt lat="54.435311666666664" lon="10.235591666666666">
                        <ele>0</ele>
                        <time>2022-08-18T12:54:54Z</time>
                                                <extensions>
                            <sog>16.5</sog>
<cog>38.5</cog>
                        </extensions>
                    </trkpt>
                    <trkpt lat="54.435431666666666" lon="10.235755000000001">
                        <ele>0</ele>
                        <time>2022-08-18T12:54:57Z</time>
                                                <extensions>
                            <sog>16.5</sog>
<cog>38.5</cog>
                        </extensions>
                    </trkpt>
                    <trkpt lat="54.435671666666664" lon="10.236083333333333">
                        <ele>0</ele>
                        <time>2022-08-18T12:55:00Z</time>
                                                <extensions>
                            <sog>16.5</sog>
<cog>38.6</cog>
                        </extensions>
                    </trkpt>
                    <trkpt lat="54.43609166666667" lon="10.236656666666667">
                        <ele>0</ele>
                        <time>2022-08-18T12:55:07Z</time>
                                                <extensions>
                            <sog>16.6</sog>
<cog>38.5</cog>
                        </extensions>
                    </trkpt>
                    <trkpt lat="54.436391666666665" lon="10.237066666666667">
                        <ele>0</ele>
                        <time>2022-08-18T12:55:13Z</time>
                                                <extensions>
                            <sog>16.6</sog>
<cog>38.4</cog>
                        </extensions>
                    </trkpt>
                    <trkpt lat="54.436815" lon="10.237641666666667">
                        <ele>0</ele>
                        <time>2022-08-18T12:55:19Z</time>
                                                <extensions>
                            <sog>16.6</sog>
<cog>38.3</cog>
                        </extensions>
                    </trkpt>
                    <trkpt lat="54.43711666666666" lon="10.238051666666667">
                        <ele>0</ele>
                        <time>2022-08-18T12:55:25Z</time>
                                                <extensions>
                            <sog>16.6</sog>
<cog>38.2</cog>
                        </extensions>
                    </trkpt>
                    <trkpt lat="54.43748166666667" lon="10.238541666666666">
                        <ele>0</ele>
                        <time>2022-08-18T12:55:31Z</time>
                                                <extensions>
                            <sog>16.7</sog>
<cog>38.1</cog>
                        </extensions>
                    </trkpt>
                    <trkpt lat="54.43790666666666" lon="10.239116666666666">
                        <ele>0</ele>
                        <time>2022-08-18T12:55:37Z</time>
                                                <extensions>
                            <sog>16.7</sog>
<cog>38.2</cog>
                        </extensions>
                    </trkpt>
                    <trkpt lat="54.438271666666665" lon="10.23961">
                        <ele>0</ele>
                        <time>2022-08-18T12:55:43Z</time>
                                                <extensions>
                            <sog>16.7</sog>
<cog>38.2</cog>
                        </extensions>
                    </trkpt>
                    <trkpt lat="54.43863666666667" lon="10.240105">
                        <ele>0</ele>
                        <time>2022-08-18T12:55:50Z</time>
                                                <extensions>
                            <sog>16.7</sog>
<cog>38.3</cog>
                        </extensions>
                    </trkpt>
                    <trkpt lat="54.438941666666665" lon="10.240521666666666">
                        <ele>0</ele>
                        <time>2022-08-18T12:55:54Z</time>
                                                <extensions>
                            <sog>16.8</sog>
<cog>38.5</cog>
                        </extensions>
                    </trkpt>
                    <trkpt lat="54.43906333333334" lon="10.240688333333333">
                        <ele>0</ele>
                        <time>2022-08-18T12:55:57Z</time>
                                                <extensions>
                            <sog>16.8</sog>
<cog>38.5</cog>
                        </extensions>
                    </trkpt>
                    <trkpt lat="54.43930666666667" lon="10.241021666666667">
                        <ele>0</ele>
                        <time>2022-08-18T12:56:00Z</time>
                                                <extensions>
                            <sog>16.8</sog>
<cog>38.6</cog>
                        </extensions>
                    </trkpt>
                    <trkpt lat="54.43973166666667" lon="10.241608333333334">
                        <ele>0</ele>
                        <time>2022-08-18T12:56:07Z</time>
                                                <extensions>
                            <sog>16.8</sog>
<cog>38.7</cog>
                        </extensions>
                    </trkpt>
                    <trkpt lat="54.44040333333333" lon="10.242533333333334">
                        <ele>0</ele>
                        <time>2022-08-18T12:56:18Z</time>
                                                <extensions>
                            <sog>16.9</sog>
<cog>38.7</cog>
                        </extensions>
                    </trkpt>
                    <trkpt lat="54.44077" lon="10.24304">
                        <ele>0</ele>
                        <time>2022-08-18T12:56:25Z</time>
                                                <extensions>
                            <sog>16.9</sog>
<cog>38.7</cog>
                        </extensions>
                    </trkpt>
                    <trkpt lat="54.441138333333335" lon="10.243548333333333">
                        <ele>0</ele>
                        <time>2022-08-18T12:56:31Z</time>
                                                <extensions>
                            <sog>17.0</sog>
<cog>38.8</cog>
                        </extensions>
                    </trkpt>
                    <trkpt lat="54.44156833333333" lon="10.244141666666668">
                        <ele>0</ele>
                        <time>2022-08-18T12:56:37Z</time>
                                                <extensions>
                            <sog>17.0</sog>
<cog>38.7</cog>
                        </extensions>
                    </trkpt>
                    <trkpt lat="54.44193833333333" lon="10.244651666666666">
                        <ele>0</ele>
                        <time>2022-08-18T12:56:43Z</time>
                                                <extensions>
                            <sog>17.1</sog>
<cog>38.7</cog>
                        </extensions>
                    </trkpt>
                    <trkpt lat="54.44224666666666" lon="10.245076666666668">
                        <ele>0</ele>
                        <time>2022-08-18T12:56:49Z</time>
                                                <extensions>
                            <sog>17.1</sog>
<cog>38.8</cog>
                        </extensions>
                    </trkpt>
                    <trkpt lat="54.442618333333336" lon="10.245588333333334">
                        <ele>0</ele>
                        <time>2022-08-18T12:56:54Z</time>
                                                <extensions>
                            <sog>17.1</sog>
<cog>38.7</cog>
                        </extensions>
                    </trkpt>
                    <trkpt lat="54.44274166666666" lon="10.245759999999999">
                        <ele>0</ele>
                        <time>2022-08-18T12:56:57Z</time>
                                                <extensions>
                            <sog>17.1</sog>
<cog>38.7</cog>
                        </extensions>
                    </trkpt>
                    <trkpt lat="54.44299" lon="10.246101666666668">
                        <ele>0</ele>
                        <time>2022-08-18T12:57:00Z</time>
                                                <extensions>
                            <sog>17.2</sog>
<cog>38.7</cog>
                        </extensions>
                    </trkpt>
                    <trkpt lat="54.443425000000005" lon="10.2467">
                        <ele>0</ele>
                        <time>2022-08-18T12:57:07Z</time>
                                                <extensions>
                            <sog>17.2</sog>
<cog>38.7</cog>
                        </extensions>
                    </trkpt>
                    <trkpt lat="54.44373666666667" lon="10.247128333333334">
                        <ele>0</ele>
                        <time>2022-08-18T12:57:13Z</time>
                                                <extensions>
                            <sog>17.2</sog>
<cog>38.7</cog>
                        </extensions>
                    </trkpt>
                    <trkpt lat="54.44411" lon="10.247643333333334">
                        <ele>0</ele>
                        <time>2022-08-18T12:57:18Z</time>
                                                <extensions>
                            <sog>17.3</sog>
<cog>38.6</cog>
                        </extensions>
                    </trkpt>
                    <trkpt lat="54.44448666666666" lon="10.24816">
                        <ele>0</ele>
                        <time>2022-08-18T12:57:25Z</time>
                                                <extensions>
                            <sog>17.3</sog>
<cog>38.7</cog>
                        </extensions>
                    </trkpt>
                    <trkpt lat="54.44486333333334" lon="10.248678333333334">
                        <ele>0</ele>
                        <time>2022-08-18T12:57:31Z</time>
                                                <extensions>
                            <sog>17.3</sog>
<cog>38.7</cog>
                        </extensions>
                    </trkpt>
                    <trkpt lat="54.44524" lon="10.249196666666668">
                        <ele>0</ele>
                        <time>2022-08-18T12:57:37Z</time>
                                                <extensions>
                            <sog>17.4</sog>
<cog>38.6</cog>
                        </extensions>
                    </trkpt>
                    <trkpt lat="54.44561833333333" lon="10.249716666666666">
                        <ele>0</ele>
                        <time>2022-08-18T12:57:43Z</time>
                                                <extensions>
                            <sog>17.4</sog>
<cog>38.7</cog>
                        </extensions>
                    </trkpt>
                    <trkpt lat="54.445996666666666" lon="10.250236666666666">
                        <ele>0</ele>
                        <time>2022-08-18T12:57:49Z</time>
                                                <extensions>
                            <sog>17.5</sog>
<cog>38.7</cog>
                        </extensions>
                    </trkpt>
                    <trkpt lat="54.44643833333334" lon="10.250846666666666">
                        <ele>0</ele>
                        <time>2022-08-18T12:57:55Z</time>
                                                <extensions>
                            <sog>17.5</sog>
<cog>38.7</cog>
                        </extensions>
                    </trkpt>
                    <trkpt lat="54.44650166666667" lon="10.250933333333334">
                        <ele>0</ele>
                        <time>2022-08-18T12:57:57Z</time>
                                                <extensions>
                            <sog>17.5</sog>
<cog>38.7</cog>
                        </extensions>
                    </trkpt>
                    <trkpt lat="54.447135" lon="10.251806666666665">
                        <ele>0</ele>
                        <time>2022-08-18T12:58:07Z</time>
                                                <extensions>
                            <sog>17.5</sog>
<cog>38.7</cog>
                        </extensions>
                    </trkpt>
                    <trkpt lat="54.447514999999996" lon="10.25233">
                        <ele>0</ele>
                        <time>2022-08-18T12:58:13Z</time>
                                                <extensions>
                            <sog>17.5</sog>
<cog>38.7</cog>
                        </extensions>
                    </trkpt>
                    <trkpt lat="54.448276666666665" lon="10.253378333333334">
                        <ele>0</ele>
                        <time>2022-08-18T12:58:25Z</time>
                                                <extensions>
                            <sog>17.6</sog>
<cog>38.7</cog>
                        </extensions>
                    </trkpt>
                    <trkpt lat="54.44865666666667" lon="10.253903333333334">
                        <ele>0</ele>
                        <time>2022-08-18T12:58:31Z</time>
                                                <extensions>
                            <sog>17.6</sog>
<cog>38.7</cog>
                        </extensions>
                    </trkpt>
                    <trkpt lat="54.449036666666665" lon="10.254430000000001">
                        <ele>0</ele>
                        <time>2022-08-18T12:58:37Z</time>
                                                <extensions>
                            <sog>17.6</sog>
<cog>38.8</cog>
                        </extensions>
                    </trkpt>
                    <trkpt lat="54.449418333333334" lon="10.254956666666667">
                        <ele>0</ele>
                        <time>2022-08-18T12:58:43Z</time>
                                                <extensions>
                            <sog>17.6</sog>
<cog>38.9</cog>
                        </extensions>
                    </trkpt>
                    <trkpt lat="54.45024" lon="10.2561">
                        <ele>0</ele>
                        <time>2022-08-18T12:58:55Z</time>
                                                <extensions>
                            <sog>17.6</sog>
<cog>39.0</cog>
                        </extensions>
                    </trkpt>
                    <trkpt lat="54.45030333333333" lon="10.256186666666668">
                        <ele>0</ele>
                        <time>2022-08-18T12:58:57Z</time>
                                                <extensions>
                            <sog>17.6</sog>
<cog>39.0</cog>
                        </extensions>
                    </trkpt>
                    <trkpt lat="54.450556666666664" lon="10.25654">
                        <ele>0</ele>
                        <time>2022-08-18T12:59:00Z</time>
                                                <extensions>
                            <sog>17.6</sog>
<cog>39.0</cog>
                        </extensions>
                    </trkpt>
                    <trkpt lat="54.450934999999994" lon="10.257068333333333">
                        <ele>0</ele>
                        <time>2022-08-18T12:59:07Z</time>
                                                <extensions>
                            <sog>17.6</sog>
<cog>39.1</cog>
                        </extensions>
                    </trkpt>
                    <trkpt lat="54.45131" lon="10.257603333333332">
                        <ele>0</ele>
                        <time>2022-08-18T12:59:13Z</time>
                                                <extensions>
                            <sog>17.5</sog>
<cog>39.7</cog>
                        </extensions>
                    </trkpt>
                    <trkpt lat="54.451681666666666" lon="10.258141666666667">
                        <ele>0</ele>
                        <time>2022-08-18T12:59:18Z</time>
                                                <extensions>
                            <sog>17.5</sog>
<cog>40.0</cog>
                        </extensions>
                    </trkpt>
                    <trkpt lat="54.45205" lon="10.258688333333334">
                        <ele>0</ele>
                        <time>2022-08-18T12:59:25Z</time>
                                                <extensions>
                            <sog>17.5</sog>
<cog>40.9</cog>
                        </extensions>
                    </trkpt>
                    <trkpt lat="54.45241333333333" lon="10.259243333333334">
                        <ele>0</ele>
                        <time>2022-08-18T12:59:31Z</time>
                                                <extensions>
                            <sog>17.5</sog>
<cog>41.5</cog>
                        </extensions>
                    </trkpt>
                    <trkpt lat="54.452776666666665" lon="10.259796666666666">
                        <ele>0</ele>
                        <time>2022-08-18T12:59:37Z</time>
                                                <extensions>
                            <sog>17.5</sog>
<cog>41.6</cog>
                        </extensions>
                    </trkpt>
                    <trkpt lat="54.45313833333333" lon="10.260356666666667">
                        <ele>0</ele>
                        <time>2022-08-18T12:59:43Z</time>
                                                <extensions>
                            <sog>17.5</sog>
<cog>42.0</cog>
                        </extensions>
                    </trkpt>
                    <trkpt lat="54.4535" lon="10.260918333333333">
                        <ele>0</ele>
                        <time>2022-08-18T12:59:49Z</time>
                                                <extensions>
                            <sog>17.5</sog>
<cog>42.1</cog>
                        </extensions>
                    </trkpt>
                    <trkpt lat="54.45386166666666" lon="10.261476666666665">
                        <ele>0</ele>
                        <time>2022-08-18T12:59:55Z</time>
                                                <extensions>
                            <sog>17.5</sog>
<cog>42.0</cog>
                        </extensions>
                    </trkpt>
                    <trkpt lat="54.453981666666664" lon="10.261663333333333">
                        <ele>0</ele>
                        <time>2022-08-18T12:59:57Z</time>
                                                <extensions>
                            <sog>17.5</sog>
<cog>42.0</cog>
                        </extensions>
                    </trkpt>
                    <trkpt lat="54.45422333333333" lon="10.262036666666667">
                        <ele>0</ele>
                        <time>2022-08-18T13:00:00Z</time>
                                                <extensions>
                            <sog>17.5</sog>
<cog>42.1</cog>
                        </extensions>
                    </trkpt>
                    <trkpt lat="54.45458333333333" lon="10.262598333333333">
                        <ele>0</ele>
                        <time>2022-08-18T13:00:07Z</time>
                                                <extensions>
                            <sog>17.5</sog>
<cog>42.2</cog>
                        </extensions>
                    </trkpt>
                    <trkpt lat="54.45458333333333" lon="10.262598333333333">
                        <ele>0</ele>
                        <time>2022-08-18T13:00:07Z</time>
                                                <extensions>
                            <sog>17.5</sog>
<cog>42.2</cog>
                        </extensions>
                    </trkpt>
                    <trkpt lat="54.45494333333333" lon="10.26316">
                        <ele>0</ele>
                        <time>2022-08-18T13:00:13Z</time>
                                                <extensions>
                            <sog>17.5</sog>
<cog>42.2</cog>
                        </extensions>
                    </trkpt>
                    <trkpt lat="54.45494333333333" lon="10.26316">
                        <ele>0</ele>
                        <time>2022-08-18T13:00:13Z</time>
                                                <extensions>
                            <sog>17.5</sog>
<cog>42.2</cog>
                        </extensions>
                    </trkpt>
                    <trkpt lat="54.455301666666664" lon="10.263721666666667">
                        <ele>0</ele>
                        <time>2022-08-18T13:00:18Z</time>
                                                <extensions>
                            <sog>17.5</sog>
<cog>42.4</cog>
                        </extensions>
                    </trkpt>
                    <trkpt lat="54.455301666666664" lon="10.263721666666667">
                        <ele>0</ele>
                        <time>2022-08-18T13:00:18Z</time>
                                                <extensions>
                            <sog>17.5</sog>
<cog>42.4</cog>
                        </extensions>
                    </trkpt>
                    <trkpt lat="54.455659999999995" lon="10.264286666666667">
                        <ele>0</ele>
                        <time>2022-08-18T13:00:25Z</time>
                                                <extensions>
                            <sog>17.5</sog>
<cog>42.6</cog>
                        </extensions>
                    </trkpt>
                    <trkpt lat="54.455659999999995" lon="10.264286666666667">
                        <ele>0</ele>
                        <time>2022-08-18T13:00:25Z</time>
                                                <extensions>
                            <sog>17.5</sog>
<cog>42.6</cog>
                        </extensions>
                    </trkpt>
                    <trkpt lat="54.45601666666666" lon="10.264853333333333">
                        <ele>0</ele>
                        <time>2022-08-18T13:00:31Z</time>
                                                <extensions>
                            <sog>17.5</sog>
<cog>42.7</cog>
                        </extensions>
                    </trkpt>
                    <trkpt lat="54.45601666666666" lon="10.264853333333333">
                        <ele>0</ele>
                        <time>2022-08-18T13:00:31Z</time>
                                                <extensions>
                            <sog>17.5</sog>
<cog>42.7</cog>
                        </extensions>
                    </trkpt>
                    <trkpt lat="54.45637166666667" lon="10.26542">
                        <ele>0</ele>
                        <time>2022-08-18T13:00:37Z</time>
                                                <extensions>
                            <sog>17.4</sog>
<cog>42.9</cog>
                        </extensions>
                    </trkpt>
                    <trkpt lat="54.45637166666667" lon="10.26542">
                        <ele>0</ele>
                        <time>2022-08-18T13:00:37Z</time>
                                                <extensions>
                            <sog>17.4</sog>
<cog>42.9</cog>
                        </extensions>
                    </trkpt>
                    <trkpt lat="54.45672666666667" lon="10.265988333333333">
                        <ele>0</ele>
                        <time>2022-08-18T13:00:43Z</time>
                                                <extensions>
                            <sog>17.4</sog>
<cog>43.0</cog>
                        </extensions>
                    </trkpt>
                    <trkpt lat="54.45672666666667" lon="10.265988333333333">
                        <ele>0</ele>
                        <time>2022-08-18T13:00:43Z</time>
                                                <extensions>
                            <sog>17.4</sog>
<cog>43.0</cog>
                        </extensions>
                    </trkpt>
                    <trkpt lat="54.457495" lon="10.267216666666666">
                        <ele>0</ele>
                        <time>2022-08-18T13:00:55Z</time>
                                                <extensions>
                            <sog>17.4</sog>
<cog>42.9</cog>
                        </extensions>
                    </trkpt>
                    <trkpt lat="54.457495" lon="10.267216666666666">
                        <ele>0</ele>
                        <time>2022-08-18T13:00:55Z</time>
                                                <extensions>
                            <sog>17.4</sog>
<cog>42.9</cog>
                        </extensions>
                    </trkpt>
                    <trkpt lat="54.45755333333333" lon="10.267311666666666">
                        <ele>0</ele>
                        <time>2022-08-18T13:00:57Z</time>
                                                <extensions>
                            <sog>17.4</sog>
<cog>42.9</cog>
                        </extensions>
                    </trkpt>
                    <trkpt lat="54.45755333333333" lon="10.267311666666666">
                        <ele>0</ele>
                        <time>2022-08-18T13:00:57Z</time>
                                                <extensions>
                            <sog>17.4</sog>
<cog>42.9</cog>
                        </extensions>
                    </trkpt>
                    <trkpt lat="54.45779" lon="10.267688333333332">
                        <ele>0</ele>
                        <time>2022-08-18T13:01:00Z</time>
                                                <extensions>
                            <sog>17.4</sog>
<cog>42.9</cog>
                        </extensions>
                    </trkpt>
                    <trkpt lat="54.45779" lon="10.267688333333332">
                        <ele>0</ele>
                        <time>2022-08-18T13:01:00Z</time>
                                                <extensions>
                            <sog>17.4</sog>
<cog>42.9</cog>
                        </extensions>
                    </trkpt>
                    <trkpt lat="54.458144999999995" lon="10.268255">
                        <ele>0</ele>
                        <time>2022-08-18T13:01:07Z</time>
                                                <extensions>
                            <sog>17.4</sog>
<cog>42.8</cog>
                        </extensions>
                    </trkpt>
                    <trkpt lat="54.4585" lon="10.268818333333334">
                        <ele>0</ele>
                        <time>2022-08-18T13:01:13Z</time>
                                                <extensions>
                            <sog>17.4</sog>
<cog>42.7</cog>
                        </extensions>
                    </trkpt>
                    <trkpt lat="54.45885666666666" lon="10.26938">
                        <ele>0</ele>
                        <time>2022-08-18T13:01:18Z</time>
                                                <extensions>
                            <sog>17.4</sog>
<cog>42.6</cog>
                        </extensions>
                    </trkpt>
                    <trkpt lat="54.45921166666667" lon="10.26994">
                        <ele>0</ele>
                        <time>2022-08-18T13:01:25Z</time>
                                                <extensions>
                            <sog>17.4</sog>
<cog>42.5</cog>
                        </extensions>
                    </trkpt>
                    <trkpt lat="54.459921666666666" lon="10.27106">
                        <ele>0</ele>
                        <time>2022-08-18T13:01:37Z</time>
                                                <extensions>
                            <sog>17.3</sog>
<cog>42.6</cog>
                        </extensions>
                    </trkpt>
                    <trkpt lat="54.460275" lon="10.271621666666666">
                        <ele>0</ele>
                        <time>2022-08-18T13:01:42Z</time>
                                                <extensions>
                            <sog>17.3</sog>
<cog>42.6</cog>
                        </extensions>
                    </trkpt>
                    <trkpt lat="54.46063" lon="10.272181666666667">
                        <ele>0</ele>
                        <time>2022-08-18T13:01:49Z</time>
                                                <extensions>
                            <sog>17.3</sog>
<cog>42.7</cog>
                        </extensions>
                    </trkpt>
                    <trkpt lat="54.46098333333334" lon="10.272743333333333">
                        <ele>0</ele>
                        <time>2022-08-18T13:01:55Z</time>
                                                <extensions>
                            <sog>17.3</sog>
<cog>42.7</cog>
                        </extensions>
                    </trkpt>
                    <trkpt lat="54.461101666666664" lon="10.27293">
                        <ele>0</ele>
                        <time>2022-08-18T13:01:57Z</time>
                                                <extensions>
                            <sog>17.3</sog>
<cog>42.7</cog>
                        </extensions>
                    </trkpt>
                    <trkpt lat="54.46133666666666" lon="10.273303333333333">
                        <ele>0</ele>
                        <time>2022-08-18T13:02:00Z</time>
                                                <extensions>
                            <sog>17.3</sog>
<cog>42.7</cog>
                        </extensions>
                    </trkpt>
                    <trkpt lat="54.46169" lon="10.273863333333333">
                        <ele>0</ele>
                        <time>2022-08-18T13:02:07Z</time>
                                                <extensions>
                            <sog>17.3</sog>
<cog>42.7</cog>
                        </extensions>
                    </trkpt>
                    <trkpt lat="54.462043333333334" lon="10.274425">
                        <ele>0</ele>
                        <time>2022-08-18T13:02:13Z</time>
                                                <extensions>
                            <sog>17.3</sog>
<cog>42.8</cog>
                        </extensions>
                    </trkpt>
                    <trkpt lat="54.46274833333334" lon="10.275548333333335">
                        <ele>0</ele>
                        <time>2022-08-18T13:02:25Z</time>
                                                <extensions>
                            <sog>17.3</sog>
<cog>42.8</cog>
                        </extensions>
                    </trkpt>
                    <trkpt lat="54.46316" lon="10.276203333333333">
                        <ele>0</ele>
                        <time>2022-08-18T13:02:31Z</time>
                                                <extensions>
                            <sog>17.3</sog>
<cog>42.8</cog>
                        </extensions>
                    </trkpt>
                    <trkpt lat="54.463453333333334" lon="10.27667">
                        <ele>0</ele>
                        <time>2022-08-18T13:02:37Z</time>
                                                <extensions>
                            <sog>17.3</sog>
<cog>42.8</cog>
                        </extensions>
                    </trkpt>
                    <trkpt lat="54.463805" lon="10.277231666666667">
                        <ele>0</ele>
                        <time>2022-08-18T13:02:42Z</time>
                                                <extensions>
                            <sog>17.3</sog>
<cog>42.8</cog>
                        </extensions>
                    </trkpt>
                    <trkpt lat="54.46415833333333" lon="10.277793333333333">
                        <ele>0</ele>
                        <time>2022-08-18T13:02:49Z</time>
                                                <extensions>
                            <sog>17.3</sog>
<cog>42.8</cog>
                        </extensions>
                    </trkpt>
                    <trkpt lat="54.46456833333333" lon="10.278446666666667">
                        <ele>0</ele>
                        <time>2022-08-18T13:02:55Z</time>
                                                <extensions>
                            <sog>17.3</sog>
<cog>42.8</cog>
                        </extensions>
                    </trkpt>
                    <trkpt lat="54.46462666666666" lon="10.27854">
                        <ele>0</ele>
                        <time>2022-08-18T13:02:57Z</time>
                                                <extensions>
                            <sog>17.3</sog>
<cog>42.8</cog>
                        </extensions>
                    </trkpt>
                    <trkpt lat="54.46486166666667" lon="10.278915000000001">
                        <ele>0</ele>
                        <time>2022-08-18T13:03:00Z</time>
                                                <extensions>
                            <sog>17.3</sog>
<cog>42.8</cog>
                        </extensions>
                    </trkpt>
                    <trkpt lat="54.46521499999999" lon="10.279475">
                        <ele>0</ele>
                        <time>2022-08-18T13:03:07Z</time>
                                                <extensions>
                            <sog>17.3</sog>
<cog>42.8</cog>
                        </extensions>
                    </trkpt>
                    <trkpt lat="54.46556666666667" lon="10.280035">
                        <ele>0</ele>
                        <time>2022-08-18T13:03:13Z</time>
                                                <extensions>
                            <sog>17.3</sog>
<cog>42.8</cog>
                        </extensions>
                    </trkpt>
                    <trkpt lat="54.46592" lon="10.280595">
                        <ele>0</ele>
                        <time>2022-08-18T13:03:19Z</time>
                                                <extensions>
                            <sog>17.3</sog>
<cog>42.7</cog>
                        </extensions>
                    </trkpt>
                    <trkpt lat="54.46627333333333" lon="10.281153333333332">
                        <ele>0</ele>
                        <time>2022-08-18T13:03:25Z</time>
                                                <extensions>
                            <sog>17.3</sog>
<cog>42.6</cog>
                        </extensions>
                    </trkpt>
                    <trkpt lat="54.46668666666667" lon="10.281805">
                        <ele>0</ele>
                        <time>2022-08-18T13:03:31Z</time>
                                                <extensions>
                            <sog>17.3</sog>
<cog>42.6</cog>
                        </extensions>
                    </trkpt>
                    <trkpt lat="54.46698166666667" lon="10.28227">
                        <ele>0</ele>
                        <time>2022-08-18T13:03:37Z</time>
                                                <extensions>
                            <sog>17.3</sog>
<cog>42.5</cog>
                        </extensions>
                    </trkpt>
                    <trkpt lat="54.467335000000006" lon="10.282828333333333">
                        <ele>0</ele>
                        <time>2022-08-18T13:03:42Z</time>
                                                <extensions>
                            <sog>17.3</sog>
<cog>42.5</cog>
                        </extensions>
                    </trkpt>
                    <trkpt lat="54.46769" lon="10.283385">
                        <ele>0</ele>
                        <time>2022-08-18T13:03:48Z</time>
                                                <extensions>
                            <sog>17.3</sog>
<cog>42.5</cog>
                        </extensions>
                    </trkpt>
                    <trkpt lat="54.46810333333334" lon="10.284035">
                        <ele>0</ele>
                        <time>2022-08-18T13:03:55Z</time>
                                                <extensions>
                            <sog>17.3</sog>
<cog>42.4</cog>
                        </extensions>
                    </trkpt>
                    <trkpt lat="54.46816166666667" lon="10.284128333333333">
                        <ele>0</ele>
                        <time>2022-08-18T13:03:57Z</time>
                                                <extensions>
                            <sog>17.3</sog>
<cog>42.4</cog>
                        </extensions>
                    </trkpt>
                    <trkpt lat="54.46839833333333" lon="10.284500000000001">
                        <ele>0</ele>
                        <time>2022-08-18T13:04:00Z</time>
                                                <extensions>
                            <sog>17.3</sog>
<cog>42.4</cog>
                        </extensions>
                    </trkpt>
                    <trkpt lat="54.46881" lon="10.285148333333332">
                        <ele>0</ele>
                        <time>2022-08-18T13:04:07Z</time>
                                                <extensions>
                            <sog>17.3</sog>
<cog>42.5</cog>
                        </extensions>
                    </trkpt>
                    <trkpt lat="54.469105" lon="10.285611666666666">
                        <ele>0</ele>
                        <time>2022-08-18T13:04:13Z</time>
                                                <extensions>
                            <sog>17.3</sog>
<cog>42.4</cog>
                        </extensions>
                    </trkpt>
                    <trkpt lat="54.469460000000005" lon="10.286168333333334">
                        <ele>0</ele>
                        <time>2022-08-18T13:04:19Z</time>
                                                <extensions>
                            <sog>17.3</sog>
<cog>42.4</cog>
                        </extensions>
                    </trkpt>
                    <trkpt lat="54.469813333333335" lon="10.286724999999999">
                        <ele>0</ele>
                        <time>2022-08-18T13:04:25Z</time>
                                                <extensions>
                            <sog>17.3</sog>
<cog>42.5</cog>
                        </extensions>
                    </trkpt>
                    <trkpt lat="54.47022666666667" lon="10.287373333333333">
                        <ele>0</ele>
                        <time>2022-08-18T13:04:31Z</time>
                                                <extensions>
                            <sog>17.3</sog>
<cog>42.4</cog>
                        </extensions>
                    </trkpt>
                    <trkpt lat="54.47052166666666" lon="10.287836666666667">
                        <ele>0</ele>
                        <time>2022-08-18T13:04:37Z</time>
                                                <extensions>
                            <sog>17.3</sog>
<cog>42.4</cog>
                        </extensions>
                    </trkpt>
                    <trkpt lat="54.470875" lon="10.288391666666666">
                        <ele>0</ele>
                        <time>2022-08-18T13:04:42Z</time>
                                                <extensions>
                            <sog>17.3</sog>
<cog>42.4</cog>
                        </extensions>
                    </trkpt>
                    <trkpt lat="54.47164166666666" lon="10.289593333333332">
                        <ele>0</ele>
                        <time>2022-08-18T13:04:55Z</time>
                                                <extensions>
                            <sog>17.3</sog>
<cog>42.3</cog>
                        </extensions>
                    </trkpt>
                    <trkpt lat="54.47170166666667" lon="10.289686666666666">
                        <ele>0</ele>
                        <time>2022-08-18T13:04:57Z</time>
                                                <extensions>
                            <sog>17.2</sog>
<cog>42.3</cog>
                        </extensions>
                    </trkpt>
                    <trkpt lat="54.47235166666667" lon="10.290703333333333">
                        <ele>0</ele>
                        <time>2022-08-18T13:05:07Z</time>
                                                <extensions>
                            <sog>17.2</sog>
<cog>42.3</cog>
                        </extensions>
                    </trkpt>
                    <trkpt lat="54.47264666666667" lon="10.291165000000001">
                        <ele>0</ele>
                        <time>2022-08-18T13:05:13Z</time>
                                                <extensions>
                            <sog>17.3</sog>
<cog>42.3</cog>
                        </extensions>
                    </trkpt>
                    <trkpt lat="54.47300166666666" lon="10.29172">
                        <ele>0</ele>
                        <time>2022-08-18T13:05:19Z</time>
                                                <extensions>
                            <sog>17.2</sog>
<cog>42.3</cog>
                        </extensions>
                    </trkpt>
                    <trkpt lat="54.47335666666667" lon="10.292275">
                        <ele>0</ele>
                        <time>2022-08-18T13:05:25Z</time>
                                                <extensions>
                            <sog>17.2</sog>
<cog>42.2</cog>
                        </extensions>
                    </trkpt>
                    <trkpt lat="54.473769999999995" lon="10.29292">
                        <ele>0</ele>
                        <time>2022-08-18T13:05:31Z</time>
                                                <extensions>
                            <sog>17.3</sog>
<cog>42.2</cog>
                        </extensions>
                    </trkpt>
                    <trkpt lat="54.47448166666666" lon="10.294026666666667">
                        <ele>0</ele>
                        <time>2022-08-18T13:05:43Z</time>
                                                <extensions>
                            <sog>17.3</sog>
<cog>42.1</cog>
                        </extensions>
                    </trkpt>
                    <trkpt lat="54.47477666666667" lon="10.294488333333334">
                        <ele>0</ele>
                        <time>2022-08-18T13:05:48Z</time>
                                                <extensions>
                            <sog>17.3</sog>
<cog>42.1</cog>
                        </extensions>
                    </trkpt>
                    <trkpt lat="54.47513333333333" lon="10.29504">
                        <ele>0</ele>
                        <time>2022-08-18T13:05:55Z</time>
                                                <extensions>
                            <sog>17.2</sog>
<cog>42.1</cog>
                        </extensions>
                    </trkpt>
                    <trkpt lat="54.475251666666665" lon="10.295224999999999">
                        <ele>0</ele>
                        <time>2022-08-18T13:05:57Z</time>
                                                <extensions>
                            <sog>17.2</sog>
<cog>42.2</cog>
                        </extensions>
                    </trkpt>
                    <trkpt lat="54.47548833333334" lon="10.295593333333333">
                        <ele>0</ele>
                        <time>2022-08-18T13:06:00Z</time>
                                                <extensions>
                            <sog>17.3</sog>
<cog>42.2</cog>
                        </extensions>
                    </trkpt>
                    <trkpt lat="54.475901666666665" lon="10.296240000000001">
                        <ele>0</ele>
                        <time>2022-08-18T13:06:07Z</time>
                                                <extensions>
                            <sog>17.3</sog>
<cog>42.2</cog>
                        </extensions>
                    </trkpt>
                    <trkpt lat="54.47655333333333" lon="10.297255">
                        <ele>0</ele>
                        <time>2022-08-18T13:06:19Z</time>
                                                <extensions>
                            <sog>17.3</sog>
<cog>42.3</cog>
                        </extensions>
                    </trkpt>
                    <trkpt lat="54.476906666666665" lon="10.29781">
                        <ele>0</ele>
                        <time>2022-08-18T13:06:25Z</time>
                                                <extensions>
                            <sog>17.2</sog>
<cog>42.3</cog>
                        </extensions>
                    </trkpt>
                    <trkpt lat="54.47732" lon="10.298458333333334">
                        <ele>0</ele>
                        <time>2022-08-18T13:06:31Z</time>
                                                <extensions>
                            <sog>17.2</sog>
<cog>42.4</cog>
                        </extensions>
                    </trkpt>
                    <trkpt lat="54.477615" lon="10.298921666666667">
                        <ele>0</ele>
                        <time>2022-08-18T13:06:37Z</time>
                                                <extensions>
                            <sog>17.2</sog>
<cog>42.4</cog>
                        </extensions>
                    </trkpt>
                    <trkpt lat="54.478026666666665" lon="10.299571666666667">
                        <ele>0</ele>
                        <time>2022-08-18T13:06:43Z</time>
                                                <extensions>
                            <sog>17.2</sog>
<cog>42.6</cog>
                        </extensions>
                    </trkpt>
                    <trkpt lat="54.47831833333333" lon="10.30004">
                        <ele>0</ele>
                        <time>2022-08-18T13:06:48Z</time>
                                                <extensions>
                            <sog>17.2</sog>
<cog>43.0</cog>
                        </extensions>
                    </trkpt>
                    <trkpt lat="54.47866666666666" lon="10.300603333333333">
                        <ele>0</ele>
                        <time>2022-08-18T13:06:55Z</time>
                                                <extensions>
                            <sog>17.2</sog>
<cog>43.3</cog>
                        </extensions>
                    </trkpt>
                    <trkpt lat="54.47878166666667" lon="10.300793333333333">
                        <ele>0</ele>
                        <time>2022-08-18T13:06:57Z</time>
                                                <extensions>
                            <sog>17.2</sog>
<cog>43.5</cog>
                        </extensions>
                    </trkpt>
                    <trkpt lat="54.479065" lon="10.301271666666667">
                        <ele>0</ele>
                        <time>2022-08-18T13:07:01Z</time>
                                                <extensions>
                            <sog>17.2</sog>
<cog>44.4</cog>
                        </extensions>
                    </trkpt>
                    <trkpt lat="54.47940333333334" lon="10.301851666666666">
                        <ele>0</ele>
                        <time>2022-08-18T13:07:07Z</time>
                                                <extensions>
                            <sog>17.2</sog>
<cog>44.8</cog>
                        </extensions>
                    </trkpt>
                    <trkpt lat="54.479685" lon="10.302333333333333">
                        <ele>0</ele>
                        <time>2022-08-18T13:07:13Z</time>
                                                <extensions>
                            <sog>17.2</sog>
<cog>44.9</cog>
                        </extensions>
                    </trkpt>
                    <trkpt lat="54.480019999999996" lon="10.30292">
                        <ele>0</ele>
                        <time>2022-08-18T13:07:19Z</time>
                                                <extensions>
                            <sog>17.2</sog>
<cog>45.5</cog>
                        </extensions>
                    </trkpt>
                    <trkpt lat="54.48035166666667" lon="10.30351">
                        <ele>0</ele>
                        <time>2022-08-18T13:07:25Z</time>
                                                <extensions>
                            <sog>17.2</sog>
<cog>46.0</cog>
                        </extensions>
                    </trkpt>
                    <trkpt lat="54.480736666666665" lon="10.304203333333334">
                        <ele>0</ele>
                        <time>2022-08-18T13:07:31Z</time>
                                                <extensions>
                            <sog>17.2</sog>
<cog>46.4</cog>
                        </extensions>
                    </trkpt>
                    <trkpt lat="54.481006666666666" lon="10.304703333333332">
                        <ele>0</ele>
                        <time>2022-08-18T13:07:37Z</time>
                                                <extensions>
                            <sog>17.2</sog>
<cog>47.0</cog>
                        </extensions>
                    </trkpt>
                    <trkpt lat="54.48164833333333" lon="10.305919999999999">
                        <ele>0</ele>
                        <time>2022-08-18T13:07:48Z</time>
                                                <extensions>
                            <sog>17.2</sog>
<cog>48.1</cog>
                        </extensions>
                    </trkpt>
                    <trkpt lat="54.48196333333333" lon="10.306535">
                        <ele>0</ele>
                        <time>2022-08-18T13:07:55Z</time>
                                                <extensions>
                            <sog>17.2</sog>
<cog>48.7</cog>
                        </extensions>
                    </trkpt>
                    <trkpt lat="54.482324999999996" lon="10.307261666666667">
                        <ele>0</ele>
                        <time>2022-08-18T13:08:01Z</time>
                                                <extensions>
                            <sog>17.2</sog>
<cog>49.4</cog>
                        </extensions>
                    </trkpt>
                    <trkpt lat="54.48263166666666" lon="10.307889999999999">
                        <ele>0</ele>
                        <time>2022-08-18T13:08:07Z</time>
                                                <extensions>
                            <sog>17.2</sog>
<cog>49.9</cog>
                        </extensions>
                    </trkpt>
                    <trkpt lat="54.482885" lon="10.308416666666666">
                        <ele>0</ele>
                        <time>2022-08-18T13:08:13Z</time>
                                                <extensions>
                            <sog>17.2</sog>
<cog>50.4</cog>
                        </extensions>
                    </trkpt>
                    <trkpt lat="54.483235" lon="10.30916">
                        <ele>0</ele>
                        <time>2022-08-18T13:08:19Z</time>
                                                <extensions>
                            <sog>17.2</sog>
<cog>51.0</cog>
                        </extensions>
                    </trkpt>
                    <trkpt lat="54.48348166666666" lon="10.309695">
                        <ele>0</ele>
                        <time>2022-08-18T13:08:25Z</time>
                                                <extensions>
                            <sog>17.2</sog>
<cog>51.4</cog>
                        </extensions>
                    </trkpt>
                    <trkpt lat="54.483825" lon="10.31045">
                        <ele>0</ele>
                        <time>2022-08-18T13:08:31Z</time>
                                                <extensions>
                            <sog>17.2</sog>
<cog>52.0</cog>
                        </extensions>
                    </trkpt>
                    <trkpt lat="54.48440166666667" lon="10.311755">
                        <ele>0</ele>
                        <time>2022-08-18T13:08:43Z</time>
                                                <extensions>
                            <sog>17.2</sog>
<cog>53.0</cog>
                        </extensions>
                    </trkpt>
                    <trkpt lat="54.48463666666667" lon="10.312305">
                        <ele>0</ele>
                        <time>2022-08-18T13:08:48Z</time>
                                                <extensions>
                            <sog>17.2</sog>
<cog>53.5</cog>
                        </extensions>
                    </trkpt>
                    <trkpt lat="54.48491666666666" lon="10.312968333333334">
                        <ele>0</ele>
                        <time>2022-08-18T13:08:55Z</time>
                                                <extensions>
                            <sog>17.2</sog>
<cog>54.1</cog>
                        </extensions>
                    </trkpt>
                    <trkpt lat="54.48500833333333" lon="10.313189999999999">
                        <ele>0</ele>
                        <time>2022-08-18T13:08:57Z</time>
                                                <extensions>
                            <sog>17.2</sog>
<cog>54.2</cog>
                        </extensions>
                    </trkpt>
                    <trkpt lat="54.485238333333335" lon="10.313748333333333">
                        <ele>0</ele>
                        <time>2022-08-18T13:09:01Z</time>
                                                <extensions>
                            <sog>17.1</sog>
<cog>54.7</cog>
                        </extensions>
                    </trkpt>
                    <trkpt lat="54.485508333333335" lon="10.31442">
                        <ele>0</ele>
                        <time>2022-08-18T13:09:07Z</time>
                                                <extensions>
                            <sog>17.1</sog>
<cog>55.3</cog>
                        </extensions>
                    </trkpt>
                    <trkpt lat="54.485731666666666" lon="10.314985">
                        <ele>0</ele>
                        <time>2022-08-18T13:09:13Z</time>
                                                <extensions>
                            <sog>17.1</sog>
<cog>55.7</cog>
                        </extensions>
                    </trkpt>
                    <trkpt lat="54.48625833333333" lon="10.31635">
                        <ele>0</ele>
                        <time>2022-08-18T13:09:25Z</time>
                                                <extensions>
                            <sog>17.1</sog>
<cog>56.7</cog>
                        </extensions>
                    </trkpt>
                    <trkpt lat="54.486515000000004" lon="10.317038333333333">
                        <ele>0</ele>
                        <time>2022-08-18T13:09:31Z</time>
                                                <extensions>
                            <sog>17.1</sog>
<cog>57.3</cog>
                        </extensions>
                    </trkpt>
                    <trkpt lat="54.48676833333333" lon="10.317730000000001">
                        <ele>0</ele>
                        <time>2022-08-18T13:09:37Z</time>
                                                <extensions>
                            <sog>17.1</sog>
<cog>57.7</cog>
                        </extensions>
                    </trkpt>
                    <trkpt lat="54.48706166666667" lon="10.31854">
                        <ele>0</ele>
                        <time>2022-08-18T13:09:43Z</time>
                                                <extensions>
                            <sog>17.1</sog>
<cog>58.2</cog>
                        </extensions>
                    </trkpt>
                    <trkpt lat="54.48751166666667" lon="10.319825">
                        <ele>0</ele>
                        <time>2022-08-18T13:09:55Z</time>
                                                <extensions>
                            <sog>17.1</sog>
<cog>58.9</cog>
                        </extensions>
                    </trkpt>
                    <trkpt lat="54.48759333333333" lon="10.320058333333332">
                        <ele>0</ele>
                        <time>2022-08-18T13:09:57Z</time>
                                                <extensions>
                            <sog>17.1</sog>
<cog>59.0</cog>
                        </extensions>
                    </trkpt>
                    <trkpt lat="54.48800000000001" lon="10.321231666666668">
                        <ele>0</ele>
                        <time>2022-08-18T13:10:07Z</time>
                                                <extensions>
                            <sog>17.1</sog>
<cog>59.3</cog>
                        </extensions>
                    </trkpt>
                    <trkpt lat="54.48824166666667" lon="10.321936666666666">
                        <ele>0</ele>
                        <time>2022-08-18T13:10:13Z</time>
                                                <extensions>
                            <sog>17.1</sog>
<cog>59.3</cog>
                        </extensions>
                    </trkpt>
                    <trkpt lat="54.488728333333334" lon="10.323346666666668">
                        <ele>0</ele>
                        <time>2022-08-18T13:10:25Z</time>
                                                <extensions>
                            <sog>17.2</sog>
<cog>59.3</cog>
                        </extensions>
                    </trkpt>
                    <trkpt lat="54.48897" lon="10.324053333333334">
                        <ele>0</ele>
                        <time>2022-08-18T13:10:31Z</time>
                                                <extensions>
                            <sog>17.2</sog>
<cog>59.4</cog>
                        </extensions>
                    </trkpt>
                    <trkpt lat="54.48921166666666" lon="10.324758333333333">
                        <ele>0</ele>
                        <time>2022-08-18T13:10:37Z</time>
                                                <extensions>
                            <sog>17.2</sog>
<cog>59.5</cog>
                        </extensions>
                    </trkpt>
                    <trkpt lat="54.48945333333334" lon="10.325465000000001">
                        <ele>0</ele>
                        <time>2022-08-18T13:10:43Z</time>
                                                <extensions>
                            <sog>17.1</sog>
<cog>59.6</cog>
                        </extensions>
                    </trkpt>
                    <trkpt lat="54.489691666666666" lon="10.326173333333333">
                        <ele>0</ele>
                        <time>2022-08-18T13:10:48Z</time>
                                                <extensions>
                            <sog>17.1</sog>
<cog>59.7</cog>
                        </extensions>
                    </trkpt>
                    <trkpt lat="54.48993166666666" lon="10.326881666666667">
                        <ele>0</ele>
                        <time>2022-08-18T13:10:55Z</time>
                                                <extensions>
                            <sog>17.2</sog>
<cog>59.9</cog>
                        </extensions>
                    </trkpt>
                    <trkpt lat="54.49005" lon="10.327236666666666">
                        <ele>0</ele>
                        <time>2022-08-18T13:10:57Z</time>
                                                <extensions>
                            <sog>17.2</sog>
<cog>59.9</cog>
                        </extensions>
                    </trkpt>
                    <trkpt lat="54.490210000000005" lon="10.32771">
                        <ele>0</ele>
                        <time>2022-08-18T13:11:01Z</time>
                                                <extensions>
                            <sog>17.2</sog>
<cog>60.0</cog>
                        </extensions>
                    </trkpt>
                    <trkpt lat="54.490408333333335" lon="10.328301666666666">
                        <ele>0</ele>
                        <time>2022-08-18T13:11:07Z</time>
                                                <extensions>
                            <sog>17.2</sog>
<cog>60.0</cog>
                        </extensions>
                    </trkpt>
                    <trkpt lat="54.49064666666666" lon="10.329013333333334">
                        <ele>0</ele>
                        <time>2022-08-18T13:11:13Z</time>
                                                <extensions>
                            <sog>17.2</sog>
<cog>59.9</cog>
                        </extensions>
                    </trkpt>
                    <trkpt lat="54.491123333333334" lon="10.330433333333334">
                        <ele>0</ele>
                        <time>2022-08-18T13:11:25Z</time>
                                                <extensions>
                            <sog>17.2</sog>
<cog>60.1</cog>
                        </extensions>
                    </trkpt>
                    <trkpt lat="54.49136" lon="10.331145">
                        <ele>0</ele>
                        <time>2022-08-18T13:11:31Z</time>
                                                <extensions>
                            <sog>17.2</sog>
<cog>60.2</cog>
                        </extensions>
                    </trkpt>
                    <trkpt lat="54.491595" lon="10.331858333333335">
                        <ele>0</ele>
                        <time>2022-08-18T13:11:37Z</time>
                                                <extensions>
                            <sog>17.2</sog>
<cog>60.4</cog>
                        </extensions>
                    </trkpt>
                    <trkpt lat="54.49182833333334" lon="10.332571666666666">
                        <ele>0</ele>
                        <time>2022-08-18T13:11:43Z</time>
                                                <extensions>
                            <sog>17.2</sog>
<cog>60.7</cog>
                        </extensions>
                    </trkpt>
                    <trkpt lat="54.49206166666667" lon="10.333286666666668">
                        <ele>0</ele>
                        <time>2022-08-18T13:11:48Z</time>
                                                <extensions>
                            <sog>17.2</sog>
<cog>60.6</cog>
                        </extensions>
                    </trkpt>
                    <trkpt lat="54.492295" lon="10.334001666666667">
                        <ele>0</ele>
                        <time>2022-08-18T13:11:55Z</time>
                                                <extensions>
                            <sog>17.2</sog>
<cog>60.7</cog>
                        </extensions>
                    </trkpt>
                    <trkpt lat="54.49241" lon="10.33436">
                        <ele>0</ele>
                        <time>2022-08-18T13:11:57Z</time>
                                                <extensions>
                            <sog>17.2</sog>
<cog>60.8</cog>
                        </extensions>
                    </trkpt>
                    <trkpt lat="54.492565" lon="10.334838333333332">
                        <ele>0</ele>
                        <time>2022-08-18T13:12:01Z</time>
                                                <extensions>
                            <sog>17.2</sog>
<cog>60.8</cog>
                        </extensions>
                    </trkpt>
                    <trkpt lat="54.49276" lon="10.335433333333333">
                        <ele>0</ele>
                        <time>2022-08-18T13:12:07Z</time>
                                                <extensions>
                            <sog>17.2</sog>
<cog>60.7</cog>
                        </extensions>
                    </trkpt>
                    <trkpt lat="54.49299333333333" lon="10.336148333333334">
                        <ele>0</ele>
                        <time>2022-08-18T13:12:13Z</time>
                                                <extensions>
                            <sog>17.2</sog>
<cog>60.6</cog>
                        </extensions>
                    </trkpt>
                    <trkpt lat="54.49346166666667" lon="10.337578333333333">
                        <ele>0</ele>
                        <time>2022-08-18T13:12:25Z</time>
                                                <extensions>
                            <sog>17.2</sog>
<cog>60.5</cog>
                        </extensions>
                    </trkpt>
                    <trkpt lat="54.493696666666665" lon="10.338293333333333">
                        <ele>0</ele>
                        <time>2022-08-18T13:12:31Z</time>
                                                <extensions>
                            <sog>17.2</sog>
<cog>60.5</cog>
                        </extensions>
                    </trkpt>
                    <trkpt lat="54.49393166666667" lon="10.339006666666668">
                        <ele>0</ele>
                        <time>2022-08-18T13:12:37Z</time>
                                                <extensions>
                            <sog>17.2</sog>
<cog>60.5</cog>
                        </extensions>
                    </trkpt>
                    <trkpt lat="54.494164999999995" lon="10.339721666666666">
                        <ele>0</ele>
                        <time>2022-08-18T13:12:43Z</time>
                                                <extensions>
                            <sog>17.2</sog>
<cog>60.6</cog>
                        </extensions>
                    </trkpt>
                    <trkpt lat="54.494400000000006" lon="10.340436666666667">
                        <ele>0</ele>
                        <time>2022-08-18T13:12:48Z</time>
                                                <extensions>
                            <sog>17.2</sog>
<cog>60.6</cog>
                        </extensions>
                    </trkpt>
                    <trkpt lat="54.49463333333333" lon="10.341151666666667">
                        <ele>0</ele>
                        <time>2022-08-18T13:12:55Z</time>
                                                <extensions>
                            <sog>17.2</sog>
<cog>60.7</cog>
                        </extensions>
                    </trkpt>
                    <trkpt lat="54.494749999999996" lon="10.34151">
                        <ele>0</ele>
                        <time>2022-08-18T13:12:57Z</time>
                                                <extensions>
                            <sog>17.2</sog>
<cog>60.7</cog>
                        </extensions>
                    </trkpt>
                    <trkpt lat="54.494905" lon="10.341986666666665">
                        <ele>0</ele>
                        <time>2022-08-18T13:13:01Z</time>
                                                <extensions>
                            <sog>17.2</sog>
<cog>60.7</cog>
                        </extensions>
                    </trkpt>
                    <trkpt lat="54.49509833333333" lon="10.342585000000001">
                        <ele>0</ele>
                        <time>2022-08-18T13:13:07Z</time>
                                                <extensions>
                            <sog>17.2</sog>
<cog>60.8</cog>
                        </extensions>
                    </trkpt>
                    <trkpt lat="54.495331666666665" lon="10.343301666666667">
                        <ele>0</ele>
                        <time>2022-08-18T13:13:13Z</time>
                                                <extensions>
                            <sog>17.2</sog>
<cog>60.9</cog>
                        </extensions>
                    </trkpt>
                    <trkpt lat="54.495601666666666" lon="10.344138333333332">
                        <ele>0</ele>
                        <time>2022-08-18T13:13:19Z</time>
                                                <extensions>
                            <sog>17.2</sog>
<cog>60.9</cog>
                        </extensions>
                    </trkpt>
                    <trkpt lat="54.495795" lon="10.344736666666668">
                        <ele>0</ele>
                        <time>2022-08-18T13:13:25Z</time>
                                                <extensions>
                            <sog>17.2</sog>
<cog>60.9</cog>
                        </extensions>
                    </trkpt>
                    <trkpt lat="54.496026666666666" lon="10.345453333333333">
                        <ele>0</ele>
                        <time>2022-08-18T13:13:31Z</time>
                                                <extensions>
                            <sog>17.2</sog>
<cog>60.9</cog>
                        </extensions>
                    </trkpt>
                    <trkpt lat="54.49625833333334" lon="10.346171666666667">
                        <ele>0</ele>
                        <time>2022-08-18T13:13:37Z</time>
                                                <extensions>
                            <sog>17.2</sog>
<cog>60.9</cog>
                        </extensions>
                    </trkpt>
                    <trkpt lat="54.496491666666664" lon="10.346886666666668">
                        <ele>0</ele>
                        <time>2022-08-18T13:13:43Z</time>
                                                <extensions>
                            <sog>17.2</sog>
<cog>60.8</cog>
                        </extensions>
                    </trkpt>
                    <trkpt lat="54.49672333333333" lon="10.347601666666666">
                        <ele>0</ele>
                        <time>2022-08-18T13:13:48Z</time>
                                                <extensions>
                            <sog>17.2</sog>
<cog>60.7</cog>
                        </extensions>
                    </trkpt>
                    <trkpt lat="54.49695666666666" lon="10.348315000000001">
                        <ele>0</ele>
                        <time>2022-08-18T13:13:55Z</time>
                                                <extensions>
                            <sog>17.1</sog>
<cog>60.6</cog>
                        </extensions>
                    </trkpt>
                    <trkpt lat="54.49707333333333" lon="10.348671666666666">
                        <ele>0</ele>
                        <time>2022-08-18T13:13:57Z</time>
                                                <extensions>
                            <sog>17.1</sog>
<cog>60.6</cog>
                        </extensions>
                    </trkpt>
                    <trkpt lat="54.49742333333334" lon="10.349738333333333">
                        <ele>0</ele>
                        <time>2022-08-18T13:14:07Z</time>
                                                <extensions>
                            <sog>17.1</sog>
<cog>60.5</cog>
                        </extensions>
                    </trkpt>
                    <trkpt lat="54.497656666666664" lon="10.350446666666667">
                        <ele>0</ele>
                        <time>2022-08-18T13:14:13Z</time>
                                                <extensions>
                            <sog>17.1</sog>
<cog>60.4</cog>
                        </extensions>
                    </trkpt>
                    <trkpt lat="54.49793" lon="10.351273333333333">
                        <ele>0</ele>
                        <time>2022-08-18T13:14:19Z</time>
                                                <extensions>
                            <sog>17.0</sog>
<cog>60.5</cog>
                        </extensions>
                    </trkpt>
                    <trkpt lat="54.49812333333333" lon="10.351865">
                        <ele>0</ele>
                        <time>2022-08-18T13:14:25Z</time>
                                                <extensions>
                            <sog>17.1</sog>
<cog>60.5</cog>
                        </extensions>
                    </trkpt>
                    <trkpt lat="54.49835666666667" lon="10.352576666666666">
                        <ele>0</ele>
                        <time>2022-08-18T13:14:31Z</time>
                                                <extensions>
                            <sog>17.1</sog>
<cog>60.6</cog>
                        </extensions>
                    </trkpt>
                    <trkpt lat="54.498823333333334" lon="10.354003333333333">
                        <ele>0</ele>
                        <time>2022-08-18T13:14:43Z</time>
                                                <extensions>
                            <sog>17.1</sog>
<cog>60.6</cog>
                        </extensions>
                    </trkpt>
                    <trkpt lat="54.49905833333333" lon="10.354716666666667">
                        <ele>0</ele>
                        <time>2022-08-18T13:14:48Z</time>
                                                <extensions>
                            <sog>17.2</sog>
<cog>60.5</cog>
                        </extensions>
                    </trkpt>
                    <trkpt lat="54.499293333333334" lon="10.355431666666668">
                        <ele>0</ele>
                        <time>2022-08-18T13:14:55Z</time>
                                                <extensions>
                            <sog>17.2</sog>
<cog>60.5</cog>
                        </extensions>
                    </trkpt>
                    <trkpt lat="54.49941" lon="10.355788333333333">
                        <ele>0</ele>
                        <time>2022-08-18T13:14:57Z</time>
                                                <extensions>
                            <sog>17.2</sog>
<cog>60.5</cog>
                        </extensions>
                    </trkpt>
                    <trkpt lat="54.49952833333334" lon="10.356145">
                        <ele>0</ele>
                        <time>2022-08-18T13:15:01Z</time>
                                                <extensions>
                            <sog>17.2</sog>
<cog>60.5</cog>
                        </extensions>
                    </trkpt>
                    <trkpt lat="54.49976166666667" lon="10.356856666666665">
                        <ele>0</ele>
                        <time>2022-08-18T13:15:07Z</time>
                                                <extensions>
                            <sog>17.1</sog>
<cog>60.5</cog>
                        </extensions>
                    </trkpt>
                    <trkpt lat="54.49999666666667" lon="10.35757">
                        <ele>0</ele>
                        <time>2022-08-18T13:15:13Z</time>
                                                <extensions>
                            <sog>17.1</sog>
<cog>60.5</cog>
                        </extensions>
                    </trkpt>
                    <trkpt lat="54.50023" lon="10.358281666666667">
                        <ele>0</ele>
                        <time>2022-08-18T13:15:18Z</time>
                                                <extensions>
                            <sog>17.1</sog>
<cog>60.5</cog>
                        </extensions>
                    </trkpt>
                    <trkpt lat="54.50046333333333" lon="10.358991666666666">
                        <ele>0</ele>
                        <time>2022-08-18T13:15:25Z</time>
                                                <extensions>
                            <sog>17.1</sog>
<cog>60.5</cog>
                        </extensions>
                    </trkpt>
                    <trkpt lat="54.50069666666666" lon="10.3597">
                        <ele>0</ele>
                        <time>2022-08-18T13:15:31Z</time>
                                                <extensions>
                            <sog>17.1</sog>
<cog>60.5</cog>
                        </extensions>
                    </trkpt>
                    <trkpt lat="54.500930000000004" lon="10.360408333333334">
                        <ele>0</ele>
                        <time>2022-08-18T13:15:37Z</time>
                                                <extensions>
                            <sog>17.0</sog>
<cog>60.4</cog>
                        </extensions>
                    </trkpt>
                    <trkpt lat="54.50116166666667" lon="10.361115000000002">
                        <ele>0</ele>
                        <time>2022-08-18T13:15:43Z</time>
                                                <extensions>
                            <sog>17.0</sog>
<cog>60.5</cog>
                        </extensions>
                    </trkpt>
                    <trkpt lat="54.501395" lon="10.361821666666666">
                        <ele>0</ele>
                        <time>2022-08-18T13:15:48Z</time>
                                                <extensions>
                            <sog>17.0</sog>
<cog>60.5</cog>
                        </extensions>
                    </trkpt>
                    <trkpt lat="54.50174166666667" lon="10.362876666666667">
                        <ele>0</ele>
                        <time>2022-08-18T13:15:57Z</time>
                                                <extensions>
                            <sog>16.9</sog>
<cog>60.5</cog>
                        </extensions>
                    </trkpt>
                    <trkpt lat="54.50185666666666" lon="10.363226666666666">
                        <ele>0</ele>
                        <time>2022-08-18T13:16:01Z</time>
                                                <extensions>
                            <sog>16.9</sog>
<cog>60.5</cog>
                        </extensions>
                    </trkpt>
                    <trkpt lat="54.50208833333333" lon="10.363928333333332">
                        <ele>0</ele>
                        <time>2022-08-18T13:16:07Z</time>
                                                <extensions>
                            <sog>16.8</sog>
<cog>60.5</cog>
                        </extensions>
                    </trkpt>
                    <trkpt lat="54.502316666666665" lon="10.364628333333334">
                        <ele>0</ele>
                        <time>2022-08-18T13:16:13Z</time>
                                                <extensions>
                            <sog>16.8</sog>
<cog>60.6</cog>
                        </extensions>
                    </trkpt>
                    <trkpt lat="54.502545000000005" lon="10.365325">
                        <ele>0</ele>
                        <time>2022-08-18T13:16:18Z</time>
                                                <extensions>
                            <sog>16.8</sog>
<cog>60.5</cog>
                        </extensions>
                    </trkpt>
                    <trkpt lat="54.502775" lon="10.366021666666667">
                        <ele>0</ele>
                        <time>2022-08-18T13:16:25Z</time>
                                                <extensions>
                            <sog>16.7</sog>
<cog>60.5</cog>
                        </extensions>
                    </trkpt>
                    <trkpt lat="54.503040000000006" lon="10.366831666666666">
                        <ele>0</ele>
                        <time>2022-08-18T13:16:31Z</time>
                                                <extensions>
                            <sog>16.7</sog>
<cog>60.5</cog>
                        </extensions>
                    </trkpt>
                    <trkpt lat="54.50323166666667" lon="10.36741">
                        <ele>0</ele>
                        <time>2022-08-18T13:16:37Z</time>
                                                <extensions>
                            <sog>16.7</sog>
<cog>60.5</cog>
                        </extensions>
                    </trkpt>
                    <trkpt lat="54.503460000000004" lon="10.368105000000002">
                        <ele>0</ele>
                        <time>2022-08-18T13:16:42Z</time>
                                                <extensions>
                            <sog>16.7</sog>
<cog>60.4</cog>
                        </extensions>
                    </trkpt>
                    <trkpt lat="54.50403666666667" lon="10.369845">
                        <ele>0</ele>
                        <time>2022-08-18T13:16:57Z</time>
                                                <extensions>
                            <sog>16.8</sog>
<cog>60.2</cog>
                        </extensions>
                    </trkpt>
                    <trkpt lat="54.504153333333335" lon="10.370193333333333">
                        <ele>0</ele>
                        <time>2022-08-18T13:17:01Z</time>
                                                <extensions>
                            <sog>16.8</sog>
<cog>60.1</cog>
                        </extensions>
                    </trkpt>
                    <trkpt lat="54.50438666666666" lon="10.370890000000001">
                        <ele>0</ele>
                        <time>2022-08-18T13:17:07Z</time>
                                                <extensions>
                            <sog>16.8</sog>
<cog>60.0</cog>
                        </extensions>
                    </trkpt>
                    <trkpt lat="54.50462166666667" lon="10.371585000000001">
                        <ele>0</ele>
                        <time>2022-08-18T13:17:13Z</time>
                                                <extensions>
                            <sog>16.8</sog>
<cog>59.9</cog>
                        </extensions>
                    </trkpt>
                    <trkpt lat="54.50485666666667" lon="10.37228">
                        <ele>0</ele>
                        <time>2022-08-18T13:17:18Z</time>
                                                <extensions>
                            <sog>16.8</sog>
<cog>59.8</cog>
                        </extensions>
                    </trkpt>
                    <trkpt lat="54.50509" lon="10.372975">
                        <ele>0</ele>
                        <time>2022-08-18T13:17:25Z</time>
                                                <extensions>
                            <sog>16.8</sog>
<cog>59.8</cog>
                        </extensions>
                    </trkpt>
                    <trkpt lat="54.505365" lon="10.373781666666668">
                        <ele>0</ele>
                        <time>2022-08-18T13:17:31Z</time>
                                                <extensions>
                            <sog>16.8</sog>
<cog>59.7</cog>
                        </extensions>
                    </trkpt>
                    <trkpt lat="54.505559999999996" lon="10.374356666666667">
                        <ele>0</ele>
                        <time>2022-08-18T13:17:37Z</time>
                                                <extensions>
                            <sog>16.7</sog>
<cog>59.8</cog>
                        </extensions>
                    </trkpt>
                    <trkpt lat="54.50579166666667" lon="10.375046666666666">
                        <ele>0</ele>
                        <time>2022-08-18T13:17:42Z</time>
                                                <extensions>
                            <sog>16.7</sog>
<cog>59.8</cog>
                        </extensions>
                    </trkpt>
                    <trkpt lat="54.50637" lon="10.376759999999999">
                        <ele>0</ele>
                        <time>2022-08-18T13:17:57Z</time>
                                                <extensions>
                            <sog>16.5</sog>
<cog>59.8</cog>
                        </extensions>
                    </trkpt>
                    <trkpt lat="54.50671166666667" lon="10.377776666666668">
                        <ele>0</ele>
                        <time>2022-08-18T13:18:06Z</time>
                                                <extensions>
                            <sog>16.4</sog>
<cog>59.9</cog>
                        </extensions>
                    </trkpt>
                    <trkpt lat="54.50693833333333" lon="10.378448333333333">
                        <ele>0</ele>
                        <time>2022-08-18T13:18:13Z</time>
                                                <extensions>
                            <sog>16.3</sog>
<cog>59.9</cog>
                        </extensions>
                    </trkpt>
                    <trkpt lat="54.507165" lon="10.379115">
                        <ele>0</ele>
                        <time>2022-08-18T13:18:18Z</time>
                                                <extensions>
                            <sog>16.1</sog>
<cog>59.8</cog>
                        </extensions>
                    </trkpt>
                    <trkpt lat="54.50738666666667" lon="10.379778333333332">
                        <ele>0</ele>
                        <time>2022-08-18T13:18:25Z</time>
                                                <extensions>
                            <sog>16.0</sog>
<cog>59.9</cog>
                        </extensions>
                    </trkpt>
                    <trkpt lat="54.507646666666666" lon="10.380545000000001">
                        <ele>0</ele>
                        <time>2022-08-18T13:18:31Z</time>
                                                <extensions>
                            <sog>15.9</sog>
<cog>59.8</cog>
                        </extensions>
                    </trkpt>
                    <trkpt lat="54.50783166666667" lon="10.381088333333334">
                        <ele>0</ele>
                        <time>2022-08-18T13:18:37Z</time>
                                                <extensions>
                            <sog>15.8</sog>
<cog>59.7</cog>
                        </extensions>
                    </trkpt>
                    <trkpt lat="54.50805166666667" lon="10.381736666666665">
                        <ele>0</ele>
                        <time>2022-08-18T13:18:42Z</time>
                                                <extensions>
                            <sog>15.7</sog>
<cog>59.6</cog>
                        </extensions>
                    </trkpt>
                    <trkpt lat="54.50856666666667" lon="10.383231666666667">
                        <ele>0</ele>
                        <time>2022-08-18T13:18:57Z</time>
                                                <extensions>
                            <sog>15.5</sog>
<cog>59.3</cog>
                        </extensions>
                    </trkpt>
                    <trkpt lat="54.50871333333334" lon="10.383653333333333">
                        <ele>0</ele>
                        <time>2022-08-18T13:19:01Z</time>
                                                <extensions>
                            <sog>15.5</sog>
<cog>59.2</cog>
                        </extensions>
                    </trkpt>
                    <trkpt lat="54.50937" lon="10.385535">
                        <ele>0</ele>
                        <time>2022-08-18T13:19:18Z</time>
                                                <extensions>
                            <sog>15.2</sog>
<cog>59.0</cog>
                        </extensions>
                    </trkpt>
                    <trkpt lat="54.50958833333333" lon="10.386158333333332">
                        <ele>0</ele>
                        <time>2022-08-18T13:19:25Z</time>
                                                <extensions>
                            <sog>15.2</sog>
<cog>59.0</cog>
                        </extensions>
                    </trkpt>
                    <trkpt lat="54.509840000000004" lon="10.386885000000001">
                        <ele>0</ele>
                        <time>2022-08-18T13:19:31Z</time>
                                                <extensions>
                            <sog>15.2</sog>
<cog>59.3</cog>
                        </extensions>
                    </trkpt>
                    <trkpt lat="54.510016666666665" lon="10.387406666666667">
                        <ele>0</ele>
                        <time>2022-08-18T13:19:37Z</time>
                                                <extensions>
                            <sog>15.2</sog>
<cog>59.6</cog>
                        </extensions>
                    </trkpt>
                    <trkpt lat="54.51022666666667" lon="10.388033333333334">
                        <ele>0</ele>
                        <time>2022-08-18T13:19:42Z</time>
                                                <extensions>
                            <sog>15.2</sog>
<cog>59.9</cog>
                        </extensions>
                    </trkpt>
                    <trkpt lat="54.510643333333334" lon="10.389295">
                        <ele>0</ele>
                        <time>2022-08-18T13:19:55Z</time>
                                                <extensions>
                            <sog>15.2</sog>
<cog>60.6</cog>
                        </extensions>
                    </trkpt>
                    <trkpt lat="54.510711666666666" lon="10.389506666666668">
                        <ele>0</ele>
                        <time>2022-08-18T13:19:57Z</time>
                                                <extensions>
                            <sog>15.2</sog>
<cog>60.7</cog>
                        </extensions>
                    </trkpt>
                    <trkpt lat="54.51105333333333" lon="10.39057">
                        <ele>0</ele>
                        <time>2022-08-18T13:20:06Z</time>
                                                <extensions>
                            <sog>15.3</sog>
<cog>61.1</cog>
                        </extensions>
                    </trkpt>
                    <trkpt lat="54.51146000000001" lon="10.391856666666666">
                        <ele>0</ele>
                        <time>2022-08-18T13:20:18Z</time>
                                                <extensions>
                            <sog>15.3</sog>
<cog>61.5</cog>
                        </extensions>
                    </trkpt>
                    <trkpt lat="54.51166333333333" lon="10.392501666666668">
                        <ele>0</ele>
                        <time>2022-08-18T13:20:25Z</time>
                                                <extensions>
                            <sog>15.4</sog>
<cog>61.5</cog>
                        </extensions>
                    </trkpt>
                    <trkpt lat="54.512071666666664" lon="10.3938">
                        <ele>0</ele>
                        <time>2022-08-18T13:20:37Z</time>
                                                <extensions>
                            <sog>15.4</sog>
<cog>61.5</cog>
                        </extensions>
                    </trkpt>
                    <trkpt lat="54.51227666666667" lon="10.394448333333335">
                        <ele>0</ele>
                        <time>2022-08-18T13:20:42Z</time>
                                                <extensions>
                            <sog>15.5</sog>
<cog>61.4</cog>
                        </extensions>
                    </trkpt>
                    <trkpt lat="54.51251833333333" lon="10.395205">
                        <ele>0</ele>
                        <time>2022-08-18T13:20:49Z</time>
                                                <extensions>
                            <sog>15.5</sog>
<cog>61.3</cog>
                        </extensions>
                    </trkpt>
                    <trkpt lat="54.51269" lon="10.395743333333334">
                        <ele>0</ele>
                        <time>2022-08-18T13:20:55Z</time>
                                                <extensions>
                            <sog>15.4</sog>
<cog>61.2</cog>
                        </extensions>
                    </trkpt>
                    <trkpt lat="54.51275833333333" lon="10.39596">
                        <ele>0</ele>
                        <time>2022-08-18T13:20:57Z</time>
                                                <extensions>
                            <sog>15.4</sog>
<cog>61.2</cog>
                        </extensions>
                    </trkpt>
                    <trkpt lat="54.513101666666664" lon="10.397034999999999">
                        <ele>0</ele>
                        <time>2022-08-18T13:21:06Z</time>
                                                <extensions>
                            <sog>15.4</sog>
<cog>61.2</cog>
                        </extensions>
                    </trkpt>
                    <trkpt lat="54.513308333333335" lon="10.397680000000001">
                        <ele>0</ele>
                        <time>2022-08-18T13:21:13Z</time>
                                                <extensions>
                            <sog>15.4</sog>
<cog>61.3</cog>
                        </extensions>
                    </trkpt>
                    <trkpt lat="54.513513333333336" lon="10.398325">
                        <ele>0</ele>
                        <time>2022-08-18T13:21:18Z</time>
                                                <extensions>
                            <sog>15.4</sog>
<cog>61.3</cog>
                        </extensions>
                    </trkpt>
                    <trkpt lat="54.51371833333334" lon="10.398971666666666">
                        <ele>0</ele>
                        <time>2022-08-18T13:21:25Z</time>
                                                <extensions>
                            <sog>15.4</sog>
<cog>61.4</cog>
                        </extensions>
                    </trkpt>
                    <trkpt lat="54.513955" lon="10.39973">
                        <ele>0</ele>
                        <time>2022-08-18T13:21:31Z</time>
                                                <extensions>
                            <sog>15.4</sog>
<cog>61.6</cog>
                        </extensions>
                    </trkpt>
                    <trkpt lat="54.514125" lon="10.400273333333333">
                        <ele>0</ele>
                        <time>2022-08-18T13:21:37Z</time>
                                                <extensions>
                            <sog>15.5</sog>
<cog>61.7</cog>
                        </extensions>
                    </trkpt>
                    <trkpt lat="54.51432833333333" lon="10.400926666666667">
                        <ele>0</ele>
                        <time>2022-08-18T13:21:43Z</time>
                                                <extensions>
                            <sog>15.5</sog>
<cog>61.9</cog>
                        </extensions>
                    </trkpt>
                    <trkpt lat="54.51473333333333" lon="10.40224">
                        <ele>0</ele>
                        <time>2022-08-18T13:21:55Z</time>
                                                <extensions>
                            <sog>15.6</sog>
<cog>61.9</cog>
                        </extensions>
                    </trkpt>
                    <trkpt lat="54.51480166666667" lon="10.40246">
                        <ele>0</ele>
                        <time>2022-08-18T13:21:57Z</time>
                                                <extensions>
                            <sog>15.6</sog>
<cog>61.9</cog>
                        </extensions>
                    </trkpt>
                    <trkpt lat="54.51493833333333" lon="10.402898333333333">
                        <ele>0</ele>
                        <time>2022-08-18T13:22:00Z</time>
                                                <extensions>
                            <sog>15.6</sog>
<cog>61.9</cog>
                        </extensions>
                    </trkpt>
                    <trkpt lat="54.51555833333334" lon="10.404883333333334">
                        <ele>0</ele>
                        <time>2022-08-18T13:22:18Z</time>
                                                <extensions>
                            <sog>15.7</sog>
<cog>61.6</cog>
                        </extensions>
                    </trkpt>
                    <trkpt lat="54.51600833333334" lon="10.406323333333335">
                        <ele>0</ele>
                        <time>2022-08-18T13:22:31Z</time>
                                                <extensions>
                            <sog>15.8</sog>
<cog>61.7</cog>
                        </extensions>
                    </trkpt>
                    <trkpt lat="54.51638833333333" lon="10.407546666666667">
                        <ele>0</ele>
                        <time>2022-08-18T13:22:43Z</time>
                                                <extensions>
                            <sog>15.8</sog>
<cog>61.9</cog>
                        </extensions>
                    </trkpt>
                    <trkpt lat="54.516798333333334" lon="10.408890000000001">
                        <ele>0</ele>
                        <time>2022-08-18T13:22:55Z</time>
                                                <extensions>
                            <sog>15.9</sog>
<cog>62.5</cog>
                        </extensions>
                    </trkpt>
                    <trkpt lat="54.517" lon="10.409568333333334">
                        <ele>0</ele>
                        <time>2022-08-18T13:23:00Z</time>
                                                <extensions>
                            <sog>15.9</sog>
<cog>62.8</cog>
                        </extensions>
                    </trkpt>
                    <trkpt lat="54.517201666666665" lon="10.410246666666666">
                        <ele>0</ele>
                        <time>2022-08-18T13:23:06Z</time>
                                                <extensions>
                            <sog>15.9</sog>
<cog>62.9</cog>
                        </extensions>
                    </trkpt>
                    <trkpt lat="54.517401666666665" lon="10.410928333333334">
                        <ele>0</ele>
                        <time>2022-08-18T13:23:13Z</time>
                                                <extensions>
                            <sog>16.0</sog>
<cog>63.1</cog>
                        </extensions>
                    </trkpt>
                    <trkpt lat="54.517635000000006" lon="10.411726666666668">
                        <ele>0</ele>
                        <time>2022-08-18T13:23:19Z</time>
                                                <extensions>
                            <sog>16.0</sog>
<cog>63.2</cog>
                        </extensions>
                    </trkpt>
                    <trkpt lat="54.51803666666667" lon="10.413101666666668">
                        <ele>0</ele>
                        <time>2022-08-18T13:23:31Z</time>
                                                <extensions>
                            <sog>16.1</sog>
<cog>63.4</cog>
                        </extensions>
                    </trkpt>
                    <trkpt lat="54.51820333333333" lon="10.413676666666667">
                        <ele>0</ele>
                        <time>2022-08-18T13:23:37Z</time>
                                                <extensions>
                            <sog>16.1</sog>
<cog>63.4</cog>
                        </extensions>
                    </trkpt>
                    <trkpt lat="54.518405" lon="10.414366666666666">
                        <ele>0</ele>
                        <time>2022-08-18T13:23:43Z</time>
                                                <extensions>
                            <sog>16.2</sog>
<cog>63.4</cog>
                        </extensions>
                    </trkpt>
                    <trkpt lat="54.51860666666666" lon="10.41506">
                        <ele>0</ele>
                        <time>2022-08-18T13:23:48Z</time>
                                                <extensions>
                            <sog>16.2</sog>
<cog>63.4</cog>
                        </extensions>
                    </trkpt>
                    <trkpt lat="54.51880833333333" lon="10.415754999999999">
                        <ele>0</ele>
                        <time>2022-08-18T13:23:55Z</time>
                                                <extensions>
                            <sog>16.2</sog>
<cog>63.4</cog>
                        </extensions>
                    </trkpt>
                    <trkpt lat="54.518875" lon="10.415986666666667">
                        <ele>0</ele>
                        <time>2022-08-18T13:23:57Z</time>
                                                <extensions>
                            <sog>16.3</sog>
<cog>63.4</cog>
                        </extensions>
                    </trkpt>
                    <trkpt lat="54.51901" lon="10.416451666666667">
                        <ele>0</ele>
                        <time>2022-08-18T13:24:00Z</time>
                                                <extensions>
                            <sog>16.3</sog>
<cog>63.4</cog>
                        </extensions>
                    </trkpt>
                    <trkpt lat="54.51921333333333" lon="10.41715">
                        <ele>0</ele>
                        <time>2022-08-18T13:24:06Z</time>
                                                <extensions>
                            <sog>16.3</sog>
<cog>63.4</cog>
                        </extensions>
                    </trkpt>
                    <trkpt lat="54.519416666666665" lon="10.41785">
                        <ele>0</ele>
                        <time>2022-08-18T13:24:13Z</time>
                                                <extensions>
                            <sog>16.4</sog>
<cog>63.4</cog>
                        </extensions>
                    </trkpt>
                    <trkpt lat="54.519825" lon="10.419256666666666">
                        <ele>0</ele>
                        <time>2022-08-18T13:24:25Z</time>
                                                <extensions>
                            <sog>16.5</sog>
<cog>63.4</cog>
                        </extensions>
                    </trkpt>
                    <trkpt lat="54.52006333333333" lon="10.42008">
                        <ele>0</ele>
                        <time>2022-08-18T13:24:31Z</time>
                                                <extensions>
                            <sog>16.5</sog>
<cog>63.5</cog>
                        </extensions>
                    </trkpt>
                    <trkpt lat="54.52064333333333" lon="10.422089999999999">
                        <ele>0</ele>
                        <time>2022-08-18T13:24:48Z</time>
                                                <extensions>
                            <sog>16.6</sog>
<cog>63.6</cog>
                        </extensions>
                    </trkpt>
                    <trkpt lat="54.520846666666664" lon="10.422801666666667">
                        <ele>0</ele>
                        <time>2022-08-18T13:24:55Z</time>
                                                <extensions>
                            <sog>16.6</sog>
<cog>63.7</cog>
                        </extensions>
                    </trkpt>
                    <trkpt lat="54.52105166666667" lon="10.423515">
                        <ele>0</ele>
                        <time>2022-08-18T13:25:00Z</time>
                                                <extensions>
                            <sog>16.6</sog>
<cog>63.7</cog>
                        </extensions>
                    </trkpt>
                    <trkpt lat="54.521256666666666" lon="10.42423">
                        <ele>0</ele>
                        <time>2022-08-18T13:25:06Z</time>
                                                <extensions>
                            <sog>16.7</sog>
<cog>63.7</cog>
                        </extensions>
                    </trkpt>
                    <trkpt lat="54.52146166666667" lon="10.424945000000001">
                        <ele>0</ele>
                        <time>2022-08-18T13:25:13Z</time>
                                                <extensions>
                            <sog>16.7</sog>
<cog>63.7</cog>
                        </extensions>
                    </trkpt>
                    <trkpt lat="54.52211166666667" lon="10.427218333333334">
                        <ele>0</ele>
                        <time>2022-08-18T13:25:31Z</time>
                                                <extensions>
                            <sog>16.8</sog>
<cog>63.7</cog>
                        </extensions>
                    </trkpt>
                    <trkpt lat="54.52269833333333" lon="10.429263333333333">
                        <ele>0</ele>
                        <time>2022-08-18T13:25:48Z</time>
                                                <extensions>
                            <sog>16.9</sog>
<cog>63.7</cog>
                        </extensions>
                    </trkpt>
                    <trkpt lat="54.52290666666667" lon="10.429986666666668">
                        <ele>0</ele>
                        <time>2022-08-18T13:25:55Z</time>
                                                <extensions>
                            <sog>16.9</sog>
<cog>63.6</cog>
                        </extensions>
                    </trkpt>
                    <trkpt lat="54.523113333333335" lon="10.430708333333333">
                        <ele>0</ele>
                        <time>2022-08-18T13:26:00Z</time>
                                                <extensions>
                            <sog>16.9</sog>
<cog>63.6</cog>
                        </extensions>
                    </trkpt>
                    <trkpt lat="54.52335666666667" lon="10.43155">
                        <ele>0</ele>
                        <time>2022-08-18T13:26:07Z</time>
                                                <extensions>
                            <sog>16.9</sog>
<cog>63.5</cog>
                        </extensions>
                    </trkpt>
                    <trkpt lat="54.52353" lon="10.43215">
                        <ele>0</ele>
                        <time>2022-08-18T13:26:13Z</time>
                                                <extensions>
                            <sog>16.8</sog>
<cog>63.5</cog>
                        </extensions>
                    </trkpt>
                    <trkpt lat="54.52419" lon="10.434421666666667">
                        <ele>0</ele>
                        <time>2022-08-18T13:26:31Z</time>
                                                <extensions>
                            <sog>16.8</sog>
<cog>63.4</cog>
                        </extensions>
                    </trkpt>
                    <trkpt lat="54.524573333333336" lon="10.435735">
                        <ele>0</ele>
                        <time>2022-08-18T13:26:43Z</time>
                                                <extensions>
                            <sog>16.8</sog>
<cog>63.3</cog>
                        </extensions>
                    </trkpt>
                    <trkpt lat="54.52478166666666" lon="10.436451666666667">
                        <ele>0</ele>
                        <time>2022-08-18T13:26:48Z</time>
                                                <extensions>
                            <sog>16.8</sog>
<cog>63.4</cog>
                        </extensions>
                    </trkpt>
                    <trkpt lat="54.52499" lon="10.43717">
                        <ele>0</ele>
                        <time>2022-08-18T13:26:55Z</time>
                                                <extensions>
                            <sog>16.8</sog>
<cog>63.5</cog>
                        </extensions>
                    </trkpt>
                    <trkpt lat="54.52505833333333" lon="10.43741">
                        <ele>0</ele>
                        <time>2022-08-18T13:26:57Z</time>
                                                <extensions>
                            <sog>16.8</sog>
<cog>63.5</cog>
                        </extensions>
                    </trkpt>
                    <trkpt lat="54.52561333333333" lon="10.439335">
                        <ele>0</ele>
                        <time>2022-08-18T13:27:13Z</time>
                                                <extensions>
                            <sog>16.9</sog>
<cog>63.6</cog>
                        </extensions>
                    </trkpt>
                    <trkpt lat="54.525821666666666" lon="10.440059999999999">
                        <ele>0</ele>
                        <time>2022-08-18T13:27:19Z</time>
                                                <extensions>
                            <sog>16.9</sog>
<cog>63.6</cog>
                        </extensions>
                    </trkpt>
                    <trkpt lat="54.52603" lon="10.440783333333334">
                        <ele>0</ele>
                        <time>2022-08-18T13:27:25Z</time>
                                                <extensions>
                            <sog>16.9</sog>
<cog>63.7</cog>
                        </extensions>
                    </trkpt>
                    <trkpt lat="54.52668666666667" lon="10.443078333333334">
                        <ele>0</ele>
                        <time>2022-08-18T13:27:43Z</time>
                                                <extensions>
                            <sog>16.9</sog>
<cog>63.8</cog>
                        </extensions>
                    </trkpt>
                    <trkpt lat="54.52685833333333" lon="10.443683333333333">
                        <ele>0</ele>
                        <time>2022-08-18T13:27:48Z</time>
                                                <extensions>
                            <sog>16.9</sog>
<cog>63.9</cog>
                        </extensions>
                    </trkpt>
                    <trkpt lat="54.52713333333334" lon="10.444651666666665">
                        <ele>0</ele>
                        <time>2022-08-18T13:27:57Z</time>
                                                <extensions>
                            <sog>16.9</sog>
<cog>64.0</cog>
                        </extensions>
                    </trkpt>
                    <trkpt lat="54.52750833333334" lon="10.445983333333334">
                        <ele>0</ele>
                        <time>2022-08-18T13:28:07Z</time>
                                                <extensions>
                            <sog>16.9</sog>
<cog>64.1</cog>
                        </extensions>
                    </trkpt>
                    <trkpt lat="54.527885" lon="10.447315">
                        <ele>0</ele>
                        <time>2022-08-18T13:28:19Z</time>
                                                <extensions>
                            <sog>16.9</sog>
<cog>64.0</cog>
                        </extensions>
                    </trkpt>
                    <trkpt lat="54.528331666666666" lon="10.44889">
                        <ele>0</ele>
                        <time>2022-08-18T13:28:31Z</time>
                                                <extensions>
                            <sog>16.9</sog>
<cog>63.9</cog>
                        </extensions>
                    </trkpt>
                    <trkpt lat="54.528745" lon="10.450343333333333">
                        <ele>0</ele>
                        <time>2022-08-18T13:28:43Z</time>
                                                <extensions>
                            <sog>16.9</sog>
<cog>63.9</cog>
                        </extensions>
                    </trkpt>
                    <trkpt lat="54.52891666666667" lon="10.45095">
                        <ele>0</ele>
                        <time>2022-08-18T13:28:49Z</time>
                                                <extensions>
                            <sog>16.9</sog>
<cog>63.9</cog>
                        </extensions>
                    </trkpt>
                    <trkpt lat="54.52912333333334" lon="10.451676666666666">
                        <ele>0</ele>
                        <time>2022-08-18T13:28:55Z</time>
                                                <extensions>
                            <sog>16.9</sog>
<cog>63.9</cog>
                        </extensions>
                    </trkpt>
                    <trkpt lat="54.52919333333333" lon="10.451918333333333">
                        <ele>0</ele>
                        <time>2022-08-18T13:28:57Z</time>
                                                <extensions>
                            <sog>16.9</sog>
<cog>63.9</cog>
                        </extensions>
                    </trkpt>
                    <trkpt lat="54.52957166666667" lon="10.453253333333333">
                        <ele>0</ele>
                        <time>2022-08-18T13:29:07Z</time>
                                                <extensions>
                            <sog>17.0</sog>
<cog>63.9</cog>
                        </extensions>
                    </trkpt>
                    <trkpt lat="54.529745000000005" lon="10.453859999999999">
                        <ele>0</ele>
                        <time>2022-08-18T13:29:13Z</time>
                                                <extensions>
                            <sog>17.0</sog>
<cog>63.9</cog>
                        </extensions>
                    </trkpt>
                    <trkpt lat="54.52995166666666" lon="10.454588333333334">
                        <ele>0</ele>
                        <time>2022-08-18T13:29:19Z</time>
                                                <extensions>
                            <sog>17.0</sog>
<cog>63.9</cog>
                        </extensions>
                    </trkpt>
                    <trkpt lat="54.5304" lon="10.456169999999998">
                        <ele>0</ele>
                        <time>2022-08-18T13:29:31Z</time>
                                                <extensions>
                            <sog>17.0</sog>
<cog>64.0</cog>
                        </extensions>
                    </trkpt>
                    <trkpt lat="54.530811666666665" lon="10.457628333333334">
                        <ele>0</ele>
                        <time>2022-08-18T13:29:43Z</time>
                                                <extensions>
                            <sog>17.0</sog>
<cog>64.0</cog>
                        </extensions>
                    </trkpt>
                    <trkpt lat="54.53119" lon="10.458966666666667">
                        <ele>0</ele>
                        <time>2022-08-18T13:29:55Z</time>
                                                <extensions>
                            <sog>17.0</sog>
<cog>64.0</cog>
                        </extensions>
                    </trkpt>
                    <trkpt lat="54.53184666666667" lon="10.461281666666668">
                        <ele>0</ele>
                        <time>2022-08-18T13:30:13Z</time>
                                                <extensions>
                            <sog>17.0</sog>
<cog>64.0</cog>
                        </extensions>
                    </trkpt>
                    <trkpt lat="54.53201833333333" lon="10.461893333333334">
                        <ele>0</ele>
                        <time>2022-08-18T13:30:19Z</time>
                                                <extensions>
                            <sog>17.1</sog>
<cog>64.0</cog>
                        </extensions>
                    </trkpt>
                    <trkpt lat="54.532469999999996" lon="10.463483333333333">
                        <ele>0</ele>
                        <time>2022-08-18T13:30:31Z</time>
                                                <extensions>
                            <sog>17.1</sog>
<cog>63.9</cog>
                        </extensions>
                    </trkpt>
                    <trkpt lat="54.53288666666666" lon="10.46495">
                        <ele>0</ele>
                        <time>2022-08-18T13:30:43Z</time>
                                                <extensions>
                            <sog>17.1</sog>
<cog>63.9</cog>
                        </extensions>
                    </trkpt>
                    <trkpt lat="54.53327" lon="10.466295">
                        <ele>0</ele>
                        <time>2022-08-18T13:30:55Z</time>
                                                <extensions>
                            <sog>17.1</sog>
<cog>63.8</cog>
                        </extensions>
                    </trkpt>
                    <trkpt lat="54.53333833333333" lon="10.466538333333334">
                        <ele>0</ele>
                        <time>2022-08-18T13:30:57Z</time>
                                                <extensions>
                            <sog>17.1</sog>
<cog>63.8</cog>
                        </extensions>
                    </trkpt>
                    <trkpt lat="54.534105" lon="10.469225">
                        <ele>0</ele>
                        <time>2022-08-18T13:31:19Z</time>
                                                <extensions>
                            <sog>17.1</sog>
<cog>63.8</cog>
                        </extensions>
                    </trkpt>
                    <trkpt lat="54.53431666666667" lon="10.469955">
                        <ele>0</ele>
                        <time>2022-08-18T13:31:25Z</time>
                                                <extensions>
                            <sog>17.1</sog>
<cog>63.4</cog>
                        </extensions>
                    </trkpt>
                    <trkpt lat="54.534531666666666" lon="10.470685">
                        <ele>0</ele>
                        <time>2022-08-18T13:31:31Z</time>
                                                <extensions>
                            <sog>17.1</sog>
<cog>63.1</cog>
                        </extensions>
                    </trkpt>
                    <trkpt lat="54.534751666666665" lon="10.471408333333333">
                        <ele>0</ele>
                        <time>2022-08-18T13:31:37Z</time>
                                                <extensions>
                            <sog>17.1</sog>
<cog>62.3</cog>
                        </extensions>
                    </trkpt>
                    <trkpt lat="54.534975" lon="10.47213">
                        <ele>0</ele>
                        <time>2022-08-18T13:31:43Z</time>
                                                <extensions>
                            <sog>17.1</sog>
<cog>61.8</cog>
                        </extensions>
                    </trkpt>
                    <trkpt lat="54.5352" lon="10.472848333333333">
                        <ele>0</ele>
                        <time>2022-08-18T13:31:49Z</time>
                                                <extensions>
                            <sog>17.1</sog>
<cog>61.6</cog>
                        </extensions>
                    </trkpt>
                    <trkpt lat="54.53550666666667" lon="10.4738">
                        <ele>0</ele>
                        <time>2022-08-18T13:31:57Z</time>
                                                <extensions>
                            <sog>17.1</sog>
<cog>60.8</cog>
                        </extensions>
                    </trkpt>
                    <trkpt lat="54.53566333333333" lon="10.474275">
                        <ele>0</ele>
                        <time>2022-08-18T13:32:01Z</time>
                                                <extensions>
                            <sog>17.1</sog>
<cog>60.5</cog>
                        </extensions>
                    </trkpt>
                    <trkpt lat="54.53617833333333" lon="10.475806666666667">
                        <ele>0</ele>
                        <time>2022-08-18T13:32:13Z</time>
                                                <extensions>
                            <sog>17.1</sog>
<cog>59.5</cog>
                        </extensions>
                    </trkpt>
                    <trkpt lat="54.536381666666664" lon="10.476391666666666">
                        <ele>0</ele>
                        <time>2022-08-18T13:32:19Z</time>
                                                <extensions>
                            <sog>17.1</sog>
<cog>59.1</cog>
                        </extensions>
                    </trkpt>
                    <trkpt lat="54.536878333333334" lon="10.477783333333333">
                        <ele>0</ele>
                        <time>2022-08-18T13:32:31Z</time>
                                                <extensions>
                            <sog>17.1</sog>
<cog>58.1</cog>
                        </extensions>
                    </trkpt>
                    <trkpt lat="54.53713166666667" lon="10.478471666666668">
                        <ele>0</ele>
                        <time>2022-08-18T13:32:37Z</time>
                                                <extensions>
                            <sog>17.1</sog>
<cog>57.5</cog>
                        </extensions>
                    </trkpt>
                    <trkpt lat="54.537389999999995" lon="10.479156666666666">
                        <ele>0</ele>
                        <time>2022-08-18T13:32:43Z</time>
                                                <extensions>
                            <sog>17.1</sog>
<cog>57.1</cog>
                        </extensions>
                    </trkpt>
                    <trkpt lat="54.537915" lon="10.480511666666667">
                        <ele>0</ele>
                        <time>2022-08-18T13:32:55Z</time>
                                                <extensions>
                            <sog>17.0</sog>
<cog>55.9</cog>
                        </extensions>
                    </trkpt>
                    <trkpt lat="54.538005" lon="10.480735000000001">
                        <ele>0</ele>
                        <time>2022-08-18T13:32:57Z</time>
                                                <extensions>
                            <sog>17.0</sog>
<cog>55.8</cog>
                        </extensions>
                    </trkpt>
                    <trkpt lat="54.538183333333336" lon="10.481183333333332">
                        <ele>0</ele>
                        <time>2022-08-18T13:33:01Z</time>
                                                <extensions>
                            <sog>17.0</sog>
<cog>55.5</cog>
                        </extensions>
                    </trkpt>
                    <trkpt lat="54.538455" lon="10.48185">
                        <ele>0</ele>
                        <time>2022-08-18T13:33:07Z</time>
                                                <extensions>
                            <sog>17.0</sog>
<cog>54.9</cog>
                        </extensions>
                    </trkpt>
                    <trkpt lat="54.53877833333333" lon="10.482621666666667">
                        <ele>0</ele>
                        <time>2022-08-18T13:33:13Z</time>
                                                <extensions>
                            <sog>17.0</sog>
<cog>54.2</cog>
                        </extensions>
                    </trkpt>
                    <trkpt lat="54.53901" lon="10.483168333333333">
                        <ele>0</ele>
                        <time>2022-08-18T13:33:19Z</time>
                                                <extensions>
                            <sog>17.0</sog>
<cog>53.8</cog>
                        </extensions>
                    </trkpt>
                    <trkpt lat="54.53929333333333" lon="10.483821666666667">
                        <ele>0</ele>
                        <time>2022-08-18T13:33:24Z</time>
                                                <extensions>
                            <sog>17.0</sog>
<cog>53.2</cog>
                        </extensions>
                    </trkpt>
                    <trkpt lat="54.53986666666666" lon="10.485111666666667">
                        <ele>0</ele>
                        <time>2022-08-18T13:33:37Z</time>
                                                <extensions>
                            <sog>17.0</sog>
<cog>52.2</cog>
                        </extensions>
                    </trkpt>
                    <trkpt lat="54.54016" lon="10.485748333333333">
                        <ele>0</ele>
                        <time>2022-08-18T13:33:43Z</time>
                                                <extensions>
                            <sog>17.0</sog>
<cog>51.7</cog>
                        </extensions>
                    </trkpt>
                    <trkpt lat="54.54045333333333" lon="10.486383333333333">
                        <ele>0</ele>
                        <time>2022-08-18T13:33:49Z</time>
                                                <extensions>
                            <sog>17.0</sog>
<cog>51.4</cog>
                        </extensions>
                    </trkpt>
                    <trkpt lat="54.54104333333333" lon="10.487646666666667">
                        <ele>0</ele>
                        <time>2022-08-18T13:34:01Z</time>
                                                <extensions>
                            <sog>17.0</sog>
<cog>51.1</cog>
                        </extensions>
                    </trkpt>
                    <trkpt lat="54.541685" lon="10.489015">
                        <ele>0</ele>
                        <time>2022-08-18T13:34:13Z</time>
                                                <extensions>
                            <sog>17.0</sog>
<cog>51.1</cog>
                        </extensions>
                    </trkpt>
                    <trkpt lat="54.542228333333334" lon="10.49017">
                        <ele>0</ele>
                        <time>2022-08-18T13:34:24Z</time>
                                                <extensions>
                            <sog>16.9</sog>
<cog>50.9</cog>
                        </extensions>
                    </trkpt>
                    <trkpt lat="54.542525" lon="10.490798333333334">
                        <ele>0</ele>
                        <time>2022-08-18T13:34:31Z</time>
                                                <extensions>
                            <sog>16.9</sog>
<cog>50.9</cog>
                        </extensions>
                    </trkpt>
                    <trkpt lat="54.54312" lon="10.492051666666667">
                        <ele>0</ele>
                        <time>2022-08-18T13:34:43Z</time>
                                                <extensions>
                            <sog>16.9</sog>
<cog>50.7</cog>
                        </extensions>
                    </trkpt>
                    <trkpt lat="54.543418333333335" lon="10.492676666666666">
                        <ele>0</ele>
                        <time>2022-08-18T13:34:49Z</time>
                                                <extensions>
                            <sog>16.9</sog>
<cog>50.6</cog>
                        </extensions>
                    </trkpt>
                    <trkpt lat="54.54550833333334" lon="10.49705">
                        <ele>0</ele>
                        <time>2022-08-18T13:35:31Z</time>
                                                <extensions>
                            <sog>16.9</sog>
<cog>50.5</cog>
                        </extensions>
                    </trkpt>
                    <trkpt lat="54.54580833333333" lon="10.497675">
                        <ele>0</ele>
                        <time>2022-08-18T13:35:37Z</time>
                                                <extensions>
                            <sog>16.9</sog>
<cog>50.5</cog>
                        </extensions>
                    </trkpt>
                    <trkpt lat="54.54610666666667" lon="10.4983">
                        <ele>0</ele>
                        <time>2022-08-18T13:35:43Z</time>
                                                <extensions>
                            <sog>16.9</sog>
<cog>50.5</cog>
                        </extensions>
                    </trkpt>
                    <trkpt lat="54.54645666666667" lon="10.499028333333333">
                        <ele>0</ele>
                        <time>2022-08-18T13:35:49Z</time>
                                                <extensions>
                            <sog>16.9</sog>
<cog>50.5</cog>
                        </extensions>
                    </trkpt>
                    <trkpt lat="54.546706666666665" lon="10.499548333333333">
                        <ele>0</ele>
                        <time>2022-08-18T13:35:55Z</time>
                                                <extensions>
                            <sog>16.9</sog>
<cog>50.4</cog>
                        </extensions>
                    </trkpt>
                    <trkpt lat="54.547005" lon="10.500171666666667">
                        <ele>0</ele>
                        <time>2022-08-18T13:36:01Z</time>
                                                <extensions>
                            <sog>16.9</sog>
<cog>50.4</cog>
                        </extensions>
                    </trkpt>
                    <trkpt lat="54.549099999999996" lon="10.504538333333333">
                        <ele>0</ele>
                        <time>2022-08-18T13:36:43Z</time>
                                                <extensions>
                            <sog>16.9</sog>
<cog>50.5</cog>
                        </extensions>
                    </trkpt>
                    <trkpt lat="54.549996666666665" lon="10.506415">
                        <ele>0</ele>
                        <time>2022-08-18T13:37:01Z</time>
                                                <extensions>
                            <sog>16.9</sog>
<cog>50.6</cog>
                        </extensions>
                    </trkpt>
                    <trkpt lat="54.55297333333333" lon="10.512706666666666">
                        <ele>0</ele>
                        <time>2022-08-18T13:38:01Z</time>
                                                <extensions>
                            <sog>17.0</sog>
<cog>51.0</cog>
                        </extensions>
                    </trkpt>
                    <trkpt lat="54.55356833333334" lon="10.513973333333333">
                        <ele>0</ele>
                        <time>2022-08-18T13:38:12Z</time>
                                                <extensions>
                            <sog>17.0</sog>
<cog>51.0</cog>
                        </extensions>
                    </trkpt>
                    <trkpt lat="54.553865" lon="10.514606666666667">
                        <ele>0</ele>
                        <time>2022-08-18T13:38:18Z</time>
                                                <extensions>
                            <sog>17.0</sog>
<cog>51.0</cog>
                        </extensions>
                    </trkpt>
                    <trkpt lat="54.55802666666667" lon="10.523480000000001">
                        <ele>0</ele>
                        <time>2022-08-18T13:39:43Z</time>
                                                <extensions>
                            <sog>17.0</sog>
<cog>51.2</cog>
                        </extensions>
                    </trkpt>
                    <trkpt lat="54.56169" lon="10.531313333333333">
                        <ele>0</ele>
                        <time>2022-08-18T13:40:56Z</time>
                                                <extensions>
                            <sog>17.0</sog>
<cog>51.2</cog>
                        </extensions>
                    </trkpt>
                    <trkpt lat="54.563943333333334" lon="10.536161666666667">
                        <ele>0</ele>
                        <time>2022-08-18T13:41:43Z</time>
                                                <extensions>
                            <sog>16.9</sog>
<cog>51.3</cog>
                        </extensions>
                    </trkpt>
                    <trkpt lat="54.56457833333333" lon="10.537531666666666">
                        <ele>0</ele>
                        <time>2022-08-18T13:41:55Z</time>
                                                <extensions>
                            <sog>16.9</sog>
<cog>51.3</cog>
                        </extensions>
                    </trkpt>
                    <trkpt lat="54.56755833333333" lon="10.543945">
                        <ele>0</ele>
                        <time>2022-08-18T13:42:57Z</time>
                                                <extensions>
                            <sog>16.9</sog>
<cog>51.3</cog>
                        </extensions>
                    </trkpt>
                    <trkpt lat="54.56949833333333" lon="10.548148333333334">
                        <ele>0</ele>
                        <time>2022-08-18T13:43:37Z</time>
                                                <extensions>
                            <sog>16.8</sog>
<cog>51.6</cog>
                        </extensions>
                    </trkpt>
                    <trkpt lat="54.572403333333334" lon="10.554453333333333">
                        <ele>0</ele>
                        <time>2022-08-18T13:44:36Z</time>
                                                <extensions>
                            <sog>16.8</sog>
<cog>51.3</cog>
                        </extensions>
                    </trkpt>
                    <trkpt lat="54.582008333333334" lon="10.575186666666667">
                        <ele>0</ele>
                        <time>2022-08-18T13:47:55Z</time>
                                                <extensions>
                            <sog>16.8</sog>
<cog>51.2</cog>
                        </extensions>
                    </trkpt>
                    <trkpt lat="54.58259333333333" lon="10.576441666666666">
                        <ele>0</ele>
                        <time>2022-08-18T13:48:07Z</time>
                                                <extensions>
                            <sog>16.8</sog>
<cog>51.2</cog>
                        </extensions>
                    </trkpt>
                    <trkpt lat="54.58405666666667" lon="10.579596666666667">
                        <ele>0</ele>
                        <time>2022-08-18T13:48:36Z</time>
                                                <extensions>
                            <sog>16.9</sog>
<cog>51.5</cog>
                        </extensions>
                    </trkpt>
                    <trkpt lat="54.58551166666667" lon="10.58277">
                        <ele>0</ele>
                        <time>2022-08-18T13:49:07Z</time>
                                                <extensions>
                            <sog>16.9</sog>
<cog>51.8</cog>
                        </extensions>
                    </trkpt>
                    <trkpt lat="54.58580166666666" lon="10.583406666666667">
                        <ele>0</ele>
                        <time>2022-08-18T13:49:13Z</time>
                                                <extensions>
                            <sog>16.9</sog>
<cog>51.9</cog>
                        </extensions>
                    </trkpt>
                    <trkpt lat="54.586956666666666" lon="10.585953333333332">
                        <ele>0</ele>
                        <time>2022-08-18T13:49:36Z</time>
                                                <extensions>
                            <sog>16.9</sog>
<cog>52.0</cog>
                        </extensions>
                    </trkpt>
                    <trkpt lat="54.589841666666665" lon="10.592324999999999">
                        <ele>0</ele>
                        <time>2022-08-18T13:50:37Z</time>
                                                <extensions>
                            <sog>16.9</sog>
<cog>51.9</cog>
                        </extensions>
                    </trkpt>
                    <trkpt lat="54.59071333333333" lon="10.594235">
                        <ele>0</ele>
                        <time>2022-08-18T13:50:55Z</time>
                                                <extensions>
                            <sog>16.9</sog>
<cog>51.7</cog>
                        </extensions>
                    </trkpt>
                    <trkpt lat="54.59129666666667" lon="10.595506666666667">
                        <ele>0</ele>
                        <time>2022-08-18T13:51:07Z</time>
                                                <extensions>
                            <sog>16.9</sog>
<cog>51.6</cog>
                        </extensions>
                    </trkpt>
                    <trkpt lat="54.591588333333334" lon="10.596141666666666">
                        <ele>0</ele>
                        <time>2022-08-18T13:51:12Z</time>
                                                <extensions>
                            <sog>16.9</sog>
<cog>51.6</cog>
                        </extensions>
                    </trkpt>
                    <trkpt lat="54.596243333333334" lon="10.60629">
                        <ele>0</ele>
                        <time>2022-08-18T13:52:49Z</time>
                                                <extensions>
                            <sog>16.9</sog>
<cog>51.9</cog>
                        </extensions>
                    </trkpt>
                    <trkpt lat="54.59653333333333" lon="10.606926666666668">
                        <ele>0</ele>
                        <time>2022-08-18T13:52:55Z</time>
                                                <extensions>
                            <sog>16.9</sog>
<cog>51.8</cog>
                        </extensions>
                    </trkpt>
                    <trkpt lat="54.59663" lon="10.607138333333333">
                        <ele>0</ele>
                        <time>2022-08-18T13:52:57Z</time>
                                                <extensions>
                            <sog>16.9</sog>
<cog>51.8</cog>
                        </extensions>
                    </trkpt>
                    <trkpt lat="54.59711333333333" lon="10.608196666666666">
                        <ele>0</ele>
                        <time>2022-08-18T13:53:07Z</time>
                                                <extensions>
                            <sog>16.9</sog>
<cog>51.8</cog>
                        </extensions>
                    </trkpt>
                    <trkpt lat="54.59740166666666" lon="10.608830000000001">
                        <ele>0</ele>
                        <time>2022-08-18T13:53:12Z</time>
                                                <extensions>
                            <sog>16.8</sog>
<cog>51.7</cog>
                        </extensions>
                    </trkpt>
                    <trkpt lat="54.59769166666667" lon="10.609461666666666">
                        <ele>0</ele>
                        <time>2022-08-18T13:53:18Z</time>
                                                <extensions>
                            <sog>16.8</sog>
<cog>51.7</cog>
                        </extensions>
                    </trkpt>
                    <trkpt lat="54.598555000000005" lon="10.611358333333333">
                        <ele>0</ele>
                        <time>2022-08-18T13:53:37Z</time>
                                                <extensions>
                            <sog>16.8</sog>
<cog>51.9</cog>
                        </extensions>
                    </trkpt>
                    <trkpt lat="54.60084833333334" lon="10.616415">
                        <ele>0</ele>
                        <time>2022-08-18T13:54:25Z</time>
                                                <extensions>
                            <sog>16.7</sog>
<cog>51.8</cog>
                        </extensions>
                    </trkpt>
                    <trkpt lat="54.601425" lon="10.617675">
                        <ele>0</ele>
                        <time>2022-08-18T13:54:37Z</time>
                                                <extensions>
                            <sog>16.7</sog>
<cog>51.7</cog>
                        </extensions>
                    </trkpt>
                    <trkpt lat="54.602338333333336" lon="10.619668333333333">
                        <ele>0</ele>
                        <time>2022-08-18T13:54:55Z</time>
                                                <extensions>
                            <sog>16.8</sog>
<cog>51.7</cog>
                        </extensions>
                    </trkpt>
                    <trkpt lat="54.602866666666664" lon="10.620823333333334">
                        <ele>0</ele>
                        <time>2022-08-18T13:55:07Z</time>
                                                <extensions>
                            <sog>16.8</sog>
<cog>51.6</cog>
                        </extensions>
                    </trkpt>
                    <trkpt lat="54.603735" lon="10.622716666666667">
                        <ele>0</ele>
                        <time>2022-08-18T13:55:25Z</time>
                                                <extensions>
                            <sog>16.8</sog>
<cog>51.6</cog>
                        </extensions>
                    </trkpt>
                    <trkpt lat="54.604025" lon="10.623348333333333">
                        <ele>0</ele>
                        <time>2022-08-18T13:55:31Z</time>
                                                <extensions>
                            <sog>16.8</sog>
<cog>51.7</cog>
                        </extensions>
                    </trkpt>
                    <trkpt lat="54.60489" lon="10.62525">
                        <ele>0</ele>
                        <time>2022-08-18T13:55:48Z</time>
                                                <extensions>
                            <sog>16.8</sog>
<cog>51.9</cog>
                        </extensions>
                    </trkpt>
                    <trkpt lat="54.60898666666667" lon="10.6343">
                        <ele>0</ele>
                        <time>2022-08-18T13:57:13Z</time>
                                                <extensions>
                            <sog>16.9</sog>
<cog>52.1</cog>
                        </extensions>
                    </trkpt>
                    <trkpt lat="54.609516666666664" lon="10.635475000000001">
                        <ele>0</ele>
                        <time>2022-08-18T13:57:25Z</time>
                                                <extensions>
                            <sog>16.9</sog>
<cog>52.1</cog>
                        </extensions>
                    </trkpt>
                    <trkpt lat="54.61067333333334" lon="10.638038333333332">
                        <ele>0</ele>
                        <time>2022-08-18T13:57:48Z</time>
                                                <extensions>
                            <sog>16.9</sog>
<cog>52.0</cog>
                        </extensions>
                    </trkpt>
                    <trkpt lat="54.616573333333335" lon="10.650805">
                        <ele>0</ele>
                        <time>2022-08-18T13:59:48Z</time>
                                                <extensions>
                            <sog>17.2</sog>
<cog>51.3</cog>
                        </extensions>
                    </trkpt>
                    <trkpt lat="54.61810166666667" lon="10.653961666666667">
                        <ele>0</ele>
                        <time>2022-08-18T14:00:18Z</time>
                                                <extensions>
                            <sog>17.2</sog>
<cog>49.4</cog>
                        </extensions>
                    </trkpt>
                    <trkpt lat="54.61810166666667" lon="10.653961666666667">
                        <ele>0</ele>
                        <time>2022-08-18T14:00:18Z</time>
                                                <extensions>
                            <sog>17.2</sog>
<cog>49.4</cog>
                        </extensions>
                    </trkpt>
                    <trkpt lat="54.62605833333334" lon="10.669373333333334">
                        <ele>0</ele>
                        <time>2022-08-18T14:02:49Z</time>
                                                <extensions>
                            <sog>17.3</sog>
<cog>47.9</cog>
                        </extensions>
                    </trkpt>
                    <trkpt lat="54.64373833333333" lon="10.702948333333334">
                        <ele>0</ele>
                        <time>2022-08-18T14:08:18Z</time>
                                                <extensions>
                            <sog>17.2</sog>
<cog>45.8</cog>
                        </extensions>
                    </trkpt>
                    <trkpt lat="54.64440833333333" lon="10.704128333333333">
                        <ele>0</ele>
                        <time>2022-08-18T14:08:31Z</time>
                                                <extensions>
                            <sog>17.2</sog>
<cog>45.3</cog>
                        </extensions>
                    </trkpt>
                    <trkpt lat="54.64474666666667" lon="10.704711666666666">
                        <ele>0</ele>
                        <time>2022-08-18T14:08:37Z</time>
                                                <extensions>
                            <sog>17.2</sog>
<cog>44.8</cog>
                        </extensions>
                    </trkpt>
                    <trkpt lat="54.645088333333334" lon="10.705291666666666">
                        <ele>0</ele>
                        <time>2022-08-18T14:08:43Z</time>
                                                <extensions>
                            <sog>17.3</sog>
<cog>44.6</cog>
                        </extensions>
                    </trkpt>
                    <trkpt lat="54.64549" lon="10.705964999999999">
                        <ele>0</ele>
                        <time>2022-08-18T14:08:49Z</time>
                                                <extensions>
                            <sog>17.3</sog>
<cog>44.1</cog>
                        </extensions>
                    </trkpt>
                    <trkpt lat="54.645779999999995" lon="10.706441666666667">
                        <ele>0</ele>
                        <time>2022-08-18T14:08:55Z</time>
                                                <extensions>
                            <sog>17.3</sog>
<cog>43.7</cog>
                        </extensions>
                    </trkpt>
                    <trkpt lat="54.64612833333333" lon="10.70701">
                        <ele>0</ele>
                        <time>2022-08-18T14:09:00Z</time>
                                                <extensions>
                            <sog>17.3</sog>
<cog>43.3</cog>
                        </extensions>
                    </trkpt>
                    <trkpt lat="54.64683333333333" lon="10.708135">
                        <ele>0</ele>
                        <time>2022-08-18T14:09:13Z</time>
                                                <extensions>
                            <sog>17.3</sog>
<cog>42.5</cog>
                        </extensions>
                    </trkpt>
                    <trkpt lat="54.64863666666667" lon="10.710885">
                        <ele>0</ele>
                        <time>2022-08-18T14:09:43Z</time>
                                                <extensions>
                            <sog>17.4</sog>
<cog>40.7</cog>
                        </extensions>
                    </trkpt>
                    <trkpt lat="54.652413333333335" lon="10.716093333333333">
                        <ele>0</ele>
                        <time>2022-08-18T14:10:43Z</time>
                                                <extensions>
                            <sog>17.4</sog>
<cog>36.9</cog>
                        </extensions>
                    </trkpt>
                    <trkpt lat="54.653193333333334" lon="10.717083333333333">
                        <ele>0</ele>
                        <time>2022-08-18T14:10:55Z</time>
                                                <extensions>
                            <sog>17.4</sog>
<cog>36.2</cog>
                        </extensions>
                    </trkpt>
                    <trkpt lat="54.65332333333333" lon="10.717248333333334">
                        <ele>0</ele>
                        <time>2022-08-18T14:10:57Z</time>
                                                <extensions>
                            <sog>17.4</sog>
<cog>36.1</cog>
                        </extensions>
                    </trkpt>
                    <trkpt lat="54.653585" lon="10.717573333333332">
                        <ele>0</ele>
                        <time>2022-08-18T14:11:00Z</time>
                                                <extensions>
                            <sog>17.4</sog>
<cog>35.8</cog>
                        </extensions>
                    </trkpt>
                    <trkpt lat="54.653978333333335" lon="10.718056666666666">
                        <ele>0</ele>
                        <time>2022-08-18T14:11:06Z</time>
                                                <extensions>
                            <sog>17.4</sog>
<cog>35.5</cog>
                        </extensions>
                    </trkpt>
                    <trkpt lat="54.65437166666666" lon="10.718536666666667">
                        <ele>0</ele>
                        <time>2022-08-18T14:11:13Z</time>
                                                <extensions>
                            <sog>17.3</sog>
<cog>35.2</cog>
                        </extensions>
                    </trkpt>
                    <trkpt lat="54.657158333333335" lon="10.721761666666668">
                        <ele>0</ele>
                        <time>2022-08-18T14:11:55Z</time>
                                                <extensions>
                            <sog>17.2</sog>
<cog>32.7</cog>
                        </extensions>
                    </trkpt>
                    <trkpt lat="54.66004" lon="10.724768333333333">
                        <ele>0</ele>
                        <time>2022-08-18T14:12:37Z</time>
                                                <extensions>
                            <sog>17.4</sog>
<cog>29.9</cog>
                        </extensions>
                    </trkpt>
                    <trkpt lat="54.666488333333334" lon="10.730388333333334">
                        <ele>0</ele>
                        <time>2022-08-18T14:14:06Z</time>
                                                <extensions>
                            <sog>17.2</sog>
<cog>24.6</cog>
                        </extensions>
                    </trkpt>
                    <trkpt lat="54.66692166666667" lon="10.730731666666665">
                        <ele>0</ele>
                        <time>2022-08-18T14:14:13Z</time>
                                                <extensions>
                            <sog>17.2</sog>
<cog>24.5</cog>
                        </extensions>
                    </trkpt>
                    <trkpt lat="54.66735833333333" lon="10.731073333333335">
                        <ele>0</ele>
                        <time>2022-08-18T14:14:18Z</time>
                                                <extensions>
                            <sog>17.2</sog>
<cog>24.4</cog>
                        </extensions>
                    </trkpt>
                    <trkpt lat="54.66779333333333" lon="10.731415">
                        <ele>0</ele>
                        <time>2022-08-18T14:14:25Z</time>
                                                <extensions>
                            <sog>17.2</sog>
<cog>24.4</cog>
                        </extensions>
                    </trkpt>
                    <trkpt lat="54.668665000000004" lon="10.732098333333333">
                        <ele>0</ele>
                        <time>2022-08-18T14:14:37Z</time>
                                                <extensions>
                            <sog>17.2</sog>
<cog>24.3</cog>
                        </extensions>
                    </trkpt>
                    <trkpt lat="54.66910333333333" lon="10.732438333333333">
                        <ele>0</ele>
                        <time>2022-08-18T14:14:42Z</time>
                                                <extensions>
                            <sog>17.2</sog>
<cog>24.2</cog>
                        </extensions>
                    </trkpt>
                    <trkpt lat="54.66954" lon="10.732776666666666">
                        <ele>0</ele>
                        <time>2022-08-18T14:14:49Z</time>
                                                <extensions>
                            <sog>17.3</sog>
<cog>24.1</cog>
                        </extensions>
                    </trkpt>
                    <trkpt lat="54.66997666666667" lon="10.733116666666666">
                        <ele>0</ele>
                        <time>2022-08-18T14:14:55Z</time>
                                                <extensions>
                            <sog>17.3</sog>
<cog>24.1</cog>
                        </extensions>
                    </trkpt>
                    <trkpt lat="54.670415000000006" lon="10.733456666666665">
                        <ele>0</ele>
                        <time>2022-08-18T14:15:01Z</time>
                                                <extensions>
                            <sog>17.3</sog>
<cog>24.2</cog>
                        </extensions>
                    </trkpt>
                    <trkpt lat="54.67129166666667" lon="10.734136666666666">
                        <ele>0</ele>
                        <time>2022-08-18T14:15:13Z</time>
                                                <extensions>
                            <sog>17.3</sog>
<cog>24.1</cog>
                        </extensions>
                    </trkpt>
                    <trkpt lat="54.67268" lon="10.73521">
                        <ele>0</ele>
                        <time>2022-08-18T14:15:31Z</time>
                                                <extensions>
                            <sog>17.3</sog>
<cog>24.0</cog>
                        </extensions>
                    </trkpt>
                    <trkpt lat="54.673046666666664" lon="10.735491666666666">
                        <ele>0</ele>
                        <time>2022-08-18T14:15:37Z</time>
                                                <extensions>
                            <sog>17.3</sog>
<cog>24.0</cog>
                        </extensions>
                    </trkpt>
                    <trkpt lat="54.67348666666667" lon="10.735831666666666">
                        <ele>0</ele>
                        <time>2022-08-18T14:15:42Z</time>
                                                <extensions>
                            <sog>17.3</sog>
<cog>24.0</cog>
                        </extensions>
                    </trkpt>
                    <trkpt lat="54.67392666666667" lon="10.73617">
                        <ele>0</ele>
                        <time>2022-08-18T14:15:49Z</time>
                                                <extensions>
                            <sog>17.3</sog>
<cog>24.0</cog>
                        </extensions>
                    </trkpt>
                    <trkpt lat="54.674368333333334" lon="10.736508333333335">
                        <ele>0</ele>
                        <time>2022-08-18T14:15:55Z</time>
                                                <extensions>
                            <sog>17.3</sog>
<cog>24.0</cog>
                        </extensions>
                    </trkpt>
                    <trkpt lat="54.67480833333333" lon="10.736846666666667">
                        <ele>0</ele>
                        <time>2022-08-18T14:16:01Z</time>
                                                <extensions>
                            <sog>17.3</sog>
<cog>23.9</cog>
                        </extensions>
                    </trkpt>
                    <trkpt lat="54.675248333333336" lon="10.737186666666666">
                        <ele>0</ele>
                        <time>2022-08-18T14:16:06Z</time>
                                                <extensions>
                            <sog>17.4</sog>
<cog>24.0</cog>
                        </extensions>
                    </trkpt>
                    <trkpt lat="54.67612999999999" lon="10.737865">
                        <ele>0</ele>
                        <time>2022-08-18T14:16:18Z</time>
                                                <extensions>
                            <sog>17.4</sog>
<cog>24.0</cog>
                        </extensions>
                    </trkpt>
                    <trkpt lat="54.67657166666667" lon="10.738203333333333">
                        <ele>0</ele>
                        <time>2022-08-18T14:16:25Z</time>
                                                <extensions>
                            <sog>17.4</sog>
<cog>24.0</cog>
                        </extensions>
                    </trkpt>
                    <trkpt lat="54.678778333333334" lon="10.739898333333334">
                        <ele>0</ele>
                        <time>2022-08-18T14:16:55Z</time>
                                                <extensions>
                            <sog>17.4</sog>
<cog>23.9</cog>
                        </extensions>
                    </trkpt>
                    <trkpt lat="54.680105000000005" lon="10.740916666666667">
                        <ele>0</ele>
                        <time>2022-08-18T14:17:13Z</time>
                                                <extensions>
                            <sog>17.4</sog>
<cog>23.9</cog>
                        </extensions>
                    </trkpt>
                    <trkpt lat="54.680991666666664" lon="10.741595">
                        <ele>0</ele>
                        <time>2022-08-18T14:17:25Z</time>
                                                <extensions>
                            <sog>17.4</sog>
<cog>23.9</cog>
                        </extensions>
                    </trkpt>
                    <trkpt lat="54.68187666666667" lon="10.742276666666667">
                        <ele>0</ele>
                        <time>2022-08-18T14:17:37Z</time>
                                                <extensions>
                            <sog>17.5</sog>
<cog>24.0</cog>
                        </extensions>
                    </trkpt>
                    <trkpt lat="54.68320833333333" lon="10.743301666666667">
                        <ele>0</ele>
                        <time>2022-08-18T14:17:55Z</time>
                                                <extensions>
                            <sog>17.5</sog>
<cog>24.0</cog>
                        </extensions>
                    </trkpt>
                    <trkpt lat="54.68365333333334" lon="10.743644999999999">
                        <ele>0</ele>
                        <time>2022-08-18T14:18:01Z</time>
                                                <extensions>
                            <sog>17.5</sog>
<cog>24.0</cog>
                        </extensions>
                    </trkpt>
                    <trkpt lat="54.68454333333333" lon="10.744331666666666">
                        <ele>0</ele>
                        <time>2022-08-18T14:18:13Z</time>
                                                <extensions>
                            <sog>17.6</sog>
<cog>24.0</cog>
                        </extensions>
                    </trkpt>
                    <trkpt lat="54.68499" lon="10.744675">
                        <ele>0</ele>
                        <time>2022-08-18T14:18:18Z</time>
                                                <extensions>
                            <sog>17.6</sog>
<cog>24.0</cog>
                        </extensions>
                    </trkpt>
                    <trkpt lat="54.686405" lon="10.745765">
                        <ele>0</ele>
                        <time>2022-08-18T14:18:37Z</time>
                                                <extensions>
                            <sog>17.6</sog>
<cog>24.0</cog>
                        </extensions>
                    </trkpt>
                    <trkpt lat="54.68677666666667" lon="10.746053333333332">
                        <ele>0</ele>
                        <time>2022-08-18T14:18:42Z</time>
                                                <extensions>
                            <sog>17.6</sog>
<cog>24.2</cog>
                        </extensions>
                    </trkpt>
                    <trkpt lat="54.689015000000005" lon="10.747795">
                        <ele>0</ele>
                        <time>2022-08-18T14:19:13Z</time>
                                                <extensions>
                            <sog>17.7</sog>
<cog>24.2</cog>
                        </extensions>
                    </trkpt>
                    <trkpt lat="54.69217666666667" lon="10.75025">
                        <ele>0</ele>
                        <time>2022-08-18T14:19:55Z</time>
                                                <extensions>
                            <sog>17.9</sog>
<cog>24.1</cog>
                        </extensions>
                    </trkpt>
                    <trkpt lat="54.69263" lon="10.750601666666666">
                        <ele>0</ele>
                        <time>2022-08-18T14:20:01Z</time>
                                                <extensions>
                            <sog>17.9</sog>
<cog>24.1</cog>
                        </extensions>
                    </trkpt>
                    <trkpt lat="54.69627833333333" lon="10.753423333333334">
                        <ele>0</ele>
                        <time>2022-08-18T14:20:49Z</time>
                                                <extensions>
                            <sog>18.0</sog>
<cog>24.1</cog>
                        </extensions>
                    </trkpt>
                    <trkpt lat="54.696736666666666" lon="10.753776666666665">
                        <ele>0</ele>
                        <time>2022-08-18T14:20:55Z</time>
                                                <extensions>
                            <sog>18.1</sog>
<cog>24.0</cog>
                        </extensions>
                    </trkpt>
                    <trkpt lat="54.699574999999996" lon="10.755956666666666">
                        <ele>0</ele>
                        <time>2022-08-18T14:21:31Z</time>
                                                <extensions>
                            <sog>18.2</sog>
<cog>23.6</cog>
                        </extensions>
                    </trkpt>
                    <trkpt lat="54.70003833333333" lon="10.756305">
                        <ele>0</ele>
                        <time>2022-08-18T14:21:37Z</time>
                                                <extensions>
                            <sog>18.2</sog>
<cog>23.5</cog>
                        </extensions>
                    </trkpt>
                    <trkpt lat="54.700889999999994" lon="10.756941666666668">
                        <ele>0</ele>
                        <time>2022-08-18T14:21:49Z</time>
                                                <extensions>
                            <sog>18.2</sog>
<cog>23.4</cog>
                        </extensions>
                    </trkpt>
                    <trkpt lat="54.70151" lon="10.757405">
                        <ele>0</ele>
                        <time>2022-08-18T14:21:56Z</time>
                                                <extensions>
                            <sog>18.2</sog>
<cog>23.3</cog>
                        </extensions>
                    </trkpt>
                    <trkpt lat="54.702286666666666" lon="10.75798">
                        <ele>0</ele>
                        <time>2022-08-18T14:22:07Z</time>
                                                <extensions>
                            <sog>18.3</sog>
<cog>23.1</cog>
                        </extensions>
                    </trkpt>
                    <trkpt lat="54.702755" lon="10.758325000000001">
                        <ele>0</ele>
                        <time>2022-08-18T14:22:12Z</time>
                                                <extensions>
                            <sog>18.3</sog>
<cog>23.1</cog>
                        </extensions>
                    </trkpt>
                    <trkpt lat="54.70470666666667" lon="10.75976">
                        <ele>0</ele>
                        <time>2022-08-18T14:22:37Z</time>
                                                <extensions>
                            <sog>18.3</sog>
<cog>23.0</cog>
                        </extensions>
                    </trkpt>
                    <trkpt lat="54.705175000000004" lon="10.760103333333332">
                        <ele>0</ele>
                        <time>2022-08-18T14:22:43Z</time>
                                                <extensions>
                            <sog>18.3</sog>
<cog>22.9</cog>
                        </extensions>
                    </trkpt>
                    <trkpt lat="54.706585000000004" lon="10.761135">
                        <ele>0</ele>
                        <time>2022-08-18T14:23:01Z</time>
                                                <extensions>
                            <sog>18.4</sog>
<cog>22.9</cog>
                        </extensions>
                    </trkpt>
                    <trkpt lat="54.70697833333334" lon="10.761421666666667">
                        <ele>0</ele>
                        <time>2022-08-18T14:23:07Z</time>
                                                <extensions>
                            <sog>18.4</sog>
<cog>22.9</cog>
                        </extensions>
                    </trkpt>
                    <trkpt lat="54.70744833333333" lon="10.761766666666666">
                        <ele>0</ele>
                        <time>2022-08-18T14:23:12Z</time>
                                                <extensions>
                            <sog>18.4</sog>
<cog>23.0</cog>
                        </extensions>
                    </trkpt>
                    <trkpt lat="54.70791833333333" lon="10.762111666666668">
                        <ele>0</ele>
                        <time>2022-08-18T14:23:19Z</time>
                                                <extensions>
                            <sog>18.4</sog>
<cog>23.0</cog>
                        </extensions>
                    </trkpt>
                    <trkpt lat="54.70894" lon="10.762861666666668">
                        <ele>0</ele>
                        <time>2022-08-18T14:23:31Z</time>
                                                <extensions>
                            <sog>18.4</sog>
<cog>23.0</cog>
                        </extensions>
                    </trkpt>
                    <trkpt lat="54.71264166666666" lon="10.765581666666666">
                        <ele>0</ele>
                        <time>2022-08-18T14:24:19Z</time>
                                                <extensions>
                            <sog>18.5</sog>
<cog>23.0</cog>
                        </extensions>
                    </trkpt>
                    </trkseg>
                </trk>
</gpx>