<?xml version="1.0" encoding="UTF-8"?>
<gpx version="1.1" creator="AIS-to-GPX Converter" xmlns="http://www.topografix.com/GPX/1/1">
                <trk>
                    <name>anon0072</name>
                    <trkseg>
                                            <trkpt lat="54.32942" lon="10.149235000000001">
                        <ele>0</ele>
                        <time>2022-08-18T00:00:44Z</time>
                                                <extensions>
                            <sog>0.0</sog>
<cog>321.4</cog>
                        </extensions>
                    </trkpt>
                    <trkpt lat="54.328113333333334" lon="10.181075">
                        <ele>0</ele>
                        <time>2022-08-18T00:00:48Z</time>
                                                <extensions>
                            <sog>0.0</sog>
<cog>350.9</cog>
                        </extensions>
                    </trkpt>
                    <trkpt lat="54.32942166666667" lon="10.14927">
                        <ele>0</ele>
                        <time>2022-08-18T00:03:40Z</time>
                                                <extensions>
                            <sog>0.0</sog>
<cog>321.4</cog>
                        </extensions>
                    </trkpt>
                    <trkpt lat="54.329465" lon="10.149276666666667">
                        <ele>0</ele>
                        <time>2022-08-18T00:06:45Z</time>
                                                <extensions>
                            <sog>0.0</sog>
<cog>321.4</cog>
                        </extensions>
                    </trkpt>
                    <trkpt lat="54.32947" lon="10.149310000000002">
                        <ele>0</ele>
                        <time>2022-08-18T00:09:40Z</time>
                                                <extensions>
                            <sog>0.0</sog>
<cog>321.4</cog>
                        </extensions>
                    </trkpt>
                    <trkpt lat="54.329498333333326" lon="10.149355000000002">
                        <ele>0</ele>
                        <time>2022-08-18T00:12:35Z</time>
                                                <extensions>
                            <sog>0.0</sog>
<cog>321.4</cog>
                        </extensions>
                    </trkpt>
                    <trkpt lat="54.32946666666667" lon="10.149311666666668">
                        <ele>0</ele>
                        <time>2022-08-18T00:15:40Z</time>
                                                <extensions>
                            <sog>0.0</sog>
<cog>321.4</cog>
                        </extensions>
                    </trkpt>
                    <trkpt lat="54.32944666666666" lon="10.149338333333333">
                        <ele>0</ele>
                        <time>2022-08-18T00:18:37Z</time>
                                                <extensions>
                            <sog>0.0</sog>
<cog>321.4</cog>
                        </extensions>
                    </trkpt>
                    <trkpt lat="54.32946166666667" lon="10.149333333333335">
                        <ele>0</ele>
                        <time>2022-08-18T00:21:39Z</time>
                                                <extensions>
                            <sog>0.0</sog>
<cog>321.4</cog>
                        </extensions>
                    </trkpt>
                    <trkpt lat="54.32946166666667" lon="10.149333333333335">
                        <ele>0</ele>
                        <time>2022-08-18T00:21:39Z</time>
                                                <extensions>
                            <sog>0.0</sog>
<cog>321.4</cog>
                        </extensions>
                    </trkpt>
                    <trkpt lat="54.32949" lon="10.149353333333332">
                        <ele>0</ele>
                        <time>2022-08-18T00:24:39Z</time>
                                                <extensions>
                            <sog>0.0</sog>
<cog>321.4</cog>
                        </extensions>
                    </trkpt>
                    <trkpt lat="54.32951666666667" lon="10.149291666666667">
                        <ele>0</ele>
                        <time>2022-08-18T00:27:40Z</time>
                                                <extensions>
                            <sog>0.0</sog>
<cog>321.4</cog>
                        </extensions>
                    </trkpt>
                    <trkpt lat="54.32947333333333" lon="10.149308333333332">
                        <ele>0</ele>
                        <time>2022-08-18T00:30:38Z</time>
                                                <extensions>
                            <sog>0.0</sog>
<cog>321.4</cog>
                        </extensions>
                    </trkpt>
                    <trkpt lat="54.329476666666665" lon="10.149275">
                        <ele>0</ele>
                        <time>2022-08-18T00:33:40Z</time>
                                                <extensions>
                            <sog>0.0</sog>
<cog>321.4</cog>
                        </extensions>
                    </trkpt>
                    <trkpt lat="54.329476666666665" lon="10.149275">
                        <ele>0</ele>
                        <time>2022-08-18T00:33:40Z</time>
                                                <extensions>
                            <sog>0.0</sog>
<cog>321.4</cog>
                        </extensions>
                    </trkpt>
                    <trkpt lat="54.32948666666667" lon="10.149253333333332">
                        <ele>0</ele>
                        <time>2022-08-18T00:36:37Z</time>
                                                <extensions>
                            <sog>0.0</sog>
<cog>321.4</cog>
                        </extensions>
                    </trkpt>
                    <trkpt lat="54.32951666666667" lon="10.149308333333332">
                        <ele>0</ele>
                        <time>2022-08-18T00:39:39Z</time>
                                                <extensions>
                            <sog>0.0</sog>
<cog>321.4</cog>
                        </extensions>
                    </trkpt>
                    <trkpt lat="54.32951666666667" lon="10.149308333333332">
                        <ele>0</ele>
                        <time>2022-08-18T00:39:39Z</time>
                                                <extensions>
                            <sog>0.0</sog>
<cog>321.4</cog>
                        </extensions>
                    </trkpt>
                    <trkpt lat="54.329515" lon="10.149301666666666">
                        <ele>0</ele>
                        <time>2022-08-18T00:42:35Z</time>
                                                <extensions>
                            <sog>0.0</sog>
<cog>321.4</cog>
                        </extensions>
                    </trkpt>
                    <trkpt lat="54.32951666666667" lon="10.149341666666666">
                        <ele>0</ele>
                        <time>2022-08-18T00:45:35Z</time>
                                                <extensions>
                            <sog>0.0</sog>
<cog>321.4</cog>
                        </extensions>
                    </trkpt>
                    <trkpt lat="54.32951666666667" lon="10.149341666666666">
                        <ele>0</ele>
                        <time>2022-08-18T00:45:35Z</time>
                                                <extensions>
                            <sog>0.0</sog>
<cog>321.4</cog>
                        </extensions>
                    </trkpt>
                    <trkpt lat="54.32947333333333" lon="10.149301666666666">
                        <ele>0</ele>
                        <time>2022-08-18T00:48:38Z</time>
                                                <extensions>
                            <sog>0.0</sog>
<cog>321.4</cog>
                        </extensions>
                    </trkpt>
                    <trkpt lat="54.32946166666667" lon="10.149284999999999">
                        <ele>0</ele>
                        <time>2022-08-18T00:51:36Z</time>
                                                <extensions>
                            <sog>0.0</sog>
<cog>321.4</cog>
                        </extensions>
                    </trkpt>
                    <trkpt lat="54.329485" lon="10.149338333333333">
                        <ele>0</ele>
                        <time>2022-08-18T00:54:37Z</time>
                                                <extensions>
                            <sog>0.0</sog>
<cog>321.4</cog>
                        </extensions>
                    </trkpt>
                    <trkpt lat="54.329475" lon="10.149358333333334">
                        <ele>0</ele>
                        <time>2022-08-18T00:57:36Z</time>
                                                <extensions>
                            <sog>0.0</sog>
<cog>321.4</cog>
                        </extensions>
                    </trkpt>
                    <trkpt lat="54.3295" lon="10.149306666666666">
                        <ele>0</ele>
                        <time>2022-08-18T01:00:40Z</time>
                                                <extensions>
                            <sog>0.0</sog>
<cog>321.4</cog>
                        </extensions>
                    </trkpt>
                    <trkpt lat="54.3295" lon="10.149306666666666">
                        <ele>0</ele>
                        <time>2022-08-18T01:00:40Z</time>
                                                <extensions>
                            <sog>0.0</sog>
<cog>321.4</cog>
                        </extensions>
                    </trkpt>
                    <trkpt lat="54.329485" lon="10.149286666666665">
                        <ele>0</ele>
                        <time>2022-08-18T01:03:40Z</time>
                                                <extensions>
                            <sog>0.0</sog>
<cog>321.4</cog>
                        </extensions>
                    </trkpt>
                    <trkpt lat="54.32951833333333" lon="10.149333333333335">
                        <ele>0</ele>
                        <time>2022-08-18T01:06:42Z</time>
                                                <extensions>
                            <sog>0.0</sog>
<cog>321.4</cog>
                        </extensions>
                    </trkpt>
                    <trkpt lat="54.32950166666667" lon="10.1493">
                        <ele>0</ele>
                        <time>2022-08-18T01:09:41Z</time>
                                                <extensions>
                            <sog>0.0</sog>
<cog>321.4</cog>
                        </extensions>
                    </trkpt>
                    <trkpt lat="54.329475" lon="10.149268333333334">
                        <ele>0</ele>
                        <time>2022-08-18T01:12:41Z</time>
                                                <extensions>
                            <sog>0.0</sog>
<cog>321.4</cog>
                        </extensions>
                    </trkpt>
                    <trkpt lat="54.329521666666665" lon="10.149321666666667">
                        <ele>0</ele>
                        <time>2022-08-18T01:15:40Z</time>
                                                <extensions>
                            <sog>0.0</sog>
<cog>321.4</cog>
                        </extensions>
                    </trkpt>
                    <trkpt lat="54.32950833333334" lon="10.149303333333334">
                        <ele>0</ele>
                        <time>2022-08-18T01:18:40Z</time>
                                                <extensions>
                            <sog>0.0</sog>
<cog>321.4</cog>
                        </extensions>
                    </trkpt>
                    <trkpt lat="54.329523333333334" lon="10.149295">
                        <ele>0</ele>
                        <time>2022-08-18T01:21:40Z</time>
                                                <extensions>
                            <sog>0.0</sog>
<cog>321.4</cog>
                        </extensions>
                    </trkpt>
                    <trkpt lat="54.329523333333334" lon="10.149295">
                        <ele>0</ele>
                        <time>2022-08-18T01:21:40Z</time>
                                                <extensions>
                            <sog>0.0</sog>
<cog>321.4</cog>
                        </extensions>
                    </trkpt>
                    <trkpt lat="54.32953333333333" lon="10.14925">
                        <ele>0</ele>
                        <time>2022-08-18T01:24:41Z</time>
                                                <extensions>
                            <sog>0.0</sog>
<cog>321.4</cog>
                        </extensions>
                    </trkpt>
                    <trkpt lat="54.329496666666664" lon="10.149301666666666">
                        <ele>0</ele>
                        <time>2022-08-18T01:27:38Z</time>
                                                <extensions>
                            <sog>0.0</sog>
<cog>321.4</cog>
                        </extensions>
                    </trkpt>
                    <trkpt lat="54.329496666666664" lon="10.149301666666666">
                        <ele>0</ele>
                        <time>2022-08-18T01:27:38Z</time>
                                                <extensions>
                            <sog>0.0</sog>
<cog>321.4</cog>
                        </extensions>
                    </trkpt>
                    <trkpt lat="54.32951333333333" lon="10.149313333333334">
                        <ele>0</ele>
                        <time>2022-08-18T01:30:41Z</time>
                                                <extensions>
                            <sog>0.0</sog>
<cog>321.4</cog>
                        </extensions>
                    </trkpt>
                    <trkpt lat="54.32951166666667" lon="10.149296666666666">
                        <ele>0</ele>
                        <time>2022-08-18T01:33:38Z</time>
                                                <extensions>
                            <sog>0.0</sog>
<cog>321.4</cog>
                        </extensions>
                    </trkpt>
                    <trkpt lat="54.32951166666667" lon="10.149296666666666">
                        <ele>0</ele>
                        <time>2022-08-18T01:33:38Z</time>
                                                <extensions>
                            <sog>0.0</sog>
<cog>321.4</cog>
                        </extensions>
                    </trkpt>
                    <trkpt lat="54.32950166666667" lon="10.149293333333333">
                        <ele>0</ele>
                        <time>2022-08-18T01:36:41Z</time>
                                                <extensions>
                            <sog>0.0</sog>
<cog>321.4</cog>
                        </extensions>
                    </trkpt>
                    <trkpt lat="54.32948" lon="10.149313333333334">
                        <ele>0</ele>
                        <time>2022-08-18T01:39:37Z</time>
                                                <extensions>
                            <sog>0.0</sog>
<cog>321.4</cog>
                        </extensions>
                    </trkpt>
                    <trkpt lat="54.32946833333333" lon="10.149338333333333">
                        <ele>0</ele>
                        <time>2022-08-18T01:42:43Z</time>
                                                <extensions>
                            <sog>0.0</sog>
<cog>321.4</cog>
                        </extensions>
                    </trkpt>
                    <trkpt lat="54.32946166666667" lon="10.149326666666667">
                        <ele>0</ele>
                        <time>2022-08-18T01:45:39Z</time>
                                                <extensions>
                            <sog>0.0</sog>
<cog>321.4</cog>
                        </extensions>
                    </trkpt>
                    <trkpt lat="54.329449999999994" lon="10.149291666666667">
                        <ele>0</ele>
                        <time>2022-08-18T01:48:41Z</time>
                                                <extensions>
                            <sog>0.0</sog>
<cog>321.4</cog>
                        </extensions>
                    </trkpt>
                    <trkpt lat="54.329478333333334" lon="10.149301666666666">
                        <ele>0</ele>
                        <time>2022-08-18T01:51:39Z</time>
                                                <extensions>
                            <sog>0.0</sog>
<cog>321.4</cog>
                        </extensions>
                    </trkpt>
                    <trkpt lat="54.32948333333333" lon="10.149315">
                        <ele>0</ele>
                        <time>2022-08-18T01:54:42Z</time>
                                                <extensions>
                            <sog>0.0</sog>
<cog>321.4</cog>
                        </extensions>
                    </trkpt>
                    <trkpt lat="54.329481666666666" lon="10.149298333333332">
                        <ele>0</ele>
                        <time>2022-08-18T01:57:40Z</time>
                                                <extensions>
                            <sog>0.0</sog>
<cog>321.4</cog>
                        </extensions>
                    </trkpt>
                    <trkpt lat="54.32948" lon="10.149306666666666">
                        <ele>0</ele>
                        <time>2022-08-18T02:00:40Z</time>
                                                <extensions>
                            <sog>0.0</sog>
<cog>321.4</cog>
                        </extensions>
                    </trkpt>
                    <trkpt lat="54.32948" lon="10.149306666666666">
                        <ele>0</ele>
                        <time>2022-08-18T02:00:40Z</time>
                                                <extensions>
                            <sog>0.0</sog>
<cog>321.4</cog>
                        </extensions>
                    </trkpt>
                    <trkpt lat="54.329449999999994" lon="10.149311666666668">
                        <ele>0</ele>
                        <time>2022-08-18T02:03:39Z</time>
                                                <extensions>
                            <sog>0.0</sog>
<cog>321.4</cog>
                        </extensions>
                    </trkpt>
                    <trkpt lat="54.329481666666666" lon="10.149313333333334">
                        <ele>0</ele>
                        <time>2022-08-18T02:06:42Z</time>
                                                <extensions>
                            <sog>0.0</sog>
<cog>321.4</cog>
                        </extensions>
                    </trkpt>
                    <trkpt lat="54.32952" lon="10.1493">
                        <ele>0</ele>
                        <time>2022-08-18T02:09:41Z</time>
                                                <extensions>
                            <sog>0.0</sog>
<cog>321.4</cog>
                        </extensions>
                    </trkpt>
                    <trkpt lat="54.32942833333333" lon="10.14932">
                        <ele>0</ele>
                        <time>2022-08-18T02:12:43Z</time>
                                                <extensions>
                            <sog>0.0</sog>
<cog>321.4</cog>
                        </extensions>
                    </trkpt>
                    <trkpt lat="54.329433333333334" lon="10.149338333333333">
                        <ele>0</ele>
                        <time>2022-08-18T02:15:42Z</time>
                                                <extensions>
                            <sog>0.0</sog>
<cog>321.4</cog>
                        </extensions>
                    </trkpt>
                    <trkpt lat="54.329475" lon="10.149336666666667">
                        <ele>0</ele>
                        <time>2022-08-18T02:18:43Z</time>
                                                <extensions>
                            <sog>0.0</sog>
<cog>321.4</cog>
                        </extensions>
                    </trkpt>
                    <trkpt lat="54.32948666666667" lon="10.149315">
                        <ele>0</ele>
                        <time>2022-08-18T02:21:42Z</time>
                                                <extensions>
                            <sog>0.0</sog>
<cog>321.4</cog>
                        </extensions>
                    </trkpt>
                    <trkpt lat="54.329453333333326" lon="10.149316666666666">
                        <ele>0</ele>
                        <time>2022-08-18T02:24:43Z</time>
                                                <extensions>
                            <sog>0.0</sog>
<cog>321.4</cog>
                        </extensions>
                    </trkpt>
                    <trkpt lat="54.32944666666666" lon="10.149318333333333">
                        <ele>0</ele>
                        <time>2022-08-18T02:27:43Z</time>
                                                <extensions>
                            <sog>0.0</sog>
<cog>321.4</cog>
                        </extensions>
                    </trkpt>
                    <trkpt lat="54.32946166666667" lon="10.149301666666666">
                        <ele>0</ele>
                        <time>2022-08-18T02:30:42Z</time>
                                                <extensions>
                            <sog>0.0</sog>
<cog>321.4</cog>
                        </extensions>
                    </trkpt>
                    <trkpt lat="54.329535" lon="10.149278333333333">
                        <ele>0</ele>
                        <time>2022-08-18T02:33:42Z</time>
                                                <extensions>
                            <sog>0.0</sog>
<cog>321.4</cog>
                        </extensions>
                    </trkpt>
                    <trkpt lat="54.32944833333333" lon="10.149238333333333">
                        <ele>0</ele>
                        <time>2022-08-18T02:36:41Z</time>
                                                <extensions>
                            <sog>0.0</sog>
<cog>321.4</cog>
                        </extensions>
                    </trkpt>
                    <trkpt lat="54.32945666666667" lon="10.149316666666666">
                        <ele>0</ele>
                        <time>2022-08-18T02:39:44Z</time>
                                                <extensions>
                            <sog>0.0</sog>
<cog>321.4</cog>
                        </extensions>
                    </trkpt>
                    <trkpt lat="54.32948666666667" lon="10.149315">
                        <ele>0</ele>
                        <time>2022-08-18T02:42:35Z</time>
                                                <extensions>
                            <sog>0.0</sog>
<cog>321.4</cog>
                        </extensions>
                    </trkpt>
                    <trkpt lat="54.329496666666664" lon="10.149284999999999">
                        <ele>0</ele>
                        <time>2022-08-18T02:45:42Z</time>
                                                <extensions>
                            <sog>0.0</sog>
<cog>321.4</cog>
                        </extensions>
                    </trkpt>
                    <trkpt lat="54.32948833333333" lon="10.149325000000001">
                        <ele>0</ele>
                        <time>2022-08-18T02:48:40Z</time>
                                                <extensions>
                            <sog>0.0</sog>
<cog>321.4</cog>
                        </extensions>
                    </trkpt>
                    <trkpt lat="54.32948833333333" lon="10.1493">
                        <ele>0</ele>
                        <time>2022-08-18T02:51:42Z</time>
                                                <extensions>
                            <sog>0.0</sog>
<cog>321.4</cog>
                        </extensions>
                    </trkpt>
                    <trkpt lat="54.32951" lon="10.149288333333335">
                        <ele>0</ele>
                        <time>2022-08-18T02:54:41Z</time>
                                                <extensions>
                            <sog>0.0</sog>
<cog>321.4</cog>
                        </extensions>
                    </trkpt>
                    <trkpt lat="54.32947333333333" lon="10.149283333333333">
                        <ele>0</ele>
                        <time>2022-08-18T02:57:42Z</time>
                                                <extensions>
                            <sog>0.0</sog>
<cog>321.4</cog>
                        </extensions>
                    </trkpt>
                    <trkpt lat="54.329460000000005" lon="10.149303333333334">
                        <ele>0</ele>
                        <time>2022-08-18T03:00:42Z</time>
                                                <extensions>
                            <sog>0.0</sog>
<cog>321.4</cog>
                        </extensions>
                    </trkpt>
                    <trkpt lat="54.329460000000005" lon="10.149303333333334">
                        <ele>0</ele>
                        <time>2022-08-18T03:00:42Z</time>
                                                <extensions>
                            <sog>0.0</sog>
<cog>321.4</cog>
                        </extensions>
                    </trkpt>
                    <trkpt lat="54.32949" lon="10.149323333333333">
                        <ele>0</ele>
                        <time>2022-08-18T03:03:35Z</time>
                                                <extensions>
                            <sog>0.0</sog>
<cog>321.4</cog>
                        </extensions>
                    </trkpt>
                    <trkpt lat="54.32947333333333" lon="10.149328333333333">
                        <ele>0</ele>
                        <time>2022-08-18T03:06:44Z</time>
                                                <extensions>
                            <sog>0.0</sog>
<cog>321.4</cog>
                        </extensions>
                    </trkpt>
                    <trkpt lat="54.32951333333333" lon="10.149283333333333">
                        <ele>0</ele>
                        <time>2022-08-18T03:09:39Z</time>
                                                <extensions>
                            <sog>0.0</sog>
<cog>321.4</cog>
                        </extensions>
                    </trkpt>
                    <trkpt lat="54.32946833333333" lon="10.149338333333333">
                        <ele>0</ele>
                        <time>2022-08-18T03:12:35Z</time>
                                                <extensions>
                            <sog>0.0</sog>
<cog>321.4</cog>
                        </extensions>
                    </trkpt>
                    <trkpt lat="54.329485" lon="10.149318333333333">
                        <ele>0</ele>
                        <time>2022-08-18T03:15:36Z</time>
                                                <extensions>
                            <sog>0.0</sog>
<cog>321.4</cog>
                        </extensions>
                    </trkpt>
                    <trkpt lat="54.329455" lon="10.149313333333334">
                        <ele>0</ele>
                        <time>2022-08-18T03:18:37Z</time>
                                                <extensions>
                            <sog>0.0</sog>
<cog>321.4</cog>
                        </extensions>
                    </trkpt>
                    <trkpt lat="54.329465" lon="10.149318333333333">
                        <ele>0</ele>
                        <time>2022-08-18T03:21:37Z</time>
                                                <extensions>
                            <sog>0.0</sog>
<cog>321.4</cog>
                        </extensions>
                    </trkpt>
                    <trkpt lat="54.329465" lon="10.149318333333333">
                        <ele>0</ele>
                        <time>2022-08-18T03:21:37Z</time>
                                                <extensions>
                            <sog>0.0</sog>
<cog>321.4</cog>
                        </extensions>
                    </trkpt>
                    <trkpt lat="54.32943833333333" lon="10.149308333333332">
                        <ele>0</ele>
                        <time>2022-08-18T03:24:39Z</time>
                                                <extensions>
                            <sog>0.0</sog>
<cog>321.4</cog>
                        </extensions>
                    </trkpt>
                    <trkpt lat="54.329494999999994" lon="10.149331666666665">
                        <ele>0</ele>
                        <time>2022-08-18T03:27:39Z</time>
                                                <extensions>
                            <sog>0.0</sog>
<cog>321.4</cog>
                        </extensions>
                    </trkpt>
                    <trkpt lat="54.329458333333335" lon="10.14934">
                        <ele>0</ele>
                        <time>2022-08-18T03:30:39Z</time>
                                                <extensions>
                            <sog>0.0</sog>
<cog>321.4</cog>
                        </extensions>
                    </trkpt>
                    <trkpt lat="54.32946333333334" lon="10.149235000000001">
                        <ele>0</ele>
                        <time>2022-08-18T03:33:39Z</time>
                                                <extensions>
                            <sog>0.0</sog>
<cog>321.4</cog>
                        </extensions>
                    </trkpt>
                    <trkpt lat="54.32946333333334" lon="10.149235000000001">
                        <ele>0</ele>
                        <time>2022-08-18T03:33:39Z</time>
                                                <extensions>
                            <sog>0.0</sog>
<cog>321.4</cog>
                        </extensions>
                    </trkpt>
                    <trkpt lat="54.3295" lon="10.149266666666668">
                        <ele>0</ele>
                        <time>2022-08-18T03:36:38Z</time>
                                                <extensions>
                            <sog>0.0</sog>
<cog>321.4</cog>
                        </extensions>
                    </trkpt>
                    <trkpt lat="54.329478333333334" lon="10.149288333333335">
                        <ele>0</ele>
                        <time>2022-08-18T03:39:38Z</time>
                                                <extensions>
                            <sog>0.0</sog>
<cog>321.4</cog>
                        </extensions>
                    </trkpt>
                    <trkpt lat="54.32946666666667" lon="10.149284999999999">
                        <ele>0</ele>
                        <time>2022-08-18T03:42:38Z</time>
                                                <extensions>
                            <sog>0.0</sog>
<cog>321.4</cog>
                        </extensions>
                    </trkpt>
                    <trkpt lat="54.32947166666667" lon="10.149273333333333">
                        <ele>0</ele>
                        <time>2022-08-18T03:45:41Z</time>
                                                <extensions>
                            <sog>0.0</sog>
<cog>321.4</cog>
                        </extensions>
                    </trkpt>
                    <trkpt lat="54.329475" lon="10.149284999999999">
                        <ele>0</ele>
                        <time>2022-08-18T03:48:40Z</time>
                                                <extensions>
                            <sog>0.0</sog>
<cog>321.4</cog>
                        </extensions>
                    </trkpt>
                    <trkpt lat="54.329475" lon="10.14929">
                        <ele>0</ele>
                        <time>2022-08-18T03:51:41Z</time>
                                                <extensions>
                            <sog>0.0</sog>
<cog>321.4</cog>
                        </extensions>
                    </trkpt>
                    <trkpt lat="54.329475" lon="10.1493">
                        <ele>0</ele>
                        <time>2022-08-18T03:54:41Z</time>
                                                <extensions>
                            <sog>0.0</sog>
<cog>321.4</cog>
                        </extensions>
                    </trkpt>
                    <trkpt lat="54.32947" lon="10.14929">
                        <ele>0</ele>
                        <time>2022-08-18T03:57:39Z</time>
                                                <extensions>
                            <sog>0.0</sog>
<cog>321.4</cog>
                        </extensions>
                    </trkpt>
                    <trkpt lat="54.329431666666665" lon="10.14925">
                        <ele>0</ele>
                        <time>2022-08-18T04:00:41Z</time>
                                                <extensions>
                            <sog>0.0</sog>
<cog>321.4</cog>
                        </extensions>
                    </trkpt>
                    <trkpt lat="54.329431666666665" lon="10.14925">
                        <ele>0</ele>
                        <time>2022-08-18T04:00:41Z</time>
                                                <extensions>
                            <sog>0.0</sog>
<cog>321.4</cog>
                        </extensions>
                    </trkpt>
                    <trkpt lat="54.329505000000005" lon="10.149253333333332">
                        <ele>0</ele>
                        <time>2022-08-18T04:03:39Z</time>
                                                <extensions>
                            <sog>0.0</sog>
<cog>321.4</cog>
                        </extensions>
                    </trkpt>
                    <trkpt lat="54.329453333333326" lon="10.149268333333334">
                        <ele>0</ele>
                        <time>2022-08-18T04:06:42Z</time>
                                                <extensions>
                            <sog>0.0</sog>
<cog>321.4</cog>
                        </extensions>
                    </trkpt>
                    <trkpt lat="54.329481666666666" lon="10.14929">
                        <ele>0</ele>
                        <time>2022-08-18T04:09:40Z</time>
                                                <extensions>
                            <sog>0.0</sog>
<cog>321.4</cog>
                        </extensions>
                    </trkpt>
                    <trkpt lat="54.329481666666666" lon="10.14929">
                        <ele>0</ele>
                        <time>2022-08-18T04:09:40Z</time>
                                                <extensions>
                            <sog>0.0</sog>
<cog>321.4</cog>
                        </extensions>
                    </trkpt>
                    <trkpt lat="54.329476666666665" lon="10.149213333333334">
                        <ele>0</ele>
                        <time>2022-08-18T04:12:42Z</time>
                                                <extensions>
                            <sog>0.0</sog>
<cog>321.4</cog>
                        </extensions>
                    </trkpt>
                    <trkpt lat="54.329494999999994" lon="10.149256666666668">
                        <ele>0</ele>
                        <time>2022-08-18T04:15:38Z</time>
                                                <extensions>
                            <sog>0.0</sog>
<cog>321.4</cog>
                        </extensions>
                    </trkpt>
                    <trkpt lat="54.329404999999994" lon="10.149263333333332">
                        <ele>0</ele>
                        <time>2022-08-18T04:18:42Z</time>
                                                <extensions>
                            <sog>0.0</sog>
<cog>321.4</cog>
                        </extensions>
                    </trkpt>
                    <trkpt lat="54.32946166666667" lon="10.149266666666668">
                        <ele>0</ele>
                        <time>2022-08-18T04:21:39Z</time>
                                                <extensions>
                            <sog>0.0</sog>
<cog>321.4</cog>
                        </extensions>
                    </trkpt>
                    <trkpt lat="54.32946166666667" lon="10.149266666666668">
                        <ele>0</ele>
                        <time>2022-08-18T04:21:39Z</time>
                                                <extensions>
                            <sog>0.0</sog>
<cog>321.4</cog>
                        </extensions>
                    </trkpt>
                    <trkpt lat="54.329453333333326" lon="10.149280000000001">
                        <ele>0</ele>
                        <time>2022-08-18T04:24:44Z</time>
                                                <extensions>
                            <sog>0.0</sog>
<cog>321.4</cog>
                        </extensions>
                    </trkpt>
                    <trkpt lat="54.329485" lon="10.149273333333333">
                        <ele>0</ele>
                        <time>2022-08-18T04:27:39Z</time>
                                                <extensions>
                            <sog>0.0</sog>
<cog>321.4</cog>
                        </extensions>
                    </trkpt>
                    <trkpt lat="54.329503333333335" lon="10.149310000000002">
                        <ele>0</ele>
                        <time>2022-08-18T04:30:46Z</time>
                                                <extensions>
                            <sog>0.0</sog>
<cog>321.4</cog>
                        </extensions>
                    </trkpt>
                    <trkpt lat="54.32949" lon="10.149283333333333">
                        <ele>0</ele>
                        <time>2022-08-18T04:33:38Z</time>
                                                <extensions>
                            <sog>0.0</sog>
<cog>321.4</cog>
                        </extensions>
                    </trkpt>
                    <trkpt lat="54.32951" lon="10.149251666666666">
                        <ele>0</ele>
                        <time>2022-08-18T04:36:36Z</time>
                                                <extensions>
                            <sog>0.0</sog>
<cog>321.4</cog>
                        </extensions>
                    </trkpt>
                    <trkpt lat="54.329481666666666" lon="10.149331666666665">
                        <ele>0</ele>
                        <time>2022-08-18T04:39:40Z</time>
                                                <extensions>
                            <sog>0.0</sog>
<cog>321.4</cog>
                        </extensions>
                    </trkpt>
                    <trkpt lat="54.329453333333326" lon="10.149284999999999">
                        <ele>0</ele>
                        <time>2022-08-18T04:42:37Z</time>
                                                <extensions>
                            <sog>0.0</sog>
<cog>321.4</cog>
                        </extensions>
                    </trkpt>
                    <trkpt lat="54.32947166666667" lon="10.149256666666668">
                        <ele>0</ele>
                        <time>2022-08-18T04:45:39Z</time>
                                                <extensions>
                            <sog>0.0</sog>
<cog>321.4</cog>
                        </extensions>
                    </trkpt>
                    <trkpt lat="54.329303333333336" lon="10.149563333333333">
                        <ele>0</ele>
                        <time>2022-08-18T04:48:39Z</time>
                                                <extensions>
                            <sog>2.1</sog>
<cog>116.1</cog>
                        </extensions>
                    </trkpt>
                    <trkpt lat="54.32922166666666" lon="10.149863333333334">
                        <ele>0</ele>
                        <time>2022-08-18T04:48:53Z</time>
                                                <extensions>
                            <sog>3.1</sog>
<cog>112.8</cog>
                        </extensions>
                    </trkpt>
                    <trkpt lat="54.329168333333335" lon="10.150105">
                        <ele>0</ele>
                        <time>2022-08-18T04:49:03Z</time>
                                                <extensions>
                            <sog>3.0</sog>
<cog>112.0</cog>
                        </extensions>
                    </trkpt>
                    <trkpt lat="54.329168333333335" lon="10.150105">
                        <ele>0</ele>
                        <time>2022-08-18T04:49:03Z</time>
                                                <extensions>
                            <sog>3.0</sog>
<cog>112.0</cog>
                        </extensions>
                    </trkpt>
                    <trkpt lat="54.329125" lon="10.150319999999999">
                        <ele>0</ele>
                        <time>2022-08-18T04:49:14Z</time>
                                                <extensions>
                            <sog>2.6</sog>
<cog>108.6</cog>
                        </extensions>
                    </trkpt>
                    <trkpt lat="54.329105" lon="10.150483333333334">
                        <ele>0</ele>
                        <time>2022-08-18T04:49:24Z</time>
                                                <extensions>
                            <sog>2.0</sog>
<cog>100.8</cog>
                        </extensions>
                    </trkpt>
                    <trkpt lat="54.32911166666667" lon="10.150581666666666">
                        <ele>0</ele>
                        <time>2022-08-18T04:49:33Z</time>
                                                <extensions>
                            <sog>1.3</sog>
<cog>85.5</cog>
                        </extensions>
                    </trkpt>
                    <trkpt lat="54.32913166666666" lon="10.150640000000001">
                        <ele>0</ele>
                        <time>2022-08-18T04:49:43Z</time>
                                                <extensions>
                            <sog>0.7</sog>
<cog>55.3</cog>
                        </extensions>
                    </trkpt>
                    <trkpt lat="54.329148333333336" lon="10.150608333333334">
                        <ele>0</ele>
                        <time>2022-08-18T04:49:53Z</time>
                                                <extensions>
                            <sog>0.5</sog>
<cog>333.6</cog>
                        </extensions>
                    </trkpt>
                    <trkpt lat="54.32913666666666" lon="10.15057">
                        <ele>0</ele>
                        <time>2022-08-18T04:50:03Z</time>
                                                <extensions>
                            <sog>0.7</sog>
<cog>235.1</cog>
                        </extensions>
                    </trkpt>
                    <trkpt lat="54.329025" lon="10.150545">
                        <ele>0</ele>
                        <time>2022-08-18T04:50:14Z</time>
                                                <extensions>
                            <sog>2.0</sog>
<cog>186.7</cog>
                        </extensions>
                    </trkpt>
                    <trkpt lat="54.328873333333334" lon="10.150536666666666">
                        <ele>0</ele>
                        <time>2022-08-18T04:50:24Z</time>
                                                <extensions>
                            <sog>3.1</sog>
<cog>183.7</cog>
                        </extensions>
                    </trkpt>
                    <trkpt lat="54.32870333333334" lon="10.150501666666665">
                        <ele>0</ele>
                        <time>2022-08-18T04:50:33Z</time>
                                                <extensions>
                            <sog>4.0</sog>
<cog>187.5</cog>
                        </extensions>
                    </trkpt>
                    <trkpt lat="54.32846666666667" lon="10.150471666666666">
                        <ele>0</ele>
                        <time>2022-08-18T04:50:43Z</time>
                                                <extensions>
                            <sog>5.1</sog>
<cog>184.6</cog>
                        </extensions>
                    </trkpt>
                    <trkpt lat="54.32819666666667" lon="10.15047">
                        <ele>0</ele>
                        <time>2022-08-18T04:50:53Z</time>
                                                <extensions>
                            <sog>5.8</sog>
<cog>180.8</cog>
                        </extensions>
                    </trkpt>
                    <trkpt lat="54.32789666666667" lon="10.150433333333332">
                        <ele>0</ele>
                        <time>2022-08-18T04:51:03Z</time>
                                                <extensions>
                            <sog>6.4</sog>
<cog>183.8</cog>
                        </extensions>
                    </trkpt>
                    <trkpt lat="54.32754666666666" lon="10.150346666666668">
                        <ele>0</ele>
                        <time>2022-08-18T04:51:14Z</time>
                                                <extensions>
                            <sog>6.8</sog>
<cog>187.5</cog>
                        </extensions>
                    </trkpt>
                    <trkpt lat="54.327215" lon="10.150276666666667">
                        <ele>0</ele>
                        <time>2022-08-18T04:51:24Z</time>
                                                <extensions>
                            <sog>7.0</sog>
<cog>187.2</cog>
                        </extensions>
                    </trkpt>
                    <trkpt lat="54.32692333333333" lon="10.150176666666665">
                        <ele>0</ele>
                        <time>2022-08-18T04:51:33Z</time>
                                                <extensions>
                            <sog>7.2</sog>
<cog>191.3</cog>
                        </extensions>
                    </trkpt>
                    <trkpt lat="54.32660666666666" lon="10.15">
                        <ele>0</ele>
                        <time>2022-08-18T04:51:43Z</time>
                                                <extensions>
                            <sog>7.3</sog>
<cog>196.5</cog>
                        </extensions>
                    </trkpt>
                    <trkpt lat="54.326285" lon="10.149813333333332">
                        <ele>0</ele>
                        <time>2022-08-18T04:51:53Z</time>
                                                <extensions>
                            <sog>7.3</sog>
<cog>198.3</cog>
                        </extensions>
                    </trkpt>
                    <trkpt lat="54.325966666666666" lon="10.149603333333333">
                        <ele>0</ele>
                        <time>2022-08-18T04:52:03Z</time>
                                                <extensions>
                            <sog>7.4</sog>
<cog>201.2</cog>
                        </extensions>
                    </trkpt>
                    <trkpt lat="54.32562333333333" lon="10.14936">
                        <ele>0</ele>
                        <time>2022-08-18T04:52:14Z</time>
                                                <extensions>
                            <sog>7.3</sog>
<cog>202.9</cog>
                        </extensions>
                    </trkpt>
                    <trkpt lat="54.32532166666667" lon="10.149156666666666">
                        <ele>0</ele>
                        <time>2022-08-18T04:52:24Z</time>
                                                <extensions>
                            <sog>7.0</sog>
<cog>201.4</cog>
                        </extensions>
                    </trkpt>
                    <trkpt lat="54.32506333333333" lon="10.148986666666667">
                        <ele>0</ele>
                        <time>2022-08-18T04:52:33Z</time>
                                                <extensions>
                            <sog>6.7</sog>
<cog>200.6</cog>
                        </extensions>
                    </trkpt>
                    <trkpt lat="54.32479166666667" lon="10.148761666666667">
                        <ele>0</ele>
                        <time>2022-08-18T04:52:43Z</time>
                                                <extensions>
                            <sog>6.5</sog>
<cog>205.5</cog>
                        </extensions>
                    </trkpt>
                    <trkpt lat="54.324558333333336" lon="10.148545">
                        <ele>0</ele>
                        <time>2022-08-18T04:52:53Z</time>
                                                <extensions>
                            <sog>6.3</sog>
<cog>207.8</cog>
                        </extensions>
                    </trkpt>
                    <trkpt lat="54.32427833333334" lon="10.148288333333333">
                        <ele>0</ele>
                        <time>2022-08-18T04:53:03Z</time>
                                                <extensions>
                            <sog>6.2</sog>
<cog>208.5</cog>
                        </extensions>
                    </trkpt>
                    <trkpt lat="54.32401" lon="10.148033333333332">
                        <ele>0</ele>
                        <time>2022-08-18T04:53:14Z</time>
                                                <extensions>
                            <sog>6.0</sog>
<cog>209.1</cog>
                        </extensions>
                    </trkpt>
                    <trkpt lat="54.323805" lon="10.147818333333333">
                        <ele>0</ele>
                        <time>2022-08-18T04:53:24Z</time>
                                                <extensions>
                            <sog>5.3</sog>
<cog>212.2</cog>
                        </extensions>
                    </trkpt>
                    <trkpt lat="54.323636666666665" lon="10.147615">
                        <ele>0</ele>
                        <time>2022-08-18T04:53:33Z</time>
                                                <extensions>
                            <sog>4.9</sog>
<cog>216.8</cog>
                        </extensions>
                    </trkpt>
                    <trkpt lat="54.32346" lon="10.147363333333335">
                        <ele>0</ele>
                        <time>2022-08-18T04:53:43Z</time>
                                                <extensions>
                            <sog>4.7</sog>
<cog>218.4</cog>
                        </extensions>
                    </trkpt>
                    <trkpt lat="54.323303333333335" lon="10.14711">
                        <ele>0</ele>
                        <time>2022-08-18T04:53:53Z</time>
                                                <extensions>
                            <sog>4.7</sog>
<cog>220.8</cog>
                        </extensions>
                    </trkpt>
                    <trkpt lat="54.323175" lon="10.146876666666666">
                        <ele>0</ele>
                        <time>2022-08-18T04:54:03Z</time>
                                                <extensions>
                            <sog>4.5</sog>
<cog>224.2</cog>
                        </extensions>
                    </trkpt>
                    <trkpt lat="54.323011666666666" lon="10.146575">
                        <ele>0</ele>
                        <time>2022-08-18T04:54:14Z</time>
                                                <extensions>
                            <sog>4.4</sog>
<cog>225.2</cog>
                        </extensions>
                    </trkpt>
                    <trkpt lat="54.322885" lon="10.14631">
                        <ele>0</ele>
                        <time>2022-08-18T04:54:24Z</time>
                                                <extensions>
                            <sog>4.3</sog>
<cog>227.1</cog>
                        </extensions>
                    </trkpt>
                    <trkpt lat="54.32277166666667" lon="10.146080000000001">
                        <ele>0</ele>
                        <time>2022-08-18T04:54:33Z</time>
                                                <extensions>
                            <sog>4.3</sog>
<cog>226.9</cog>
                        </extensions>
                    </trkpt>
                    <trkpt lat="54.32266333333334" lon="10.145845000000001">
                        <ele>0</ele>
                        <time>2022-08-18T04:54:43Z</time>
                                                <extensions>
                            <sog>4.2</sog>
<cog>229.0</cog>
                        </extensions>
                    </trkpt>
                    <trkpt lat="54.32253" lon="10.145561666666667">
                        <ele>0</ele>
                        <time>2022-08-18T04:54:53Z</time>
                                                <extensions>
                            <sog>4.2</sog>
<cog>229.6</cog>
                        </extensions>
                    </trkpt>
                    <trkpt lat="54.32239833333333" lon="10.145323333333332">
                        <ele>0</ele>
                        <time>2022-08-18T04:55:03Z</time>
                                                <extensions>
                            <sog>4.1</sog>
<cog>226.5</cog>
                        </extensions>
                    </trkpt>
                    <trkpt lat="54.322271666666666" lon="10.145073333333332">
                        <ele>0</ele>
                        <time>2022-08-18T04:55:13Z</time>
                                                <extensions>
                            <sog>4.1</sog>
<cog>229.9</cog>
                        </extensions>
                    </trkpt>
                    <trkpt lat="54.32214" lon="10.144803333333334">
                        <ele>0</ele>
                        <time>2022-08-18T04:55:24Z</time>
                                                <extensions>
                            <sog>4.0</sog>
<cog>231.6</cog>
                        </extensions>
                    </trkpt>
                    <trkpt lat="54.32204" lon="10.144603333333333">
                        <ele>0</ele>
                        <time>2022-08-18T04:55:33Z</time>
                                                <extensions>
                            <sog>3.7</sog>
<cog>231.2</cog>
                        </extensions>
                    </trkpt>
                    <trkpt lat="54.321940000000005" lon="10.144403333333335">
                        <ele>0</ele>
                        <time>2022-08-18T04:55:43Z</time>
                                                <extensions>
                            <sog>3.4</sog>
<cog>231.6</cog>
                        </extensions>
                    </trkpt>
                    <trkpt lat="54.321866666666665" lon="10.144225">
                        <ele>0</ele>
                        <time>2022-08-18T04:55:53Z</time>
                                                <extensions>
                            <sog>2.8</sog>
<cog>235.1</cog>
                        </extensions>
                    </trkpt>
                    <trkpt lat="54.32181333333333" lon="10.144086666666668">
                        <ele>0</ele>
                        <time>2022-08-18T04:56:03Z</time>
                                                <extensions>
                            <sog>2.4</sog>
<cog>237.1</cog>
                        </extensions>
                    </trkpt>
                    <trkpt lat="54.32176666666667" lon="10.14396">
                        <ele>0</ele>
                        <time>2022-08-18T04:56:13Z</time>
                                                <extensions>
                            <sog>1.6</sog>
<cog>237.7</cog>
                        </extensions>
                    </trkpt>
                    <trkpt lat="54.32174166666667" lon="10.143861666666668">
                        <ele>0</ele>
                        <time>2022-08-18T04:56:24Z</time>
                                                <extensions>
                            <sog>1.3</sog>
<cog>247.7</cog>
                        </extensions>
                    </trkpt>
                    <trkpt lat="54.321725" lon="10.143781666666666">
                        <ele>0</ele>
                        <time>2022-08-18T04:56:33Z</time>
                                                <extensions>
                            <sog>1.2</sog>
<cog>250.6</cog>
                        </extensions>
                    </trkpt>
                    <trkpt lat="54.321704999999994" lon="10.143699999999999">
                        <ele>0</ele>
                        <time>2022-08-18T04:56:43Z</time>
                                                <extensions>
                            <sog>1.1</sog>
<cog>250.3</cog>
                        </extensions>
                    </trkpt>
                    <trkpt lat="54.32169" lon="10.143626666666668">
                        <ele>0</ele>
                        <time>2022-08-18T04:56:53Z</time>
                                                <extensions>
                            <sog>0.8</sog>
<cog>254.9</cog>
                        </extensions>
                    </trkpt>
                    <trkpt lat="54.321688333333334" lon="10.143586666666666">
                        <ele>0</ele>
                        <time>2022-08-18T04:57:03Z</time>
                                                <extensions>
                            <sog>0.5</sog>
<cog>267.0</cog>
                        </extensions>
                    </trkpt>
                    <trkpt lat="54.321685" lon="10.143550000000001">
                        <ele>0</ele>
                        <time>2022-08-18T04:57:13Z</time>
                                                <extensions>
                            <sog>0.4</sog>
<cog>261.3</cog>
                        </extensions>
                    </trkpt>
                    <trkpt lat="54.321670000000005" lon="10.143533333333332">
                        <ele>0</ele>
                        <time>2022-08-18T04:57:24Z</time>
                                                <extensions>
                            <sog>0.2</sog>
<cog>254.7</cog>
                        </extensions>
                    </trkpt>
                    <trkpt lat="54.321661666666664" lon="10.143521666666667">
                        <ele>0</ele>
                        <time>2022-08-18T04:57:33Z</time>
                                                <extensions>
                            <sog>0.2</sog>
<cog>252.5</cog>
                        </extensions>
                    </trkpt>
                    <trkpt lat="54.321655" lon="10.143508333333333">
                        <ele>0</ele>
                        <time>2022-08-18T04:57:43Z</time>
                                                <extensions>
                            <sog>0.2</sog>
<cog>255.4</cog>
                        </extensions>
                    </trkpt>
                    <trkpt lat="54.321646666666666" lon="10.143508333333333">
                        <ele>0</ele>
                        <time>2022-08-18T04:57:53Z</time>
                                                <extensions>
                            <sog>0.0</sog>
<cog>255.4</cog>
                        </extensions>
                    </trkpt>
                    <trkpt lat="54.32163333333333" lon="10.1435">
                        <ele>0</ele>
                        <time>2022-08-18T04:58:03Z</time>
                                                <extensions>
                            <sog>0.0</sog>
<cog>255.4</cog>
                        </extensions>
                    </trkpt>
                    <trkpt lat="54.32163" lon="10.143495">
                        <ele>0</ele>
                        <time>2022-08-18T04:58:13Z</time>
                                                <extensions>
                            <sog>0.0</sog>
<cog>255.4</cog>
                        </extensions>
                    </trkpt>
                    <trkpt lat="54.32162833333334" lon="10.143495">
                        <ele>0</ele>
                        <time>2022-08-18T04:58:24Z</time>
                                                <extensions>
                            <sog>0.0</sog>
<cog>255.4</cog>
                        </extensions>
                    </trkpt>
                    <trkpt lat="54.32162833333334" lon="10.143493333333334">
                        <ele>0</ele>
                        <time>2022-08-18T04:58:33Z</time>
                                                <extensions>
                            <sog>0.0</sog>
<cog>255.4</cog>
                        </extensions>
                    </trkpt>
                    <trkpt lat="54.32163833333333" lon="10.1435">
                        <ele>0</ele>
                        <time>2022-08-18T04:58:43Z</time>
                                                <extensions>
                            <sog>0.0</sog>
<cog>255.4</cog>
                        </extensions>
                    </trkpt>
                    <trkpt lat="54.321641666666665" lon="10.143501666666667">
                        <ele>0</ele>
                        <time>2022-08-18T04:58:53Z</time>
                                                <extensions>
                            <sog>0.0</sog>
<cog>255.4</cog>
                        </extensions>
                    </trkpt>
                    <trkpt lat="54.321645" lon="10.143503333333333">
                        <ele>0</ele>
                        <time>2022-08-18T04:59:04Z</time>
                                                <extensions>
                            <sog>0.0</sog>
<cog>255.4</cog>
                        </extensions>
                    </trkpt>
                    <trkpt lat="54.32164833333333" lon="10.143498333333334">
                        <ele>0</ele>
                        <time>2022-08-18T04:59:13Z</time>
                                                <extensions>
                            <sog>0.0</sog>
<cog>255.4</cog>
                        </extensions>
                    </trkpt>
                    <trkpt lat="54.32165" lon="10.143493333333334">
                        <ele>0</ele>
                        <time>2022-08-18T04:59:33Z</time>
                                                <extensions>
                            <sog>0.0</sog>
<cog>255.4</cog>
                        </extensions>
                    </trkpt>
                    <trkpt lat="54.32165166666667" lon="10.143495">
                        <ele>0</ele>
                        <time>2022-08-18T04:59:43Z</time>
                                                <extensions>
                            <sog>0.0</sog>
<cog>255.4</cog>
                        </extensions>
                    </trkpt>
                    <trkpt lat="54.321645" lon="10.143531666666666">
                        <ele>0</ele>
                        <time>2022-08-18T05:01:49Z</time>
                                                <extensions>
                            <sog>0.0</sog>
<cog>255.4</cog>
                        </extensions>
                    </trkpt>
                    <trkpt lat="54.321655" lon="10.14352">
                        <ele>0</ele>
                        <time>2022-08-18T05:03:06Z</time>
                                                <extensions>
                            <sog>0.0</sog>
<cog>255.4</cog>
                        </extensions>
                    </trkpt>
                    <trkpt lat="54.321655" lon="10.14352">
                        <ele>0</ele>
                        <time>2022-08-18T05:03:06Z</time>
                                                <extensions>
                            <sog>0.0</sog>
<cog>255.4</cog>
                        </extensions>
                    </trkpt>
                    <trkpt lat="54.321655" lon="10.14352">
                        <ele>0</ele>
                        <time>2022-08-18T05:03:06Z</time>
                                                <extensions>
                            <sog>0.0</sog>
<cog>255.4</cog>
                        </extensions>
                    </trkpt>
                    <trkpt lat="54.32167166666667" lon="10.143515">
                        <ele>0</ele>
                        <time>2022-08-18T05:03:16Z</time>
                                                <extensions>
                            <sog>0.0</sog>
<cog>255.4</cog>
                        </extensions>
                    </trkpt>
                    <trkpt lat="54.321688333333334" lon="10.143503333333333">
                        <ele>0</ele>
                        <time>2022-08-18T05:03:27Z</time>
                                                <extensions>
                            <sog>0.0</sog>
<cog>255.4</cog>
                        </extensions>
                    </trkpt>
                    <trkpt lat="54.32168333333333" lon="10.143496666666666">
                        <ele>0</ele>
                        <time>2022-08-18T05:03:37Z</time>
                                                <extensions>
                            <sog>0.0</sog>
<cog>255.4</cog>
                        </extensions>
                    </trkpt>
                    <trkpt lat="54.32168" lon="10.143485">
                        <ele>0</ele>
                        <time>2022-08-18T05:03:46Z</time>
                                                <extensions>
                            <sog>0.0</sog>
<cog>255.4</cog>
                        </extensions>
                    </trkpt>
                    <trkpt lat="54.32168166666667" lon="10.143478333333332">
                        <ele>0</ele>
                        <time>2022-08-18T05:03:57Z</time>
                                                <extensions>
                            <sog>0.0</sog>
<cog>255.4</cog>
                        </extensions>
                    </trkpt>
                    <trkpt lat="54.32168333333333" lon="10.143473333333333">
                        <ele>0</ele>
                        <time>2022-08-18T05:04:06Z</time>
                                                <extensions>
                            <sog>0.0</sog>
<cog>255.4</cog>
                        </extensions>
                    </trkpt>
                    <trkpt lat="54.321685" lon="10.143464999999999">
                        <ele>0</ele>
                        <time>2022-08-18T05:04:16Z</time>
                                                <extensions>
                            <sog>0.0</sog>
<cog>255.4</cog>
                        </extensions>
                    </trkpt>
                    <trkpt lat="54.32168333333333" lon="10.143463333333333">
                        <ele>0</ele>
                        <time>2022-08-18T05:04:27Z</time>
                                                <extensions>
                            <sog>0.0</sog>
<cog>255.4</cog>
                        </extensions>
                    </trkpt>
                    <trkpt lat="54.321686666666665" lon="10.143461666666667">
                        <ele>0</ele>
                        <time>2022-08-18T05:04:37Z</time>
                                                <extensions>
                            <sog>0.0</sog>
<cog>255.4</cog>
                        </extensions>
                    </trkpt>
                    <trkpt lat="54.321691666666666" lon="10.143461666666667">
                        <ele>0</ele>
                        <time>2022-08-18T05:04:46Z</time>
                                                <extensions>
                            <sog>0.0</sog>
<cog>255.4</cog>
                        </extensions>
                    </trkpt>
                    <trkpt lat="54.321695" lon="10.143461666666667">
                        <ele>0</ele>
                        <time>2022-08-18T05:04:57Z</time>
                                                <extensions>
                            <sog>0.0</sog>
<cog>255.4</cog>
                        </extensions>
                    </trkpt>
                    <trkpt lat="54.32169333333333" lon="10.143463333333333">
                        <ele>0</ele>
                        <time>2022-08-18T05:05:06Z</time>
                                                <extensions>
                            <sog>0.0</sog>
<cog>255.4</cog>
                        </extensions>
                    </trkpt>
                    <trkpt lat="54.321670000000005" lon="10.143468333333335">
                        <ele>0</ele>
                        <time>2022-08-18T05:06:05Z</time>
                                                <extensions>
                            <sog>0.0</sog>
<cog>255.4</cog>
                        </extensions>
                    </trkpt>
                    <trkpt lat="54.32169666666667" lon="10.143478333333332">
                        <ele>0</ele>
                        <time>2022-08-18T05:09:02Z</time>
                                                <extensions>
                            <sog>0.0</sog>
<cog>255.4</cog>
                        </extensions>
                    </trkpt>
                    <trkpt lat="54.321695" lon="10.143508333333333">
                        <ele>0</ele>
                        <time>2022-08-18T05:12:02Z</time>
                                                <extensions>
                            <sog>0.0</sog>
<cog>255.4</cog>
                        </extensions>
                    </trkpt>
                    <trkpt lat="54.32168" lon="10.143464999999999">
                        <ele>0</ele>
                        <time>2022-08-18T05:15:07Z</time>
                                                <extensions>
                            <sog>0.0</sog>
<cog>255.4</cog>
                        </extensions>
                    </trkpt>
                    <trkpt lat="54.32168333333333" lon="10.14348">
                        <ele>0</ele>
                        <time>2022-08-18T05:18:06Z</time>
                                                <extensions>
                            <sog>0.0</sog>
<cog>255.4</cog>
                        </extensions>
                    </trkpt>
                    <trkpt lat="54.321668333333335" lon="10.143483333333334">
                        <ele>0</ele>
                        <time>2022-08-18T05:21:02Z</time>
                                                <extensions>
                            <sog>0.0</sog>
<cog>255.4</cog>
                        </extensions>
                    </trkpt>
                    <trkpt lat="54.32168166666667" lon="10.143473333333333">
                        <ele>0</ele>
                        <time>2022-08-18T05:24:05Z</time>
                                                <extensions>
                            <sog>0.0</sog>
<cog>255.4</cog>
                        </extensions>
                    </trkpt>
                    <trkpt lat="54.321685" lon="10.143523333333333">
                        <ele>0</ele>
                        <time>2022-08-18T05:27:06Z</time>
                                                <extensions>
                            <sog>0.0</sog>
<cog>255.4</cog>
                        </extensions>
                    </trkpt>
                    <trkpt lat="54.32173" lon="10.14354">
                        <ele>0</ele>
                        <time>2022-08-18T05:30:05Z</time>
                                                <extensions>
                            <sog>0.0</sog>
<cog>255.4</cog>
                        </extensions>
                    </trkpt>
                    <trkpt lat="54.32166666666667" lon="10.143511666666665">
                        <ele>0</ele>
                        <time>2022-08-18T05:33:02Z</time>
                                                <extensions>
                            <sog>0.0</sog>
<cog>255.4</cog>
                        </extensions>
                    </trkpt>
                    <trkpt lat="54.32161166666666" lon="10.14351">
                        <ele>0</ele>
                        <time>2022-08-18T05:36:05Z</time>
                                                <extensions>
                            <sog>0.0</sog>
<cog>255.4</cog>
                        </extensions>
                    </trkpt>
                    <trkpt lat="54.32163833333333" lon="10.143545">
                        <ele>0</ele>
                        <time>2022-08-18T05:39:06Z</time>
                                                <extensions>
                            <sog>0.0</sog>
<cog>255.4</cog>
                        </extensions>
                    </trkpt>
                    <trkpt lat="54.32164" lon="10.143419999999999">
                        <ele>0</ele>
                        <time>2022-08-18T05:45:06Z</time>
                                                <extensions>
                            <sog>0.0</sog>
<cog>255.4</cog>
                        </extensions>
                    </trkpt>
                    <trkpt lat="54.321635" lon="10.143443333333332">
                        <ele>0</ele>
                        <time>2022-08-18T05:48:09Z</time>
                                                <extensions>
                            <sog>0.0</sog>
<cog>255.4</cog>
                        </extensions>
                    </trkpt>
                    <trkpt lat="54.321641666666665" lon="10.143464999999999">
                        <ele>0</ele>
                        <time>2022-08-18T05:51:07Z</time>
                                                <extensions>
                            <sog>0.0</sog>
<cog>255.4</cog>
                        </extensions>
                    </trkpt>
                    <trkpt lat="54.32161333333333" lon="10.143493333333334">
                        <ele>0</ele>
                        <time>2022-08-18T05:54:09Z</time>
                                                <extensions>
                            <sog>0.0</sog>
<cog>255.4</cog>
                        </extensions>
                    </trkpt>
                    <trkpt lat="54.32167166666667" lon="10.14347">
                        <ele>0</ele>
                        <time>2022-08-18T05:57:07Z</time>
                                                <extensions>
                            <sog>0.0</sog>
<cog>255.4</cog>
                        </extensions>
                    </trkpt>
                    <trkpt lat="54.321695" lon="10.143515">
                        <ele>0</ele>
                        <time>2022-08-18T06:00:11Z</time>
                                                <extensions>
                            <sog>0.0</sog>
<cog>255.4</cog>
                        </extensions>
                    </trkpt>
                    <trkpt lat="54.321695" lon="10.143515">
                        <ele>0</ele>
                        <time>2022-08-18T06:00:11Z</time>
                                                <extensions>
                            <sog>0.0</sog>
<cog>255.4</cog>
                        </extensions>
                    </trkpt>
                    <trkpt lat="54.3217" lon="10.143455">
                        <ele>0</ele>
                        <time>2022-08-18T06:03:08Z</time>
                                                <extensions>
                            <sog>0.0</sog>
<cog>255.4</cog>
                        </extensions>
                    </trkpt>
                    <trkpt lat="54.32169333333333" lon="10.14356">
                        <ele>0</ele>
                        <time>2022-08-18T06:06:11Z</time>
                                                <extensions>
                            <sog>0.0</sog>
<cog>255.4</cog>
                        </extensions>
                    </trkpt>
                    <trkpt lat="54.32167333333334" lon="10.143503333333333">
                        <ele>0</ele>
                        <time>2022-08-18T06:09:10Z</time>
                                                <extensions>
                            <sog>0.0</sog>
<cog>255.4</cog>
                        </extensions>
                    </trkpt>
                    <trkpt lat="54.321675" lon="10.14354">
                        <ele>0</ele>
                        <time>2022-08-18T06:12:12Z</time>
                                                <extensions>
                            <sog>0.3</sog>
<cog>145.8</cog>
                        </extensions>
                    </trkpt>
                    <trkpt lat="54.32121166666666" lon="10.143965">
                        <ele>0</ele>
                        <time>2022-08-18T06:13:52Z</time>
                                                <extensions>
                            <sog>3.3</sog>
<cog>134.0</cog>
                        </extensions>
                    </trkpt>
                    <trkpt lat="54.321185" lon="10.144283333333334">
                        <ele>0</ele>
                        <time>2022-08-18T06:14:02Z</time>
                                                <extensions>
                            <sog>3.6</sog>
<cog>96.8</cog>
                        </extensions>
                    </trkpt>
                    <trkpt lat="54.32124833333333" lon="10.144655">
                        <ele>0</ele>
                        <time>2022-08-18T06:14:13Z</time>
                                                <extensions>
                            <sog>4.4</sog>
<cog>73.4</cog>
                        </extensions>
                    </trkpt>
                    <trkpt lat="54.32136333333334" lon="10.144955000000001">
                        <ele>0</ele>
                        <time>2022-08-18T06:14:23Z</time>
                                                <extensions>
                            <sog>4.9</sog>
<cog>56.5</cog>
                        </extensions>
                    </trkpt>
                    <trkpt lat="54.32154833333333" lon="10.145253333333333">
                        <ele>0</ele>
                        <time>2022-08-18T06:14:32Z</time>
                                                <extensions>
                            <sog>5.5</sog>
<cog>42.9</cog>
                        </extensions>
                    </trkpt>
                    <trkpt lat="54.321778333333334" lon="10.145538333333333">
                        <ele>0</ele>
                        <time>2022-08-18T06:14:42Z</time>
                                                <extensions>
                            <sog>6.0</sog>
<cog>36.6</cog>
                        </extensions>
                    </trkpt>
                    <trkpt lat="54.32201666666666" lon="10.145843333333334">
                        <ele>0</ele>
                        <time>2022-08-18T06:14:52Z</time>
                                                <extensions>
                            <sog>6.4</sog>
<cog>36.5</cog>
                        </extensions>
                    </trkpt>
                    <trkpt lat="54.322251666666666" lon="10.146176666666666">
                        <ele>0</ele>
                        <time>2022-08-18T06:15:02Z</time>
                                                <extensions>
                            <sog>6.7</sog>
<cog>37.5</cog>
                        </extensions>
                    </trkpt>
                    <trkpt lat="54.322556666666664" lon="10.146505">
                        <ele>0</ele>
                        <time>2022-08-18T06:15:13Z</time>
                                                <extensions>
                            <sog>6.8</sog>
<cog>32.4</cog>
                        </extensions>
                    </trkpt>
                    <trkpt lat="54.32281666666667" lon="10.146761666666666">
                        <ele>0</ele>
                        <time>2022-08-18T06:15:23Z</time>
                                                <extensions>
                            <sog>6.9</sog>
<cog>30.3</cog>
                        </extensions>
                    </trkpt>
                    <trkpt lat="54.32309166666666" lon="10.147083333333335">
                        <ele>0</ele>
                        <time>2022-08-18T06:15:32Z</time>
                                                <extensions>
                            <sog>7.0</sog>
<cog>32.9</cog>
                        </extensions>
                    </trkpt>
                    <trkpt lat="54.32336" lon="10.147405">
                        <ele>0</ele>
                        <time>2022-08-18T06:15:42Z</time>
                                                <extensions>
                            <sog>7.1</sog>
<cog>34.3</cog>
                        </extensions>
                    </trkpt>
                    <trkpt lat="54.323636666666665" lon="10.147713333333334">
                        <ele>0</ele>
                        <time>2022-08-18T06:15:52Z</time>
                                                <extensions>
                            <sog>7.1</sog>
<cog>32.9</cog>
                        </extensions>
                    </trkpt>
                    <trkpt lat="54.32391666666667" lon="10.14802">
                        <ele>0</ele>
                        <time>2022-08-18T06:16:02Z</time>
                                                <extensions>
                            <sog>7.1</sog>
<cog>32.5</cog>
                        </extensions>
                    </trkpt>
                    <trkpt lat="54.324198333333335" lon="10.148345">
                        <ele>0</ele>
                        <time>2022-08-18T06:16:13Z</time>
                                                <extensions>
                            <sog>6.5</sog>
<cog>33.5</cog>
                        </extensions>
                    </trkpt>
                    <trkpt lat="54.324436666666664" lon="10.148575">
                        <ele>0</ele>
                        <time>2022-08-18T06:16:23Z</time>
                                                <extensions>
                            <sog>5.9</sog>
<cog>30.1</cog>
                        </extensions>
                    </trkpt>
                    <trkpt lat="54.32465" lon="10.148746666666666">
                        <ele>0</ele>
                        <time>2022-08-18T06:16:32Z</time>
                                                <extensions>
                            <sog>5.6</sog>
<cog>26.6</cog>
                        </extensions>
                    </trkpt>
                    <trkpt lat="54.32488166666667" lon="10.14893">
                        <ele>0</ele>
                        <time>2022-08-18T06:16:42Z</time>
                                                <extensions>
                            <sog>5.5</sog>
<cog>25.1</cog>
                        </extensions>
                    </trkpt>
                    <trkpt lat="54.325111666666665" lon="10.14911">
                        <ele>0</ele>
                        <time>2022-08-18T06:16:52Z</time>
                                                <extensions>
                            <sog>5.5</sog>
<cog>24.9</cog>
                        </extensions>
                    </trkpt>
                    <trkpt lat="54.32534166666667" lon="10.149283333333333">
                        <ele>0</ele>
                        <time>2022-08-18T06:17:02Z</time>
                                                <extensions>
                            <sog>5.4</sog>
<cog>24.2</cog>
                        </extensions>
                    </trkpt>
                    <trkpt lat="54.32558166666667" lon="10.149493333333334">
                        <ele>0</ele>
                        <time>2022-08-18T06:17:13Z</time>
                                                <extensions>
                            <sog>5.4</sog>
<cog>27.5</cog>
                        </extensions>
                    </trkpt>
                    <trkpt lat="54.32577666666667" lon="10.149666666666667">
                        <ele>0</ele>
                        <time>2022-08-18T06:17:23Z</time>
                                                <extensions>
                            <sog>5.3</sog>
<cog>26.8</cog>
                        </extensions>
                    </trkpt>
                    <trkpt lat="54.32577666666667" lon="10.149666666666667">
                        <ele>0</ele>
                        <time>2022-08-18T06:17:23Z</time>
                                                <extensions>
                            <sog>5.3</sog>
<cog>26.8</cog>
                        </extensions>
                    </trkpt>
                    <trkpt lat="54.32600166666667" lon="10.149853333333335">
                        <ele>0</ele>
                        <time>2022-08-18T06:17:32Z</time>
                                                <extensions>
                            <sog>5.3</sog>
<cog>26.2</cog>
                        </extensions>
                    </trkpt>
                    <trkpt lat="54.32621833333334" lon="10.150039999999999">
                        <ele>0</ele>
                        <time>2022-08-18T06:17:42Z</time>
                                                <extensions>
                            <sog>5.3</sog>
<cog>26.9</cog>
                        </extensions>
                    </trkpt>
                    <trkpt lat="54.32644166666667" lon="10.150205">
                        <ele>0</ele>
                        <time>2022-08-18T06:17:52Z</time>
                                                <extensions>
                            <sog>5.3</sog>
<cog>23.9</cog>
                        </extensions>
                    </trkpt>
                    <trkpt lat="54.32666833333334" lon="10.15037">
                        <ele>0</ele>
                        <time>2022-08-18T06:18:02Z</time>
                                                <extensions>
                            <sog>5.3</sog>
<cog>22.8</cog>
                        </extensions>
                    </trkpt>
                    <trkpt lat="54.326926666666665" lon="10.150521666666666">
                        <ele>0</ele>
                        <time>2022-08-18T06:18:13Z</time>
                                                <extensions>
                            <sog>5.3</sog>
<cog>19.2</cog>
                        </extensions>
                    </trkpt>
                    <trkpt lat="54.32714" lon="10.150644999999999">
                        <ele>0</ele>
                        <time>2022-08-18T06:18:23Z</time>
                                                <extensions>
                            <sog>5.3</sog>
<cog>19.0</cog>
                        </extensions>
                    </trkpt>
                    <trkpt lat="54.327385" lon="10.150755">
                        <ele>0</ele>
                        <time>2022-08-18T06:18:32Z</time>
                                                <extensions>
                            <sog>5.2</sog>
<cog>17.6</cog>
                        </extensions>
                    </trkpt>
                    <trkpt lat="54.327618333333334" lon="10.150886666666667">
                        <ele>0</ele>
                        <time>2022-08-18T06:18:42Z</time>
                                                <extensions>
                            <sog>5.2</sog>
<cog>19.0</cog>
                        </extensions>
                    </trkpt>
                    <trkpt lat="54.327848333333336" lon="10.151001666666668">
                        <ele>0</ele>
                        <time>2022-08-18T06:18:52Z</time>
                                                <extensions>
                            <sog>5.0</sog>
<cog>15.9</cog>
                        </extensions>
                    </trkpt>
                    <trkpt lat="54.328026666666666" lon="10.151056666666667">
                        <ele>0</ele>
                        <time>2022-08-18T06:19:02Z</time>
                                                <extensions>
                            <sog>3.8</sog>
<cog>10.0</cog>
                        </extensions>
                    </trkpt>
                    <trkpt lat="54.32816666666667" lon="10.151065">
                        <ele>0</ele>
                        <time>2022-08-18T06:19:13Z</time>
                                                <extensions>
                            <sog>2.7</sog>
<cog>2.4</cog>
                        </extensions>
                    </trkpt>
                    <trkpt lat="54.328268333333334" lon="10.151021666666667">
                        <ele>0</ele>
                        <time>2022-08-18T06:19:23Z</time>
                                                <extensions>
                            <sog>2.6</sog>
<cog>346.7</cog>
                        </extensions>
                    </trkpt>
                    <trkpt lat="54.32838666666667" lon="10.150908333333332">
                        <ele>0</ele>
                        <time>2022-08-18T06:19:32Z</time>
                                                <extensions>
                            <sog>3.0</sog>
<cog>331.9</cog>
                        </extensions>
                    </trkpt>
                    <trkpt lat="54.32852166666667" lon="10.150768333333334">
                        <ele>0</ele>
                        <time>2022-08-18T06:19:42Z</time>
                                                <extensions>
                            <sog>3.4</sog>
<cog>328.9</cog>
                        </extensions>
                    </trkpt>
                    <trkpt lat="54.32866666666666" lon="10.150601666666667">
                        <ele>0</ele>
                        <time>2022-08-18T06:19:52Z</time>
                                                <extensions>
                            <sog>3.7</sog>
<cog>325.9</cog>
                        </extensions>
                    </trkpt>
                    <trkpt lat="54.32881666666666" lon="10.150396666666667">
                        <ele>0</ele>
                        <time>2022-08-18T06:20:03Z</time>
                                                <extensions>
                            <sog>3.6</sog>
<cog>324.4</cog>
                        </extensions>
                    </trkpt>
                    <trkpt lat="54.328935" lon="10.150229999999999">
                        <ele>0</ele>
                        <time>2022-08-18T06:20:13Z</time>
                                                <extensions>
                            <sog>3.3</sog>
<cog>322.5</cog>
                        </extensions>
                    </trkpt>
                    <trkpt lat="54.329029999999996" lon="10.150078333333333">
                        <ele>0</ele>
                        <time>2022-08-18T06:20:22Z</time>
                                                <extensions>
                            <sog>3.0</sog>
<cog>319.2</cog>
                        </extensions>
                    </trkpt>
                    <trkpt lat="54.32910666666667" lon="10.149891666666667">
                        <ele>0</ele>
                        <time>2022-08-18T06:20:33Z</time>
                                                <extensions>
                            <sog>2.7</sog>
<cog>316.6</cog>
                        </extensions>
                    </trkpt>
                    <trkpt lat="54.329185" lon="10.149756666666667">
                        <ele>0</ele>
                        <time>2022-08-18T06:20:42Z</time>
                                                <extensions>
                            <sog>2.4</sog>
<cog>315.8</cog>
                        </extensions>
                    </trkpt>
                    <trkpt lat="54.329185" lon="10.149756666666667">
                        <ele>0</ele>
                        <time>2022-08-18T06:20:42Z</time>
                                                <extensions>
                            <sog>2.4</sog>
<cog>315.8</cog>
                        </extensions>
                    </trkpt>
                    <trkpt lat="54.32926" lon="10.149656666666667">
                        <ele>0</ele>
                        <time>2022-08-18T06:20:53Z</time>
                                                <extensions>
                            <sog>2.2</sog>
<cog>313.1</cog>
                        </extensions>
                    </trkpt>
                    <trkpt lat="54.32933333333334" lon="10.149560000000001">
                        <ele>0</ele>
                        <time>2022-08-18T06:21:03Z</time>
                                                <extensions>
                            <sog>1.8</sog>
<cog>309.3</cog>
                        </extensions>
                    </trkpt>
                    <trkpt lat="54.32937833333334" lon="10.149495">
                        <ele>0</ele>
                        <time>2022-08-18T06:21:14Z</time>
                                                <extensions>
                            <sog>1.4</sog>
<cog>309.4</cog>
                        </extensions>
                    </trkpt>
                    <trkpt lat="54.32941" lon="10.149426666666667">
                        <ele>0</ele>
                        <time>2022-08-18T06:21:22Z</time>
                                                <extensions>
                            <sog>1.1</sog>
<cog>307.7</cog>
                        </extensions>
                    </trkpt>
                    <trkpt lat="54.32941" lon="10.149426666666667">
                        <ele>0</ele>
                        <time>2022-08-18T06:21:22Z</time>
                                                <extensions>
                            <sog>1.1</sog>
<cog>307.7</cog>
                        </extensions>
                    </trkpt>
                    <trkpt lat="54.32943833333333" lon="10.149368333333333">
                        <ele>0</ele>
                        <time>2022-08-18T06:21:33Z</time>
                                                <extensions>
                            <sog>0.7</sog>
<cog>309.8</cog>
                        </extensions>
                    </trkpt>
                    <trkpt lat="54.329460000000005" lon="10.14935">
                        <ele>0</ele>
                        <time>2022-08-18T06:21:43Z</time>
                                                <extensions>
                            <sog>0.4</sog>
<cog>305.6</cog>
                        </extensions>
                    </trkpt>
                    <trkpt lat="54.32947333333333" lon="10.149358333333334">
                        <ele>0</ele>
                        <time>2022-08-18T06:21:53Z</time>
                                                <extensions>
                            <sog>0.3</sog>
<cog>320.5</cog>
                        </extensions>
                    </trkpt>
                    <trkpt lat="54.329485" lon="10.149370000000001">
                        <ele>0</ele>
                        <time>2022-08-18T06:22:03Z</time>
                                                <extensions>
                            <sog>0.1</sog>
<cog>323.8</cog>
                        </extensions>
                    </trkpt>
                    <trkpt lat="54.329494999999994" lon="10.149371666666667">
                        <ele>0</ele>
                        <time>2022-08-18T06:22:14Z</time>
                                                <extensions>
                            <sog>0.2</sog>
<cog>321.9</cog>
                        </extensions>
                    </trkpt>
                    <trkpt lat="54.3295" lon="10.149365">
                        <ele>0</ele>
                        <time>2022-08-18T06:22:22Z</time>
                                                <extensions>
                            <sog>0.2</sog>
<cog>324.6</cog>
                        </extensions>
                    </trkpt>
                    <trkpt lat="54.32951166666667" lon="10.149343333333332">
                        <ele>0</ele>
                        <time>2022-08-18T06:22:33Z</time>
                                                <extensions>
                            <sog>0.2</sog>
<cog>327.6</cog>
                        </extensions>
                    </trkpt>
                    <trkpt lat="54.32951833333333" lon="10.149321666666667">
                        <ele>0</ele>
                        <time>2022-08-18T06:22:43Z</time>
                                                <extensions>
                            <sog>0.0</sog>
<cog>327.3</cog>
                        </extensions>
                    </trkpt>
                    <trkpt lat="54.32951833333333" lon="10.149316666666666">
                        <ele>0</ele>
                        <time>2022-08-18T06:22:53Z</time>
                                                <extensions>
                            <sog>0.0</sog>
<cog>327.3</cog>
                        </extensions>
                    </trkpt>
                    <trkpt lat="54.329525" lon="10.149323333333333">
                        <ele>0</ele>
                        <time>2022-08-18T06:23:03Z</time>
                                                <extensions>
                            <sog>0.1</sog>
<cog>327.3</cog>
                        </extensions>
                    </trkpt>
                    <trkpt lat="54.32951833333333" lon="10.149298333333332">
                        <ele>0</ele>
                        <time>2022-08-18T06:23:14Z</time>
                                                <extensions>
                            <sog>0.0</sog>
<cog>327.3</cog>
                        </extensions>
                    </trkpt>
                    <trkpt lat="54.32950666666667" lon="10.1493">
                        <ele>0</ele>
                        <time>2022-08-18T06:23:22Z</time>
                                                <extensions>
                            <sog>0.0</sog>
<cog>327.3</cog>
                        </extensions>
                    </trkpt>
                    <trkpt lat="54.329498333333326" lon="10.149311666666668">
                        <ele>0</ele>
                        <time>2022-08-18T06:23:33Z</time>
                                                <extensions>
                            <sog>0.0</sog>
<cog>327.3</cog>
                        </extensions>
                    </trkpt>
                    <trkpt lat="54.32948666666667" lon="10.149283333333333">
                        <ele>0</ele>
                        <time>2022-08-18T06:23:43Z</time>
                                                <extensions>
                            <sog>0.0</sog>
<cog>327.3</cog>
                        </extensions>
                    </trkpt>
                    <trkpt lat="54.329478333333334" lon="10.149266666666668">
                        <ele>0</ele>
                        <time>2022-08-18T06:23:53Z</time>
                                                <extensions>
                            <sog>0.0</sog>
<cog>327.3</cog>
                        </extensions>
                    </trkpt>
                    <trkpt lat="54.329475" lon="10.149261666666666">
                        <ele>0</ele>
                        <time>2022-08-18T06:24:02Z</time>
                                                <extensions>
                            <sog>0.0</sog>
<cog>327.3</cog>
                        </extensions>
                    </trkpt>
                    <trkpt lat="54.329475" lon="10.149253333333332">
                        <ele>0</ele>
                        <time>2022-08-18T06:24:14Z</time>
                                                <extensions>
                            <sog>0.0</sog>
<cog>327.3</cog>
                        </extensions>
                    </trkpt>
                    <trkpt lat="54.329478333333334" lon="10.149248333333333">
                        <ele>0</ele>
                        <time>2022-08-18T06:24:22Z</time>
                                                <extensions>
                            <sog>0.0</sog>
<cog>327.3</cog>
                        </extensions>
                    </trkpt>
                    <trkpt lat="54.329478333333334" lon="10.149248333333333">
                        <ele>0</ele>
                        <time>2022-08-18T06:24:22Z</time>
                                                <extensions>
                            <sog>0.0</sog>
<cog>327.3</cog>
                        </extensions>
                    </trkpt>
                    <trkpt lat="54.329503333333335" lon="10.149245">
                        <ele>0</ele>
                        <time>2022-08-18T06:26:23Z</time>
                                                <extensions>
                            <sog>0.0</sog>
<cog>327.3</cog>
                        </extensions>
                    </trkpt>
                    <trkpt lat="54.329478333333334" lon="10.149288333333335">
                        <ele>0</ele>
                        <time>2022-08-18T06:29:23Z</time>
                                                <extensions>
                            <sog>0.0</sog>
<cog>327.3</cog>
                        </extensions>
                    </trkpt>
                    <trkpt lat="54.329505000000005" lon="10.149326666666667">
                        <ele>0</ele>
                        <time>2022-08-18T06:32:23Z</time>
                                                <extensions>
                            <sog>0.0</sog>
<cog>327.3</cog>
                        </extensions>
                    </trkpt>
                    <trkpt lat="54.32951333333333" lon="10.149323333333333">
                        <ele>0</ele>
                        <time>2022-08-18T06:35:21Z</time>
                                                <extensions>
                            <sog>0.0</sog>
<cog>327.3</cog>
                        </extensions>
                    </trkpt>
                    <trkpt lat="54.32951333333333" lon="10.149325000000001">
                        <ele>0</ele>
                        <time>2022-08-18T06:38:23Z</time>
                                                <extensions>
                            <sog>0.0</sog>
<cog>327.3</cog>
                        </extensions>
                    </trkpt>
                    <trkpt lat="54.32952833333333" lon="10.149313333333334">
                        <ele>0</ele>
                        <time>2022-08-18T06:41:27Z</time>
                                                <extensions>
                            <sog>0.0</sog>
<cog>327.3</cog>
                        </extensions>
                    </trkpt>
                    <trkpt lat="54.329505000000005" lon="10.149341666666666">
                        <ele>0</ele>
                        <time>2022-08-18T06:44:24Z</time>
                                                <extensions>
                            <sog>0.0</sog>
<cog>327.3</cog>
                        </extensions>
                    </trkpt>
                    <trkpt lat="54.329505000000005" lon="10.149341666666666">
                        <ele>0</ele>
                        <time>2022-08-18T06:44:24Z</time>
                                                <extensions>
                            <sog>0.0</sog>
<cog>327.3</cog>
                        </extensions>
                    </trkpt>
                    <trkpt lat="54.329515" lon="10.14941">
                        <ele>0</ele>
                        <time>2022-08-18T06:47:27Z</time>
                                                <extensions>
                            <sog>0.0</sog>
<cog>327.3</cog>
                        </extensions>
                    </trkpt>
                    <trkpt lat="54.329478333333334" lon="10.149318333333333">
                        <ele>0</ele>
                        <time>2022-08-18T06:50:25Z</time>
                                                <extensions>
                            <sog>0.0</sog>
<cog>327.3</cog>
                        </extensions>
                    </trkpt>
                    <trkpt lat="54.329478333333334" lon="10.149318333333333">
                        <ele>0</ele>
                        <time>2022-08-18T06:50:25Z</time>
                                                <extensions>
                            <sog>0.0</sog>
<cog>327.3</cog>
                        </extensions>
                    </trkpt>
                    <trkpt lat="54.32949333333333" lon="10.149318333333333">
                        <ele>0</ele>
                        <time>2022-08-18T06:53:25Z</time>
                                                <extensions>
                            <sog>0.0</sog>
<cog>327.3</cog>
                        </extensions>
                    </trkpt>
                    <trkpt lat="54.329505000000005" lon="10.149336666666667">
                        <ele>0</ele>
                        <time>2022-08-18T06:56:26Z</time>
                                                <extensions>
                            <sog>0.0</sog>
<cog>327.3</cog>
                        </extensions>
                    </trkpt>
                    <trkpt lat="54.329539999999994" lon="10.14925">
                        <ele>0</ele>
                        <time>2022-08-18T06:59:26Z</time>
                                                <extensions>
                            <sog>0.0</sog>
<cog>327.3</cog>
                        </extensions>
                    </trkpt>
                    <trkpt lat="54.32949" lon="10.149343333333332">
                        <ele>0</ele>
                        <time>2022-08-18T07:02:26Z</time>
                                                <extensions>
                            <sog>0.0</sog>
<cog>327.3</cog>
                        </extensions>
                    </trkpt>
                    <trkpt lat="54.329503333333335" lon="10.149325000000001">
                        <ele>0</ele>
                        <time>2022-08-18T07:05:19Z</time>
                                                <extensions>
                            <sog>0.0</sog>
<cog>327.3</cog>
                        </extensions>
                    </trkpt>
                    <trkpt lat="54.329505000000005" lon="10.149321666666667">
                        <ele>0</ele>
                        <time>2022-08-18T07:05:29Z</time>
                                                <extensions>
                            <sog>0.0</sog>
<cog>327.3</cog>
                        </extensions>
                    </trkpt>
                    <trkpt lat="54.32950666666667" lon="10.149315">
                        <ele>0</ele>
                        <time>2022-08-18T07:05:39Z</time>
                                                <extensions>
                            <sog>0.0</sog>
<cog>327.3</cog>
                        </extensions>
                    </trkpt>
                    <trkpt lat="54.32949333333333" lon="10.149329999999999">
                        <ele>0</ele>
                        <time>2022-08-18T07:05:50Z</time>
                                                <extensions>
                            <sog>0.0</sog>
<cog>327.3</cog>
                        </extensions>
                    </trkpt>
                    <trkpt lat="54.3295" lon="10.149329999999999">
                        <ele>0</ele>
                        <time>2022-08-18T07:06:00Z</time>
                                                <extensions>
                            <sog>0.0</sog>
<cog>327.3</cog>
                        </extensions>
                    </trkpt>
                    <trkpt lat="54.329494999999994" lon="10.149333333333335">
                        <ele>0</ele>
                        <time>2022-08-18T07:06:10Z</time>
                                                <extensions>
                            <sog>0.0</sog>
<cog>327.3</cog>
                        </extensions>
                    </trkpt>
                    <trkpt lat="54.329503333333335" lon="10.149326666666667">
                        <ele>0</ele>
                        <time>2022-08-18T07:06:19Z</time>
                                                <extensions>
                            <sog>0.0</sog>
<cog>327.3</cog>
                        </extensions>
                    </trkpt>
                    <trkpt lat="54.329503333333335" lon="10.149316666666666">
                        <ele>0</ele>
                        <time>2022-08-18T07:06:29Z</time>
                                                <extensions>
                            <sog>0.0</sog>
<cog>327.3</cog>
                        </extensions>
                    </trkpt>
                    <trkpt lat="54.329503333333335" lon="10.149301666666666">
                        <ele>0</ele>
                        <time>2022-08-18T07:06:39Z</time>
                                                <extensions>
                            <sog>0.0</sog>
<cog>327.3</cog>
                        </extensions>
                    </trkpt>
                    <trkpt lat="54.329503333333335" lon="10.149288333333335">
                        <ele>0</ele>
                        <time>2022-08-18T07:06:50Z</time>
                                                <extensions>
                            <sog>0.0</sog>
<cog>327.3</cog>
                        </extensions>
                    </trkpt>
                    <trkpt lat="54.32951166666667" lon="10.149303333333334">
                        <ele>0</ele>
                        <time>2022-08-18T07:06:59Z</time>
                                                <extensions>
                            <sog>0.0</sog>
<cog>327.3</cog>
                        </extensions>
                    </trkpt>
                    <trkpt lat="54.32952" lon="10.1493">
                        <ele>0</ele>
                        <time>2022-08-18T07:07:10Z</time>
                                                <extensions>
                            <sog>0.0</sog>
<cog>327.3</cog>
                        </extensions>
                    </trkpt>
                    <trkpt lat="54.32952" lon="10.1493">
                        <ele>0</ele>
                        <time>2022-08-18T07:07:10Z</time>
                                                <extensions>
                            <sog>0.0</sog>
<cog>327.3</cog>
                        </extensions>
                    </trkpt>
                    <trkpt lat="54.329521666666665" lon="10.149291666666667">
                        <ele>0</ele>
                        <time>2022-08-18T07:07:19Z</time>
                                                <extensions>
                            <sog>0.0</sog>
<cog>327.3</cog>
                        </extensions>
                    </trkpt>
                    <trkpt lat="54.32951166666667" lon="10.149278333333333">
                        <ele>0</ele>
                        <time>2022-08-18T07:07:29Z</time>
                                                <extensions>
                            <sog>0.0</sog>
<cog>327.3</cog>
                        </extensions>
                    </trkpt>
                    <trkpt lat="54.32951166666667" lon="10.149278333333333">
                        <ele>0</ele>
                        <time>2022-08-18T07:07:29Z</time>
                                                <extensions>
                            <sog>0.0</sog>
<cog>327.3</cog>
                        </extensions>
                    </trkpt>
                    <trkpt lat="54.32950666666667" lon="10.14927">
                        <ele>0</ele>
                        <time>2022-08-18T07:07:39Z</time>
                                                <extensions>
                            <sog>0.0</sog>
<cog>327.3</cog>
                        </extensions>
                    </trkpt>
                    <trkpt lat="54.3295" lon="10.149286666666665">
                        <ele>0</ele>
                        <time>2022-08-18T07:07:50Z</time>
                                                <extensions>
                            <sog>0.0</sog>
<cog>327.3</cog>
                        </extensions>
                    </trkpt>
                    <trkpt lat="54.329496666666664" lon="10.149275">
                        <ele>0</ele>
                        <time>2022-08-18T07:07:59Z</time>
                                                <extensions>
                            <sog>0.0</sog>
<cog>327.3</cog>
                        </extensions>
                    </trkpt>
                    <trkpt lat="54.32949166666666" lon="10.149275">
                        <ele>0</ele>
                        <time>2022-08-18T07:08:10Z</time>
                                                <extensions>
                            <sog>0.0</sog>
<cog>327.3</cog>
                        </extensions>
                    </trkpt>
                    <trkpt lat="54.329496666666664" lon="10.149278333333333">
                        <ele>0</ele>
                        <time>2022-08-18T07:08:19Z</time>
                                                <extensions>
                            <sog>0.0</sog>
<cog>327.3</cog>
                        </extensions>
                    </trkpt>
                    <trkpt lat="54.329505000000005" lon="10.149280000000001">
                        <ele>0</ele>
                        <time>2022-08-18T07:08:29Z</time>
                                                <extensions>
                            <sog>0.0</sog>
<cog>327.3</cog>
                        </extensions>
                    </trkpt>
                    <trkpt lat="54.329505000000005" lon="10.149280000000001">
                        <ele>0</ele>
                        <time>2022-08-18T07:08:29Z</time>
                                                <extensions>
                            <sog>0.0</sog>
<cog>327.3</cog>
                        </extensions>
                    </trkpt>
                    <trkpt lat="54.32951166666667" lon="10.149273333333333">
                        <ele>0</ele>
                        <time>2022-08-18T07:08:39Z</time>
                                                <extensions>
                            <sog>0.0</sog>
<cog>327.3</cog>
                        </extensions>
                    </trkpt>
                    <trkpt lat="54.32950833333334" lon="10.149253333333332">
                        <ele>0</ele>
                        <time>2022-08-18T07:08:50Z</time>
                                                <extensions>
                            <sog>0.0</sog>
<cog>327.3</cog>
                        </extensions>
                    </trkpt>
                    <trkpt lat="54.329503333333335" lon="10.149273333333333">
                        <ele>0</ele>
                        <time>2022-08-18T07:08:59Z</time>
                                                <extensions>
                            <sog>0.1</sog>
<cog>327.3</cog>
                        </extensions>
                    </trkpt>
                    <trkpt lat="54.329494999999994" lon="10.149313333333334">
                        <ele>0</ele>
                        <time>2022-08-18T07:09:10Z</time>
                                                <extensions>
                            <sog>0.2</sog>
<cog>124.9</cog>
                        </extensions>
                    </trkpt>
                    <trkpt lat="54.32949166666666" lon="10.14934">
                        <ele>0</ele>
                        <time>2022-08-18T07:09:19Z</time>
                                                <extensions>
                            <sog>0.2</sog>
<cog>126.3</cog>
                        </extensions>
                    </trkpt>
                    <trkpt lat="54.329485" lon="10.149351666666666">
                        <ele>0</ele>
                        <time>2022-08-18T07:09:29Z</time>
                                                <extensions>
                            <sog>0.1</sog>
<cog>127.5</cog>
                        </extensions>
                    </trkpt>
                    <trkpt lat="54.329476666666665" lon="10.149348333333334">
                        <ele>0</ele>
                        <time>2022-08-18T07:09:39Z</time>
                                                <extensions>
                            <sog>0.2</sog>
<cog>217.6</cog>
                        </extensions>
                    </trkpt>
                    <trkpt lat="54.32946166666667" lon="10.149370000000001">
                        <ele>0</ele>
                        <time>2022-08-18T07:09:50Z</time>
                                                <extensions>
                            <sog>0.3</sog>
<cog>157.2</cog>
                        </extensions>
                    </trkpt>
                    <trkpt lat="54.329433333333334" lon="10.149391666666666">
                        <ele>0</ele>
                        <time>2022-08-18T07:09:59Z</time>
                                                <extensions>
                            <sog>0.4</sog>
<cog>138.9</cog>
                        </extensions>
                    </trkpt>
                    <trkpt lat="54.329406666666664" lon="10.149393333333334">
                        <ele>0</ele>
                        <time>2022-08-18T07:10:10Z</time>
                                                <extensions>
                            <sog>0.3</sog>
<cog>156.2</cog>
                        </extensions>
                    </trkpt>
                    <trkpt lat="54.329393333333336" lon="10.149425">
                        <ele>0</ele>
                        <time>2022-08-18T07:10:19Z</time>
                                                <extensions>
                            <sog>0.4</sog>
<cog>137.9</cog>
                        </extensions>
                    </trkpt>
                    <trkpt lat="54.329370000000004" lon="10.149493333333334">
                        <ele>0</ele>
                        <time>2022-08-18T07:10:29Z</time>
                                                <extensions>
                            <sog>0.7</sog>
<cog>126.4</cog>
                        </extensions>
                    </trkpt>
                    <trkpt lat="54.329370000000004" lon="10.149493333333334">
                        <ele>0</ele>
                        <time>2022-08-18T07:10:29Z</time>
                                                <extensions>
                            <sog>0.7</sog>
<cog>126.4</cog>
                        </extensions>
                    </trkpt>
                    <trkpt lat="54.329343333333334" lon="10.149519999999999">
                        <ele>0</ele>
                        <time>2022-08-18T07:10:39Z</time>
                                                <extensions>
                            <sog>0.7</sog>
<cog>133.6</cog>
                        </extensions>
                    </trkpt>
                    <trkpt lat="54.32931333333333" lon="10.149585">
                        <ele>0</ele>
                        <time>2022-08-18T07:10:50Z</time>
                                                <extensions>
                            <sog>0.9</sog>
<cog>130.9</cog>
                        </extensions>
                    </trkpt>
                    <trkpt lat="54.32927333333334" lon="10.149648333333333">
                        <ele>0</ele>
                        <time>2022-08-18T07:11:01Z</time>
                                                <extensions>
                            <sog>1.1</sog>
<cog>129.1</cog>
                        </extensions>
                    </trkpt>
                    <trkpt lat="54.329245" lon="10.149714999999999">
                        <ele>0</ele>
                        <time>2022-08-18T07:11:10Z</time>
                                                <extensions>
                            <sog>1.4</sog>
<cog>129.1</cog>
                        </extensions>
                    </trkpt>
                    <trkpt lat="54.329209999999996" lon="10.14979">
                        <ele>0</ele>
                        <time>2022-08-18T07:11:19Z</time>
                                                <extensions>
                            <sog>1.5</sog>
<cog>130.3</cog>
                        </extensions>
                    </trkpt>
                    <trkpt lat="54.32915666666667" lon="10.149886666666667">
                        <ele>0</ele>
                        <time>2022-08-18T07:11:29Z</time>
                                                <extensions>
                            <sog>1.6</sog>
<cog>131.6</cog>
                        </extensions>
                    </trkpt>
                    <trkpt lat="54.329103333333336" lon="10.149968333333334">
                        <ele>0</ele>
                        <time>2022-08-18T07:11:39Z</time>
                                                <extensions>
                            <sog>1.4</sog>
<cog>132.7</cog>
                        </extensions>
                    </trkpt>
                    <trkpt lat="54.329065" lon="10.150023333333333">
                        <ele>0</ele>
                        <time>2022-08-18T07:11:50Z</time>
                                                <extensions>
                            <sog>1.0</sog>
<cog>141.0</cog>
                        </extensions>
                    </trkpt>
                    <trkpt lat="54.329058333333336" lon="10.15003">
                        <ele>0</ele>
                        <time>2022-08-18T07:11:52Z</time>
                                                <extensions>
                            <sog>1.0</sog>
<cog>142.5</cog>
                        </extensions>
                    </trkpt>
                    <trkpt lat="54.329056666666666" lon="10.150033333333333">
                        <ele>0</ele>
                        <time>2022-08-18T07:11:53Z</time>
                                                <extensions>
                            <sog>1.0</sog>
<cog>142.5</cog>
                        </extensions>
                    </trkpt>
                    <trkpt lat="54.32904666666666" lon="10.150045">
                        <ele>0</ele>
                        <time>2022-08-18T07:11:57Z</time>
                                                <extensions>
                            <sog>0.8</sog>
<cog>148.2</cog>
                        </extensions>
                    </trkpt>
                    <trkpt lat="54.329044999999994" lon="10.15005">
                        <ele>0</ele>
                        <time>2022-08-18T07:12:01Z</time>
                                                <extensions>
                            <sog>0.7</sog>
<cog>154.9</cog>
                        </extensions>
                    </trkpt>
                    <trkpt lat="54.32904" lon="10.150053333333334">
                        <ele>0</ele>
                        <time>2022-08-18T07:12:03Z</time>
                                                <extensions>
                            <sog>0.6</sog>
<cog>160.4</cog>
                        </extensions>
                    </trkpt>
                    <trkpt lat="54.329033333333335" lon="10.15005">
                        <ele>0</ele>
                        <time>2022-08-18T07:12:07Z</time>
                                                <extensions>
                            <sog>0.4</sog>
<cog>174.8</cog>
                        </extensions>
                    </trkpt>
                    <trkpt lat="54.329029999999996" lon="10.150046666666666">
                        <ele>0</ele>
                        <time>2022-08-18T07:12:10Z</time>
                                                <extensions>
                            <sog>0.3</sog>
<cog>191.3</cog>
                        </extensions>
                    </trkpt>
                    <trkpt lat="54.329026666666664" lon="10.150041666666668">
                        <ele>0</ele>
                        <time>2022-08-18T07:12:13Z</time>
                                                <extensions>
                            <sog>0.3</sog>
<cog>212.5</cog>
                        </extensions>
                    </trkpt>
                    <trkpt lat="54.329025" lon="10.150031666666667">
                        <ele>0</ele>
                        <time>2022-08-18T07:12:17Z</time>
                                                <extensions>
                            <sog>0.3</sog>
<cog>244.2</cog>
                        </extensions>
                    </trkpt>
                    <trkpt lat="54.329025" lon="10.150025">
                        <ele>0</ele>
                        <time>2022-08-18T07:12:19Z</time>
                                                <extensions>
                            <sog>0.4</sog>
<cog>257.0</cog>
                        </extensions>
                    </trkpt>
                    <trkpt lat="54.32902833333333" lon="10.150005">
                        <ele>0</ele>
                        <time>2022-08-18T07:12:24Z</time>
                                                <extensions>
                            <sog>0.5</sog>
<cog>275.7</cog>
                        </extensions>
                    </trkpt>
                    <trkpt lat="54.329031666666666" lon="10.149998333333334">
                        <ele>0</ele>
                        <time>2022-08-18T07:12:26Z</time>
                                                <extensions>
                            <sog>0.5</sog>
<cog>289.0</cog>
                        </extensions>
                    </trkpt>
                    <trkpt lat="54.32903833333333" lon="10.149986666666667">
                        <ele>0</ele>
                        <time>2022-08-18T07:12:29Z</time>
                                                <extensions>
                            <sog>0.6</sog>
<cog>296.3</cog>
                        </extensions>
                    </trkpt>
                    <trkpt lat="54.32905166666667" lon="10.149971666666666">
                        <ele>0</ele>
                        <time>2022-08-18T07:12:33Z</time>
                                                <extensions>
                            <sog>0.7</sog>
<cog>311.5</cog>
                        </extensions>
                    </trkpt>
                    <trkpt lat="54.32906166666667" lon="10.149966666666668">
                        <ele>0</ele>
                        <time>2022-08-18T07:12:36Z</time>
                                                <extensions>
                            <sog>0.7</sog>
<cog>333.9</cog>
                        </extensions>
                    </trkpt>
                    <trkpt lat="54.32907333333333" lon="10.14997">
                        <ele>0</ele>
                        <time>2022-08-18T07:12:39Z</time>
                                                <extensions>
                            <sog>0.8</sog>
<cog>352.9</cog>
                        </extensions>
                    </trkpt>
                    <trkpt lat="54.32908833333333" lon="10.149983333333333">
                        <ele>0</ele>
                        <time>2022-08-18T07:12:43Z</time>
                                                <extensions>
                            <sog>0.9</sog>
<cog>21.4</cog>
                        </extensions>
                    </trkpt>
                    <trkpt lat="54.329098333333334" lon="10.149994999999999">
                        <ele>0</ele>
                        <time>2022-08-18T07:12:46Z</time>
                                                <extensions>
                            <sog>1.1</sog>
<cog>29.6</cog>
                        </extensions>
                    </trkpt>
                    <trkpt lat="54.32912666666667" lon="10.150045">
                        <ele>0</ele>
                        <time>2022-08-18T07:12:50Z</time>
                                                <extensions>
                            <sog>1.4</sog>
<cog>42.6</cog>
                        </extensions>
                    </trkpt>
                    <trkpt lat="54.32914666666667" lon="10.150083333333333">
                        <ele>0</ele>
                        <time>2022-08-18T07:12:53Z</time>
                                                <extensions>
                            <sog>1.7</sog>
<cog>45.7</cog>
                        </extensions>
                    </trkpt>
                    <trkpt lat="54.32918166666666" lon="10.150146666666666">
                        <ele>0</ele>
                        <time>2022-08-18T07:12:57Z</time>
                                                <extensions>
                            <sog>2.1</sog>
<cog>49.0</cog>
                        </extensions>
                    </trkpt>
                    <trkpt lat="54.32922166666666" lon="10.150218333333333">
                        <ele>0</ele>
                        <time>2022-08-18T07:13:01Z</time>
                                                <extensions>
                            <sog>2.6</sog>
<cog>48.0</cog>
                        </extensions>
                    </trkpt>
                    <trkpt lat="54.329233333333335" lon="10.150238333333334">
                        <ele>0</ele>
                        <time>2022-08-18T07:13:02Z</time>
                                                <extensions>
                            <sog>2.9</sog>
<cog>48.5</cog>
                        </extensions>
                    </trkpt>
                    <trkpt lat="54.329295" lon="10.150348333333334">
                        <ele>0</ele>
                        <time>2022-08-18T07:13:07Z</time>
                                                <extensions>
                            <sog>3.4</sog>
<cog>48.0</cog>
                        </extensions>
                    </trkpt>
                    <trkpt lat="54.32933166666667" lon="10.150425">
                        <ele>0</ele>
                        <time>2022-08-18T07:13:10Z</time>
                                                <extensions>
                            <sog>3.6</sog>
<cog>48.1</cog>
                        </extensions>
                    </trkpt>
                    <trkpt lat="54.329458333333335" lon="10.150671666666666">
                        <ele>0</ele>
                        <time>2022-08-18T07:13:19Z</time>
                                                <extensions>
                            <sog>4.5</sog>
<cog>50.0</cog>
                        </extensions>
                    </trkpt>
                    <trkpt lat="54.32960166666667" lon="10.150998333333332">
                        <ele>0</ele>
                        <time>2022-08-18T07:13:29Z</time>
                                                <extensions>
                            <sog>5.0</sog>
<cog>53.6</cog>
                        </extensions>
                    </trkpt>
                    <trkpt lat="54.329745" lon="10.15138">
                        <ele>0</ele>
                        <time>2022-08-18T07:13:39Z</time>
                                                <extensions>
                            <sog>5.5</sog>
<cog>55.9</cog>
                        </extensions>
                    </trkpt>
                    <trkpt lat="54.329910000000005" lon="10.151819999999999">
                        <ele>0</ele>
                        <time>2022-08-18T07:13:50Z</time>
                                                <extensions>
                            <sog>5.8</sog>
<cog>55.9</cog>
                        </extensions>
                    </trkpt>
                    <trkpt lat="54.330056666666664" lon="10.152246666666667">
                        <ele>0</ele>
                        <time>2022-08-18T07:14:01Z</time>
                                                <extensions>
                            <sog>6.0</sog>
<cog>59.2</cog>
                        </extensions>
                    </trkpt>
                    <trkpt lat="54.330196666666666" lon="10.152683333333332">
                        <ele>0</ele>
                        <time>2022-08-18T07:14:10Z</time>
                                                <extensions>
                            <sog>6.1</sog>
<cog>60.4</cog>
                        </extensions>
                    </trkpt>
                    <trkpt lat="54.330325" lon="10.153075">
                        <ele>0</ele>
                        <time>2022-08-18T07:14:19Z</time>
                                                <extensions>
                            <sog>6.2</sog>
<cog>61.2</cog>
                        </extensions>
                    </trkpt>
                    <trkpt lat="54.33046" lon="10.153521666666668">
                        <ele>0</ele>
                        <time>2022-08-18T07:14:29Z</time>
                                                <extensions>
                            <sog>6.3</sog>
<cog>63.4</cog>
                        </extensions>
                    </trkpt>
                    <trkpt lat="54.330596666666665" lon="10.153966666666667">
                        <ele>0</ele>
                        <time>2022-08-18T07:14:39Z</time>
                                                <extensions>
                            <sog>6.4</sog>
<cog>62.3</cog>
                        </extensions>
                    </trkpt>
                    <trkpt lat="54.33074333333333" lon="10.154471666666666">
                        <ele>0</ele>
                        <time>2022-08-18T07:14:50Z</time>
                                                <extensions>
                            <sog>6.4</sog>
<cog>63.6</cog>
                        </extensions>
                    </trkpt>
                    <trkpt lat="54.33085666666667" lon="10.154950000000001">
                        <ele>0</ele>
                        <time>2022-08-18T07:15:00Z</time>
                                                <extensions>
                            <sog>6.4</sog>
<cog>67.6</cog>
                        </extensions>
                    </trkpt>
                    <trkpt lat="54.33096666666667" lon="10.155423333333333">
                        <ele>0</ele>
                        <time>2022-08-18T07:15:10Z</time>
                                                <extensions>
                            <sog>6.5</sog>
<cog>67.9</cog>
                        </extensions>
                    </trkpt>
                    <trkpt lat="54.331064999999995" lon="10.155853333333333">
                        <ele>0</ele>
                        <time>2022-08-18T07:15:19Z</time>
                                                <extensions>
                            <sog>6.4</sog>
<cog>66.1</cog>
                        </extensions>
                    </trkpt>
                    <trkpt lat="54.331178333333334" lon="10.156328333333333">
                        <ele>0</ele>
                        <time>2022-08-18T07:15:29Z</time>
                                                <extensions>
                            <sog>6.4</sog>
<cog>66.7</cog>
                        </extensions>
                    </trkpt>
                    <trkpt lat="54.33128833333333" lon="10.156805">
                        <ele>0</ele>
                        <time>2022-08-18T07:15:39Z</time>
                                                <extensions>
                            <sog>6.4</sog>
<cog>68.0</cog>
                        </extensions>
                    </trkpt>
                    <trkpt lat="54.33141333333333" lon="10.157323333333332">
                        <ele>0</ele>
                        <time>2022-08-18T07:15:50Z</time>
                                                <extensions>
                            <sog>6.4</sog>
<cog>67.7</cog>
                        </extensions>
                    </trkpt>
                    <trkpt lat="54.33150833333333" lon="10.157751666666666">
                        <ele>0</ele>
                        <time>2022-08-18T07:16:00Z</time>
                                                <extensions>
                            <sog>6.4</sog>
<cog>69.3</cog>
                        </extensions>
                    </trkpt>
                    <trkpt lat="54.331604999999996" lon="10.15829">
                        <ele>0</ele>
                        <time>2022-08-18T07:16:10Z</time>
                                                <extensions>
                            <sog>6.4</sog>
<cog>71.8</cog>
                        </extensions>
                    </trkpt>
                    <trkpt lat="54.33168833333333" lon="10.158726666666666">
                        <ele>0</ele>
                        <time>2022-08-18T07:16:19Z</time>
                                                <extensions>
                            <sog>6.4</sog>
<cog>71.9</cog>
                        </extensions>
                    </trkpt>
                    <trkpt lat="54.33177" lon="10.159225">
                        <ele>0</ele>
                        <time>2022-08-18T07:16:29Z</time>
                                                <extensions>
                            <sog>6.4</sog>
<cog>74.4</cog>
                        </extensions>
                    </trkpt>
                    <trkpt lat="54.331845" lon="10.159723333333334">
                        <ele>0</ele>
                        <time>2022-08-18T07:16:39Z</time>
                                                <extensions>
                            <sog>6.4</sog>
<cog>75.0</cog>
                        </extensions>
                    </trkpt>
                    <trkpt lat="54.33193333333334" lon="10.160266666666667">
                        <ele>0</ele>
                        <time>2022-08-18T07:16:50Z</time>
                                                <extensions>
                            <sog>6.4</sog>
<cog>74.0</cog>
                        </extensions>
                    </trkpt>
                    <trkpt lat="54.33201" lon="10.16076">
                        <ele>0</ele>
                        <time>2022-08-18T07:17:00Z</time>
                                                <extensions>
                            <sog>6.4</sog>
<cog>75.3</cog>
                        </extensions>
                    </trkpt>
                    <trkpt lat="54.33208166666667" lon="10.161198333333335">
                        <ele>0</ele>
                        <time>2022-08-18T07:17:09Z</time>
                                                <extensions>
                            <sog>6.4</sog>
<cog>74.4</cog>
                        </extensions>
                    </trkpt>
                    <trkpt lat="54.332165" lon="10.161686666666666">
                        <ele>0</ele>
                        <time>2022-08-18T07:17:19Z</time>
                                                <extensions>
                            <sog>6.4</sog>
<cog>73.7</cog>
                        </extensions>
                    </trkpt>
                    <trkpt lat="54.33223666666667" lon="10.162176666666666">
                        <ele>0</ele>
                        <time>2022-08-18T07:17:29Z</time>
                                                <extensions>
                            <sog>6.4</sog>
<cog>75.9</cog>
                        </extensions>
                    </trkpt>
                    <trkpt lat="54.33229333333334" lon="10.162675">
                        <ele>0</ele>
                        <time>2022-08-18T07:17:39Z</time>
                                                <extensions>
                            <sog>6.4</sog>
<cog>78.6</cog>
                        </extensions>
                    </trkpt>
                    <trkpt lat="54.332366666666665" lon="10.163219999999999">
                        <ele>0</ele>
                        <time>2022-08-18T07:17:50Z</time>
                                                <extensions>
                            <sog>6.4</sog>
<cog>76.9</cog>
                        </extensions>
                    </trkpt>
                    <trkpt lat="54.33242" lon="10.163720000000001">
                        <ele>0</ele>
                        <time>2022-08-18T07:18:00Z</time>
                                                <extensions>
                            <sog>6.4</sog>
<cog>79.8</cog>
                        </extensions>
                    </trkpt>
                    <trkpt lat="54.332454999999996" lon="10.164171666666666">
                        <ele>0</ele>
                        <time>2022-08-18T07:18:09Z</time>
                                                <extensions>
                            <sog>6.4</sog>
<cog>81.6</cog>
                        </extensions>
                    </trkpt>
                    <trkpt lat="54.33249166666667" lon="10.164671666666667">
                        <ele>0</ele>
                        <time>2022-08-18T07:18:19Z</time>
                                                <extensions>
                            <sog>6.3</sog>
<cog>82.2</cog>
                        </extensions>
                    </trkpt>
                    <trkpt lat="54.332505" lon="10.16518">
                        <ele>0</ele>
                        <time>2022-08-18T07:18:29Z</time>
                                                <extensions>
                            <sog>6.4</sog>
<cog>86.6</cog>
                        </extensions>
                    </trkpt>
                    <trkpt lat="54.332505" lon="10.165686666666666">
                        <ele>0</ele>
                        <time>2022-08-18T07:18:39Z</time>
                                                <extensions>
                            <sog>6.4</sog>
<cog>89.0</cog>
                        </extensions>
                    </trkpt>
                    <trkpt lat="54.332501666666666" lon="10.16594">
                        <ele>0</ele>
                        <time>2022-08-18T07:18:44Z</time>
                                                <extensions>
                            <sog>6.4</sog>
<cog>90.0</cog>
                        </extensions>
                    </trkpt>
                    <trkpt lat="54.332501666666666" lon="10.16594">
                        <ele>0</ele>
                        <time>2022-08-18T07:18:44Z</time>
                                                <extensions>
                            <sog>6.4</sog>
<cog>90.0</cog>
                        </extensions>
                    </trkpt>
                    <trkpt lat="54.332498333333334" lon="10.166091666666667">
                        <ele>0</ele>
                        <time>2022-08-18T07:18:47Z</time>
                                                <extensions>
                            <sog>6.4</sog>
<cog>90.9</cog>
                        </extensions>
                    </trkpt>
                    <trkpt lat="54.33249166666667" lon="10.166293333333334">
                        <ele>0</ele>
                        <time>2022-08-18T07:18:51Z</time>
                                                <extensions>
                            <sog>6.4</sog>
<cog>92.0</cog>
                        </extensions>
                    </trkpt>
                    <trkpt lat="54.33248833333334" lon="10.166343333333334">
                        <ele>0</ele>
                        <time>2022-08-18T07:18:52Z</time>
                                                <extensions>
                            <sog>6.4</sog>
<cog>93.1</cog>
                        </extensions>
                    </trkpt>
                    <trkpt lat="54.33246666666666" lon="10.166593333333333">
                        <ele>0</ele>
                        <time>2022-08-18T07:18:56Z</time>
                                                <extensions>
                            <sog>6.3</sog>
<cog>95.8</cog>
                        </extensions>
                    </trkpt>
                    <trkpt lat="54.332456666666666" lon="10.166691666666667">
                        <ele>0</ele>
                        <time>2022-08-18T07:19:00Z</time>
                                                <extensions>
                            <sog>6.3</sog>
<cog>97.7</cog>
                        </extensions>
                    </trkpt>
                    <trkpt lat="54.33243166666667" lon="10.166878333333333">
                        <ele>0</ele>
                        <time>2022-08-18T07:19:03Z</time>
                                                <extensions>
                            <sog>6.3</sog>
<cog>99.3</cog>
                        </extensions>
                    </trkpt>
                    <trkpt lat="54.33243166666667" lon="10.166878333333333">
                        <ele>0</ele>
                        <time>2022-08-18T07:19:03Z</time>
                                                <extensions>
                            <sog>6.3</sog>
<cog>99.3</cog>
                        </extensions>
                    </trkpt>
                    <trkpt lat="54.33242" lon="10.166971666666665">
                        <ele>0</ele>
                        <time>2022-08-18T07:19:06Z</time>
                                                <extensions>
                            <sog>6.2</sog>
<cog>100.7</cog>
                        </extensions>
                    </trkpt>
                    <trkpt lat="54.332393333333336" lon="10.167159999999999">
                        <ele>0</ele>
                        <time>2022-08-18T07:19:09Z</time>
                                                <extensions>
                            <sog>6.2</sog>
<cog>102.0</cog>
                        </extensions>
                    </trkpt>
                    <trkpt lat="54.33237166666667" lon="10.167306666666667">
                        <ele>0</ele>
                        <time>2022-08-18T07:19:13Z</time>
                                                <extensions>
                            <sog>6.1</sog>
<cog>103.4</cog>
                        </extensions>
                    </trkpt>
                    <trkpt lat="54.332345000000004" lon="10.167503333333334">
                        <ele>0</ele>
                        <time>2022-08-18T07:19:17Z</time>
                                                <extensions>
                            <sog>6.1</sog>
<cog>104.9</cog>
                        </extensions>
                    </trkpt>
                    <trkpt lat="54.332321666666665" lon="10.167648333333334">
                        <ele>0</ele>
                        <time>2022-08-18T07:19:19Z</time>
                                                <extensions>
                            <sog>6.1</sog>
<cog>105.6</cog>
                        </extensions>
                    </trkpt>
                    <trkpt lat="54.332298333333334" lon="10.167788333333334">
                        <ele>0</ele>
                        <time>2022-08-18T07:19:22Z</time>
                                                <extensions>
                            <sog>6.0</sog>
<cog>106.5</cog>
                        </extensions>
                    </trkpt>
                    <trkpt lat="54.33225" lon="10.168115">
                        <ele>0</ele>
                        <time>2022-08-18T07:19:29Z</time>
                                                <extensions>
                            <sog>6.0</sog>
<cog>105.6</cog>
                        </extensions>
                    </trkpt>
                    <trkpt lat="54.332211666666666" lon="10.168344999999999">
                        <ele>0</ele>
                        <time>2022-08-18T07:19:34Z</time>
                                                <extensions>
                            <sog>5.9</sog>
<cog>106.5</cog>
                        </extensions>
                    </trkpt>
                    <trkpt lat="54.33219333333333" lon="10.168433333333333">
                        <ele>0</ele>
                        <time>2022-08-18T07:19:36Z</time>
                                                <extensions>
                            <sog>5.9</sog>
<cog>107.8</cog>
                        </extensions>
                    </trkpt>
                    <trkpt lat="54.33215166666666" lon="10.168605000000001">
                        <ele>0</ele>
                        <time>2022-08-18T07:19:40Z</time>
                                                <extensions>
                            <sog>5.9</sog>
<cog>110.1</cog>
                        </extensions>
                    </trkpt>
                    <trkpt lat="54.33211666666667" lon="10.168731666666668">
                        <ele>0</ele>
                        <time>2022-08-18T07:19:43Z</time>
                                                <extensions>
                            <sog>5.9</sog>
<cog>112.3</cog>
                        </extensions>
                    </trkpt>
                    <trkpt lat="54.33206666666667" lon="10.168895">
                        <ele>0</ele>
                        <time>2022-08-18T07:19:47Z</time>
                                                <extensions>
                            <sog>5.8</sog>
<cog>114.6</cog>
                        </extensions>
                    </trkpt>
                    <trkpt lat="54.33201666666666" lon="10.169056666666668">
                        <ele>0</ele>
                        <time>2022-08-18T07:19:51Z</time>
                                                <extensions>
                            <sog>5.8</sog>
<cog>115.5</cog>
                        </extensions>
                    </trkpt>
                    <trkpt lat="54.33201666666666" lon="10.169056666666668">
                        <ele>0</ele>
                        <time>2022-08-18T07:19:51Z</time>
                                                <extensions>
                            <sog>5.8</sog>
<cog>115.5</cog>
                        </extensions>
                    </trkpt>
                    <trkpt lat="54.33199166666667" lon="10.169136666666667">
                        <ele>0</ele>
                        <time>2022-08-18T07:19:53Z</time>
                                                <extensions>
                            <sog>5.8</sog>
<cog>115.6</cog>
                        </extensions>
                    </trkpt>
                    <trkpt lat="54.331945000000005" lon="10.169296666666666">
                        <ele>0</ele>
                        <time>2022-08-18T07:19:57Z</time>
                                                <extensions>
                            <sog>5.7</sog>
<cog>115.9</cog>
                        </extensions>
                    </trkpt>
                    <trkpt lat="54.33192" lon="10.169376666666667">
                        <ele>0</ele>
                        <time>2022-08-18T07:20:00Z</time>
                                                <extensions>
                            <sog>5.7</sog>
<cog>115.8</cog>
                        </extensions>
                    </trkpt>
                    <trkpt lat="54.33188166666666" lon="10.169493333333332">
                        <ele>0</ele>
                        <time>2022-08-18T07:20:03Z</time>
                                                <extensions>
                            <sog>5.6</sog>
<cog>116.4</cog>
                        </extensions>
                    </trkpt>
                    <trkpt lat="54.331815" lon="10.169683333333333">
                        <ele>0</ele>
                        <time>2022-08-18T07:20:07Z</time>
                                                <extensions>
                            <sog>5.6</sog>
<cog>118.1</cog>
                        </extensions>
                    </trkpt>
                    <trkpt lat="54.331784999999996" lon="10.169755">
                        <ele>0</ele>
                        <time>2022-08-18T07:20:09Z</time>
                                                <extensions>
                            <sog>5.6</sog>
<cog>119.4</cog>
                        </extensions>
                    </trkpt>
                    <trkpt lat="54.331741666666666" lon="10.169861666666666">
                        <ele>0</ele>
                        <time>2022-08-18T07:20:12Z</time>
                                                <extensions>
                            <sog>5.5</sog>
<cog>122.4</cog>
                        </extensions>
                    </trkpt>
                    <trkpt lat="54.331665" lon="10.170033333333333">
                        <ele>0</ele>
                        <time>2022-08-18T07:20:17Z</time>
                                                <extensions>
                            <sog>5.5</sog>
<cog>125.4</cog>
                        </extensions>
                    </trkpt>
                    <trkpt lat="54.331665" lon="10.170033333333333">
                        <ele>0</ele>
                        <time>2022-08-18T07:20:17Z</time>
                                                <extensions>
                            <sog>5.5</sog>
<cog>125.4</cog>
                        </extensions>
                    </trkpt>
                    <trkpt lat="54.331635" lon="10.170103333333333">
                        <ele>0</ele>
                        <time>2022-08-18T07:20:19Z</time>
                                                <extensions>
                            <sog>5.5</sog>
<cog>125.7</cog>
                        </extensions>
                    </trkpt>
                    <trkpt lat="54.33159" lon="10.170208333333333">
                        <ele>0</ele>
                        <time>2022-08-18T07:20:23Z</time>
                                                <extensions>
                            <sog>5.5</sog>
<cog>126.3</cog>
                        </extensions>
                    </trkpt>
                    <trkpt lat="54.33153333333333" lon="10.170348333333333">
                        <ele>0</ele>
                        <time>2022-08-18T07:20:26Z</time>
                                                <extensions>
                            <sog>5.4</sog>
<cog>125.9</cog>
                        </extensions>
                    </trkpt>
                    <trkpt lat="54.33149166666667" lon="10.170455">
                        <ele>0</ele>
                        <time>2022-08-18T07:20:29Z</time>
                                                <extensions>
                            <sog>5.4</sog>
<cog>124.5</cog>
                        </extensions>
                    </trkpt>
                    <trkpt lat="54.33135333333333" lon="10.170855">
                        <ele>0</ele>
                        <time>2022-08-18T07:20:40Z</time>
                                                <extensions>
                            <sog>5.3</sog>
<cog>121.4</cog>
                        </extensions>
                    </trkpt>
                    <trkpt lat="54.331215" lon="10.171248333333333">
                        <ele>0</ele>
                        <time>2022-08-18T07:20:51Z</time>
                                                <extensions>
                            <sog>5.3</sog>
<cog>121.7</cog>
                        </extensions>
                    </trkpt>
                    <trkpt lat="54.331105" lon="10.171525">
                        <ele>0</ele>
                        <time>2022-08-18T07:21:00Z</time>
                                                <extensions>
                            <sog>5.2</sog>
<cog>124.3</cog>
                        </extensions>
                    </trkpt>
                    <trkpt lat="54.330958333333335" lon="10.171858333333335">
                        <ele>0</ele>
                        <time>2022-08-18T07:21:10Z</time>
                                                <extensions>
                            <sog>5.2</sog>
<cog>126.5</cog>
                        </extensions>
                    </trkpt>
                    <trkpt lat="54.33080833333334" lon="10.172186666666667">
                        <ele>0</ele>
                        <time>2022-08-18T07:21:19Z</time>
                                                <extensions>
                            <sog>5.2</sog>
<cog>127.5</cog>
                        </extensions>
                    </trkpt>
                    <trkpt lat="54.330635" lon="10.172585">
                        <ele>0</ele>
                        <time>2022-08-18T07:21:30Z</time>
                                                <extensions>
                            <sog>5.2</sog>
<cog>126.6</cog>
                        </extensions>
                    </trkpt>
                    <trkpt lat="54.330506666666665" lon="10.172885">
                        <ele>0</ele>
                        <time>2022-08-18T07:21:40Z</time>
                                                <extensions>
                            <sog>5.2</sog>
<cog>126.3</cog>
                        </extensions>
                    </trkpt>
                    <trkpt lat="54.330349999999996" lon="10.173251666666665">
                        <ele>0</ele>
                        <time>2022-08-18T07:21:51Z</time>
                                                <extensions>
                            <sog>5.2</sog>
<cog>125.8</cog>
                        </extensions>
                    </trkpt>
                    <trkpt lat="54.330243333333335" lon="10.173525000000001">
                        <ele>0</ele>
                        <time>2022-08-18T07:22:00Z</time>
                                                <extensions>
                            <sog>5.2</sog>
<cog>124.0</cog>
                        </extensions>
                    </trkpt>
                    <trkpt lat="54.330103333333334" lon="10.173863333333333">
                        <ele>0</ele>
                        <time>2022-08-18T07:22:10Z</time>
                                                <extensions>
                            <sog>5.2</sog>
<cog>125.2</cog>
                        </extensions>
                    </trkpt>
                    <trkpt lat="54.329975" lon="10.174209999999999">
                        <ele>0</ele>
                        <time>2022-08-18T07:22:19Z</time>
                                                <extensions>
                            <sog>5.1</sog>
<cog>122.8</cog>
                        </extensions>
                    </trkpt>
                    <trkpt lat="54.32984833333333" lon="10.174601666666666">
                        <ele>0</ele>
                        <time>2022-08-18T07:22:30Z</time>
                                                <extensions>
                            <sog>5.1</sog>
<cog>119.6</cog>
                        </extensions>
                    </trkpt>
                    <trkpt lat="54.32974333333333" lon="10.174964999999998">
                        <ele>0</ele>
                        <time>2022-08-18T07:22:40Z</time>
                                                <extensions>
                            <sog>5.1</sog>
<cog>116.9</cog>
                        </extensions>
                    </trkpt>
                    <trkpt lat="54.329658333333334" lon="10.175301666666666">
                        <ele>0</ele>
                        <time>2022-08-18T07:22:49Z</time>
                                                <extensions>
                            <sog>5.1</sog>
<cog>114.3</cog>
                        </extensions>
                    </trkpt>
                    <trkpt lat="54.329565" lon="10.175675">
                        <ele>0</ele>
                        <time>2022-08-18T07:22:59Z</time>
                                                <extensions>
                            <sog>5.1</sog>
<cog>113.5</cog>
                        </extensions>
                    </trkpt>
                    <trkpt lat="54.329475" lon="10.176091666666668">
                        <ele>0</ele>
                        <time>2022-08-18T07:23:10Z</time>
                                                <extensions>
                            <sog>5.1</sog>
<cog>109.8</cog>
                        </extensions>
                    </trkpt>
                    <trkpt lat="54.329415000000004" lon="10.176441666666667">
                        <ele>0</ele>
                        <time>2022-08-18T07:23:19Z</time>
                                                <extensions>
                            <sog>5.1</sog>
<cog>107.3</cog>
                        </extensions>
                    </trkpt>
                    <trkpt lat="54.32933333333334" lon="10.176908333333333">
                        <ele>0</ele>
                        <time>2022-08-18T07:23:30Z</time>
                                                <extensions>
                            <sog>5.1</sog>
<cog>106.9</cog>
                        </extensions>
                    </trkpt>
                    <trkpt lat="54.329275" lon="10.177259999999999">
                        <ele>0</ele>
                        <time>2022-08-18T07:23:40Z</time>
                                                <extensions>
                            <sog>5.1</sog>
<cog>106.0</cog>
                        </extensions>
                    </trkpt>
                    <trkpt lat="54.32922166666666" lon="10.177613333333333">
                        <ele>0</ele>
                        <time>2022-08-18T07:23:49Z</time>
                                                <extensions>
                            <sog>5.1</sog>
<cog>104.3</cog>
                        </extensions>
                    </trkpt>
                    <trkpt lat="54.329163333333334" lon="10.177999999999999">
                        <ele>0</ele>
                        <time>2022-08-18T07:23:59Z</time>
                                                <extensions>
                            <sog>5.0</sog>
<cog>104.6</cog>
                        </extensions>
                    </trkpt>
                    <trkpt lat="54.32910666666667" lon="10.17836">
                        <ele>0</ele>
                        <time>2022-08-18T07:24:10Z</time>
                                                <extensions>
                            <sog>4.6</sog>
<cog>104.8</cog>
                        </extensions>
                    </trkpt>
                    <trkpt lat="54.32905166666667" lon="10.178696666666667">
                        <ele>0</ele>
                        <time>2022-08-18T07:24:19Z</time>
                                                <extensions>
                            <sog>4.4</sog>
<cog>105.8</cog>
                        </extensions>
                    </trkpt>
                    <trkpt lat="54.32904" lon="10.178758333333333">
                        <ele>0</ele>
                        <time>2022-08-18T07:24:21Z</time>
                                                <extensions>
                            <sog>4.4</sog>
<cog>106.5</cog>
                        </extensions>
                    </trkpt>
                    <trkpt lat="54.32904" lon="10.178758333333333">
                        <ele>0</ele>
                        <time>2022-08-18T07:24:21Z</time>
                                                <extensions>
                            <sog>4.4</sog>
<cog>106.5</cog>
                        </extensions>
                    </trkpt>
                    <trkpt lat="54.32902833333333" lon="10.178816666666668">
                        <ele>0</ele>
                        <time>2022-08-18T07:24:24Z</time>
                                                <extensions>
                            <sog>4.2</sog>
<cog>107.4</cog>
                        </extensions>
                    </trkpt>
                    <trkpt lat="54.32900333333334" lon="10.178930000000001">
                        <ele>0</ele>
                        <time>2022-08-18T07:24:27Z</time>
                                                <extensions>
                            <sog>4.0</sog>
<cog>108.3</cog>
                        </extensions>
                    </trkpt>
                    <trkpt lat="54.32897666666667" lon="10.179036666666667">
                        <ele>0</ele>
                        <time>2022-08-18T07:24:30Z</time>
                                                <extensions>
                            <sog>3.9</sog>
<cog>109.1</cog>
                        </extensions>
                    </trkpt>
                    <trkpt lat="54.32897666666667" lon="10.179036666666667">
                        <ele>0</ele>
                        <time>2022-08-18T07:24:30Z</time>
                                                <extensions>
                            <sog>3.9</sog>
<cog>109.1</cog>
                        </extensions>
                    </trkpt>
                    <trkpt lat="54.32896166666667" lon="10.179088333333334">
                        <ele>0</ele>
                        <time>2022-08-18T07:24:32Z</time>
                                                <extensions>
                            <sog>3.8</sog>
<cog>110.1</cog>
                        </extensions>
                    </trkpt>
                    <trkpt lat="54.328925" lon="10.179186666666668">
                        <ele>0</ele>
                        <time>2022-08-18T07:24:37Z</time>
                                                <extensions>
                            <sog>3.7</sog>
<cog>114.5</cog>
                        </extensions>
                    </trkpt>
                    <trkpt lat="54.328896666666665" lon="10.179258333333333">
                        <ele>0</ele>
                        <time>2022-08-18T07:24:40Z</time>
                                                <extensions>
                            <sog>3.6</sog>
<cog>119.4</cog>
                        </extensions>
                    </trkpt>
                    <trkpt lat="54.32887" lon="10.179331666666666">
                        <ele>0</ele>
                        <time>2022-08-18T07:24:43Z</time>
                                                <extensions>
                            <sog>3.6</sog>
<cog>119.7</cog>
                        </extensions>
                    </trkpt>
                    <trkpt lat="54.32883666666667" lon="10.179428333333334">
                        <ele>0</ele>
                        <time>2022-08-18T07:24:47Z</time>
                                                <extensions>
                            <sog>3.5</sog>
<cog>120.6</cog>
                        </extensions>
                    </trkpt>
                    <trkpt lat="54.32882166666666" lon="10.179476666666666">
                        <ele>0</ele>
                        <time>2022-08-18T07:24:49Z</time>
                                                <extensions>
                            <sog>3.5</sog>
<cog>119.8</cog>
                        </extensions>
                    </trkpt>
                    <trkpt lat="54.32879833333333" lon="10.179548333333335">
                        <ele>0</ele>
                        <time>2022-08-18T07:24:53Z</time>
                                                <extensions>
                            <sog>3.4</sog>
<cog>119.9</cog>
                        </extensions>
                    </trkpt>
                    <trkpt lat="54.32876666666667" lon="10.179641666666667">
                        <ele>0</ele>
                        <time>2022-08-18T07:24:56Z</time>
                                                <extensions>
                            <sog>3.4</sog>
<cog>119.2</cog>
                        </extensions>
                    </trkpt>
                    <trkpt lat="54.328741666666666" lon="10.17971">
                        <ele>0</ele>
                        <time>2022-08-18T07:24:59Z</time>
                                                <extensions>
                            <sog>3.3</sog>
<cog>119.7</cog>
                        </extensions>
                    </trkpt>
                    <trkpt lat="54.32866333333333" lon="10.179966666666667">
                        <ele>0</ele>
                        <time>2022-08-18T07:25:10Z</time>
                                                <extensions>
                            <sog>3.3</sog>
<cog>117.5</cog>
                        </extensions>
                    </trkpt>
                    <trkpt lat="54.32863" lon="10.180083333333332">
                        <ele>0</ele>
                        <time>2022-08-18T07:25:15Z</time>
                                                <extensions>
                            <sog>3.2</sog>
<cog>116.4</cog>
                        </extensions>
                    </trkpt>
                    <trkpt lat="54.32863" lon="10.180083333333332">
                        <ele>0</ele>
                        <time>2022-08-18T07:25:15Z</time>
                                                <extensions>
                            <sog>3.2</sog>
<cog>116.4</cog>
                        </extensions>
                    </trkpt>
                    <trkpt lat="54.32862333333333" lon="10.180106666666667">
                        <ele>0</ele>
                        <time>2022-08-18T07:25:16Z</time>
                                                <extensions>
                            <sog>3.2</sog>
<cog>116.4</cog>
                        </extensions>
                    </trkpt>
                    <trkpt lat="54.328605" lon="10.180178333333334">
                        <ele>0</ele>
                        <time>2022-08-18T07:25:19Z</time>
                                                <extensions>
                            <sog>3.2</sog>
<cog>116.1</cog>
                        </extensions>
                    </trkpt>
                    <trkpt lat="54.32857833333333" lon="10.180298333333333">
                        <ele>0</ele>
                        <time>2022-08-18T07:25:24Z</time>
                                                <extensions>
                            <sog>3.2</sog>
<cog>112.9</cog>
                        </extensions>
                    </trkpt>
                    <trkpt lat="54.32857833333333" lon="10.180298333333333">
                        <ele>0</ele>
                        <time>2022-08-18T07:25:24Z</time>
                                                <extensions>
                            <sog>3.2</sog>
<cog>112.9</cog>
                        </extensions>
                    </trkpt>
                    <trkpt lat="54.32857" lon="10.180346666666667">
                        <ele>0</ele>
                        <time>2022-08-18T07:25:27Z</time>
                                                <extensions>
                            <sog>3.2</sog>
<cog>111.6</cog>
                        </extensions>
                    </trkpt>
                    <trkpt lat="54.32855333333334" lon="10.180446666666667">
                        <ele>0</ele>
                        <time>2022-08-18T07:25:30Z</time>
                                                <extensions>
                            <sog>3.2</sog>
<cog>109.5</cog>
                        </extensions>
                    </trkpt>
                    <trkpt lat="54.32854" lon="10.180523333333333">
                        <ele>0</ele>
                        <time>2022-08-18T07:25:33Z</time>
                                                <extensions>
                            <sog>3.3</sog>
<cog>108.2</cog>
                        </extensions>
                    </trkpt>
                    <trkpt lat="54.328525" lon="10.18063">
                        <ele>0</ele>
                        <time>2022-08-18T07:25:37Z</time>
                                                <extensions>
                            <sog>3.3</sog>
<cog>106.5</cog>
                        </extensions>
                    </trkpt>
                    <trkpt lat="54.328516666666665" lon="10.18071">
                        <ele>0</ele>
                        <time>2022-08-18T07:25:40Z</time>
                                                <extensions>
                            <sog>3.3</sog>
<cog>103.4</cog>
                        </extensions>
                    </trkpt>
                    <trkpt lat="54.32851166666667" lon="10.180761666666665">
                        <ele>0</ele>
                        <time>2022-08-18T07:25:42Z</time>
                                                <extensions>
                            <sog>3.3</sog>
<cog>103.0</cog>
                        </extensions>
                    </trkpt>
                    <trkpt lat="54.328496666666666" lon="10.180856666666667">
                        <ele>0</ele>
                        <time>2022-08-18T07:25:46Z</time>
                                                <extensions>
                            <sog>3.2</sog>
<cog>104.6</cog>
                        </extensions>
                    </trkpt>
                    <trkpt lat="54.32848333333333" lon="10.180915">
                        <ele>0</ele>
                        <time>2022-08-18T07:25:49Z</time>
                                                <extensions>
                            <sog>2.9</sog>
<cog>108.1</cog>
                        </extensions>
                    </trkpt>
                    <trkpt lat="54.32846833333333" lon="10.180981666666666">
                        <ele>0</ele>
                        <time>2022-08-18T07:25:54Z</time>
                                                <extensions>
                            <sog>2.5</sog>
<cog>110.8</cog>
                        </extensions>
                    </trkpt>
                    <trkpt lat="54.32846166666666" lon="10.181008333333333">
                        <ele>0</ele>
                        <time>2022-08-18T07:25:56Z</time>
                                                <extensions>
                            <sog>2.3</sog>
<cog>112.2</cog>
                        </extensions>
                    </trkpt>
                    <trkpt lat="54.32845" lon="10.181051666666667">
                        <ele>0</ele>
                        <time>2022-08-18T07:25:59Z</time>
                                                <extensions>
                            <sog>1.8</sog>
<cog>113.4</cog>
                        </extensions>
                    </trkpt>
                    <trkpt lat="54.32844166666666" lon="10.181083333333333">
                        <ele>0</ele>
                        <time>2022-08-18T07:26:02Z</time>
                                                <extensions>
                            <sog>1.5</sog>
<cog>113.8</cog>
                        </extensions>
                    </trkpt>
                    <trkpt lat="54.328435" lon="10.181108333333333">
                        <ele>0</ele>
                        <time>2022-08-18T07:26:06Z</time>
                                                <extensions>
                            <sog>1.3</sog>
<cog>115.1</cog>
                        </extensions>
                    </trkpt>
                    <trkpt lat="54.328425" lon="10.181144999999999">
                        <ele>0</ele>
                        <time>2022-08-18T07:26:10Z</time>
                                                <extensions>
                            <sog>1.2</sog>
<cog>116.8</cog>
                        </extensions>
                    </trkpt>
                    <trkpt lat="54.32841333333333" lon="10.181180000000001">
                        <ele>0</ele>
                        <time>2022-08-18T07:26:14Z</time>
                                                <extensions>
                            <sog>1.2</sog>
<cog>119.2</cog>
                        </extensions>
                    </trkpt>
                    <trkpt lat="54.328405" lon="10.181205">
                        <ele>0</ele>
                        <time>2022-08-18T07:26:17Z</time>
                                                <extensions>
                            <sog>1.2</sog>
<cog>121.8</cog>
                        </extensions>
                    </trkpt>
                    <trkpt lat="54.328401666666664" lon="10.181216666666668">
                        <ele>0</ele>
                        <time>2022-08-18T07:26:19Z</time>
                                                <extensions>
                            <sog>1.1</sog>
<cog>123.1</cog>
                        </extensions>
                    </trkpt>
                    <trkpt lat="54.3284" lon="10.181235">
                        <ele>0</ele>
                        <time>2022-08-18T07:26:23Z</time>
                                                <extensions>
                            <sog>0.9</sog>
<cog>119.4</cog>
                        </extensions>
                    </trkpt>
                    <trkpt lat="54.32839833333333" lon="10.181243333333333">
                        <ele>0</ele>
                        <time>2022-08-18T07:26:26Z</time>
                                                <extensions>
                            <sog>0.8</sog>
<cog>119.4</cog>
                        </extensions>
                    </trkpt>
                    <trkpt lat="54.32839" lon="10.181261666666668">
                        <ele>0</ele>
                        <time>2022-08-18T07:26:30Z</time>
                                                <extensions>
                            <sog>0.7</sog>
<cog>124.6</cog>
                        </extensions>
                    </trkpt>
                    <trkpt lat="54.32837833333333" lon="10.181273333333333">
                        <ele>0</ele>
                        <time>2022-08-18T07:26:33Z</time>
                                                <extensions>
                            <sog>0.8</sog>
<cog>131.2</cog>
                        </extensions>
                    </trkpt>
                    <trkpt lat="54.328358333333334" lon="10.181285">
                        <ele>0</ele>
                        <time>2022-08-18T07:26:37Z</time>
                                                <extensions>
                            <sog>0.9</sog>
<cog>140.3</cog>
                        </extensions>
                    </trkpt>
                    <trkpt lat="54.32834166666667" lon="10.181293333333334">
                        <ele>0</ele>
                        <time>2022-08-18T07:26:40Z</time>
                                                <extensions>
                            <sog>0.9</sog>
<cog>149.4</cog>
                        </extensions>
                    </trkpt>
                    <trkpt lat="54.32832333333333" lon="10.1813">
                        <ele>0</ele>
                        <time>2022-08-18T07:26:44Z</time>
                                                <extensions>
                            <sog>0.9</sog>
<cog>155.6</cog>
                        </extensions>
                    </trkpt>
                    <trkpt lat="54.328311666666664" lon="10.1813">
                        <ele>0</ele>
                        <time>2022-08-18T07:26:47Z</time>
                                                <extensions>
                            <sog>0.8</sog>
<cog>162.3</cog>
                        </extensions>
                    </trkpt>
                    <trkpt lat="54.328305" lon="10.181301666666666">
                        <ele>0</ele>
                        <time>2022-08-18T07:26:49Z</time>
                                                <extensions>
                            <sog>0.8</sog>
<cog>165.2</cog>
                        </extensions>
                    </trkpt>
                    <trkpt lat="54.328293333333335" lon="10.181301666666666">
                        <ele>0</ele>
                        <time>2022-08-18T07:26:52Z</time>
                                                <extensions>
                            <sog>0.8</sog>
<cog>170.0</cog>
                        </extensions>
                    </trkpt>
                    <trkpt lat="54.32828166666666" lon="10.1813">
                        <ele>0</ele>
                        <time>2022-08-18T07:26:56Z</time>
                                                <extensions>
                            <sog>0.8</sog>
<cog>177.8</cog>
                        </extensions>
                    </trkpt>
                    <trkpt lat="54.32828166666666" lon="10.1813">
                        <ele>0</ele>
                        <time>2022-08-18T07:26:56Z</time>
                                                <extensions>
                            <sog>0.8</sog>
<cog>177.8</cog>
                        </extensions>
                    </trkpt>
                    <trkpt lat="54.328266666666664" lon="10.181295">
                        <ele>0</ele>
                        <time>2022-08-18T07:27:00Z</time>
                                                <extensions>
                            <sog>0.8</sog>
<cog>184.4</cog>
                        </extensions>
                    </trkpt>
                    <trkpt lat="54.32825666666667" lon="10.181288333333333">
                        <ele>0</ele>
                        <time>2022-08-18T07:27:03Z</time>
                                                <extensions>
                            <sog>0.8</sog>
<cog>193.6</cog>
                        </extensions>
                    </trkpt>
                    <trkpt lat="54.328245" lon="10.181276666666667">
                        <ele>0</ele>
                        <time>2022-08-18T07:27:06Z</time>
                                                <extensions>
                            <sog>0.9</sog>
<cog>200.3</cog>
                        </extensions>
                    </trkpt>
                    <trkpt lat="54.328235" lon="10.181266666666666">
                        <ele>0</ele>
                        <time>2022-08-18T07:27:10Z</time>
                                                <extensions>
                            <sog>0.8</sog>
<cog>204.2</cog>
                        </extensions>
                    </trkpt>
                    <trkpt lat="54.32822" lon="10.181256666666666">
                        <ele>0</ele>
                        <time>2022-08-18T07:27:14Z</time>
                                                <extensions>
                            <sog>0.7</sog>
<cog>201.6</cog>
                        </extensions>
                    </trkpt>
                    <trkpt lat="54.32821333333333" lon="10.181253333333332">
                        <ele>0</ele>
                        <time>2022-08-18T07:27:16Z</time>
                                                <extensions>
                            <sog>0.6</sog>
<cog>198.7</cog>
                        </extensions>
                    </trkpt>
                    <trkpt lat="54.328203333333335" lon="10.18125">
                        <ele>0</ele>
                        <time>2022-08-18T07:27:19Z</time>
                                                <extensions>
                            <sog>0.6</sog>
<cog>195.9</cog>
                        </extensions>
                    </trkpt>
                    <trkpt lat="54.32819166666666" lon="10.181241666666667">
                        <ele>0</ele>
                        <time>2022-08-18T07:27:24Z</time>
                                                <extensions>
                            <sog>0.5</sog>
<cog>198.8</cog>
                        </extensions>
                    </trkpt>
                    <trkpt lat="54.328185" lon="10.18123">
                        <ele>0</ele>
                        <time>2022-08-18T07:27:27Z</time>
                                                <extensions>
                            <sog>0.5</sog>
<cog>217.4</cog>
                        </extensions>
                    </trkpt>
                    <trkpt lat="54.328178333333334" lon="10.181216666666668">
                        <ele>0</ele>
                        <time>2022-08-18T07:27:30Z</time>
                                                <extensions>
                            <sog>0.5</sog>
<cog>228.7</cog>
                        </extensions>
                    </trkpt>
                    <trkpt lat="54.32817166666667" lon="10.181203333333334">
                        <ele>0</ele>
                        <time>2022-08-18T07:27:33Z</time>
                                                <extensions>
                            <sog>0.5</sog>
<cog>230.9</cog>
                        </extensions>
                    </trkpt>
                    <trkpt lat="54.32816833333333" lon="10.181199999999999">
                        <ele>0</ele>
                        <time>2022-08-18T07:27:36Z</time>
                                                <extensions>
                            <sog>0.4</sog>
<cog>230.9</cog>
                        </extensions>
                    </trkpt>
                    <trkpt lat="54.32816166666667" lon="10.181188333333333">
                        <ele>0</ele>
                        <time>2022-08-18T07:27:40Z</time>
                                                <extensions>
                            <sog>0.4</sog>
<cog>232.3</cog>
                        </extensions>
                    </trkpt>
                    <trkpt lat="54.32815666666667" lon="10.181175">
                        <ele>0</ele>
                        <time>2022-08-18T07:27:44Z</time>
                                                <extensions>
                            <sog>0.4</sog>
<cog>239.5</cog>
                        </extensions>
                    </trkpt>
                    <trkpt lat="54.32815333333333" lon="10.181163333333334">
                        <ele>0</ele>
                        <time>2022-08-18T07:27:47Z</time>
                                                <extensions>
                            <sog>0.4</sog>
<cog>241.5</cog>
                        </extensions>
                    </trkpt>
                    <trkpt lat="54.32815" lon="10.181158333333334">
                        <ele>0</ele>
                        <time>2022-08-18T07:27:50Z</time>
                                                <extensions>
                            <sog>0.3</sog>
<cog>238.2</cog>
                        </extensions>
                    </trkpt>
                    <trkpt lat="54.32814666666666" lon="10.181148333333335">
                        <ele>0</ele>
                        <time>2022-08-18T07:28:00Z</time>
                                                <extensions>
                            <sog>0.2</sog>
<cog>238.5</cog>
                        </extensions>
                    </trkpt>
                    <trkpt lat="54.32815333333333" lon="10.181128333333334">
                        <ele>0</ele>
                        <time>2022-08-18T07:28:10Z</time>
                                                <extensions>
                            <sog>0.3</sog>
<cog>285.8</cog>
                        </extensions>
                    </trkpt>
                    <trkpt lat="54.328160000000004" lon="10.181099999999999">
                        <ele>0</ele>
                        <time>2022-08-18T07:28:19Z</time>
                                                <extensions>
                            <sog>0.3</sog>
<cog>287.3</cog>
                        </extensions>
                    </trkpt>
                    <trkpt lat="54.32816666666667" lon="10.181071666666666">
                        <ele>0</ele>
                        <time>2022-08-18T07:28:30Z</time>
                                                <extensions>
                            <sog>0.3</sog>
<cog>300.8</cog>
                        </extensions>
                    </trkpt>
                    <trkpt lat="54.328176666666664" lon="10.18107">
                        <ele>0</ele>
                        <time>2022-08-18T07:28:40Z</time>
                                                <extensions>
                            <sog>0.1</sog>
<cog>339.4</cog>
                        </extensions>
                    </trkpt>
                    <trkpt lat="54.328176666666664" lon="10.18107">
                        <ele>0</ele>
                        <time>2022-08-18T07:28:50Z</time>
                                                <extensions>
                            <sog>0.0</sog>
<cog>350.9</cog>
                        </extensions>
                    </trkpt>
                    <trkpt lat="54.32817166666667" lon="10.181075">
                        <ele>0</ele>
                        <time>2022-08-18T07:29:00Z</time>
                                                <extensions>
                            <sog>0.1</sog>
<cog>350.9</cog>
                        </extensions>
                    </trkpt>
                    <trkpt lat="54.32816166666667" lon="10.181071666666666">
                        <ele>0</ele>
                        <time>2022-08-18T07:29:10Z</time>
                                                <extensions>
                            <sog>0.1</sog>
<cog>350.9</cog>
                        </extensions>
                    </trkpt>
                    <trkpt lat="54.32816666666667" lon="10.181076666666666">
                        <ele>0</ele>
                        <time>2022-08-18T07:29:19Z</time>
                                                <extensions>
                            <sog>0.0</sog>
<cog>350.9</cog>
                        </extensions>
                    </trkpt>
                    <trkpt lat="54.32817" lon="10.181081666666667">
                        <ele>0</ele>
                        <time>2022-08-18T07:29:30Z</time>
                                                <extensions>
                            <sog>0.0</sog>
<cog>350.9</cog>
                        </extensions>
                    </trkpt>
                    <trkpt lat="54.32817166666667" lon="10.181081666666667">
                        <ele>0</ele>
                        <time>2022-08-18T07:29:40Z</time>
                                                <extensions>
                            <sog>0.0</sog>
<cog>350.9</cog>
                        </extensions>
                    </trkpt>
                    <trkpt lat="54.32817166666667" lon="10.181081666666667">
                        <ele>0</ele>
                        <time>2022-08-18T07:29:50Z</time>
                                                <extensions>
                            <sog>0.0</sog>
<cog>350.9</cog>
                        </extensions>
                    </trkpt>
                    <trkpt lat="54.32817166666667" lon="10.181081666666667">
                        <ele>0</ele>
                        <time>2022-08-18T07:29:50Z</time>
                                                <extensions>
                            <sog>0.0</sog>
<cog>350.9</cog>
                        </extensions>
                    </trkpt>
                    <trkpt lat="54.32817166666667" lon="10.181083333333333">
                        <ele>0</ele>
                        <time>2022-08-18T07:30:00Z</time>
                                                <extensions>
                            <sog>0.0</sog>
<cog>350.9</cog>
                        </extensions>
                    </trkpt>
                    <trkpt lat="54.328175" lon="10.181091666666667">
                        <ele>0</ele>
                        <time>2022-08-18T07:30:10Z</time>
                                                <extensions>
                            <sog>0.0</sog>
<cog>350.9</cog>
                        </extensions>
                    </trkpt>
                    <trkpt lat="54.328179999999996" lon="10.181093333333333">
                        <ele>0</ele>
                        <time>2022-08-18T07:30:21Z</time>
                                                <extensions>
                            <sog>0.0</sog>
<cog>350.9</cog>
                        </extensions>
                    </trkpt>
                    <trkpt lat="54.328179999999996" lon="10.181093333333333">
                        <ele>0</ele>
                        <time>2022-08-18T07:30:30Z</time>
                                                <extensions>
                            <sog>0.0</sog>
<cog>350.9</cog>
                        </extensions>
                    </trkpt>
                    <trkpt lat="54.328176666666664" lon="10.181090000000001">
                        <ele>0</ele>
                        <time>2022-08-18T07:30:40Z</time>
                                                <extensions>
                            <sog>0.0</sog>
<cog>350.9</cog>
                        </extensions>
                    </trkpt>
                    <trkpt lat="54.328175" lon="10.181090000000001">
                        <ele>0</ele>
                        <time>2022-08-18T07:30:50Z</time>
                                                <extensions>
                            <sog>0.0</sog>
<cog>350.9</cog>
                        </extensions>
                    </trkpt>
                    <trkpt lat="54.32817333333333" lon="10.181088333333333">
                        <ele>0</ele>
                        <time>2022-08-18T07:31:00Z</time>
                                                <extensions>
                            <sog>0.0</sog>
<cog>350.9</cog>
                        </extensions>
                    </trkpt>
                    <trkpt lat="54.32817" lon="10.181091666666667">
                        <ele>0</ele>
                        <time>2022-08-18T07:31:10Z</time>
                                                <extensions>
                            <sog>0.0</sog>
<cog>350.9</cog>
                        </extensions>
                    </trkpt>
                    <trkpt lat="54.32817" lon="10.181091666666667">
                        <ele>0</ele>
                        <time>2022-08-18T07:31:21Z</time>
                                                <extensions>
                            <sog>0.0</sog>
<cog>350.9</cog>
                        </extensions>
                    </trkpt>
                    <trkpt lat="54.32817" lon="10.181088333333333">
                        <ele>0</ele>
                        <time>2022-08-18T07:31:30Z</time>
                                                <extensions>
                            <sog>0.0</sog>
<cog>350.9</cog>
                        </extensions>
                    </trkpt>
                    <trkpt lat="54.32816833333333" lon="10.181088333333333">
                        <ele>0</ele>
                        <time>2022-08-18T07:31:40Z</time>
                                                <extensions>
                            <sog>0.0</sog>
<cog>350.9</cog>
                        </extensions>
                    </trkpt>
                    <trkpt lat="54.32816666666667" lon="10.181091666666667">
                        <ele>0</ele>
                        <time>2022-08-18T07:31:50Z</time>
                                                <extensions>
                            <sog>0.0</sog>
<cog>350.9</cog>
                        </extensions>
                    </trkpt>
                    <trkpt lat="54.328165" lon="10.181091666666667">
                        <ele>0</ele>
                        <time>2022-08-18T07:32:00Z</time>
                                                <extensions>
                            <sog>0.0</sog>
<cog>350.9</cog>
                        </extensions>
                    </trkpt>
                    <trkpt lat="54.328165" lon="10.181091666666667">
                        <ele>0</ele>
                        <time>2022-08-18T07:32:10Z</time>
                                                <extensions>
                            <sog>0.0</sog>
<cog>350.9</cog>
                        </extensions>
                    </trkpt>
                    <trkpt lat="54.328165" lon="10.181093333333333">
                        <ele>0</ele>
                        <time>2022-08-18T07:32:21Z</time>
                                                <extensions>
                            <sog>0.0</sog>
<cog>350.9</cog>
                        </extensions>
                    </trkpt>
                    <trkpt lat="54.328165" lon="10.181095">
                        <ele>0</ele>
                        <time>2022-08-18T07:32:30Z</time>
                                                <extensions>
                            <sog>0.0</sog>
<cog>350.9</cog>
                        </extensions>
                    </trkpt>
                    <trkpt lat="54.328163333333336" lon="10.181095">
                        <ele>0</ele>
                        <time>2022-08-18T07:32:40Z</time>
                                                <extensions>
                            <sog>0.0</sog>
<cog>350.9</cog>
                        </extensions>
                    </trkpt>
                    <trkpt lat="54.328165" lon="10.181099999999999">
                        <ele>0</ele>
                        <time>2022-08-18T07:32:50Z</time>
                                                <extensions>
                            <sog>0.0</sog>
<cog>350.9</cog>
                        </extensions>
                    </trkpt>
                    <trkpt lat="54.328165" lon="10.181099999999999">
                        <ele>0</ele>
                        <time>2022-08-18T07:33:00Z</time>
                                                <extensions>
                            <sog>0.0</sog>
<cog>350.9</cog>
                        </extensions>
                    </trkpt>
                    <trkpt lat="54.328165" lon="10.181103333333335">
                        <ele>0</ele>
                        <time>2022-08-18T07:33:10Z</time>
                                                <extensions>
                            <sog>0.0</sog>
<cog>350.9</cog>
                        </extensions>
                    </trkpt>
                    <trkpt lat="54.328165" lon="10.181103333333335">
                        <ele>0</ele>
                        <time>2022-08-18T07:33:10Z</time>
                                                <extensions>
                            <sog>0.0</sog>
<cog>350.9</cog>
                        </extensions>
                    </trkpt>
                    <trkpt lat="54.328163333333336" lon="10.181108333333333">
                        <ele>0</ele>
                        <time>2022-08-18T07:33:21Z</time>
                                                <extensions>
                            <sog>0.0</sog>
<cog>350.9</cog>
                        </extensions>
                    </trkpt>
                    <trkpt lat="54.32816166666667" lon="10.181111666666668">
                        <ele>0</ele>
                        <time>2022-08-18T07:33:29Z</time>
                                                <extensions>
                            <sog>0.0</sog>
<cog>350.9</cog>
                        </extensions>
                    </trkpt>
                    <trkpt lat="54.328165" lon="10.181111666666668">
                        <ele>0</ele>
                        <time>2022-08-18T07:33:40Z</time>
                                                <extensions>
                            <sog>0.0</sog>
<cog>350.9</cog>
                        </extensions>
                    </trkpt>
                    <trkpt lat="54.328165" lon="10.181108333333333">
                        <ele>0</ele>
                        <time>2022-08-18T07:33:50Z</time>
                                                <extensions>
                            <sog>0.0</sog>
<cog>350.9</cog>
                        </extensions>
                    </trkpt>
                    <trkpt lat="54.32816666666667" lon="10.181103333333335">
                        <ele>0</ele>
                        <time>2022-08-18T07:34:00Z</time>
                                                <extensions>
                            <sog>0.0</sog>
<cog>350.9</cog>
                        </extensions>
                    </trkpt>
                    <trkpt lat="54.32816833333333" lon="10.181098333333333">
                        <ele>0</ele>
                        <time>2022-08-18T07:34:10Z</time>
                                                <extensions>
                            <sog>0.0</sog>
<cog>350.9</cog>
                        </extensions>
                    </trkpt>
                    <trkpt lat="54.32817" lon="10.181095">
                        <ele>0</ele>
                        <time>2022-08-18T07:34:21Z</time>
                                                <extensions>
                            <sog>0.0</sog>
<cog>350.9</cog>
                        </extensions>
                    </trkpt>
                    <trkpt lat="54.32816833333333" lon="10.181093333333333">
                        <ele>0</ele>
                        <time>2022-08-18T07:34:29Z</time>
                                                <extensions>
                            <sog>0.0</sog>
<cog>350.9</cog>
                        </extensions>
                    </trkpt>
                    <trkpt lat="54.32816666666667" lon="10.181095">
                        <ele>0</ele>
                        <time>2022-08-18T07:34:40Z</time>
                                                <extensions>
                            <sog>0.0</sog>
<cog>350.9</cog>
                        </extensions>
                    </trkpt>
                    <trkpt lat="54.328163333333336" lon="10.181095">
                        <ele>0</ele>
                        <time>2022-08-18T07:34:50Z</time>
                                                <extensions>
                            <sog>0.0</sog>
<cog>350.9</cog>
                        </extensions>
                    </trkpt>
                    <trkpt lat="54.32816166666667" lon="10.181095">
                        <ele>0</ele>
                        <time>2022-08-18T07:35:00Z</time>
                                                <extensions>
                            <sog>0.0</sog>
<cog>350.9</cog>
                        </extensions>
                    </trkpt>
                    <trkpt lat="54.328160000000004" lon="10.181093333333333">
                        <ele>0</ele>
                        <time>2022-08-18T07:35:10Z</time>
                                                <extensions>
                            <sog>0.0</sog>
<cog>350.9</cog>
                        </extensions>
                    </trkpt>
                    <trkpt lat="54.328160000000004" lon="10.181093333333333">
                        <ele>0</ele>
                        <time>2022-08-18T07:35:10Z</time>
                                                <extensions>
                            <sog>0.0</sog>
<cog>350.9</cog>
                        </extensions>
                    </trkpt>
                    <trkpt lat="54.328158333333334" lon="10.181088333333333">
                        <ele>0</ele>
                        <time>2022-08-18T07:35:21Z</time>
                                                <extensions>
                            <sog>0.0</sog>
<cog>350.9</cog>
                        </extensions>
                    </trkpt>
                    <trkpt lat="54.32815666666667" lon="10.181085">
                        <ele>0</ele>
                        <time>2022-08-18T07:35:29Z</time>
                                                <extensions>
                            <sog>0.0</sog>
<cog>350.9</cog>
                        </extensions>
                    </trkpt>
                    <trkpt lat="54.328158333333334" lon="10.181076666666666">
                        <ele>0</ele>
                        <time>2022-08-18T07:35:40Z</time>
                                                <extensions>
                            <sog>0.0</sog>
<cog>350.9</cog>
                        </extensions>
                    </trkpt>
                    <trkpt lat="54.328158333333334" lon="10.181066666666668">
                        <ele>0</ele>
                        <time>2022-08-18T07:35:50Z</time>
                                                <extensions>
                            <sog>0.0</sog>
<cog>350.9</cog>
                        </extensions>
                    </trkpt>
                    <trkpt lat="54.328160000000004" lon="10.181054999999999">
                        <ele>0</ele>
                        <time>2022-08-18T07:36:00Z</time>
                                                <extensions>
                            <sog>0.0</sog>
<cog>350.9</cog>
                        </extensions>
                    </trkpt>
                    <trkpt lat="54.328163333333336" lon="10.181053333333333">
                        <ele>0</ele>
                        <time>2022-08-18T07:36:10Z</time>
                                                <extensions>
                            <sog>0.0</sog>
<cog>350.9</cog>
                        </extensions>
                    </trkpt>
                    <trkpt lat="54.32817" lon="10.181038333333333">
                        <ele>0</ele>
                        <time>2022-08-18T07:36:21Z</time>
                                                <extensions>
                            <sog>0.0</sog>
<cog>350.9</cog>
                        </extensions>
                    </trkpt>
                    <trkpt lat="54.328175" lon="10.181035000000001">
                        <ele>0</ele>
                        <time>2022-08-18T07:36:29Z</time>
                                                <extensions>
                            <sog>0.0</sog>
<cog>350.9</cog>
                        </extensions>
                    </trkpt>
                    <trkpt lat="54.328178333333334" lon="10.181035000000001">
                        <ele>0</ele>
                        <time>2022-08-18T07:36:39Z</time>
                                                <extensions>
                            <sog>0.0</sog>
<cog>350.9</cog>
                        </extensions>
                    </trkpt>
                    <trkpt lat="54.328178333333334" lon="10.181038333333333">
                        <ele>0</ele>
                        <time>2022-08-18T07:36:50Z</time>
                                                <extensions>
                            <sog>0.0</sog>
<cog>350.9</cog>
                        </extensions>
                    </trkpt>
                    <trkpt lat="54.328178333333334" lon="10.181038333333333">
                        <ele>0</ele>
                        <time>2022-08-18T07:37:00Z</time>
                                                <extensions>
                            <sog>0.0</sog>
<cog>350.9</cog>
                        </extensions>
                    </trkpt>
                    <trkpt lat="54.328175" lon="10.181035000000001">
                        <ele>0</ele>
                        <time>2022-08-18T07:37:10Z</time>
                                                <extensions>
                            <sog>0.0</sog>
<cog>350.9</cog>
                        </extensions>
                    </trkpt>
                    <trkpt lat="54.32817" lon="10.18103">
                        <ele>0</ele>
                        <time>2022-08-18T07:37:20Z</time>
                                                <extensions>
                            <sog>0.0</sog>
<cog>350.9</cog>
                        </extensions>
                    </trkpt>
                    <trkpt lat="54.328175" lon="10.181038333333333">
                        <ele>0</ele>
                        <time>2022-08-18T07:37:29Z</time>
                                                <extensions>
                            <sog>0.0</sog>
<cog>350.9</cog>
                        </extensions>
                    </trkpt>
                    <trkpt lat="54.328175" lon="10.181038333333333">
                        <ele>0</ele>
                        <time>2022-08-18T07:37:29Z</time>
                                                <extensions>
                            <sog>0.0</sog>
<cog>350.9</cog>
                        </extensions>
                    </trkpt>
                    <trkpt lat="54.32816666666667" lon="10.18106">
                        <ele>0</ele>
                        <time>2022-08-18T07:39:38Z</time>
                                                <extensions>
                            <sog>0.0</sog>
<cog>350.9</cog>
                        </extensions>
                    </trkpt>
                    <trkpt lat="54.32820166666667" lon="10.181043333333333">
                        <ele>0</ele>
                        <time>2022-08-18T07:42:38Z</time>
                                                <extensions>
                            <sog>0.0</sog>
<cog>350.9</cog>
                        </extensions>
                    </trkpt>
                    <trkpt lat="54.32821" lon="10.181088333333333">
                        <ele>0</ele>
                        <time>2022-08-18T07:45:39Z</time>
                                                <extensions>
                            <sog>0.0</sog>
<cog>350.9</cog>
                        </extensions>
                    </trkpt>
                    <trkpt lat="54.328195" lon="10.181111666666668">
                        <ele>0</ele>
                        <time>2022-08-18T07:48:40Z</time>
                                                <extensions>
                            <sog>0.0</sog>
<cog>350.9</cog>
                        </extensions>
                    </trkpt>
                    <trkpt lat="54.328178333333334" lon="10.181088333333333">
                        <ele>0</ele>
                        <time>2022-08-18T07:51:38Z</time>
                                                <extensions>
                            <sog>0.0</sog>
<cog>350.9</cog>
                        </extensions>
                    </trkpt>
                    <trkpt lat="54.328179999999996" lon="10.181061666666666">
                        <ele>0</ele>
                        <time>2022-08-18T07:54:41Z</time>
                                                <extensions>
                            <sog>0.0</sog>
<cog>350.9</cog>
                        </extensions>
                    </trkpt>
                    <trkpt lat="54.32814666666666" lon="10.18107">
                        <ele>0</ele>
                        <time>2022-08-18T07:57:38Z</time>
                                                <extensions>
                            <sog>0.0</sog>
<cog>350.9</cog>
                        </extensions>
                    </trkpt>
                    <trkpt lat="54.32809333333333" lon="10.181041666666665">
                        <ele>0</ele>
                        <time>2022-08-18T08:00:39Z</time>
                                                <extensions>
                            <sog>0.0</sog>
<cog>350.9</cog>
                        </extensions>
                    </trkpt>
                    <trkpt lat="54.32809333333333" lon="10.181041666666665">
                        <ele>0</ele>
                        <time>2022-08-18T08:00:39Z</time>
                                                <extensions>
                            <sog>0.0</sog>
<cog>350.9</cog>
                        </extensions>
                    </trkpt>
                    <trkpt lat="54.328118333333336" lon="10.181066666666668">
                        <ele>0</ele>
                        <time>2022-08-18T08:03:37Z</time>
                                                <extensions>
                            <sog>0.0</sog>
<cog>350.9</cog>
                        </extensions>
                    </trkpt>
                    <trkpt lat="54.32818833333333" lon="10.181086666666666">
                        <ele>0</ele>
                        <time>2022-08-18T08:06:41Z</time>
                                                <extensions>
                            <sog>0.0</sog>
<cog>350.9</cog>
                        </extensions>
                    </trkpt>
                    <trkpt lat="54.328185" lon="10.181141666666667">
                        <ele>0</ele>
                        <time>2022-08-18T08:09:40Z</time>
                                                <extensions>
                            <sog>0.0</sog>
<cog>350.9</cog>
                        </extensions>
                    </trkpt>
                    <trkpt lat="54.328165" lon="10.181109999999999">
                        <ele>0</ele>
                        <time>2022-08-18T08:12:39Z</time>
                                                <extensions>
                            <sog>0.0</sog>
<cog>350.9</cog>
                        </extensions>
                    </trkpt>
                    <trkpt lat="54.32814833333334" lon="10.181056666666667">
                        <ele>0</ele>
                        <time>2022-08-18T08:15:40Z</time>
                                                <extensions>
                            <sog>0.0</sog>
<cog>350.9</cog>
                        </extensions>
                    </trkpt>
                    <trkpt lat="54.328160000000004" lon="10.181143333333333">
                        <ele>0</ele>
                        <time>2022-08-18T08:18:38Z</time>
                                                <extensions>
                            <sog>0.0</sog>
<cog>350.9</cog>
                        </extensions>
                    </trkpt>
                    <trkpt lat="54.328134999999996" lon="10.181118333333334">
                        <ele>0</ele>
                        <time>2022-08-18T08:21:40Z</time>
                                                <extensions>
                            <sog>0.0</sog>
<cog>350.9</cog>
                        </extensions>
                    </trkpt>
                    <trkpt lat="54.32817166666667" lon="10.181093333333333">
                        <ele>0</ele>
                        <time>2022-08-18T08:24:37Z</time>
                                                <extensions>
                            <sog>0.0</sog>
<cog>350.9</cog>
                        </extensions>
                    </trkpt>
                    <trkpt lat="54.32820166666667" lon="10.181098333333333">
                        <ele>0</ele>
                        <time>2022-08-18T08:27:38Z</time>
                                                <extensions>
                            <sog>0.0</sog>
<cog>350.9</cog>
                        </extensions>
                    </trkpt>
                    <trkpt lat="54.328179999999996" lon="10.181141666666667">
                        <ele>0</ele>
                        <time>2022-08-18T08:30:40Z</time>
                                                <extensions>
                            <sog>0.0</sog>
<cog>350.9</cog>
                        </extensions>
                    </trkpt>
                    <trkpt lat="54.32817" lon="10.180971666666666">
                        <ele>0</ele>
                        <time>2022-08-18T08:33:40Z</time>
                                                <extensions>
                            <sog>0.0</sog>
<cog>350.9</cog>
                        </extensions>
                    </trkpt>
                    <trkpt lat="54.32817" lon="10.180971666666666">
                        <ele>0</ele>
                        <time>2022-08-18T08:33:40Z</time>
                                                <extensions>
                            <sog>0.0</sog>
<cog>350.9</cog>
                        </extensions>
                    </trkpt>
                    <trkpt lat="54.32823666666666" lon="10.180985">
                        <ele>0</ele>
                        <time>2022-08-18T08:36:40Z</time>
                                                <extensions>
                            <sog>0.0</sog>
<cog>350.9</cog>
                        </extensions>
                    </trkpt>
                    <trkpt lat="54.32819833333333" lon="10.181078333333334">
                        <ele>0</ele>
                        <time>2022-08-18T08:39:40Z</time>
                                                <extensions>
                            <sog>0.0</sog>
<cog>350.9</cog>
                        </extensions>
                    </trkpt>
                    <trkpt lat="54.328179999999996" lon="10.181054999999999">
                        <ele>0</ele>
                        <time>2022-08-18T08:42:40Z</time>
                                                <extensions>
                            <sog>0.0</sog>
<cog>350.9</cog>
                        </extensions>
                    </trkpt>
                    <trkpt lat="54.32808833333333" lon="10.181123333333334">
                        <ele>0</ele>
                        <time>2022-08-18T08:45:41Z</time>
                                                <extensions>
                            <sog>0.0</sog>
<cog>350.9</cog>
                        </extensions>
                    </trkpt>
                    <trkpt lat="54.32817166666667" lon="10.181028333333334">
                        <ele>0</ele>
                        <time>2022-08-18T08:48:41Z</time>
                                                <extensions>
                            <sog>0.0</sog>
<cog>350.9</cog>
                        </extensions>
                    </trkpt>
                    <trkpt lat="54.32817166666667" lon="10.181093333333333">
                        <ele>0</ele>
                        <time>2022-08-18T08:51:41Z</time>
                                                <extensions>
                            <sog>0.0</sog>
<cog>350.9</cog>
                        </extensions>
                    </trkpt>
                    <trkpt lat="54.32819" lon="10.181066666666668">
                        <ele>0</ele>
                        <time>2022-08-18T08:54:40Z</time>
                                                <extensions>
                            <sog>0.0</sog>
<cog>350.9</cog>
                        </extensions>
                    </trkpt>
                    <trkpt lat="54.328176666666664" lon="10.181068333333334">
                        <ele>0</ele>
                        <time>2022-08-18T08:57:41Z</time>
                                                <extensions>
                            <sog>0.0</sog>
<cog>350.9</cog>
                        </extensions>
                    </trkpt>
                    <trkpt lat="54.328176666666664" lon="10.181068333333334">
                        <ele>0</ele>
                        <time>2022-08-18T08:57:41Z</time>
                                                <extensions>
                            <sog>0.0</sog>
<cog>350.9</cog>
                        </extensions>
                    </trkpt>
                    <trkpt lat="54.32817" lon="10.181031666666666">
                        <ele>0</ele>
                        <time>2022-08-18T09:00:43Z</time>
                                                <extensions>
                            <sog>0.0</sog>
<cog>350.9</cog>
                        </extensions>
                    </trkpt>
                    <trkpt lat="54.32817" lon="10.181031666666666">
                        <ele>0</ele>
                        <time>2022-08-18T09:00:43Z</time>
                                                <extensions>
                            <sog>0.0</sog>
<cog>350.9</cog>
                        </extensions>
                    </trkpt>
                    <trkpt lat="54.328160000000004" lon="10.18104">
                        <ele>0</ele>
                        <time>2022-08-18T09:03:43Z</time>
                                                <extensions>
                            <sog>0.0</sog>
<cog>350.9</cog>
                        </extensions>
                    </trkpt>
                    <trkpt lat="54.32818666666667" lon="10.181083333333333">
                        <ele>0</ele>
                        <time>2022-08-18T09:06:43Z</time>
                                                <extensions>
                            <sog>0.0</sog>
<cog>350.9</cog>
                        </extensions>
                    </trkpt>
                    <trkpt lat="54.3282" lon="10.181046666666667">
                        <ele>0</ele>
                        <time>2022-08-18T09:09:41Z</time>
                                                <extensions>
                            <sog>0.0</sog>
<cog>350.9</cog>
                        </extensions>
                    </trkpt>
                    <trkpt lat="54.328185" lon="10.181116666666666">
                        <ele>0</ele>
                        <time>2022-08-18T09:12:36Z</time>
                                                <extensions>
                            <sog>0.0</sog>
<cog>350.9</cog>
                        </extensions>
                    </trkpt>
                    <trkpt lat="54.32817166666667" lon="10.181064999999998">
                        <ele>0</ele>
                        <time>2022-08-18T09:15:41Z</time>
                                                <extensions>
                            <sog>0.0</sog>
<cog>350.9</cog>
                        </extensions>
                    </trkpt>
                    <trkpt lat="54.32817166666667" lon="10.181064999999998">
                        <ele>0</ele>
                        <time>2022-08-18T09:15:41Z</time>
                                                <extensions>
                            <sog>0.0</sog>
<cog>350.9</cog>
                        </extensions>
                    </trkpt>
                    <trkpt lat="54.328181666666666" lon="10.181009999999999">
                        <ele>0</ele>
                        <time>2022-08-18T09:18:41Z</time>
                                                <extensions>
                            <sog>0.0</sog>
<cog>350.9</cog>
                        </extensions>
                    </trkpt>
                    <trkpt lat="54.32811" lon="10.181093333333333">
                        <ele>0</ele>
                        <time>2022-08-18T09:21:41Z</time>
                                                <extensions>
                            <sog>0.0</sog>
<cog>350.9</cog>
                        </extensions>
                    </trkpt>
                    <trkpt lat="54.32811" lon="10.181093333333333">
                        <ele>0</ele>
                        <time>2022-08-18T09:21:41Z</time>
                                                <extensions>
                            <sog>0.0</sog>
<cog>350.9</cog>
                        </extensions>
                    </trkpt>
                    <trkpt lat="54.32815166666667" lon="10.181045000000001">
                        <ele>0</ele>
                        <time>2022-08-18T09:24:42Z</time>
                                                <extensions>
                            <sog>0.0</sog>
<cog>350.9</cog>
                        </extensions>
                    </trkpt>
                    <trkpt lat="54.32812666666667" lon="10.181051666666667">
                        <ele>0</ele>
                        <time>2022-08-18T09:27:42Z</time>
                                                <extensions>
                            <sog>0.0</sog>
<cog>350.9</cog>
                        </extensions>
                    </trkpt>
                    <trkpt lat="54.328115000000004" lon="10.18108">
                        <ele>0</ele>
                        <time>2022-08-18T09:30:41Z</time>
                                                <extensions>
                            <sog>0.0</sog>
<cog>350.9</cog>
                        </extensions>
                    </trkpt>
                    <trkpt lat="54.32809333333333" lon="10.181005">
                        <ele>0</ele>
                        <time>2022-08-18T09:33:44Z</time>
                                                <extensions>
                            <sog>0.0</sog>
<cog>350.9</cog>
                        </extensions>
                    </trkpt>
                    <trkpt lat="54.328145" lon="10.181041666666665">
                        <ele>0</ele>
                        <time>2022-08-18T09:36:36Z</time>
                                                <extensions>
                            <sog>0.0</sog>
<cog>350.9</cog>
                        </extensions>
                    </trkpt>
                    <trkpt lat="54.32813833333333" lon="10.180983333333334">
                        <ele>0</ele>
                        <time>2022-08-18T09:39:45Z</time>
                                                <extensions>
                            <sog>0.0</sog>
<cog>350.9</cog>
                        </extensions>
                    </trkpt>
                    <trkpt lat="54.32817166666667" lon="10.181111666666668">
                        <ele>0</ele>
                        <time>2022-08-18T09:42:41Z</time>
                                                <extensions>
                            <sog>0.0</sog>
<cog>350.9</cog>
                        </extensions>
                    </trkpt>
                    <trkpt lat="54.32820666666667" lon="10.181148333333335">
                        <ele>0</ele>
                        <time>2022-08-18T09:45:45Z</time>
                                                <extensions>
                            <sog>0.0</sog>
<cog>350.9</cog>
                        </extensions>
                    </trkpt>
                    <trkpt lat="54.32820666666667" lon="10.181148333333335">
                        <ele>0</ele>
                        <time>2022-08-18T09:45:45Z</time>
                                                <extensions>
                            <sog>0.0</sog>
<cog>350.9</cog>
                        </extensions>
                    </trkpt>
                    <trkpt lat="54.328178333333334" lon="10.181076666666666">
                        <ele>0</ele>
                        <time>2022-08-18T09:51:46Z</time>
                                                <extensions>
                            <sog>0.0</sog>
<cog>350.9</cog>
                        </extensions>
                    </trkpt>
                    <trkpt lat="54.328203333333335" lon="10.18107">
                        <ele>0</ele>
                        <time>2022-08-18T09:54:43Z</time>
                                                <extensions>
                            <sog>0.0</sog>
<cog>350.9</cog>
                        </extensions>
                    </trkpt>
                    <trkpt lat="54.328155" lon="10.181056666666667">
                        <ele>0</ele>
                        <time>2022-08-18T09:57:45Z</time>
                                                <extensions>
                            <sog>0.0</sog>
<cog>350.9</cog>
                        </extensions>
                    </trkpt>
                    <trkpt lat="54.32819" lon="10.181078333333334">
                        <ele>0</ele>
                        <time>2022-08-18T10:00:42Z</time>
                                                <extensions>
                            <sog>0.0</sog>
<cog>350.9</cog>
                        </extensions>
                    </trkpt>
                    <trkpt lat="54.32819" lon="10.181078333333334">
                        <ele>0</ele>
                        <time>2022-08-18T10:00:42Z</time>
                                                <extensions>
                            <sog>0.0</sog>
<cog>350.9</cog>
                        </extensions>
                    </trkpt>
                    <trkpt lat="54.32817166666667" lon="10.181091666666667">
                        <ele>0</ele>
                        <time>2022-08-18T10:03:36Z</time>
                                                <extensions>
                            <sog>0.0</sog>
<cog>350.9</cog>
                        </extensions>
                    </trkpt>
                    <trkpt lat="54.32818833333333" lon="10.181151666666667">
                        <ele>0</ele>
                        <time>2022-08-18T10:06:43Z</time>
                                                <extensions>
                            <sog>0.0</sog>
<cog>350.9</cog>
                        </extensions>
                    </trkpt>
                    <trkpt lat="54.32815" lon="10.181078333333334">
                        <ele>0</ele>
                        <time>2022-08-18T10:09:39Z</time>
                                                <extensions>
                            <sog>0.0</sog>
<cog>350.9</cog>
                        </extensions>
                    </trkpt>
                    <trkpt lat="54.32816166666667" lon="10.181071666666666">
                        <ele>0</ele>
                        <time>2022-08-18T10:12:36Z</time>
                                                <extensions>
                            <sog>0.0</sog>
<cog>350.9</cog>
                        </extensions>
                    </trkpt>
                    <trkpt lat="54.328136666666666" lon="10.181033333333334">
                        <ele>0</ele>
                        <time>2022-08-18T10:15:37Z</time>
                                                <extensions>
                            <sog>0.0</sog>
<cog>350.9</cog>
                        </extensions>
                    </trkpt>
                    <trkpt lat="54.328136666666666" lon="10.181033333333334">
                        <ele>0</ele>
                        <time>2022-08-18T10:15:37Z</time>
                                                <extensions>
                            <sog>0.0</sog>
<cog>350.9</cog>
                        </extensions>
                    </trkpt>
                    <trkpt lat="54.32814333333333" lon="10.181056666666667">
                        <ele>0</ele>
                        <time>2022-08-18T10:18:38Z</time>
                                                <extensions>
                            <sog>0.0</sog>
<cog>350.9</cog>
                        </extensions>
                    </trkpt>
                    <trkpt lat="54.32816833333333" lon="10.181066666666668">
                        <ele>0</ele>
                        <time>2022-08-18T10:21:39Z</time>
                                                <extensions>
                            <sog>0.0</sog>
<cog>350.9</cog>
                        </extensions>
                    </trkpt>
                    <trkpt lat="54.32816833333333" lon="10.181066666666668">
                        <ele>0</ele>
                        <time>2022-08-18T10:21:39Z</time>
                                                <extensions>
                            <sog>0.0</sog>
<cog>350.9</cog>
                        </extensions>
                    </trkpt>
                    <trkpt lat="54.328115000000004" lon="10.181056666666667">
                        <ele>0</ele>
                        <time>2022-08-18T10:24:41Z</time>
                                                <extensions>
                            <sog>0.0</sog>
<cog>350.9</cog>
                        </extensions>
                    </trkpt>
                    <trkpt lat="54.32816666666667" lon="10.18107">
                        <ele>0</ele>
                        <time>2022-08-18T10:27:40Z</time>
                                                <extensions>
                            <sog>0.0</sog>
<cog>350.9</cog>
                        </extensions>
                    </trkpt>
                    <trkpt lat="54.32816666666667" lon="10.18107">
                        <ele>0</ele>
                        <time>2022-08-18T10:27:40Z</time>
                                                <extensions>
                            <sog>0.0</sog>
<cog>350.9</cog>
                        </extensions>
                    </trkpt>
                    <trkpt lat="54.32819166666666" lon="10.181015">
                        <ele>0</ele>
                        <time>2022-08-18T10:30:40Z</time>
                                                <extensions>
                            <sog>0.0</sog>
<cog>350.9</cog>
                        </extensions>
                    </trkpt>
                    <trkpt lat="54.32816166666667" lon="10.181035000000001">
                        <ele>0</ele>
                        <time>2022-08-18T10:33:41Z</time>
                                                <extensions>
                            <sog>0.0</sog>
<cog>350.9</cog>
                        </extensions>
                    </trkpt>
                    <trkpt lat="54.328185" lon="10.181071666666666">
                        <ele>0</ele>
                        <time>2022-08-18T10:36:38Z</time>
                                                <extensions>
                            <sog>0.0</sog>
<cog>350.9</cog>
                        </extensions>
                    </trkpt>
                    <trkpt lat="54.32816166666667" lon="10.181099999999999">
                        <ele>0</ele>
                        <time>2022-08-18T10:39:43Z</time>
                                                <extensions>
                            <sog>0.0</sog>
<cog>350.9</cog>
                        </extensions>
                    </trkpt>
                    <trkpt lat="54.32815" lon="10.181063333333332">
                        <ele>0</ele>
                        <time>2022-08-18T10:42:39Z</time>
                                                <extensions>
                            <sog>0.0</sog>
<cog>350.9</cog>
                        </extensions>
                    </trkpt>
                    <trkpt lat="54.32818833333333" lon="10.181026666666666">
                        <ele>0</ele>
                        <time>2022-08-18T10:45:41Z</time>
                                                <extensions>
                            <sog>0.0</sog>
<cog>350.9</cog>
                        </extensions>
                    </trkpt>
                    <trkpt lat="54.32818333333333" lon="10.181121666666666">
                        <ele>0</ele>
                        <time>2022-08-18T10:48:40Z</time>
                                                <extensions>
                            <sog>0.0</sog>
<cog>350.9</cog>
                        </extensions>
                    </trkpt>
                    <trkpt lat="54.32819666666667" lon="10.181071666666666">
                        <ele>0</ele>
                        <time>2022-08-18T10:51:43Z</time>
                                                <extensions>
                            <sog>0.0</sog>
<cog>350.9</cog>
                        </extensions>
                    </trkpt>
                    <trkpt lat="54.32814333333333" lon="10.181045000000001">
                        <ele>0</ele>
                        <time>2022-08-18T10:54:39Z</time>
                                                <extensions>
                            <sog>0.0</sog>
<cog>350.9</cog>
                        </extensions>
                    </trkpt>
                    <trkpt lat="54.328155" lon="10.181063333333332">
                        <ele>0</ele>
                        <time>2022-08-18T10:57:43Z</time>
                                                <extensions>
                            <sog>0.0</sog>
<cog>350.9</cog>
                        </extensions>
                    </trkpt>
                    <trkpt lat="54.328133333333334" lon="10.181064999999998">
                        <ele>0</ele>
                        <time>2022-08-18T11:00:40Z</time>
                                                <extensions>
                            <sog>0.0</sog>
<cog>350.9</cog>
                        </extensions>
                    </trkpt>
                    <trkpt lat="54.328133333333334" lon="10.181064999999998">
                        <ele>0</ele>
                        <time>2022-08-18T11:00:40Z</time>
                                                <extensions>
                            <sog>0.0</sog>
<cog>350.9</cog>
                        </extensions>
                    </trkpt>
                    <trkpt lat="54.32810333333334" lon="10.181048333333333">
                        <ele>0</ele>
                        <time>2022-08-18T11:03:41Z</time>
                                                <extensions>
                            <sog>0.0</sog>
<cog>350.9</cog>
                        </extensions>
                    </trkpt>
                    <trkpt lat="54.328125" lon="10.181083333333333">
                        <ele>0</ele>
                        <time>2022-08-18T11:06:40Z</time>
                                                <extensions>
                            <sog>0.0</sog>
<cog>350.9</cog>
                        </extensions>
                    </trkpt>
                    <trkpt lat="54.32814833333334" lon="10.181083333333333">
                        <ele>0</ele>
                        <time>2022-08-18T11:09:42Z</time>
                                                <extensions>
                            <sog>0.0</sog>
<cog>350.9</cog>
                        </extensions>
                    </trkpt>
                    <trkpt lat="54.32814833333334" lon="10.181083333333333">
                        <ele>0</ele>
                        <time>2022-08-18T11:09:42Z</time>
                                                <extensions>
                            <sog>0.0</sog>
<cog>350.9</cog>
                        </extensions>
                    </trkpt>
                    <trkpt lat="54.328195" lon="10.181036666666667">
                        <ele>0</ele>
                        <time>2022-08-18T11:12:39Z</time>
                                                <extensions>
                            <sog>0.0</sog>
<cog>350.9</cog>
                        </extensions>
                    </trkpt>
                    <trkpt lat="54.328145" lon="10.181083333333333">
                        <ele>0</ele>
                        <time>2022-08-18T11:15:41Z</time>
                                                <extensions>
                            <sog>0.0</sog>
<cog>350.9</cog>
                        </extensions>
                    </trkpt>
                    <trkpt lat="54.328116666666666" lon="10.181105">
                        <ele>0</ele>
                        <time>2022-08-18T11:18:39Z</time>
                                                <extensions>
                            <sog>0.0</sog>
<cog>350.9</cog>
                        </extensions>
                    </trkpt>
                    <trkpt lat="54.32815666666667" lon="10.181056666666667">
                        <ele>0</ele>
                        <time>2022-08-18T11:21:41Z</time>
                                                <extensions>
                            <sog>0.0</sog>
<cog>350.9</cog>
                        </extensions>
                    </trkpt>
                    <trkpt lat="54.328165" lon="10.181023333333334">
                        <ele>0</ele>
                        <time>2022-08-18T11:24:38Z</time>
                                                <extensions>
                            <sog>0.0</sog>
<cog>350.9</cog>
                        </extensions>
                    </trkpt>
                    <trkpt lat="54.32820666666667" lon="10.181033333333334">
                        <ele>0</ele>
                        <time>2022-08-18T11:27:42Z</time>
                                                <extensions>
                            <sog>0.0</sog>
<cog>350.9</cog>
                        </extensions>
                    </trkpt>
                    <trkpt lat="54.32820666666667" lon="10.181033333333334">
                        <ele>0</ele>
                        <time>2022-08-18T11:27:42Z</time>
                                                <extensions>
                            <sog>0.0</sog>
<cog>350.9</cog>
                        </extensions>
                    </trkpt>
                    <trkpt lat="54.328071666666666" lon="10.181033333333334">
                        <ele>0</ele>
                        <time>2022-08-18T11:30:38Z</time>
                                                <extensions>
                            <sog>0.0</sog>
<cog>350.9</cog>
                        </extensions>
                    </trkpt>
                    <trkpt lat="54.328131666666664" lon="10.181091666666667">
                        <ele>0</ele>
                        <time>2022-08-18T11:33:43Z</time>
                                                <extensions>
                            <sog>0.0</sog>
<cog>350.9</cog>
                        </extensions>
                    </trkpt>
                    <trkpt lat="54.328131666666664" lon="10.181091666666667">
                        <ele>0</ele>
                        <time>2022-08-18T11:33:43Z</time>
                                                <extensions>
                            <sog>0.0</sog>
<cog>350.9</cog>
                        </extensions>
                    </trkpt>
                    <trkpt lat="54.32812" lon="10.181063333333332">
                        <ele>0</ele>
                        <time>2022-08-18T11:36:39Z</time>
                                                <extensions>
                            <sog>0.0</sog>
<cog>350.9</cog>
                        </extensions>
                    </trkpt>
                    <trkpt lat="54.328155" lon="10.181023333333334">
                        <ele>0</ele>
                        <time>2022-08-18T11:39:43Z</time>
                                                <extensions>
                            <sog>0.0</sog>
<cog>350.9</cog>
                        </extensions>
                    </trkpt>
                    <trkpt lat="54.328089999999996" lon="10.181078333333334">
                        <ele>0</ele>
                        <time>2022-08-18T11:42:41Z</time>
                                                <extensions>
                            <sog>0.0</sog>
<cog>350.9</cog>
                        </extensions>
                    </trkpt>
                    <trkpt lat="54.32812833333333" lon="10.181075">
                        <ele>0</ele>
                        <time>2022-08-18T11:45:43Z</time>
                                                <extensions>
                            <sog>0.0</sog>
<cog>350.9</cog>
                        </extensions>
                    </trkpt>
                    <trkpt lat="54.328160000000004" lon="10.181099999999999">
                        <ele>0</ele>
                        <time>2022-08-18T11:48:40Z</time>
                                                <extensions>
                            <sog>0.0</sog>
<cog>350.9</cog>
                        </extensions>
                    </trkpt>
                    <trkpt lat="54.32815166666667" lon="10.181090000000001">
                        <ele>0</ele>
                        <time>2022-08-18T11:51:44Z</time>
                                                <extensions>
                            <sog>0.0</sog>
<cog>350.9</cog>
                        </extensions>
                    </trkpt>
                    <trkpt lat="54.32815166666667" lon="10.181090000000001">
                        <ele>0</ele>
                        <time>2022-08-18T11:51:44Z</time>
                                                <extensions>
                            <sog>0.0</sog>
<cog>350.9</cog>
                        </extensions>
                    </trkpt>
                    <trkpt lat="54.32815166666667" lon="10.181118333333334">
                        <ele>0</ele>
                        <time>2022-08-18T11:54:39Z</time>
                                                <extensions>
                            <sog>0.0</sog>
<cog>350.9</cog>
                        </extensions>
                    </trkpt>
                    <trkpt lat="54.328145" lon="10.181115">
                        <ele>0</ele>
                        <time>2022-08-18T11:57:43Z</time>
                                                <extensions>
                            <sog>0.0</sog>
<cog>350.9</cog>
                        </extensions>
                    </trkpt>
                    <trkpt lat="54.328134999999996" lon="10.181118333333334">
                        <ele>0</ele>
                        <time>2022-08-18T12:00:40Z</time>
                                                <extensions>
                            <sog>0.0</sog>
<cog>350.9</cog>
                        </extensions>
                    </trkpt>
                    <trkpt lat="54.328134999999996" lon="10.181118333333334">
                        <ele>0</ele>
                        <time>2022-08-18T12:00:40Z</time>
                                                <extensions>
                            <sog>0.0</sog>
<cog>350.9</cog>
                        </extensions>
                    </trkpt>
                    <trkpt lat="54.328155" lon="10.181061666666666">
                        <ele>0</ele>
                        <time>2022-08-18T12:03:43Z</time>
                                                <extensions>
                            <sog>0.0</sog>
<cog>350.9</cog>
                        </extensions>
                    </trkpt>
                    <trkpt lat="54.328176666666664" lon="10.181099999999999">
                        <ele>0</ele>
                        <time>2022-08-18T12:06:41Z</time>
                                                <extensions>
                            <sog>0.0</sog>
<cog>350.9</cog>
                        </extensions>
                    </trkpt>
                    <trkpt lat="54.328181666666666" lon="10.181101666666667">
                        <ele>0</ele>
                        <time>2022-08-18T12:09:36Z</time>
                                                <extensions>
                            <sog>0.0</sog>
<cog>350.9</cog>
                        </extensions>
                    </trkpt>
                    <trkpt lat="54.328205000000004" lon="10.181081666666667">
                        <ele>0</ele>
                        <time>2022-08-18T12:12:42Z</time>
                                                <extensions>
                            <sog>0.0</sog>
<cog>350.9</cog>
                        </extensions>
                    </trkpt>
                    <trkpt lat="54.32819166666666" lon="10.18112">
                        <ele>0</ele>
                        <time>2022-08-18T12:15:38Z</time>
                                                <extensions>
                            <sog>0.0</sog>
<cog>350.9</cog>
                        </extensions>
                    </trkpt>
                    <trkpt lat="54.328155" lon="10.181053333333333">
                        <ele>0</ele>
                        <time>2022-08-18T12:18:42Z</time>
                                                <extensions>
                            <sog>0.0</sog>
<cog>350.9</cog>
                        </extensions>
                    </trkpt>
                    <trkpt lat="54.328136666666666" lon="10.181168333333334">
                        <ele>0</ele>
                        <time>2022-08-18T12:21:42Z</time>
                                                <extensions>
                            <sog>0.0</sog>
<cog>350.9</cog>
                        </extensions>
                    </trkpt>
                    <trkpt lat="54.32812166666667" lon="10.181031666666666">
                        <ele>0</ele>
                        <time>2022-08-18T12:24:41Z</time>
                                                <extensions>
                            <sog>0.0</sog>
<cog>350.9</cog>
                        </extensions>
                    </trkpt>
                    <trkpt lat="54.328163333333336" lon="10.181083333333333">
                        <ele>0</ele>
                        <time>2022-08-18T12:27:40Z</time>
                                                <extensions>
                            <sog>0.0</sog>
<cog>350.9</cog>
                        </extensions>
                    </trkpt>
                    <trkpt lat="54.32816166666667" lon="10.181043333333333">
                        <ele>0</ele>
                        <time>2022-08-18T12:30:41Z</time>
                                                <extensions>
                            <sog>0.0</sog>
<cog>350.9</cog>
                        </extensions>
                    </trkpt>
                    <trkpt lat="54.328176666666664" lon="10.181078333333334">
                        <ele>0</ele>
                        <time>2022-08-18T12:33:42Z</time>
                                                <extensions>
                            <sog>0.0</sog>
<cog>350.9</cog>
                        </extensions>
                    </trkpt>
                    <trkpt lat="54.32816666666667" lon="10.181041666666665">
                        <ele>0</ele>
                        <time>2022-08-18T12:36:39Z</time>
                                                <extensions>
                            <sog>0.0</sog>
<cog>350.9</cog>
                        </extensions>
                    </trkpt>
                    <trkpt lat="54.32815666666667" lon="10.181081666666667">
                        <ele>0</ele>
                        <time>2022-08-18T12:39:37Z</time>
                                                <extensions>
                            <sog>0.0</sog>
<cog>350.9</cog>
                        </extensions>
                    </trkpt>
                    <trkpt lat="54.328163333333336" lon="10.181108333333333">
                        <ele>0</ele>
                        <time>2022-08-18T12:42:40Z</time>
                                                <extensions>
                            <sog>0.0</sog>
<cog>350.9</cog>
                        </extensions>
                    </trkpt>
                    <trkpt lat="54.32815666666667" lon="10.181086666666666">
                        <ele>0</ele>
                        <time>2022-08-18T12:45:41Z</time>
                                                <extensions>
                            <sog>0.0</sog>
<cog>350.9</cog>
                        </extensions>
                    </trkpt>
                    <trkpt lat="54.32815666666667" lon="10.181086666666666">
                        <ele>0</ele>
                        <time>2022-08-18T12:45:41Z</time>
                                                <extensions>
                            <sog>0.0</sog>
<cog>350.9</cog>
                        </extensions>
                    </trkpt>
                    <trkpt lat="54.328155" lon="10.181011666666667">
                        <ele>0</ele>
                        <time>2022-08-18T12:48:40Z</time>
                                                <extensions>
                            <sog>0.0</sog>
<cog>350.9</cog>
                        </extensions>
                    </trkpt>
                    <trkpt lat="54.32817333333333" lon="10.181066666666668">
                        <ele>0</ele>
                        <time>2022-08-18T12:51:39Z</time>
                                                <extensions>
                            <sog>0.0</sog>
<cog>350.9</cog>
                        </extensions>
                    </trkpt>
                    <trkpt lat="54.32817333333333" lon="10.181066666666668">
                        <ele>0</ele>
                        <time>2022-08-18T12:51:39Z</time>
                                                <extensions>
                            <sog>0.0</sog>
<cog>350.9</cog>
                        </extensions>
                    </trkpt>
                    <trkpt lat="54.328165" lon="10.181064999999998">
                        <ele>0</ele>
                        <time>2022-08-18T12:54:42Z</time>
                                                <extensions>
                            <sog>0.0</sog>
<cog>350.9</cog>
                        </extensions>
                    </trkpt>
                    <trkpt lat="54.32817333333333" lon="10.181101666666667">
                        <ele>0</ele>
                        <time>2022-08-18T12:57:39Z</time>
                                                <extensions>
                            <sog>0.0</sog>
<cog>350.9</cog>
                        </extensions>
                    </trkpt>
                    <trkpt lat="54.32816666666667" lon="10.181121666666666">
                        <ele>0</ele>
                        <time>2022-08-18T13:00:40Z</time>
                                                <extensions>
                            <sog>0.0</sog>
<cog>350.9</cog>
                        </extensions>
                    </trkpt>
                    <trkpt lat="54.32816666666667" lon="10.181121666666666">
                        <ele>0</ele>
                        <time>2022-08-18T13:00:40Z</time>
                                                <extensions>
                            <sog>0.0</sog>
<cog>350.9</cog>
                        </extensions>
                    </trkpt>
                    <trkpt lat="54.32814166666667" lon="10.181126666666668">
                        <ele>0</ele>
                        <time>2022-08-18T13:03:40Z</time>
                                                <extensions>
                            <sog>0.0</sog>
<cog>350.9</cog>
                        </extensions>
                    </trkpt>
                    <trkpt lat="54.32817333333333" lon="10.181125">
                        <ele>0</ele>
                        <time>2022-08-18T13:06:41Z</time>
                                                <extensions>
                            <sog>0.0</sog>
<cog>350.9</cog>
                        </extensions>
                    </trkpt>
                    <trkpt lat="54.32816166666667" lon="10.181090000000001">
                        <ele>0</ele>
                        <time>2022-08-18T13:09:41Z</time>
                                                <extensions>
                            <sog>0.0</sog>
<cog>350.9</cog>
                        </extensions>
                    </trkpt>
                    <trkpt lat="54.32814333333333" lon="10.181078333333334">
                        <ele>0</ele>
                        <time>2022-08-18T13:12:37Z</time>
                                                <extensions>
                            <sog>0.0</sog>
<cog>350.9</cog>
                        </extensions>
                    </trkpt>
                    <trkpt lat="54.32814833333334" lon="10.18107">
                        <ele>0</ele>
                        <time>2022-08-18T13:15:39Z</time>
                                                <extensions>
                            <sog>0.0</sog>
<cog>350.9</cog>
                        </extensions>
                    </trkpt>
                    <trkpt lat="54.32817" lon="10.181098333333333">
                        <ele>0</ele>
                        <time>2022-08-18T13:18:41Z</time>
                                                <extensions>
                            <sog>0.0</sog>
<cog>350.9</cog>
                        </extensions>
                    </trkpt>
                    <trkpt lat="54.32813833333333" lon="10.181064999999998">
                        <ele>0</ele>
                        <time>2022-08-18T13:21:42Z</time>
                                                <extensions>
                            <sog>0.0</sog>
<cog>350.9</cog>
                        </extensions>
                    </trkpt>
                    <trkpt lat="54.32814666666666" lon="10.18112">
                        <ele>0</ele>
                        <time>2022-08-18T13:24:39Z</time>
                                                <extensions>
                            <sog>0.0</sog>
<cog>350.9</cog>
                        </extensions>
                    </trkpt>
                    <trkpt lat="54.32815166666667" lon="10.181098333333333">
                        <ele>0</ele>
                        <time>2022-08-18T13:27:42Z</time>
                                                <extensions>
                            <sog>0.0</sog>
<cog>350.9</cog>
                        </extensions>
                    </trkpt>
                    <trkpt lat="54.32814166666667" lon="10.181064999999998">
                        <ele>0</ele>
                        <time>2022-08-18T13:30:41Z</time>
                                                <extensions>
                            <sog>0.0</sog>
<cog>350.9</cog>
                        </extensions>
                    </trkpt>
                    <trkpt lat="54.328134999999996" lon="10.181115">
                        <ele>0</ele>
                        <time>2022-08-18T13:33:42Z</time>
                                                <extensions>
                            <sog>0.0</sog>
<cog>350.9</cog>
                        </extensions>
                    </trkpt>
                    <trkpt lat="54.32815" lon="10.181123333333334">
                        <ele>0</ele>
                        <time>2022-08-18T13:36:40Z</time>
                                                <extensions>
                            <sog>0.0</sog>
<cog>350.9</cog>
                        </extensions>
                    </trkpt>
                    <trkpt lat="54.32813833333333" lon="10.181090000000001">
                        <ele>0</ele>
                        <time>2022-08-18T13:39:40Z</time>
                                                <extensions>
                            <sog>0.0</sog>
<cog>350.9</cog>
                        </extensions>
                    </trkpt>
                    <trkpt lat="54.328155" lon="10.18108">
                        <ele>0</ele>
                        <time>2022-08-18T13:42:42Z</time>
                                                <extensions>
                            <sog>0.0</sog>
<cog>350.9</cog>
                        </extensions>
                    </trkpt>
                    <trkpt lat="54.32817" lon="10.181078333333334">
                        <ele>0</ele>
                        <time>2022-08-18T13:45:40Z</time>
                                                <extensions>
                            <sog>0.0</sog>
<cog>350.9</cog>
                        </extensions>
                    </trkpt>
                    <trkpt lat="54.32815666666667" lon="10.181111666666668">
                        <ele>0</ele>
                        <time>2022-08-18T13:48:41Z</time>
                                                <extensions>
                            <sog>0.0</sog>
<cog>350.9</cog>
                        </extensions>
                    </trkpt>
                    <trkpt lat="54.328181666666666" lon="10.181113333333334">
                        <ele>0</ele>
                        <time>2022-08-18T13:51:36Z</time>
                                                <extensions>
                            <sog>0.0</sog>
<cog>350.9</cog>
                        </extensions>
                    </trkpt>
                    <trkpt lat="54.32820666666667" lon="10.18112">
                        <ele>0</ele>
                        <time>2022-08-18T13:54:40Z</time>
                                                <extensions>
                            <sog>0.0</sog>
<cog>350.9</cog>
                        </extensions>
                    </trkpt>
                    <trkpt lat="54.32817" lon="10.181118333333334">
                        <ele>0</ele>
                        <time>2022-08-18T13:57:41Z</time>
                                                <extensions>
                            <sog>0.0</sog>
<cog>350.9</cog>
                        </extensions>
                    </trkpt>
                    <trkpt lat="54.32817166666667" lon="10.181095">
                        <ele>0</ele>
                        <time>2022-08-18T14:00:39Z</time>
                                                <extensions>
                            <sog>0.0</sog>
<cog>350.9</cog>
                        </extensions>
                    </trkpt>
                    <trkpt lat="54.32817166666667" lon="10.181095">
                        <ele>0</ele>
                        <time>2022-08-18T14:00:39Z</time>
                                                <extensions>
                            <sog>0.0</sog>
<cog>350.9</cog>
                        </extensions>
                    </trkpt>
                    <trkpt lat="54.32816666666667" lon="10.181090000000001">
                        <ele>0</ele>
                        <time>2022-08-18T14:03:40Z</time>
                                                <extensions>
                            <sog>0.0</sog>
<cog>350.9</cog>
                        </extensions>
                    </trkpt>
                    <trkpt lat="54.328158333333334" lon="10.181098333333333">
                        <ele>0</ele>
                        <time>2022-08-18T14:06:40Z</time>
                                                <extensions>
                            <sog>0.0</sog>
<cog>350.9</cog>
                        </extensions>
                    </trkpt>
                    <trkpt lat="54.32812666666667" lon="10.181108333333333">
                        <ele>0</ele>
                        <time>2022-08-18T14:09:40Z</time>
                                                <extensions>
                            <sog>0.0</sog>
<cog>350.9</cog>
                        </extensions>
                    </trkpt>
                    <trkpt lat="54.32823" lon="10.181054999999999">
                        <ele>0</ele>
                        <time>2022-08-18T14:12:38Z</time>
                                                <extensions>
                            <sog>0.0</sog>
<cog>350.9</cog>
                        </extensions>
                    </trkpt>
                    <trkpt lat="54.32815" lon="10.181144999999999">
                        <ele>0</ele>
                        <time>2022-08-18T14:15:40Z</time>
                                                <extensions>
                            <sog>0.0</sog>
<cog>350.9</cog>
                        </extensions>
                    </trkpt>
                    <trkpt lat="54.32814333333333" lon="10.18107">
                        <ele>0</ele>
                        <time>2022-08-18T14:18:36Z</time>
                                                <extensions>
                            <sog>0.0</sog>
<cog>350.9</cog>
                        </extensions>
                    </trkpt>
                    <trkpt lat="54.328185" lon="10.181085">
                        <ele>0</ele>
                        <time>2022-08-18T14:21:41Z</time>
                                                <extensions>
                            <sog>0.0</sog>
<cog>350.9</cog>
                        </extensions>
                    </trkpt>
                    <trkpt lat="54.32815" lon="10.181011666666667">
                        <ele>0</ele>
                        <time>2022-08-18T14:24:42Z</time>
                                                <extensions>
                            <sog>0.0</sog>
<cog>350.9</cog>
                        </extensions>
                    </trkpt>
                    <trkpt lat="54.32815666666667" lon="10.181031666666666">
                        <ele>0</ele>
                        <time>2022-08-18T14:27:40Z</time>
                                                <extensions>
                            <sog>0.0</sog>
<cog>350.9</cog>
                        </extensions>
                    </trkpt>
                    <trkpt lat="54.328155" lon="10.181106666666667">
                        <ele>0</ele>
                        <time>2022-08-18T14:30:40Z</time>
                                                <extensions>
                            <sog>0.0</sog>
<cog>350.9</cog>
                        </extensions>
                    </trkpt>
                    <trkpt lat="54.32819333333334" lon="10.181111666666668">
                        <ele>0</ele>
                        <time>2022-08-18T14:33:42Z</time>
                                                <extensions>
                            <sog>0.0</sog>
<cog>350.9</cog>
                        </extensions>
                    </trkpt>
                    <trkpt lat="54.32814666666666" lon="10.181103333333335">
                        <ele>0</ele>
                        <time>2022-08-18T14:36:39Z</time>
                                                <extensions>
                            <sog>0.0</sog>
<cog>350.9</cog>
                        </extensions>
                    </trkpt>
                    <trkpt lat="54.328145" lon="10.181113333333334">
                        <ele>0</ele>
                        <time>2022-08-18T14:39:41Z</time>
                                                <extensions>
                            <sog>0.0</sog>
<cog>350.9</cog>
                        </extensions>
                    </trkpt>
                    <trkpt lat="54.328145" lon="10.181113333333334">
                        <ele>0</ele>
                        <time>2022-08-18T14:39:41Z</time>
                                                <extensions>
                            <sog>0.0</sog>
<cog>350.9</cog>
                        </extensions>
                    </trkpt>
                    <trkpt lat="54.32813833333333" lon="10.181173333333334">
                        <ele>0</ele>
                        <time>2022-08-18T14:42:38Z</time>
                                                <extensions>
                            <sog>0.0</sog>
<cog>350.9</cog>
                        </extensions>
                    </trkpt>
                    <trkpt lat="54.32814" lon="10.181058333333334">
                        <ele>0</ele>
                        <time>2022-08-18T14:45:42Z</time>
                                                <extensions>
                            <sog>0.0</sog>
<cog>350.9</cog>
                        </extensions>
                    </trkpt>
                    <trkpt lat="54.32814" lon="10.181058333333334">
                        <ele>0</ele>
                        <time>2022-08-18T14:45:42Z</time>
                                                <extensions>
                            <sog>0.0</sog>
<cog>350.9</cog>
                        </extensions>
                    </trkpt>
                    <trkpt lat="54.328155" lon="10.181095">
                        <ele>0</ele>
                        <time>2022-08-18T14:48:39Z</time>
                                                <extensions>
                            <sog>0.0</sog>
<cog>350.9</cog>
                        </extensions>
                    </trkpt>
                    <trkpt lat="54.328155" lon="10.181111666666668">
                        <ele>0</ele>
                        <time>2022-08-18T14:51:41Z</time>
                                                <extensions>
                            <sog>0.0</sog>
<cog>350.9</cog>
                        </extensions>
                    </trkpt>
                    <trkpt lat="54.328155" lon="10.181071666666666">
                        <ele>0</ele>
                        <time>2022-08-18T14:54:41Z</time>
                                                <extensions>
                            <sog>0.0</sog>
<cog>350.9</cog>
                        </extensions>
                    </trkpt>
                    <trkpt lat="54.32816166666667" lon="10.181051666666667">
                        <ele>0</ele>
                        <time>2022-08-18T14:57:43Z</time>
                                                <extensions>
                            <sog>0.0</sog>
<cog>350.9</cog>
                        </extensions>
                    </trkpt>
                    <trkpt lat="54.32814333333333" lon="10.181048333333333">
                        <ele>0</ele>
                        <time>2022-08-18T15:00:41Z</time>
                                                <extensions>
                            <sog>0.0</sog>
<cog>350.9</cog>
                        </extensions>
                    </trkpt>
                    <trkpt lat="54.32814333333333" lon="10.181048333333333">
                        <ele>0</ele>
                        <time>2022-08-18T15:00:41Z</time>
                                                <extensions>
                            <sog>0.0</sog>
<cog>350.9</cog>
                        </extensions>
                    </trkpt>
                    <trkpt lat="54.32812333333333" lon="10.181056666666667">
                        <ele>0</ele>
                        <time>2022-08-18T15:03:42Z</time>
                                                <extensions>
                            <sog>0.0</sog>
<cog>350.9</cog>
                        </extensions>
                    </trkpt>
                    <trkpt lat="54.32813833333333" lon="10.181076666666666">
                        <ele>0</ele>
                        <time>2022-08-18T15:06:41Z</time>
                                                <extensions>
                            <sog>0.0</sog>
<cog>350.9</cog>
                        </extensions>
                    </trkpt>
                    <trkpt lat="54.32815333333333" lon="10.181064999999998">
                        <ele>0</ele>
                        <time>2022-08-18T15:09:41Z</time>
                                                <extensions>
                            <sog>0.0</sog>
<cog>350.9</cog>
                        </extensions>
                    </trkpt>
                    <trkpt lat="54.328155" lon="10.181144999999999">
                        <ele>0</ele>
                        <time>2022-08-18T15:12:42Z</time>
                                                <extensions>
                            <sog>0.0</sog>
<cog>350.9</cog>
                        </extensions>
                    </trkpt>
                    <trkpt lat="54.328165" lon="10.181093333333333">
                        <ele>0</ele>
                        <time>2022-08-18T15:15:37Z</time>
                                                <extensions>
                            <sog>0.0</sog>
<cog>350.9</cog>
                        </extensions>
                    </trkpt>
                    <trkpt lat="54.32814333333333" lon="10.181096666666667">
                        <ele>0</ele>
                        <time>2022-08-18T15:18:37Z</time>
                                                <extensions>
                            <sog>0.0</sog>
<cog>350.9</cog>
                        </extensions>
                    </trkpt>
                    <trkpt lat="54.32814" lon="10.181115">
                        <ele>0</ele>
                        <time>2022-08-18T15:21:42Z</time>
                                                <extensions>
                            <sog>0.0</sog>
<cog>350.9</cog>
                        </extensions>
                    </trkpt>
                    <trkpt lat="54.328089999999996" lon="10.181085">
                        <ele>0</ele>
                        <time>2022-08-18T15:24:40Z</time>
                                                <extensions>
                            <sog>0.0</sog>
<cog>350.9</cog>
                        </extensions>
                    </trkpt>
                    <trkpt lat="54.328145" lon="10.18112">
                        <ele>0</ele>
                        <time>2022-08-18T15:27:43Z</time>
                                                <extensions>
                            <sog>0.0</sog>
<cog>350.9</cog>
                        </extensions>
                    </trkpt>
                    <trkpt lat="54.32814333333333" lon="10.181111666666668">
                        <ele>0</ele>
                        <time>2022-08-18T15:30:40Z</time>
                                                <extensions>
                            <sog>0.0</sog>
<cog>350.9</cog>
                        </extensions>
                    </trkpt>
                    <trkpt lat="54.328115000000004" lon="10.181099999999999">
                        <ele>0</ele>
                        <time>2022-08-18T15:33:41Z</time>
                                                <extensions>
                            <sog>0.0</sog>
<cog>350.9</cog>
                        </extensions>
                    </trkpt>
                    <trkpt lat="54.328115000000004" lon="10.181099999999999">
                        <ele>0</ele>
                        <time>2022-08-18T15:33:41Z</time>
                                                <extensions>
                            <sog>0.0</sog>
<cog>350.9</cog>
                        </extensions>
                    </trkpt>
                    <trkpt lat="54.328131666666664" lon="10.181128333333334">
                        <ele>0</ele>
                        <time>2022-08-18T15:36:41Z</time>
                                                <extensions>
                            <sog>0.0</sog>
<cog>350.9</cog>
                        </extensions>
                    </trkpt>
                    <trkpt lat="54.32815166666667" lon="10.181116666666666">
                        <ele>0</ele>
                        <time>2022-08-18T15:39:39Z</time>
                                                <extensions>
                            <sog>0.0</sog>
<cog>350.9</cog>
                        </extensions>
                    </trkpt>
                    <trkpt lat="54.32815333333333" lon="10.181071666666666">
                        <ele>0</ele>
                        <time>2022-08-18T15:42:41Z</time>
                                                <extensions>
                            <sog>0.0</sog>
<cog>350.9</cog>
                        </extensions>
                    </trkpt>
                    <trkpt lat="54.32816666666667" lon="10.181056666666667">
                        <ele>0</ele>
                        <time>2022-08-18T15:45:41Z</time>
                                                <extensions>
                            <sog>0.0</sog>
<cog>350.9</cog>
                        </extensions>
                    </trkpt>
                    <trkpt lat="54.32816666666667" lon="10.181056666666667">
                        <ele>0</ele>
                        <time>2022-08-18T15:45:41Z</time>
                                                <extensions>
                            <sog>0.0</sog>
<cog>350.9</cog>
                        </extensions>
                    </trkpt>
                    <trkpt lat="54.328179999999996" lon="10.181115">
                        <ele>0</ele>
                        <time>2022-08-18T15:48:40Z</time>
                                                <extensions>
                            <sog>0.0</sog>
<cog>350.9</cog>
                        </extensions>
                    </trkpt>
                    <trkpt lat="54.32815333333333" lon="10.181093333333333">
                        <ele>0</ele>
                        <time>2022-08-18T15:51:41Z</time>
                                                <extensions>
                            <sog>0.0</sog>
<cog>350.9</cog>
                        </extensions>
                    </trkpt>
                    <trkpt lat="54.328155" lon="10.181088333333333">
                        <ele>0</ele>
                        <time>2022-08-18T15:54:40Z</time>
                                                <extensions>
                            <sog>0.0</sog>
<cog>350.9</cog>
                        </extensions>
                    </trkpt>
                    <trkpt lat="54.32814833333334" lon="10.181083333333333">
                        <ele>0</ele>
                        <time>2022-08-18T15:57:42Z</time>
                                                <extensions>
                            <sog>0.0</sog>
<cog>350.9</cog>
                        </extensions>
                    </trkpt>
                    <trkpt lat="54.328133333333334" lon="10.181118333333334">
                        <ele>0</ele>
                        <time>2022-08-18T16:00:40Z</time>
                                                <extensions>
                            <sog>0.0</sog>
<cog>350.9</cog>
                        </extensions>
                    </trkpt>
                    <trkpt lat="54.328133333333334" lon="10.181118333333334">
                        <ele>0</ele>
                        <time>2022-08-18T16:00:40Z</time>
                                                <extensions>
                            <sog>0.0</sog>
<cog>350.9</cog>
                        </extensions>
                    </trkpt>
                    <trkpt lat="54.328175" lon="10.181099999999999">
                        <ele>0</ele>
                        <time>2022-08-18T16:06:42Z</time>
                                                <extensions>
                            <sog>0.0</sog>
<cog>350.9</cog>
                        </extensions>
                    </trkpt>
                    <trkpt lat="54.32814833333334" lon="10.181098333333333">
                        <ele>0</ele>
                        <time>2022-08-18T16:09:41Z</time>
                                                <extensions>
                            <sog>0.0</sog>
<cog>350.9</cog>
                        </extensions>
                    </trkpt>
                    <trkpt lat="54.328145" lon="10.181095">
                        <ele>0</ele>
                        <time>2022-08-18T16:12:44Z</time>
                                                <extensions>
                            <sog>0.0</sog>
<cog>350.9</cog>
                        </extensions>
                    </trkpt>
                    <trkpt lat="54.32814833333334" lon="10.181111666666668">
                        <ele>0</ele>
                        <time>2022-08-18T16:15:39Z</time>
                                                <extensions>
                            <sog>0.0</sog>
<cog>350.9</cog>
                        </extensions>
                    </trkpt>
                    <trkpt lat="54.328158333333334" lon="10.18114">
                        <ele>0</ele>
                        <time>2022-08-18T16:18:44Z</time>
                                                <extensions>
                            <sog>0.0</sog>
<cog>350.9</cog>
                        </extensions>
                    </trkpt>
                    <trkpt lat="54.328133333333334" lon="10.181168333333334">
                        <ele>0</ele>
                        <time>2022-08-18T16:21:42Z</time>
                                                <extensions>
                            <sog>0.0</sog>
<cog>350.9</cog>
                        </extensions>
                    </trkpt>
                    <trkpt lat="54.328176666666664" lon="10.18113">
                        <ele>0</ele>
                        <time>2022-08-18T16:24:44Z</time>
                                                <extensions>
                            <sog>0.0</sog>
<cog>350.9</cog>
                        </extensions>
                    </trkpt>
                    <trkpt lat="54.32814" lon="10.181086666666666">
                        <ele>0</ele>
                        <time>2022-08-18T16:27:40Z</time>
                                                <extensions>
                            <sog>0.0</sog>
<cog>350.9</cog>
                        </extensions>
                    </trkpt>
                    <trkpt lat="54.32814" lon="10.181086666666666">
                        <ele>0</ele>
                        <time>2022-08-18T16:27:40Z</time>
                                                <extensions>
                            <sog>0.0</sog>
<cog>350.9</cog>
                        </extensions>
                    </trkpt>
                    <trkpt lat="54.32817166666667" lon="10.181099999999999">
                        <ele>0</ele>
                        <time>2022-08-18T16:30:44Z</time>
                                                <extensions>
                            <sog>0.0</sog>
<cog>350.9</cog>
                        </extensions>
                    </trkpt>
                    <trkpt lat="54.32817" lon="10.181093333333333">
                        <ele>0</ele>
                        <time>2022-08-18T16:33:42Z</time>
                                                <extensions>
                            <sog>0.0</sog>
<cog>350.9</cog>
                        </extensions>
                    </trkpt>
                    <trkpt lat="54.32817" lon="10.181093333333333">
                        <ele>0</ele>
                        <time>2022-08-18T16:33:42Z</time>
                                                <extensions>
                            <sog>0.0</sog>
<cog>350.9</cog>
                        </extensions>
                    </trkpt>
                    <trkpt lat="54.328136666666666" lon="10.181096666666667">
                        <ele>0</ele>
                        <time>2022-08-18T16:36:37Z</time>
                                                <extensions>
                            <sog>0.0</sog>
<cog>350.9</cog>
                        </extensions>
                    </trkpt>
                    <trkpt lat="54.32815666666667" lon="10.181078333333334">
                        <ele>0</ele>
                        <time>2022-08-18T16:39:43Z</time>
                                                <extensions>
                            <sog>0.0</sog>
<cog>350.9</cog>
                        </extensions>
                    </trkpt>
                    <trkpt lat="54.328155" lon="10.181083333333333">
                        <ele>0</ele>
                        <time>2022-08-18T16:42:40Z</time>
                                                <extensions>
                            <sog>0.0</sog>
<cog>350.9</cog>
                        </extensions>
                    </trkpt>
                    <trkpt lat="54.32814666666666" lon="10.181105">
                        <ele>0</ele>
                        <time>2022-08-18T16:45:44Z</time>
                                                <extensions>
                            <sog>0.0</sog>
<cog>350.9</cog>
                        </extensions>
                    </trkpt>
                    <trkpt lat="54.328125" lon="10.18113">
                        <ele>0</ele>
                        <time>2022-08-18T16:48:39Z</time>
                                                <extensions>
                            <sog>0.0</sog>
<cog>350.9</cog>
                        </extensions>
                    </trkpt>
                    <trkpt lat="54.32814166666667" lon="10.181115">
                        <ele>0</ele>
                        <time>2022-08-18T16:51:42Z</time>
                                                <extensions>
                            <sog>0.0</sog>
<cog>350.9</cog>
                        </extensions>
                    </trkpt>
                    <trkpt lat="54.32816666666667" lon="10.181083333333333">
                        <ele>0</ele>
                        <time>2022-08-18T16:54:42Z</time>
                                                <extensions>
                            <sog>0.0</sog>
<cog>350.9</cog>
                        </extensions>
                    </trkpt>
                    <trkpt lat="54.328163333333336" lon="10.181083333333333">
                        <ele>0</ele>
                        <time>2022-08-18T16:57:40Z</time>
                                                <extensions>
                            <sog>0.0</sog>
<cog>350.9</cog>
                        </extensions>
                    </trkpt>
                    <trkpt lat="54.328175" lon="10.181063333333332">
                        <ele>0</ele>
                        <time>2022-08-18T17:00:44Z</time>
                                                <extensions>
                            <sog>0.0</sog>
<cog>350.9</cog>
                        </extensions>
                    </trkpt>
                    <trkpt lat="54.328175" lon="10.181063333333332">
                        <ele>0</ele>
                        <time>2022-08-18T17:00:44Z</time>
                                                <extensions>
                            <sog>0.0</sog>
<cog>350.9</cog>
                        </extensions>
                    </trkpt>
                    <trkpt lat="54.328181666666666" lon="10.181099999999999">
                        <ele>0</ele>
                        <time>2022-08-18T17:03:39Z</time>
                                                <extensions>
                            <sog>0.0</sog>
<cog>350.9</cog>
                        </extensions>
                    </trkpt>
                    <trkpt lat="54.328181666666666" lon="10.181099999999999">
                        <ele>0</ele>
                        <time>2022-08-18T17:03:39Z</time>
                                                <extensions>
                            <sog>0.0</sog>
<cog>350.9</cog>
                        </extensions>
                    </trkpt>
                    <trkpt lat="54.328163333333336" lon="10.181088333333333">
                        <ele>0</ele>
                        <time>2022-08-18T17:06:43Z</time>
                                                <extensions>
                            <sog>0.0</sog>
<cog>350.9</cog>
                        </extensions>
                    </trkpt>
                    <trkpt lat="54.328158333333334" lon="10.181081666666667">
                        <ele>0</ele>
                        <time>2022-08-18T17:09:43Z</time>
                                                <extensions>
                            <sog>0.0</sog>
<cog>350.9</cog>
                        </extensions>
                    </trkpt>
                    <trkpt lat="54.328158333333334" lon="10.181081666666667">
                        <ele>0</ele>
                        <time>2022-08-18T17:09:43Z</time>
                                                <extensions>
                            <sog>0.0</sog>
<cog>350.9</cog>
                        </extensions>
                    </trkpt>
                    <trkpt lat="54.328203333333335" lon="10.181121666666666">
                        <ele>0</ele>
                        <time>2022-08-18T17:12:44Z</time>
                                                <extensions>
                            <sog>0.0</sog>
<cog>350.9</cog>
                        </extensions>
                    </trkpt>
                    <trkpt lat="54.32819333333334" lon="10.181095">
                        <ele>0</ele>
                        <time>2022-08-18T17:15:43Z</time>
                                                <extensions>
                            <sog>0.0</sog>
<cog>350.9</cog>
                        </extensions>
                    </trkpt>
                    <trkpt lat="54.328160000000004" lon="10.18113">
                        <ele>0</ele>
                        <time>2022-08-18T17:18:45Z</time>
                                                <extensions>
                            <sog>0.0</sog>
<cog>350.9</cog>
                        </extensions>
                    </trkpt>
                    <trkpt lat="54.32819666666667" lon="10.181106666666667">
                        <ele>0</ele>
                        <time>2022-08-18T17:21:42Z</time>
                                                <extensions>
                            <sog>0.0</sog>
<cog>350.9</cog>
                        </extensions>
                    </trkpt>
                    <trkpt lat="54.32816666666667" lon="10.181096666666667">
                        <ele>0</ele>
                        <time>2022-08-18T17:24:45Z</time>
                                                <extensions>
                            <sog>0.0</sog>
<cog>350.9</cog>
                        </extensions>
                    </trkpt>
                    <trkpt lat="54.32809333333333" lon="10.181095">
                        <ele>0</ele>
                        <time>2022-08-18T17:27:43Z</time>
                                                <extensions>
                            <sog>0.0</sog>
<cog>350.9</cog>
                        </extensions>
                    </trkpt>
                    <trkpt lat="54.32815333333333" lon="10.181036666666667">
                        <ele>0</ele>
                        <time>2022-08-18T17:30:45Z</time>
                                                <extensions>
                            <sog>0.0</sog>
<cog>350.9</cog>
                        </extensions>
                    </trkpt>
                    <trkpt lat="54.328155" lon="10.181073333333334">
                        <ele>0</ele>
                        <time>2022-08-18T17:33:42Z</time>
                                                <extensions>
                            <sog>0.0</sog>
<cog>350.9</cog>
                        </extensions>
                    </trkpt>
                    <trkpt lat="54.32817" lon="10.181090000000001">
                        <ele>0</ele>
                        <time>2022-08-18T17:36:45Z</time>
                                                <extensions>
                            <sog>0.0</sog>
<cog>350.9</cog>
                        </extensions>
                    </trkpt>
                    <trkpt lat="54.328185" lon="10.181105">
                        <ele>0</ele>
                        <time>2022-08-18T17:39:42Z</time>
                                                <extensions>
                            <sog>0.0</sog>
<cog>350.9</cog>
                        </extensions>
                    </trkpt>
                    <trkpt lat="54.328160000000004" lon="10.181109999999999">
                        <ele>0</ele>
                        <time>2022-08-18T17:42:46Z</time>
                                                <extensions>
                            <sog>0.0</sog>
<cog>350.9</cog>
                        </extensions>
                    </trkpt>
                    <trkpt lat="54.32815333333333" lon="10.18108">
                        <ele>0</ele>
                        <time>2022-08-18T17:45:44Z</time>
                                                <extensions>
                            <sog>0.0</sog>
<cog>350.9</cog>
                        </extensions>
                    </trkpt>
                    <trkpt lat="54.32815333333333" lon="10.18108">
                        <ele>0</ele>
                        <time>2022-08-18T17:45:44Z</time>
                                                <extensions>
                            <sog>0.0</sog>
<cog>350.9</cog>
                        </extensions>
                    </trkpt>
                    <trkpt lat="54.32822" lon="10.181116666666666">
                        <ele>0</ele>
                        <time>2022-08-18T17:48:38Z</time>
                                                <extensions>
                            <sog>0.0</sog>
<cog>350.9</cog>
                        </extensions>
                    </trkpt>
                    <trkpt lat="54.328131666666664" lon="10.181021666666668">
                        <ele>0</ele>
                        <time>2022-08-18T17:51:45Z</time>
                                                <extensions>
                            <sog>0.0</sog>
<cog>350.9</cog>
                        </extensions>
                    </trkpt>
                    <trkpt lat="54.328131666666664" lon="10.181021666666668">
                        <ele>0</ele>
                        <time>2022-08-18T17:51:45Z</time>
                                                <extensions>
                            <sog>0.0</sog>
<cog>350.9</cog>
                        </extensions>
                    </trkpt>
                    <trkpt lat="54.32815" lon="10.181046666666667">
                        <ele>0</ele>
                        <time>2022-08-18T17:54:43Z</time>
                                                <extensions>
                            <sog>0.0</sog>
<cog>350.9</cog>
                        </extensions>
                    </trkpt>
                    <trkpt lat="54.32808166666667" lon="10.181058333333334">
                        <ele>0</ele>
                        <time>2022-08-18T17:57:47Z</time>
                                                <extensions>
                            <sog>0.0</sog>
<cog>350.9</cog>
                        </extensions>
                    </trkpt>
                    <trkpt lat="54.32808166666667" lon="10.181058333333334">
                        <ele>0</ele>
                        <time>2022-08-18T17:57:47Z</time>
                                                <extensions>
                            <sog>0.0</sog>
<cog>350.9</cog>
                        </extensions>
                    </trkpt>
                    <trkpt lat="54.32821333333333" lon="10.181053333333333">
                        <ele>0</ele>
                        <time>2022-08-18T18:00:42Z</time>
                                                <extensions>
                            <sog>0.0</sog>
<cog>350.9</cog>
                        </extensions>
                    </trkpt>
                    <trkpt lat="54.32821333333333" lon="10.181053333333333">
                        <ele>0</ele>
                        <time>2022-08-18T18:00:42Z</time>
                                                <extensions>
                            <sog>0.0</sog>
<cog>350.9</cog>
                        </extensions>
                    </trkpt>
                    <trkpt lat="54.328176666666664" lon="10.181046666666667">
                        <ele>0</ele>
                        <time>2022-08-18T18:03:38Z</time>
                                                <extensions>
                            <sog>0.0</sog>
<cog>350.9</cog>
                        </extensions>
                    </trkpt>
                    <trkpt lat="54.328178333333334" lon="10.181095">
                        <ele>0</ele>
                        <time>2022-08-18T18:06:42Z</time>
                                                <extensions>
                            <sog>0.0</sog>
<cog>350.9</cog>
                        </extensions>
                    </trkpt>
                    <trkpt lat="54.32819166666666" lon="10.181090000000001">
                        <ele>0</ele>
                        <time>2022-08-18T18:09:42Z</time>
                                                <extensions>
                            <sog>0.0</sog>
<cog>350.9</cog>
                        </extensions>
                    </trkpt>
                    <trkpt lat="54.32819166666666" lon="10.181090000000001">
                        <ele>0</ele>
                        <time>2022-08-18T18:09:42Z</time>
                                                <extensions>
                            <sog>0.0</sog>
<cog>350.9</cog>
                        </extensions>
                    </trkpt>
                    <trkpt lat="54.328181666666666" lon="10.181109999999999">
                        <ele>0</ele>
                        <time>2022-08-18T18:12:42Z</time>
                                                <extensions>
                            <sog>0.0</sog>
<cog>350.9</cog>
                        </extensions>
                    </trkpt>
                    <trkpt lat="54.3282" lon="10.181085">
                        <ele>0</ele>
                        <time>2022-08-18T18:15:44Z</time>
                                                <extensions>
                            <sog>0.0</sog>
<cog>350.9</cog>
                        </extensions>
                    </trkpt>
                    <trkpt lat="54.32819333333334" lon="10.181153333333333">
                        <ele>0</ele>
                        <time>2022-08-18T18:18:43Z</time>
                                                <extensions>
                            <sog>0.0</sog>
<cog>350.9</cog>
                        </extensions>
                    </trkpt>
                    <trkpt lat="54.32814833333334" lon="10.181098333333333">
                        <ele>0</ele>
                        <time>2022-08-18T18:21:43Z</time>
                                                <extensions>
                            <sog>0.0</sog>
<cog>350.9</cog>
                        </extensions>
                    </trkpt>
                    <trkpt lat="54.32814833333334" lon="10.181098333333333">
                        <ele>0</ele>
                        <time>2022-08-18T18:21:43Z</time>
                                                <extensions>
                            <sog>0.0</sog>
<cog>350.9</cog>
                        </extensions>
                    </trkpt>
                    <trkpt lat="54.32814833333334" lon="10.181106666666667">
                        <ele>0</ele>
                        <time>2022-08-18T18:24:38Z</time>
                                                <extensions>
                            <sog>0.0</sog>
<cog>350.9</cog>
                        </extensions>
                    </trkpt>
                    <trkpt lat="54.328133333333334" lon="10.181048333333333">
                        <ele>0</ele>
                        <time>2022-08-18T18:27:38Z</time>
                                                <extensions>
                            <sog>0.0</sog>
<cog>350.9</cog>
                        </extensions>
                    </trkpt>
                    <trkpt lat="54.32816166666667" lon="10.18103">
                        <ele>0</ele>
                        <time>2022-08-18T18:30:43Z</time>
                                                <extensions>
                            <sog>0.0</sog>
<cog>350.9</cog>
                        </extensions>
                    </trkpt>
                    <trkpt lat="54.32812833333333" lon="10.181081666666667">
                        <ele>0</ele>
                        <time>2022-08-18T18:33:43Z</time>
                                                <extensions>
                            <sog>0.0</sog>
<cog>350.9</cog>
                        </extensions>
                    </trkpt>
                    <trkpt lat="54.32814333333333" lon="10.181068333333334">
                        <ele>0</ele>
                        <time>2022-08-18T18:36:38Z</time>
                                                <extensions>
                            <sog>0.0</sog>
<cog>350.9</cog>
                        </extensions>
                    </trkpt>
                    <trkpt lat="54.328185" lon="10.180983333333334">
                        <ele>0</ele>
                        <time>2022-08-18T18:39:41Z</time>
                                                <extensions>
                            <sog>0.0</sog>
<cog>350.9</cog>
                        </extensions>
                    </trkpt>
                    <trkpt lat="54.328185" lon="10.180983333333334">
                        <ele>0</ele>
                        <time>2022-08-18T18:39:41Z</time>
                                                <extensions>
                            <sog>0.0</sog>
<cog>350.9</cog>
                        </extensions>
                    </trkpt>
                    <trkpt lat="54.32816666666667" lon="10.18106">
                        <ele>0</ele>
                        <time>2022-08-18T18:42:42Z</time>
                                                <extensions>
                            <sog>0.0</sog>
<cog>350.9</cog>
                        </extensions>
                    </trkpt>
                    <trkpt lat="54.32818333333333" lon="10.181064999999998">
                        <ele>0</ele>
                        <time>2022-08-18T18:45:43Z</time>
                                                <extensions>
                            <sog>0.0</sog>
<cog>350.9</cog>
                        </extensions>
                    </trkpt>
                    <trkpt lat="54.32816833333333" lon="10.18104">
                        <ele>0</ele>
                        <time>2022-08-18T18:48:41Z</time>
                                                <extensions>
                            <sog>0.0</sog>
<cog>350.9</cog>
                        </extensions>
                    </trkpt>
                    <trkpt lat="54.32815666666667" lon="10.181099999999999">
                        <ele>0</ele>
                        <time>2022-08-18T18:51:41Z</time>
                                                <extensions>
                            <sog>0.0</sog>
<cog>350.9</cog>
                        </extensions>
                    </trkpt>
                    <trkpt lat="54.328185" lon="10.181118333333334">
                        <ele>0</ele>
                        <time>2022-08-18T18:54:40Z</time>
                                                <extensions>
                            <sog>0.0</sog>
<cog>350.9</cog>
                        </extensions>
                    </trkpt>
                    <trkpt lat="54.32816833333333" lon="10.181075">
                        <ele>0</ele>
                        <time>2022-08-18T18:57:42Z</time>
                                                <extensions>
                            <sog>0.0</sog>
<cog>350.9</cog>
                        </extensions>
                    </trkpt>
                    <trkpt lat="54.32814833333334" lon="10.181081666666667">
                        <ele>0</ele>
                        <time>2022-08-18T19:00:38Z</time>
                                                <extensions>
                            <sog>0.0</sog>
<cog>350.9</cog>
                        </extensions>
                    </trkpt>
                    <trkpt lat="54.32814833333334" lon="10.181081666666667">
                        <ele>0</ele>
                        <time>2022-08-18T19:00:38Z</time>
                                                <extensions>
                            <sog>0.0</sog>
<cog>350.9</cog>
                        </extensions>
                    </trkpt>
                    <trkpt lat="54.32815666666667" lon="10.181103333333335">
                        <ele>0</ele>
                        <time>2022-08-18T19:03:40Z</time>
                                                <extensions>
                            <sog>0.0</sog>
<cog>350.9</cog>
                        </extensions>
                    </trkpt>
                    <trkpt lat="54.328155" lon="10.181093333333333">
                        <ele>0</ele>
                        <time>2022-08-18T19:06:43Z</time>
                                                <extensions>
                            <sog>0.0</sog>
<cog>350.9</cog>
                        </extensions>
                    </trkpt>
                    <trkpt lat="54.32814333333333" lon="10.18105">
                        <ele>0</ele>
                        <time>2022-08-18T19:09:43Z</time>
                                                <extensions>
                            <sog>0.0</sog>
<cog>350.9</cog>
                        </extensions>
                    </trkpt>
                    <trkpt lat="54.328160000000004" lon="10.181088333333333">
                        <ele>0</ele>
                        <time>2022-08-18T19:12:38Z</time>
                                                <extensions>
                            <sog>0.0</sog>
<cog>350.9</cog>
                        </extensions>
                    </trkpt>
                    <trkpt lat="54.328221666666664" lon="10.181088333333333">
                        <ele>0</ele>
                        <time>2022-08-18T19:15:43Z</time>
                                                <extensions>
                            <sog>0.0</sog>
<cog>350.9</cog>
                        </extensions>
                    </trkpt>
                    <trkpt lat="54.328176666666664" lon="10.181081666666667">
                        <ele>0</ele>
                        <time>2022-08-18T19:18:42Z</time>
                                                <extensions>
                            <sog>0.0</sog>
<cog>350.9</cog>
                        </extensions>
                    </trkpt>
                    <trkpt lat="54.32816833333333" lon="10.18106">
                        <ele>0</ele>
                        <time>2022-08-18T19:21:39Z</time>
                                                <extensions>
                            <sog>0.0</sog>
<cog>350.9</cog>
                        </extensions>
                    </trkpt>
                    <trkpt lat="54.32814833333334" lon="10.181036666666667">
                        <ele>0</ele>
                        <time>2022-08-18T19:24:42Z</time>
                                                <extensions>
                            <sog>0.0</sog>
<cog>350.9</cog>
                        </extensions>
                    </trkpt>
                    <trkpt lat="54.32815166666667" lon="10.181005">
                        <ele>0</ele>
                        <time>2022-08-18T19:27:40Z</time>
                                                <extensions>
                            <sog>0.0</sog>
<cog>350.9</cog>
                        </extensions>
                    </trkpt>
                    <trkpt lat="54.32817166666667" lon="10.181015">
                        <ele>0</ele>
                        <time>2022-08-18T19:30:43Z</time>
                                                <extensions>
                            <sog>0.0</sog>
<cog>350.9</cog>
                        </extensions>
                    </trkpt>
                    <trkpt lat="54.328181666666666" lon="10.181035000000001">
                        <ele>0</ele>
                        <time>2022-08-18T19:33:42Z</time>
                                                <extensions>
                            <sog>0.0</sog>
<cog>350.9</cog>
                        </extensions>
                    </trkpt>
                    <trkpt lat="54.328195" lon="10.181103333333335">
                        <ele>0</ele>
                        <time>2022-08-18T19:36:41Z</time>
                                                <extensions>
                            <sog>0.0</sog>
<cog>350.9</cog>
                        </extensions>
                    </trkpt>
                    <trkpt lat="54.328158333333334" lon="10.181088333333333">
                        <ele>0</ele>
                        <time>2022-08-18T19:39:41Z</time>
                                                <extensions>
                            <sog>0.0</sog>
<cog>350.9</cog>
                        </extensions>
                    </trkpt>
                    <trkpt lat="54.328158333333334" lon="10.181138333333333">
                        <ele>0</ele>
                        <time>2022-08-18T19:42:44Z</time>
                                                <extensions>
                            <sog>0.0</sog>
<cog>350.9</cog>
                        </extensions>
                    </trkpt>
                    <trkpt lat="54.328105" lon="10.181064999999998">
                        <ele>0</ele>
                        <time>2022-08-18T19:45:40Z</time>
                                                <extensions>
                            <sog>0.0</sog>
<cog>350.9</cog>
                        </extensions>
                    </trkpt>
                    <trkpt lat="54.328185" lon="10.181073333333334">
                        <ele>0</ele>
                        <time>2022-08-18T19:48:45Z</time>
                                                <extensions>
                            <sog>0.0</sog>
<cog>350.9</cog>
                        </extensions>
                    </trkpt>
                    <trkpt lat="54.328181666666666" lon="10.181083333333333">
                        <ele>0</ele>
                        <time>2022-08-18T19:51:40Z</time>
                                                <extensions>
                            <sog>0.0</sog>
<cog>350.9</cog>
                        </extensions>
                    </trkpt>
                    <trkpt lat="54.32819666666667" lon="10.181091666666667">
                        <ele>0</ele>
                        <time>2022-08-18T19:54:45Z</time>
                                                <extensions>
                            <sog>0.0</sog>
<cog>350.9</cog>
                        </extensions>
                    </trkpt>
                    <trkpt lat="54.32817333333333" lon="10.181031666666666">
                        <ele>0</ele>
                        <time>2022-08-18T19:57:43Z</time>
                                                <extensions>
                            <sog>0.0</sog>
<cog>350.9</cog>
                        </extensions>
                    </trkpt>
                    <trkpt lat="54.328163333333336" lon="10.181126666666668">
                        <ele>0</ele>
                        <time>2022-08-18T20:00:47Z</time>
                                                <extensions>
                            <sog>0.0</sog>
<cog>350.9</cog>
                        </extensions>
                    </trkpt>
                    <trkpt lat="54.328163333333336" lon="10.181126666666668">
                        <ele>0</ele>
                        <time>2022-08-18T20:00:47Z</time>
                                                <extensions>
                            <sog>0.0</sog>
<cog>350.9</cog>
                        </extensions>
                    </trkpt>
                    <trkpt lat="54.328155" lon="10.181068333333334">
                        <ele>0</ele>
                        <time>2022-08-18T20:03:45Z</time>
                                                <extensions>
                            <sog>0.0</sog>
<cog>350.9</cog>
                        </extensions>
                    </trkpt>
                    <trkpt lat="54.328155" lon="10.181068333333334">
                        <ele>0</ele>
                        <time>2022-08-18T20:03:45Z</time>
                                                <extensions>
                            <sog>0.0</sog>
<cog>350.9</cog>
                        </extensions>
                    </trkpt>
                    <trkpt lat="54.32814333333333" lon="10.18108">
                        <ele>0</ele>
                        <time>2022-08-18T20:06:48Z</time>
                                                <extensions>
                            <sog>0.0</sog>
<cog>350.9</cog>
                        </extensions>
                    </trkpt>
                    <trkpt lat="54.328125" lon="10.181101666666667">
                        <ele>0</ele>
                        <time>2022-08-18T20:09:44Z</time>
                                                <extensions>
                            <sog>0.0</sog>
<cog>350.9</cog>
                        </extensions>
                    </trkpt>
                    <trkpt lat="54.328125" lon="10.181101666666667">
                        <ele>0</ele>
                        <time>2022-08-18T20:09:44Z</time>
                                                <extensions>
                            <sog>0.0</sog>
<cog>350.9</cog>
                        </extensions>
                    </trkpt>
                    <trkpt lat="54.32814833333334" lon="10.181043333333333">
                        <ele>0</ele>
                        <time>2022-08-18T20:12:48Z</time>
                                                <extensions>
                            <sog>0.0</sog>
<cog>350.9</cog>
                        </extensions>
                    </trkpt>
                    <trkpt lat="54.32819666666667" lon="10.180988333333334">
                        <ele>0</ele>
                        <time>2022-08-18T20:15:42Z</time>
                                                <extensions>
                            <sog>0.0</sog>
<cog>350.9</cog>
                        </extensions>
                    </trkpt>
                    <trkpt lat="54.32814833333334" lon="10.181038333333333">
                        <ele>0</ele>
                        <time>2022-08-18T20:18:38Z</time>
                                                <extensions>
                            <sog>0.0</sog>
<cog>350.9</cog>
                        </extensions>
                    </trkpt>
                    <trkpt lat="54.328160000000004" lon="10.181116666666666">
                        <ele>0</ele>
                        <time>2022-08-18T20:21:40Z</time>
                                                <extensions>
                            <sog>0.0</sog>
<cog>350.9</cog>
                        </extensions>
                    </trkpt>
                    <trkpt lat="54.32815666666667" lon="10.181015">
                        <ele>0</ele>
                        <time>2022-08-18T20:24:43Z</time>
                                                <extensions>
                            <sog>0.0</sog>
<cog>350.9</cog>
                        </extensions>
                    </trkpt>
                    <trkpt lat="54.328085" lon="10.181083333333333">
                        <ele>0</ele>
                        <time>2022-08-18T20:27:44Z</time>
                                                <extensions>
                            <sog>0.0</sog>
<cog>350.9</cog>
                        </extensions>
                    </trkpt>
                    <trkpt lat="54.32818833333333" lon="10.181026666666666">
                        <ele>0</ele>
                        <time>2022-08-18T20:30:44Z</time>
                                                <extensions>
                            <sog>0.0</sog>
<cog>350.9</cog>
                        </extensions>
                    </trkpt>
                    <trkpt lat="54.32816666666667" lon="10.181045000000001">
                        <ele>0</ele>
                        <time>2022-08-18T20:33:45Z</time>
                                                <extensions>
                            <sog>0.0</sog>
<cog>350.9</cog>
                        </extensions>
                    </trkpt>
                    <trkpt lat="54.328160000000004" lon="10.181035000000001">
                        <ele>0</ele>
                        <time>2022-08-18T20:36:43Z</time>
                                                <extensions>
                            <sog>0.0</sog>
<cog>350.9</cog>
                        </extensions>
                    </trkpt>
                    <trkpt lat="54.32815333333333" lon="10.181106666666667">
                        <ele>0</ele>
                        <time>2022-08-18T20:42:44Z</time>
                                                <extensions>
                            <sog>0.0</sog>
<cog>350.9</cog>
                        </extensions>
                    </trkpt>
                    <trkpt lat="54.32815333333333" lon="10.181086666666666">
                        <ele>0</ele>
                        <time>2022-08-18T20:45:42Z</time>
                                                <extensions>
                            <sog>0.0</sog>
<cog>350.9</cog>
                        </extensions>
                    </trkpt>
                    <trkpt lat="54.32821666666667" lon="10.181078333333334">
                        <ele>0</ele>
                        <time>2022-08-18T20:48:45Z</time>
                                                <extensions>
                            <sog>0.0</sog>
<cog>350.9</cog>
                        </extensions>
                    </trkpt>
                    <trkpt lat="54.328203333333335" lon="10.181058333333334">
                        <ele>0</ele>
                        <time>2022-08-18T20:51:44Z</time>
                                                <extensions>
                            <sog>0.0</sog>
<cog>350.9</cog>
                        </extensions>
                    </trkpt>
                    <trkpt lat="54.328155" lon="10.181118333333334">
                        <ele>0</ele>
                        <time>2022-08-18T20:54:44Z</time>
                                                <extensions>
                            <sog>0.0</sog>
<cog>350.9</cog>
                        </extensions>
                    </trkpt>
                    <trkpt lat="54.328065" lon="10.181031666666666">
                        <ele>0</ele>
                        <time>2022-08-18T20:57:44Z</time>
                                                <extensions>
                            <sog>0.0</sog>
<cog>350.9</cog>
                        </extensions>
                    </trkpt>
                    <trkpt lat="54.328136666666666" lon="10.181085">
                        <ele>0</ele>
                        <time>2022-08-18T21:00:43Z</time>
                                                <extensions>
                            <sog>0.0</sog>
<cog>350.9</cog>
                        </extensions>
                    </trkpt>
                    <trkpt lat="54.328136666666666" lon="10.181085">
                        <ele>0</ele>
                        <time>2022-08-18T21:00:43Z</time>
                                                <extensions>
                            <sog>0.0</sog>
<cog>350.9</cog>
                        </extensions>
                    </trkpt>
                    <trkpt lat="54.32814833333334" lon="10.181091666666667">
                        <ele>0</ele>
                        <time>2022-08-18T21:03:45Z</time>
                                                <extensions>
                            <sog>0.0</sog>
<cog>350.9</cog>
                        </extensions>
                    </trkpt>
                    <trkpt lat="54.32818333333333" lon="10.18105">
                        <ele>0</ele>
                        <time>2022-08-18T21:06:41Z</time>
                                                <extensions>
                            <sog>0.0</sog>
<cog>350.9</cog>
                        </extensions>
                    </trkpt>
                    <trkpt lat="54.328116666666666" lon="10.181036666666667">
                        <ele>0</ele>
                        <time>2022-08-18T21:09:45Z</time>
                                                <extensions>
                            <sog>0.0</sog>
<cog>350.9</cog>
                        </extensions>
                    </trkpt>
                    <trkpt lat="54.328116666666666" lon="10.181036666666667">
                        <ele>0</ele>
                        <time>2022-08-18T21:09:45Z</time>
                                                <extensions>
                            <sog>0.0</sog>
<cog>350.9</cog>
                        </extensions>
                    </trkpt>
                    <trkpt lat="54.328178333333334" lon="10.181115">
                        <ele>0</ele>
                        <time>2022-08-18T21:12:44Z</time>
                                                <extensions>
                            <sog>0.0</sog>
<cog>350.9</cog>
                        </extensions>
                    </trkpt>
                    <trkpt lat="54.32812" lon="10.180976666666668">
                        <ele>0</ele>
                        <time>2022-08-18T21:15:44Z</time>
                                                <extensions>
                            <sog>0.0</sog>
<cog>350.9</cog>
                        </extensions>
                    </trkpt>
                    <trkpt lat="54.32812" lon="10.180976666666668">
                        <ele>0</ele>
                        <time>2022-08-18T21:15:44Z</time>
                                                <extensions>
                            <sog>0.0</sog>
<cog>350.9</cog>
                        </extensions>
                    </trkpt>
                    <trkpt lat="54.328179999999996" lon="10.181101666666667">
                        <ele>0</ele>
                        <time>2022-08-18T21:18:43Z</time>
                                                <extensions>
                            <sog>0.0</sog>
<cog>350.9</cog>
                        </extensions>
                    </trkpt>
                    <trkpt lat="54.328163333333336" lon="10.181058333333334">
                        <ele>0</ele>
                        <time>2022-08-18T21:21:46Z</time>
                                                <extensions>
                            <sog>0.0</sog>
<cog>350.9</cog>
                        </extensions>
                    </trkpt>
                    <trkpt lat="54.328163333333336" lon="10.181058333333334">
                        <ele>0</ele>
                        <time>2022-08-18T21:21:46Z</time>
                                                <extensions>
                            <sog>0.0</sog>
<cog>350.9</cog>
                        </extensions>
                    </trkpt>
                    <trkpt lat="54.328160000000004" lon="10.181031666666666">
                        <ele>0</ele>
                        <time>2022-08-18T21:24:45Z</time>
                                                <extensions>
                            <sog>0.0</sog>
<cog>350.9</cog>
                        </extensions>
                    </trkpt>
                    <trkpt lat="54.32814833333334" lon="10.181016666666666">
                        <ele>0</ele>
                        <time>2022-08-18T21:27:48Z</time>
                                                <extensions>
                            <sog>0.0</sog>
<cog>350.9</cog>
                        </extensions>
                    </trkpt>
                    <trkpt lat="54.328176666666664" lon="10.181105">
                        <ele>0</ele>
                        <time>2022-08-18T21:30:44Z</time>
                                                <extensions>
                            <sog>0.0</sog>
<cog>350.9</cog>
                        </extensions>
                    </trkpt>
                    <trkpt lat="54.32818666666667" lon="10.181073333333334">
                        <ele>0</ele>
                        <time>2022-08-18T21:33:49Z</time>
                                                <extensions>
                            <sog>0.0</sog>
<cog>350.9</cog>
                        </extensions>
                    </trkpt>
                    <trkpt lat="54.328125" lon="10.181054999999999">
                        <ele>0</ele>
                        <time>2022-08-18T21:36:46Z</time>
                                                <extensions>
                            <sog>0.0</sog>
<cog>350.9</cog>
                        </extensions>
                    </trkpt>
                    <trkpt lat="54.32813" lon="10.181036666666667">
                        <ele>0</ele>
                        <time>2022-08-18T21:39:39Z</time>
                                                <extensions>
                            <sog>0.0</sog>
<cog>350.9</cog>
                        </extensions>
                    </trkpt>
                    <trkpt lat="54.328136666666666" lon="10.18108">
                        <ele>0</ele>
                        <time>2022-08-18T21:42:47Z</time>
                                                <extensions>
                            <sog>0.0</sog>
<cog>350.9</cog>
                        </extensions>
                    </trkpt>
                    <trkpt lat="54.32821" lon="10.18116">
                        <ele>0</ele>
                        <time>2022-08-18T21:45:43Z</time>
                                                <extensions>
                            <sog>0.0</sog>
<cog>350.9</cog>
                        </extensions>
                    </trkpt>
                    <trkpt lat="54.328160000000004" lon="10.18106">
                        <ele>0</ele>
                        <time>2022-08-18T21:48:46Z</time>
                                                <extensions>
                            <sog>0.0</sog>
<cog>350.9</cog>
                        </extensions>
                    </trkpt>
                    <trkpt lat="54.32815666666667" lon="10.180990000000001">
                        <ele>0</ele>
                        <time>2022-08-18T21:51:44Z</time>
                                                <extensions>
                            <sog>0.0</sog>
<cog>350.9</cog>
                        </extensions>
                    </trkpt>
                    <trkpt lat="54.32819666666667" lon="10.181093333333333">
                        <ele>0</ele>
                        <time>2022-08-18T21:54:45Z</time>
                                                <extensions>
                            <sog>0.0</sog>
<cog>350.9</cog>
                        </extensions>
                    </trkpt>
                    <trkpt lat="54.328158333333334" lon="10.181075">
                        <ele>0</ele>
                        <time>2022-08-18T21:57:45Z</time>
                                                <extensions>
                            <sog>0.0</sog>
<cog>350.9</cog>
                        </extensions>
                    </trkpt>
                    <trkpt lat="54.32816833333333" lon="10.181081666666667">
                        <ele>0</ele>
                        <time>2022-08-18T22:00:47Z</time>
                                                <extensions>
                            <sog>0.0</sog>
<cog>350.9</cog>
                        </extensions>
                    </trkpt>
                    <trkpt lat="54.32816833333333" lon="10.181081666666667">
                        <ele>0</ele>
                        <time>2022-08-18T22:00:47Z</time>
                                                <extensions>
                            <sog>0.0</sog>
<cog>350.9</cog>
                        </extensions>
                    </trkpt>
                    <trkpt lat="54.32815166666667" lon="10.181109999999999">
                        <ele>0</ele>
                        <time>2022-08-18T22:03:44Z</time>
                                                <extensions>
                            <sog>0.0</sog>
<cog>350.9</cog>
                        </extensions>
                    </trkpt>
                    <trkpt lat="54.32815166666667" lon="10.181109999999999">
                        <ele>0</ele>
                        <time>2022-08-18T22:03:44Z</time>
                                                <extensions>
                            <sog>0.0</sog>
<cog>350.9</cog>
                        </extensions>
                    </trkpt>
                    <trkpt lat="54.32812833333333" lon="10.181025">
                        <ele>0</ele>
                        <time>2022-08-18T22:06:45Z</time>
                                                <extensions>
                            <sog>0.0</sog>
<cog>350.9</cog>
                        </extensions>
                    </trkpt>
                    <trkpt lat="54.328134999999996" lon="10.181061666666666">
                        <ele>0</ele>
                        <time>2022-08-18T22:09:42Z</time>
                                                <extensions>
                            <sog>0.0</sog>
<cog>350.9</cog>
                        </extensions>
                    </trkpt>
                    <trkpt lat="54.328134999999996" lon="10.181061666666666">
                        <ele>0</ele>
                        <time>2022-08-18T22:09:42Z</time>
                                                <extensions>
                            <sog>0.0</sog>
<cog>350.9</cog>
                        </extensions>
                    </trkpt>
                    <trkpt lat="54.328136666666666" lon="10.18105">
                        <ele>0</ele>
                        <time>2022-08-18T22:12:46Z</time>
                                                <extensions>
                            <sog>0.0</sog>
<cog>350.9</cog>
                        </extensions>
                    </trkpt>
                    <trkpt lat="54.32813833333333" lon="10.181064999999998">
                        <ele>0</ele>
                        <time>2022-08-18T22:15:42Z</time>
                                                <extensions>
                            <sog>0.0</sog>
<cog>350.9</cog>
                        </extensions>
                    </trkpt>
                    <trkpt lat="54.32817333333333" lon="10.180983333333334">
                        <ele>0</ele>
                        <time>2022-08-18T22:18:44Z</time>
                                                <extensions>
                            <sog>0.0</sog>
<cog>350.9</cog>
                        </extensions>
                    </trkpt>
                    <trkpt lat="54.328125" lon="10.18103">
                        <ele>0</ele>
                        <time>2022-08-18T22:21:42Z</time>
                                                <extensions>
                            <sog>0.0</sog>
<cog>350.9</cog>
                        </extensions>
                    </trkpt>
                    <trkpt lat="54.328131666666664" lon="10.181053333333333">
                        <ele>0</ele>
                        <time>2022-08-18T22:24:42Z</time>
                                                <extensions>
                            <sog>0.0</sog>
<cog>350.9</cog>
                        </extensions>
                    </trkpt>
                    <trkpt lat="54.328158333333334" lon="10.181093333333333">
                        <ele>0</ele>
                        <time>2022-08-18T22:27:41Z</time>
                                                <extensions>
                            <sog>0.0</sog>
<cog>350.9</cog>
                        </extensions>
                    </trkpt>
                    <trkpt lat="54.32814333333333" lon="10.181090000000001">
                        <ele>0</ele>
                        <time>2022-08-18T22:30:44Z</time>
                                                <extensions>
                            <sog>0.0</sog>
<cog>350.9</cog>
                        </extensions>
                    </trkpt>
                    <trkpt lat="54.328158333333334" lon="10.181071666666666">
                        <ele>0</ele>
                        <time>2022-08-18T22:33:42Z</time>
                                                <extensions>
                            <sog>0.0</sog>
<cog>350.9</cog>
                        </extensions>
                    </trkpt>
                    <trkpt lat="54.328158333333334" lon="10.181071666666666">
                        <ele>0</ele>
                        <time>2022-08-18T22:33:42Z</time>
                                                <extensions>
                            <sog>0.0</sog>
<cog>350.9</cog>
                        </extensions>
                    </trkpt>
                    <trkpt lat="54.32818333333333" lon="10.18106">
                        <ele>0</ele>
                        <time>2022-08-18T22:36:44Z</time>
                                                <extensions>
                            <sog>0.0</sog>
<cog>350.9</cog>
                        </extensions>
                    </trkpt>
                    <trkpt lat="54.328131666666664" lon="10.181113333333334">
                        <ele>0</ele>
                        <time>2022-08-18T22:39:41Z</time>
                                                <extensions>
                            <sog>0.0</sog>
<cog>350.9</cog>
                        </extensions>
                    </trkpt>
                    <trkpt lat="54.32814" lon="10.18104">
                        <ele>0</ele>
                        <time>2022-08-18T22:42:43Z</time>
                                                <extensions>
                            <sog>0.0</sog>
<cog>350.9</cog>
                        </extensions>
                    </trkpt>
                    <trkpt lat="54.32812166666667" lon="10.181101666666667">
                        <ele>0</ele>
                        <time>2022-08-18T22:45:42Z</time>
                                                <extensions>
                            <sog>0.0</sog>
<cog>350.9</cog>
                        </extensions>
                    </trkpt>
                    <trkpt lat="54.328125" lon="10.181035000000001">
                        <ele>0</ele>
                        <time>2022-08-18T22:48:41Z</time>
                                                <extensions>
                            <sog>0.0</sog>
<cog>350.9</cog>
                        </extensions>
                    </trkpt>
                    <trkpt lat="54.32811" lon="10.181045000000001">
                        <ele>0</ele>
                        <time>2022-08-18T22:51:41Z</time>
                                                <extensions>
                            <sog>0.0</sog>
<cog>350.9</cog>
                        </extensions>
                    </trkpt>
                    <trkpt lat="54.32811" lon="10.181045000000001">
                        <ele>0</ele>
                        <time>2022-08-18T22:51:41Z</time>
                                                <extensions>
                            <sog>0.0</sog>
<cog>350.9</cog>
                        </extensions>
                    </trkpt>
                    <trkpt lat="54.32818833333333" lon="10.181000000000001">
                        <ele>0</ele>
                        <time>2022-08-18T22:54:44Z</time>
                                                <extensions>
                            <sog>0.0</sog>
<cog>350.9</cog>
                        </extensions>
                    </trkpt>
                    <trkpt lat="54.328179999999996" lon="10.181111666666668">
                        <ele>0</ele>
                        <time>2022-08-18T22:57:43Z</time>
                                                <extensions>
                            <sog>0.0</sog>
<cog>350.9</cog>
                        </extensions>
                    </trkpt>
                    <trkpt lat="54.32814333333333" lon="10.181141666666667">
                        <ele>0</ele>
                        <time>2022-08-18T23:00:43Z</time>
                                                <extensions>
                            <sog>0.0</sog>
<cog>350.9</cog>
                        </extensions>
                    </trkpt>
                    <trkpt lat="54.32814333333333" lon="10.181141666666667">
                        <ele>0</ele>
                        <time>2022-08-18T23:00:43Z</time>
                                                <extensions>
                            <sog>0.0</sog>
<cog>350.9</cog>
                        </extensions>
                    </trkpt>
                    <trkpt lat="54.328165" lon="10.181101666666667">
                        <ele>0</ele>
                        <time>2022-08-18T23:03:45Z</time>
                                                <extensions>
                            <sog>0.0</sog>
<cog>350.9</cog>
                        </extensions>
                    </trkpt>
                    <trkpt lat="54.32809333333333" lon="10.181115">
                        <ele>0</ele>
                        <time>2022-08-18T23:06:42Z</time>
                                                <extensions>
                            <sog>0.0</sog>
<cog>350.9</cog>
                        </extensions>
                    </trkpt>
                    <trkpt lat="54.32812333333333" lon="10.181075">
                        <ele>0</ele>
                        <time>2022-08-18T23:09:45Z</time>
                                                <extensions>
                            <sog>0.0</sog>
<cog>350.9</cog>
                        </extensions>
                    </trkpt>
                    <trkpt lat="54.328205000000004" lon="10.181078333333334">
                        <ele>0</ele>
                        <time>2022-08-18T23:12:44Z</time>
                                                <extensions>
                            <sog>0.0</sog>
<cog>350.9</cog>
                        </extensions>
                    </trkpt>
                    <trkpt lat="54.32818333333333" lon="10.181041666666665">
                        <ele>0</ele>
                        <time>2022-08-18T23:15:45Z</time>
                                                <extensions>
                            <sog>0.0</sog>
<cog>350.9</cog>
                        </extensions>
                    </trkpt>
                    <trkpt lat="54.32814333333333" lon="10.18104">
                        <ele>0</ele>
                        <time>2022-08-18T23:18:42Z</time>
                                                <extensions>
                            <sog>0.0</sog>
<cog>350.9</cog>
                        </extensions>
                    </trkpt>
                    <trkpt lat="54.32819666666667" lon="10.181009999999999">
                        <ele>0</ele>
                        <time>2022-08-18T23:21:46Z</time>
                                                <extensions>
                            <sog>0.0</sog>
<cog>350.9</cog>
                        </extensions>
                    </trkpt>
                    <trkpt lat="54.32817166666667" lon="10.181001666666667">
                        <ele>0</ele>
                        <time>2022-08-18T23:24:43Z</time>
                                                <extensions>
                            <sog>0.0</sog>
<cog>350.9</cog>
                        </extensions>
                    </trkpt>
                    <trkpt lat="54.32815666666667" lon="10.18106">
                        <ele>0</ele>
                        <time>2022-08-18T23:27:46Z</time>
                                                <extensions>
                            <sog>0.0</sog>
<cog>350.9</cog>
                        </extensions>
                    </trkpt>
                    <trkpt lat="54.32815166666667" lon="10.181099999999999">
                        <ele>0</ele>
                        <time>2022-08-18T23:30:45Z</time>
                                                <extensions>
                            <sog>0.0</sog>
<cog>350.9</cog>
                        </extensions>
                    </trkpt>
                    <trkpt lat="54.32816166666667" lon="10.181121666666666">
                        <ele>0</ele>
                        <time>2022-08-18T23:33:46Z</time>
                                                <extensions>
                            <sog>0.0</sog>
<cog>350.9</cog>
                        </extensions>
                    </trkpt>
                    <trkpt lat="54.32816166666667" lon="10.181121666666666">
                        <ele>0</ele>
                        <time>2022-08-18T23:33:46Z</time>
                                                <extensions>
                            <sog>0.0</sog>
<cog>350.9</cog>
                        </extensions>
                    </trkpt>
                    <trkpt lat="54.32814333333333" lon="10.181033333333334">
                        <ele>0</ele>
                        <time>2022-08-18T23:36:46Z</time>
                                                <extensions>
                            <sog>0.0</sog>
<cog>350.9</cog>
                        </extensions>
                    </trkpt>
                    <trkpt lat="54.32816166666667" lon="10.181101666666667">
                        <ele>0</ele>
                        <time>2022-08-18T23:39:45Z</time>
                                                <extensions>
                            <sog>0.0</sog>
<cog>350.9</cog>
                        </extensions>
                    </trkpt>
                    <trkpt lat="54.328118333333336" lon="10.181008333333333">
                        <ele>0</ele>
                        <time>2022-08-18T23:42:46Z</time>
                                                <extensions>
                            <sog>0.0</sog>
<cog>350.9</cog>
                        </extensions>
                    </trkpt>
                    <trkpt lat="54.32821166666667" lon="10.181113333333334">
                        <ele>0</ele>
                        <time>2022-08-18T23:45:45Z</time>
                                                <extensions>
                            <sog>0.0</sog>
<cog>350.9</cog>
                        </extensions>
                    </trkpt>
                    <trkpt lat="54.32821166666667" lon="10.181113333333334">
                        <ele>0</ele>
                        <time>2022-08-18T23:45:45Z</time>
                                                <extensions>
                            <sog>0.0</sog>
<cog>350.9</cog>
                        </extensions>
                    </trkpt>
                    <trkpt lat="54.32818833333333" lon="10.181035000000001">
                        <ele>0</ele>
                        <time>2022-08-18T23:48:47Z</time>
                                                <extensions>
                            <sog>0.0</sog>
<cog>350.9</cog>
                        </extensions>
                    </trkpt>
                    <trkpt lat="54.328134999999996" lon="10.18105">
                        <ele>0</ele>
                        <time>2022-08-18T23:51:43Z</time>
                                                <extensions>
                            <sog>0.0</sog>
<cog>350.9</cog>
                        </extensions>
                    </trkpt>
                    <trkpt lat="54.32814666666666" lon="10.181075">
                        <ele>0</ele>
                        <time>2022-08-18T23:54:48Z</time>
                                                <extensions>
                            <sog>0.0</sog>
<cog>350.9</cog>
                        </extensions>
                    </trkpt>
                    <trkpt lat="54.328131666666664" lon="10.181068333333334">
                        <ele>0</ele>
                        <time>2022-08-18T23:57:42Z</time>
                                                <extensions>
                            <sog>0.0</sog>
<cog>350.9</cog>
                        </extensions>
                    </trkpt>
                    </trkseg>
                </trk>
</gpx>