<?xml version="1.0" encoding="UTF-8"?>
<gpx version="1.1" creator="AIS-to-GPX Converter" xmlns="http://www.topografix.com/GPX/1/1">
                <trk>
                    <name>anon0425</name>
                    <trkseg>
                                            <trkpt lat="54.18262166666667" lon="9.484736666666667">
                        <ele>0</ele>
                        <time>2022-08-18T16:56:15Z</time>
                                                <extensions>
                            <sog>8.5</sog>
<cog>70.6</cog>
                        </extensions>
                    </trkpt>
                    <trkpt lat="54.183798333333336" lon="9.490405">
                        <ele>0</ele>
                        <time>2022-08-18T16:57:44Z</time>
                                                <extensions>
                            <sog>8.5</sog>
<cog>70.5</cog>
                        </extensions>
                    </trkpt>
                    <trkpt lat="54.184063333333334" lon="9.491681666666667">
                        <ele>0</ele>
                        <time>2022-08-18T16:58:04Z</time>
                                                <extensions>
                            <sog>8.5</sog>
<cog>70.6</cog>
                        </extensions>
                    </trkpt>
                    <trkpt lat="54.184870000000004" lon="9.495524999999999">
                        <ele>0</ele>
                        <time>2022-08-18T16:59:04Z</time>
                                                <extensions>
                            <sog>8.6</sog>
<cog>70.4</cog>
                        </extensions>
                    </trkpt>
                    <trkpt lat="54.18501666666667" lon="9.496231666666667">
                        <ele>0</ele>
                        <time>2022-08-18T16:59:15Z</time>
                                                <extensions>
                            <sog>8.6</sog>
<cog>70.4</cog>
                        </extensions>
                    </trkpt>
                    <trkpt lat="54.18528333333334" lon="9.497515">
                        <ele>0</ele>
                        <time>2022-08-18T16:59:35Z</time>
                                                <extensions>
                            <sog>8.6</sog>
<cog>70.4</cog>
                        </extensions>
                    </trkpt>
                    <trkpt lat="54.18541666666667" lon="9.498158333333333">
                        <ele>0</ele>
                        <time>2022-08-18T16:59:45Z</time>
                                                <extensions>
                            <sog>8.6</sog>
<cog>70.5</cog>
                        </extensions>
                    </trkpt>
                    <trkpt lat="54.185671666666664" lon="9.499381666666666">
                        <ele>0</ele>
                        <time>2022-08-18T17:00:04Z</time>
                                                <extensions>
                            <sog>8.6</sog>
<cog>70.5</cog>
                        </extensions>
                    </trkpt>
                    <trkpt lat="54.185671666666664" lon="9.499381666666666">
                        <ele>0</ele>
                        <time>2022-08-18T17:00:04Z</time>
                                                <extensions>
                            <sog>8.6</sog>
<cog>70.5</cog>
                        </extensions>
                    </trkpt>
                    <trkpt lat="54.186355000000006" lon="9.502673333333332">
                        <ele>0</ele>
                        <time>2022-08-18T17:00:55Z</time>
                                                <extensions>
                            <sog>8.7</sog>
<cog>70.3</cog>
                        </extensions>
                    </trkpt>
                    <trkpt lat="54.186355000000006" lon="9.502673333333332">
                        <ele>0</ele>
                        <time>2022-08-18T17:00:55Z</time>
                                                <extensions>
                            <sog>8.7</sog>
<cog>70.3</cog>
                        </extensions>
                    </trkpt>
                    <trkpt lat="54.18647833333333" lon="9.503258333333333">
                        <ele>0</ele>
                        <time>2022-08-18T17:01:04Z</time>
                                                <extensions>
                            <sog>8.7</sog>
<cog>70.4</cog>
                        </extensions>
                    </trkpt>
                    <trkpt lat="54.18662500000001" lon="9.503971666666667">
                        <ele>0</ele>
                        <time>2022-08-18T17:01:15Z</time>
                                                <extensions>
                            <sog>8.7</sog>
<cog>70.5</cog>
                        </extensions>
                    </trkpt>
                    <trkpt lat="54.187018333333334" lon="9.505916666666668">
                        <ele>0</ele>
                        <time>2022-08-18T17:01:45Z</time>
                                                <extensions>
                            <sog>8.6</sog>
<cog>70.9</cog>
                        </extensions>
                    </trkpt>
                    <trkpt lat="54.187268333333336" lon="9.507141666666666">
                        <ele>0</ele>
                        <time>2022-08-18T17:02:04Z</time>
                                                <extensions>
                            <sog>8.6</sog>
<cog>70.7</cog>
                        </extensions>
                    </trkpt>
                    <trkpt lat="54.18741333333333" lon="9.507848333333333">
                        <ele>0</ele>
                        <time>2022-08-18T17:02:15Z</time>
                                                <extensions>
                            <sog>8.6</sog>
<cog>70.8</cog>
                        </extensions>
                    </trkpt>
                    <trkpt lat="54.18756" lon="9.508553333333333">
                        <ele>0</ele>
                        <time>2022-08-18T17:02:26Z</time>
                                                <extensions>
                            <sog>8.6</sog>
<cog>70.6</cog>
                        </extensions>
                    </trkpt>
                    <trkpt lat="54.18888666666667" lon="9.514909999999999">
                        <ele>0</ele>
                        <time>2022-08-18T17:04:04Z</time>
                                                <extensions>
                            <sog>8.6</sog>
<cog>70.0</cog>
                        </extensions>
                    </trkpt>
                    <trkpt lat="54.19049166666667" lon="9.522675">
                        <ele>0</ele>
                        <time>2022-08-18T17:06:04Z</time>
                                                <extensions>
                            <sog>8.7</sog>
<cog>70.8</cog>
                        </extensions>
                    </trkpt>
                    <trkpt lat="54.191159999999996" lon="9.525873333333333">
                        <ele>0</ele>
                        <time>2022-08-18T17:06:55Z</time>
                                                <extensions>
                            <sog>8.5</sog>
<cog>70.1</cog>
                        </extensions>
                    </trkpt>
                    <trkpt lat="54.191583333333334" lon="9.527854999999999">
                        <ele>0</ele>
                        <time>2022-08-18T17:07:26Z</time>
                                                <extensions>
                            <sog>8.6</sog>
<cog>69.7</cog>
                        </extensions>
                    </trkpt>
                    <trkpt lat="54.19169333333333" lon="9.528366666666667">
                        <ele>0</ele>
                        <time>2022-08-18T17:07:34Z</time>
                                                <extensions>
                            <sog>8.6</sog>
<cog>69.6</cog>
                        </extensions>
                    </trkpt>
                    <trkpt lat="54.19185166666667" lon="9.529068333333333">
                        <ele>0</ele>
                        <time>2022-08-18T17:07:45Z</time>
                                                <extensions>
                            <sog>8.6</sog>
<cog>69.2</cog>
                        </extensions>
                    </trkpt>
                    <trkpt lat="54.19213166666667" lon="9.530341666666667">
                        <ele>0</ele>
                        <time>2022-08-18T17:08:04Z</time>
                                                <extensions>
                            <sog>8.6</sog>
<cog>69.3</cog>
                        </extensions>
                    </trkpt>
                    <trkpt lat="54.19226333333334" lon="9.530913333333332">
                        <ele>0</ele>
                        <time>2022-08-18T17:08:14Z</time>
                                                <extensions>
                            <sog>8.6</sog>
<cog>68.6</cog>
                        </extensions>
                    </trkpt>
                    <trkpt lat="54.192548333333335" lon="9.532183333333334">
                        <ele>0</ele>
                        <time>2022-08-18T17:08:34Z</time>
                                                <extensions>
                            <sog>8.6</sog>
<cog>68.9</cog>
                        </extensions>
                    </trkpt>
                    <trkpt lat="54.19284666666667" lon="9.533516666666666">
                        <ele>0</ele>
                        <time>2022-08-18T17:08:55Z</time>
                                                <extensions>
                            <sog>8.6</sog>
<cog>69.3</cog>
                        </extensions>
                    </trkpt>
                    <trkpt lat="54.19310333333333" lon="9.534701666666667">
                        <ele>0</ele>
                        <time>2022-08-18T17:09:14Z</time>
                                                <extensions>
                            <sog>8.3</sog>
<cog>69.6</cog>
                        </extensions>
                    </trkpt>
                    <trkpt lat="54.193261666666665" lon="9.535418333333332">
                        <ele>0</ele>
                        <time>2022-08-18T17:09:26Z</time>
                                                <extensions>
                            <sog>8.1</sog>
<cog>69.5</cog>
                        </extensions>
                    </trkpt>
                    <trkpt lat="54.19339166666667" lon="9.536001666666667">
                        <ele>0</ele>
                        <time>2022-08-18T17:09:35Z</time>
                                                <extensions>
                            <sog>7.9</sog>
<cog>69.0</cog>
                        </extensions>
                    </trkpt>
                    <trkpt lat="54.193509999999996" lon="9.53651">
                        <ele>0</ele>
                        <time>2022-08-18T17:09:45Z</time>
                                                <extensions>
                            <sog>7.7</sog>
<cog>68.5</cog>
                        </extensions>
                    </trkpt>
                    <trkpt lat="54.19362666666667" lon="9.537003333333333">
                        <ele>0</ele>
                        <time>2022-08-18T17:09:54Z</time>
                                                <extensions>
                            <sog>7.5</sog>
<cog>68.0</cog>
                        </extensions>
                    </trkpt>
                    <trkpt lat="54.19377" lon="9.537593333333332">
                        <ele>0</ele>
                        <time>2022-08-18T17:10:05Z</time>
                                                <extensions>
                            <sog>7.3</sog>
<cog>67.6</cog>
                        </extensions>
                    </trkpt>
                    <trkpt lat="54.19403166666667" lon="9.53868">
                        <ele>0</ele>
                        <time>2022-08-18T17:10:26Z</time>
                                                <extensions>
                            <sog>7.0</sog>
<cog>67.4</cog>
                        </extensions>
                    </trkpt>
                    <trkpt lat="54.19761833333334" lon="9.549895">
                        <ele>0</ele>
                        <time>2022-08-18T17:15:45Z</time>
                                                <extensions>
                            <sog>3.8</sog>
<cog>55.9</cog>
                        </extensions>
                    </trkpt>
                    <trkpt lat="54.206095" lon="9.568328333333334">
                        <ele>0</ele>
                        <time>2022-08-18T17:33:56Z</time>
                                                <extensions>
                            <sog>8.6</sog>
<cog>50.9</cog>
                        </extensions>
                    </trkpt>
                    <trkpt lat="54.20632166666667" lon="9.568801666666667">
                        <ele>0</ele>
                        <time>2022-08-18T17:34:04Z</time>
                                                <extensions>
                            <sog>8.6</sog>
<cog>50.7</cog>
                        </extensions>
                    </trkpt>
                    <trkpt lat="54.20704833333333" lon="9.570325">
                        <ele>0</ele>
                        <time>2022-08-18T17:34:34Z</time>
                                                <extensions>
                            <sog>8.6</sog>
<cog>50.8</cog>
                        </extensions>
                    </trkpt>
                    <trkpt lat="54.20735333333334" lon="9.570953333333334">
                        <ele>0</ele>
                        <time>2022-08-18T17:34:46Z</time>
                                                <extensions>
                            <sog>8.6</sog>
<cog>50.7</cog>
                        </extensions>
                    </trkpt>
                    <trkpt lat="54.207604999999994" lon="9.571483333333333">
                        <ele>0</ele>
                        <time>2022-08-18T17:34:56Z</time>
                                                <extensions>
                            <sog>8.6</sog>
<cog>50.9</cog>
                        </extensions>
                    </trkpt>
                    <trkpt lat="54.20783166666667" lon="9.571959999999999">
                        <ele>0</ele>
                        <time>2022-08-18T17:35:04Z</time>
                                                <extensions>
                            <sog>8.6</sog>
<cog>50.9</cog>
                        </extensions>
                    </trkpt>
                    <trkpt lat="54.208108333333335" lon="9.572543333333334">
                        <ele>0</ele>
                        <time>2022-08-18T17:35:15Z</time>
                                                <extensions>
                            <sog>8.6</sog>
<cog>51.2</cog>
                        </extensions>
                    </trkpt>
                    <trkpt lat="54.20855666666667" lon="9.573496666666667">
                        <ele>0</ele>
                        <time>2022-08-18T17:35:34Z</time>
                                                <extensions>
                            <sog>8.6</sog>
<cog>51.2</cog>
                        </extensions>
                    </trkpt>
                    <trkpt lat="54.209585" lon="9.575681666666666">
                        <ele>0</ele>
                        <time>2022-08-18T17:36:15Z</time>
                                                <extensions>
                            <sog>8.6</sog>
<cog>51.3</cog>
                        </extensions>
                    </trkpt>
                    <trkpt lat="54.227383333333336" lon="9.602458333333335">
                        <ele>0</ele>
                        <time>2022-08-18T17:46:05Z</time>
                                                <extensions>
                            <sog>8.7</sog>
<cog>27.6</cog>
                        </extensions>
                    </trkpt>
                    <trkpt lat="54.29345" lon="9.681823333333334">
                        <ele>0</ele>
                        <time>2022-08-18T18:43:46Z</time>
                                                <extensions>
                            <sog>7.1</sog>
<cog>70.4</cog>
                        </extensions>
                    </trkpt>
                    <trkpt lat="54.29842333333333" lon="9.702111666666667">
                        <ele>0</ele>
                        <time>2022-08-18T18:49:45Z</time>
                                                <extensions>
                            <sog>7.9</sog>
<cog>51.3</cog>
                        </extensions>
                    </trkpt>
                    <trkpt lat="54.301678333333335" lon="9.706973333333334">
                        <ele>0</ele>
                        <time>2022-08-18T18:51:45Z</time>
                                                <extensions>
                            <sog>7.5</sog>
<cog>32.4</cog>
                        </extensions>
                    </trkpt>
                    <trkpt lat="54.30339333333333" lon="9.708613333333334">
                        <ele>0</ele>
                        <time>2022-08-18T18:52:45Z</time>
                                                <extensions>
                            <sog>6.8</sog>
<cog>28.4</cog>
                        </extensions>
                    </trkpt>
                    <trkpt lat="54.30585833333334" lon="9.710456666666666">
                        <ele>0</ele>
                        <time>2022-08-18T18:54:14Z</time>
                                                <extensions>
                            <sog>6.3</sog>
<cog>20.7</cog>
                        </extensions>
                    </trkpt>
                    <trkpt lat="54.32773666666667" lon="9.7227">
                        <ele>0</ele>
                        <time>2022-08-18T19:05:45Z</time>
                                                <extensions>
                            <sog>7.2</sog>
<cog>44.8</cog>
                        </extensions>
                    </trkpt>
                    <trkpt lat="54.328626666666665" lon="9.724325">
                        <ele>0</ele>
                        <time>2022-08-18T19:06:25Z</time>
                                                <extensions>
                            <sog>7.1</sog>
<cog>47.4</cog>
                        </extensions>
                    </trkpt>
                    <trkpt lat="54.328845" lon="9.724733333333335">
                        <ele>0</ele>
                        <time>2022-08-18T19:06:34Z</time>
                                                <extensions>
                            <sog>7.0</sog>
<cog>47.5</cog>
                        </extensions>
                    </trkpt>
                    <trkpt lat="54.329078333333335" lon="9.725173333333334">
                        <ele>0</ele>
                        <time>2022-08-18T19:06:45Z</time>
                                                <extensions>
                            <sog>6.8</sog>
<cog>47.6</cog>
                        </extensions>
                    </trkpt>
                    <trkpt lat="54.32928666666667" lon="9.725563333333334">
                        <ele>0</ele>
                        <time>2022-08-18T19:06:55Z</time>
                                                <extensions>
                            <sog>6.7</sog>
<cog>47.6</cog>
                        </extensions>
                    </trkpt>
                    <trkpt lat="54.33078833333333" lon="9.728348333333335">
                        <ele>0</ele>
                        <time>2022-08-18T19:08:14Z</time>
                                                <extensions>
                            <sog>5.8</sog>
<cog>48.0</cog>
                        </extensions>
                    </trkpt>
                    <trkpt lat="54.330976666666665" lon="9.72873">
                        <ele>0</ele>
                        <time>2022-08-18T19:08:25Z</time>
                                                <extensions>
                            <sog>5.7</sog>
<cog>48.4</cog>
                        </extensions>
                    </trkpt>
                    <trkpt lat="54.33149166666667" lon="9.729745000000001">
                        <ele>0</ele>
                        <time>2022-08-18T19:08:55Z</time>
                                                <extensions>
                            <sog>5.4</sog>
<cog>49.4</cog>
                        </extensions>
                    </trkpt>
                    <trkpt lat="54.331649999999996" lon="9.730063333333334">
                        <ele>0</ele>
                        <time>2022-08-18T19:09:05Z</time>
                                                <extensions>
                            <sog>5.3</sog>
<cog>49.6</cog>
                        </extensions>
                    </trkpt>
                    <trkpt lat="54.331941666666665" lon="9.730653333333333">
                        <ele>0</ele>
                        <time>2022-08-18T19:09:25Z</time>
                                                <extensions>
                            <sog>5.1</sog>
<cog>49.7</cog>
                        </extensions>
                    </trkpt>
                    <trkpt lat="54.33209166666666" lon="9.730958333333332">
                        <ele>0</ele>
                        <time>2022-08-18T19:09:34Z</time>
                                                <extensions>
                            <sog>5.0</sog>
<cog>49.7</cog>
                        </extensions>
                    </trkpt>
                    <trkpt lat="54.33255" lon="9.731868333333333">
                        <ele>0</ele>
                        <time>2022-08-18T19:10:05Z</time>
                                                <extensions>
                            <sog>4.8</sog>
<cog>49.1</cog>
                        </extensions>
                    </trkpt>
                    <trkpt lat="54.33266666666667" lon="9.732098333333333">
                        <ele>0</ele>
                        <time>2022-08-18T19:10:14Z</time>
                                                <extensions>
                            <sog>4.8</sog>
<cog>49.1</cog>
                        </extensions>
                    </trkpt>
                    <trkpt lat="54.33296666666667" lon="9.732683333333334">
                        <ele>0</ele>
                        <time>2022-08-18T19:10:34Z</time>
                                                <extensions>
                            <sog>4.6</sog>
<cog>48.6</cog>
                        </extensions>
                    </trkpt>
                    <trkpt lat="54.333105" lon="9.732955">
                        <ele>0</ele>
                        <time>2022-08-18T19:10:45Z</time>
                                                <extensions>
                            <sog>4.5</sog>
<cog>48.7</cog>
                        </extensions>
                    </trkpt>
                    <trkpt lat="54.33339333333333" lon="9.733508333333333">
                        <ele>0</ele>
                        <time>2022-08-18T19:11:05Z</time>
                                                <extensions>
                            <sog>4.4</sog>
<cog>48.3</cog>
                        </extensions>
                    </trkpt>
                    <trkpt lat="54.3335" lon="9.733713333333332">
                        <ele>0</ele>
                        <time>2022-08-18T19:11:14Z</time>
                                                <extensions>
                            <sog>4.3</sog>
<cog>48.3</cog>
                        </extensions>
                    </trkpt>
                    <trkpt lat="54.333643333333335" lon="9.733991666666666">
                        <ele>0</ele>
                        <time>2022-08-18T19:11:25Z</time>
                                                <extensions>
                            <sog>4.2</sog>
<cog>48.8</cog>
                        </extensions>
                    </trkpt>
                    <trkpt lat="54.333891666666666" lon="9.734495">
                        <ele>0</ele>
                        <time>2022-08-18T19:11:45Z</time>
                                                <extensions>
                            <sog>4.1</sog>
<cog>49.7</cog>
                        </extensions>
                    </trkpt>
                    <trkpt lat="54.33491" lon="9.736595">
                        <ele>0</ele>
                        <time>2022-08-18T19:13:14Z</time>
                                                <extensions>
                            <sog>3.7</sog>
<cog>50.0</cog>
                        </extensions>
                    </trkpt>
                    <trkpt lat="54.33513666666667" lon="9.737055">
                        <ele>0</ele>
                        <time>2022-08-18T19:13:34Z</time>
                                                <extensions>
                            <sog>3.6</sog>
<cog>49.8</cog>
                        </extensions>
                    </trkpt>
                    <trkpt lat="54.335453333333334" lon="9.737681666666667">
                        <ele>0</ele>
                        <time>2022-08-18T19:14:05Z</time>
                                                <extensions>
                            <sog>3.4</sog>
<cog>48.9</cog>
                        </extensions>
                    </trkpt>
                    <trkpt lat="54.33565" lon="9.738063333333335">
                        <ele>0</ele>
                        <time>2022-08-18T19:14:24Z</time>
                                                <extensions>
                            <sog>3.3</sog>
<cog>48.8</cog>
                        </extensions>
                    </trkpt>
                    <trkpt lat="54.335863333333336" lon="9.738481666666667">
                        <ele>0</ele>
                        <time>2022-08-18T19:14:45Z</time>
                                                <extensions>
                            <sog>3.3</sog>
<cog>48.9</cog>
                        </extensions>
                    </trkpt>
                    <trkpt lat="54.336061666666666" lon="9.738876666666666">
                        <ele>0</ele>
                        <time>2022-08-18T19:15:05Z</time>
                                                <extensions>
                            <sog>3.3</sog>
<cog>48.9</cog>
                        </extensions>
                    </trkpt>
                    <trkpt lat="54.33637" lon="9.739471666666667">
                        <ele>0</ele>
                        <time>2022-08-18T19:15:34Z</time>
                                                <extensions>
                            <sog>3.3</sog>
<cog>48.6</cog>
                        </extensions>
                    </trkpt>
                    <trkpt lat="54.33647" lon="9.739671666666668">
                        <ele>0</ele>
                        <time>2022-08-18T19:15:45Z</time>
                                                <extensions>
                            <sog>3.3</sog>
<cog>48.6</cog>
                        </extensions>
                    </trkpt>
                    <trkpt lat="54.336575" lon="9.73987">
                        <ele>0</ele>
                        <time>2022-08-18T19:15:54Z</time>
                                                <extensions>
                            <sog>3.3</sog>
<cog>48.1</cog>
                        </extensions>
                    </trkpt>
                    <trkpt lat="54.33668" lon="9.740065">
                        <ele>0</ele>
                        <time>2022-08-18T19:16:05Z</time>
                                                <extensions>
                            <sog>3.3</sog>
<cog>47.8</cog>
                        </extensions>
                    </trkpt>
                    <trkpt lat="54.33687333333333" lon="9.740438333333334">
                        <ele>0</ele>
                        <time>2022-08-18T19:16:24Z</time>
                                                <extensions>
                            <sog>3.3</sog>
<cog>48.5</cog>
                        </extensions>
                    </trkpt>
                    <trkpt lat="54.336983333333336" lon="9.740656666666666">
                        <ele>0</ele>
                        <time>2022-08-18T19:16:34Z</time>
                                                <extensions>
                            <sog>3.3</sog>
<cog>49.0</cog>
                        </extensions>
                    </trkpt>
                    <trkpt lat="54.33708333333333" lon="9.740853333333332">
                        <ele>0</ele>
                        <time>2022-08-18T19:16:45Z</time>
                                                <extensions>
                            <sog>3.3</sog>
<cog>49.2</cog>
                        </extensions>
                    </trkpt>
                    <trkpt lat="54.337183333333336" lon="9.74105">
                        <ele>0</ele>
                        <time>2022-08-18T19:16:54Z</time>
                                                <extensions>
                            <sog>3.3</sog>
<cog>49.2</cog>
                        </extensions>
                    </trkpt>
                    <trkpt lat="54.33728166666666" lon="9.741248333333335">
                        <ele>0</ele>
                        <time>2022-08-18T19:17:05Z</time>
                                                <extensions>
                            <sog>3.2</sog>
<cog>49.6</cog>
                        </extensions>
                    </trkpt>
                    <trkpt lat="54.33746333333333" lon="9.741626666666667">
                        <ele>0</ele>
                        <time>2022-08-18T19:17:24Z</time>
                                                <extensions>
                            <sog>3.2</sog>
<cog>50.4</cog>
                        </extensions>
                    </trkpt>
                    <trkpt lat="54.33766166666667" lon="9.742046666666665">
                        <ele>0</ele>
                        <time>2022-08-18T19:17:45Z</time>
                                                <extensions>
                            <sog>3.2</sog>
<cog>51.2</cog>
                        </extensions>
                    </trkpt>
                    <trkpt lat="54.337765" lon="9.742268333333334">
                        <ele>0</ele>
                        <time>2022-08-18T19:17:55Z</time>
                                                <extensions>
                            <sog>3.2</sog>
<cog>51.6</cog>
                        </extensions>
                    </trkpt>
                    <trkpt lat="54.337845" lon="9.742451666666666">
                        <ele>0</ele>
                        <time>2022-08-18T19:18:05Z</time>
                                                <extensions>
                            <sog>3.2</sog>
<cog>52.4</cog>
                        </extensions>
                    </trkpt>
                    <trkpt lat="54.338025" lon="9.742858333333334">
                        <ele>0</ele>
                        <time>2022-08-18T19:18:25Z</time>
                                                <extensions>
                            <sog>3.2</sog>
<cog>52.8</cog>
                        </extensions>
                    </trkpt>
                    <trkpt lat="54.33810833333334" lon="9.743041666666667">
                        <ele>0</ele>
                        <time>2022-08-18T19:18:34Z</time>
                                                <extensions>
                            <sog>3.2</sog>
<cog>52.9</cog>
                        </extensions>
                    </trkpt>
                    <trkpt lat="54.338208333333334" lon="9.743266666666667">
                        <ele>0</ele>
                        <time>2022-08-18T19:18:45Z</time>
                                                <extensions>
                            <sog>3.2</sog>
<cog>52.9</cog>
                        </extensions>
                    </trkpt>
                    <trkpt lat="54.33830666666667" lon="9.743491666666667">
                        <ele>0</ele>
                        <time>2022-08-18T19:18:55Z</time>
                                                <extensions>
                            <sog>3.2</sog>
<cog>53.1</cog>
                        </extensions>
                    </trkpt>
                    <trkpt lat="54.338386666666665" lon="9.743676666666666">
                        <ele>0</ele>
                        <time>2022-08-18T19:19:05Z</time>
                                                <extensions>
                            <sog>3.2</sog>
<cog>53.2</cog>
                        </extensions>
                    </trkpt>
                    <trkpt lat="54.338476666666665" lon="9.743879999999999">
                        <ele>0</ele>
                        <time>2022-08-18T19:19:14Z</time>
                                                <extensions>
                            <sog>3.2</sog>
<cog>53.3</cog>
                        </extensions>
                    </trkpt>
                    <trkpt lat="54.33873833333334" lon="9.744488333333333">
                        <ele>0</ele>
                        <time>2022-08-18T19:19:45Z</time>
                                                <extensions>
                            <sog>3.1</sog>
<cog>53.4</cog>
                        </extensions>
                    </trkpt>
                    <trkpt lat="54.33883333333333" lon="9.74471">
                        <ele>0</ele>
                        <time>2022-08-18T19:19:55Z</time>
                                                <extensions>
                            <sog>3.1</sog>
<cog>53.5</cog>
                        </extensions>
                    </trkpt>
                    <trkpt lat="54.33891166666667" lon="9.74489">
                        <ele>0</ele>
                        <time>2022-08-18T19:20:04Z</time>
                                                <extensions>
                            <sog>3.1</sog>
<cog>53.5</cog>
                        </extensions>
                    </trkpt>
                    <trkpt lat="54.33899833333333" lon="9.745090000000001">
                        <ele>0</ele>
                        <time>2022-08-18T19:20:14Z</time>
                                                <extensions>
                            <sog>3.1</sog>
<cog>53.5</cog>
                        </extensions>
                    </trkpt>
                    <trkpt lat="54.33908666666667" lon="9.74529">
                        <ele>0</ele>
                        <time>2022-08-18T19:20:25Z</time>
                                                <extensions>
                            <sog>3.1</sog>
<cog>52.9</cog>
                        </extensions>
                    </trkpt>
                    <trkpt lat="54.339166666666664" lon="9.745465">
                        <ele>0</ele>
                        <time>2022-08-18T19:20:34Z</time>
                                                <extensions>
                            <sog>3.1</sog>
<cog>52.2</cog>
                        </extensions>
                    </trkpt>
                    <trkpt lat="54.339265" lon="9.745681666666666">
                        <ele>0</ele>
                        <time>2022-08-18T19:20:45Z</time>
                                                <extensions>
                            <sog>3.1</sog>
<cog>51.7</cog>
                        </extensions>
                    </trkpt>
                    <trkpt lat="54.339365" lon="9.745893333333333">
                        <ele>0</ele>
                        <time>2022-08-18T19:20:55Z</time>
                                                <extensions>
                            <sog>3.1</sog>
<cog>51.3</cog>
                        </extensions>
                    </trkpt>
                    <trkpt lat="54.33944833333333" lon="9.746066666666668">
                        <ele>0</ele>
                        <time>2022-08-18T19:21:04Z</time>
                                                <extensions>
                            <sog>3.1</sog>
<cog>50.8</cog>
                        </extensions>
                    </trkpt>
                    <trkpt lat="54.33954000000001" lon="9.746256666666666">
                        <ele>0</ele>
                        <time>2022-08-18T19:21:14Z</time>
                                                <extensions>
                            <sog>3.1</sog>
<cog>50.4</cog>
                        </extensions>
                    </trkpt>
                    <trkpt lat="54.33963166666667" lon="9.746445">
                        <ele>0</ele>
                        <time>2022-08-18T19:21:25Z</time>
                                                <extensions>
                            <sog>3.1</sog>
<cog>49.9</cog>
                        </extensions>
                    </trkpt>
                    <trkpt lat="54.339715" lon="9.74661">
                        <ele>0</ele>
                        <time>2022-08-18T19:21:34Z</time>
                                                <extensions>
                            <sog>3.0</sog>
<cog>49.6</cog>
                        </extensions>
                    </trkpt>
                    <trkpt lat="54.339815" lon="9.746811666666668">
                        <ele>0</ele>
                        <time>2022-08-18T19:21:45Z</time>
                                                <extensions>
                            <sog>3.0</sog>
<cog>49.4</cog>
                        </extensions>
                    </trkpt>
                    <trkpt lat="54.339913333333335" lon="9.747008333333333">
                        <ele>0</ele>
                        <time>2022-08-18T19:21:55Z</time>
                                                <extensions>
                            <sog>3.0</sog>
<cog>49.1</cog>
                        </extensions>
                    </trkpt>
                    <trkpt lat="54.339995" lon="9.74717">
                        <ele>0</ele>
                        <time>2022-08-18T19:22:04Z</time>
                                                <extensions>
                            <sog>2.9</sog>
<cog>49.6</cog>
                        </extensions>
                    </trkpt>
                    <trkpt lat="54.34017666666667" lon="9.747546666666667">
                        <ele>0</ele>
                        <time>2022-08-18T19:22:25Z</time>
                                                <extensions>
                            <sog>2.9</sog>
<cog>50.6</cog>
                        </extensions>
                    </trkpt>
                    <trkpt lat="54.34024333333333" lon="9.74769">
                        <ele>0</ele>
                        <time>2022-08-18T19:22:34Z</time>
                                                <extensions>
                            <sog>2.9</sog>
<cog>50.8</cog>
                        </extensions>
                    </trkpt>
                    <trkpt lat="54.340336666666666" lon="9.747888333333332">
                        <ele>0</ele>
                        <time>2022-08-18T19:22:45Z</time>
                                                <extensions>
                            <sog>2.9</sog>
<cog>51.1</cog>
                        </extensions>
                    </trkpt>
                    <trkpt lat="54.34043" lon="9.748085">
                        <ele>0</ele>
                        <time>2022-08-18T19:22:55Z</time>
                                                <extensions>
                            <sog>2.9</sog>
<cog>51.4</cog>
                        </extensions>
                    </trkpt>
                    <trkpt lat="54.340505" lon="9.748248333333333">
                        <ele>0</ele>
                        <time>2022-08-18T19:23:04Z</time>
                                                <extensions>
                            <sog>2.9</sog>
<cog>51.5</cog>
                        </extensions>
                    </trkpt>
                    <trkpt lat="54.340588333333336" lon="9.748428333333333">
                        <ele>0</ele>
                        <time>2022-08-18T19:23:14Z</time>
                                                <extensions>
                            <sog>2.9</sog>
<cog>51.6</cog>
                        </extensions>
                    </trkpt>
                    <trkpt lat="54.34067833333334" lon="9.748625">
                        <ele>0</ele>
                        <time>2022-08-18T19:23:25Z</time>
                                                <extensions>
                            <sog>2.8</sog>
<cog>51.6</cog>
                        </extensions>
                    </trkpt>
                    <trkpt lat="54.340745" lon="9.748766666666667">
                        <ele>0</ele>
                        <time>2022-08-18T19:23:34Z</time>
                                                <extensions>
                            <sog>2.8</sog>
<cog>51.4</cog>
                        </extensions>
                    </trkpt>
                    <trkpt lat="54.34083666666667" lon="9.74896">
                        <ele>0</ele>
                        <time>2022-08-18T19:23:45Z</time>
                                                <extensions>
                            <sog>2.8</sog>
<cog>51.0</cog>
                        </extensions>
                    </trkpt>
                    <trkpt lat="54.34092166666667" lon="9.749134999999999">
                        <ele>0</ele>
                        <time>2022-08-18T19:23:55Z</time>
                                                <extensions>
                            <sog>2.8</sog>
<cog>50.4</cog>
                        </extensions>
                    </trkpt>
                    <trkpt lat="54.341006666666665" lon="9.749308333333333">
                        <ele>0</ele>
                        <time>2022-08-18T19:24:04Z</time>
                                                <extensions>
                            <sog>2.8</sog>
<cog>50.0</cog>
                        </extensions>
                    </trkpt>
                    <trkpt lat="54.34109" lon="9.749478333333334">
                        <ele>0</ele>
                        <time>2022-08-18T19:24:14Z</time>
                                                <extensions>
                            <sog>2.8</sog>
<cog>49.6</cog>
                        </extensions>
                    </trkpt>
                    <trkpt lat="54.341186666666665" lon="9.749666666666666">
                        <ele>0</ele>
                        <time>2022-08-18T19:24:25Z</time>
                                                <extensions>
                            <sog>2.8</sog>
<cog>49.3</cog>
                        </extensions>
                    </trkpt>
                    <trkpt lat="54.341435000000004" lon="9.750163333333335">
                        <ele>0</ele>
                        <time>2022-08-18T19:24:55Z</time>
                                                <extensions>
                            <sog>2.8</sog>
<cog>49.6</cog>
                        </extensions>
                    </trkpt>
                    <trkpt lat="54.34152666666667" lon="9.750355">
                        <ele>0</ele>
                        <time>2022-08-18T19:25:05Z</time>
                                                <extensions>
                            <sog>2.8</sog>
<cog>50.2</cog>
                        </extensions>
                    </trkpt>
                    <trkpt lat="54.3416" lon="9.750511666666666">
                        <ele>0</ele>
                        <time>2022-08-18T19:25:14Z</time>
                                                <extensions>
                            <sog>2.8</sog>
<cog>50.7</cog>
                        </extensions>
                    </trkpt>
                    <trkpt lat="54.34169" lon="9.750703333333332">
                        <ele>0</ele>
                        <time>2022-08-18T19:25:25Z</time>
                                                <extensions>
                            <sog>2.8</sog>
<cog>51.1</cog>
                        </extensions>
                    </trkpt>
                    <trkpt lat="54.34176166666667" lon="9.750858333333333">
                        <ele>0</ele>
                        <time>2022-08-18T19:25:35Z</time>
                                                <extensions>
                            <sog>2.8</sog>
<cog>51.3</cog>
                        </extensions>
                    </trkpt>
                    <trkpt lat="54.341928333333335" lon="9.751205">
                        <ele>0</ele>
                        <time>2022-08-18T19:25:55Z</time>
                                                <extensions>
                            <sog>2.8</sog>
<cog>50.3</cog>
                        </extensions>
                    </trkpt>
                    <trkpt lat="54.342099999999995" lon="9.751548333333334">
                        <ele>0</ele>
                        <time>2022-08-18T19:26:14Z</time>
                                                <extensions>
                            <sog>2.8</sog>
<cog>49.3</cog>
                        </extensions>
                    </trkpt>
                    <trkpt lat="54.34227333333333" lon="9.751891666666667">
                        <ele>0</ele>
                        <time>2022-08-18T19:26:35Z</time>
                                                <extensions>
                            <sog>2.8</sog>
<cog>48.6</cog>
                        </extensions>
                    </trkpt>
                    <trkpt lat="54.342546666666664" lon="9.752405000000001">
                        <ele>0</ele>
                        <time>2022-08-18T19:27:05Z</time>
                                                <extensions>
                            <sog>2.8</sog>
<cog>47.2</cog>
                        </extensions>
                    </trkpt>
                    <trkpt lat="54.342618333333334" lon="9.752535">
                        <ele>0</ele>
                        <time>2022-08-18T19:27:14Z</time>
                                                <extensions>
                            <sog>2.8</sog>
<cog>46.7</cog>
                        </extensions>
                    </trkpt>
                    <trkpt lat="54.342725" lon="9.752726666666666">
                        <ele>0</ele>
                        <time>2022-08-18T19:27:25Z</time>
                                                <extensions>
                            <sog>2.8</sog>
<cog>46.2</cog>
                        </extensions>
                    </trkpt>
                    <trkpt lat="54.34289666666667" lon="9.753028333333333">
                        <ele>0</ele>
                        <time>2022-08-18T19:27:45Z</time>
                                                <extensions>
                            <sog>2.7</sog>
<cog>45.5</cog>
                        </extensions>
                    </trkpt>
                    <trkpt lat="54.34298666666667" lon="9.753185">
                        <ele>0</ele>
                        <time>2022-08-18T19:27:55Z</time>
                                                <extensions>
                            <sog>2.7</sog>
<cog>45.4</cog>
                        </extensions>
                    </trkpt>
                    <trkpt lat="54.343086666666665" lon="9.753356666666667">
                        <ele>0</ele>
                        <time>2022-08-18T19:28:05Z</time>
                                                <extensions>
                            <sog>2.7</sog>
<cog>45.1</cog>
                        </extensions>
                    </trkpt>
                    <trkpt lat="54.343158333333335" lon="9.753478333333334">
                        <ele>0</ele>
                        <time>2022-08-18T19:28:14Z</time>
                                                <extensions>
                            <sog>2.7</sog>
<cog>44.5</cog>
                        </extensions>
                    </trkpt>
                    <trkpt lat="54.34335333333333" lon="9.753796666666666">
                        <ele>0</ele>
                        <time>2022-08-18T19:28:35Z</time>
                                                <extensions>
                            <sog>2.7</sog>
<cog>43.9</cog>
                        </extensions>
                    </trkpt>
                    <trkpt lat="54.34344333333333" lon="9.75395">
                        <ele>0</ele>
                        <time>2022-08-18T19:28:45Z</time>
                                                <extensions>
                            <sog>2.7</sog>
<cog>44.6</cog>
                        </extensions>
                    </trkpt>
                    <trkpt lat="54.343531666666664" lon="9.754106666666667">
                        <ele>0</ele>
                        <time>2022-08-18T19:28:55Z</time>
                                                <extensions>
                            <sog>2.7</sog>
<cog>45.5</cog>
                        </extensions>
                    </trkpt>
                    <trkpt lat="54.343695000000004" lon="9.75441">
                        <ele>0</ele>
                        <time>2022-08-18T19:29:14Z</time>
                                                <extensions>
                            <sog>2.7</sog>
<cog>47.5</cog>
                        </extensions>
                    </trkpt>
                    <trkpt lat="54.343788333333336" lon="9.75459">
                        <ele>0</ele>
                        <time>2022-08-18T19:29:25Z</time>
                                                <extensions>
                            <sog>2.7</sog>
<cog>48.4</cog>
                        </extensions>
                    </trkpt>
                    <trkpt lat="54.34387166666667" lon="9.754755">
                        <ele>0</ele>
                        <time>2022-08-18T19:29:35Z</time>
                                                <extensions>
                            <sog>2.7</sog>
<cog>49.0</cog>
                        </extensions>
                    </trkpt>
                    <trkpt lat="54.34395166666666" lon="9.754921666666666">
                        <ele>0</ele>
                        <time>2022-08-18T19:29:45Z</time>
                                                <extensions>
                            <sog>2.7</sog>
<cog>49.7</cog>
                        </extensions>
                    </trkpt>
                    <trkpt lat="54.34403333333333" lon="9.755088333333333">
                        <ele>0</ele>
                        <time>2022-08-18T19:29:55Z</time>
                                                <extensions>
                            <sog>2.7</sog>
<cog>50.3</cog>
                        </extensions>
                    </trkpt>
                    <trkpt lat="54.344118333333334" lon="9.755271666666665">
                        <ele>0</ele>
                        <time>2022-08-18T19:30:05Z</time>
                                                <extensions>
                            <sog>2.7</sog>
<cog>50.8</cog>
                        </extensions>
                    </trkpt>
                    <trkpt lat="54.34418166666667" lon="9.755405">
                        <ele>0</ele>
                        <time>2022-08-18T19:30:14Z</time>
                                                <extensions>
                            <sog>2.7</sog>
<cog>51.0</cog>
                        </extensions>
                    </trkpt>
                    <trkpt lat="54.34426666666666" lon="9.755586666666666">
                        <ele>0</ele>
                        <time>2022-08-18T19:30:25Z</time>
                                                <extensions>
                            <sog>2.6</sog>
<cog>51.3</cog>
                        </extensions>
                    </trkpt>
                    <trkpt lat="54.34441833333334" lon="9.75592">
                        <ele>0</ele>
                        <time>2022-08-18T19:30:45Z</time>
                                                <extensions>
                            <sog>2.6</sog>
<cog>52.0</cog>
                        </extensions>
                    </trkpt>
                    <trkpt lat="54.344501666666666" lon="9.756108333333334">
                        <ele>0</ele>
                        <time>2022-08-18T19:30:55Z</time>
                                                <extensions>
                            <sog>2.6</sog>
<cog>52.2</cog>
                        </extensions>
                    </trkpt>
                    <trkpt lat="54.344638333333336" lon="9.756413333333334">
                        <ele>0</ele>
                        <time>2022-08-18T19:31:14Z</time>
                                                <extensions>
                            <sog>2.7</sog>
<cog>52.0</cog>
                        </extensions>
                    </trkpt>
                    <trkpt lat="54.344725000000004" lon="9.756598333333333">
                        <ele>0</ele>
                        <time>2022-08-18T19:31:25Z</time>
                                                <extensions>
                            <sog>2.7</sog>
<cog>51.5</cog>
                        </extensions>
                    </trkpt>
                    <trkpt lat="54.34480333333333" lon="9.756765">
                        <ele>0</ele>
                        <time>2022-08-18T19:31:35Z</time>
                                                <extensions>
                            <sog>2.7</sog>
<cog>51.0</cog>
                        </extensions>
                    </trkpt>
                    <trkpt lat="54.344883333333335" lon="9.756931666666667">
                        <ele>0</ele>
                        <time>2022-08-18T19:31:45Z</time>
                                                <extensions>
                            <sog>2.7</sog>
<cog>50.7</cog>
                        </extensions>
                    </trkpt>
                    <trkpt lat="54.344969999999996" lon="9.757116666666667">
                        <ele>0</ele>
                        <time>2022-08-18T19:31:55Z</time>
                                                <extensions>
                            <sog>2.7</sog>
<cog>51.1</cog>
                        </extensions>
                    </trkpt>
                    <trkpt lat="54.345040000000004" lon="9.757268333333334">
                        <ele>0</ele>
                        <time>2022-08-18T19:32:05Z</time>
                                                <extensions>
                            <sog>2.7</sog>
<cog>51.2</cog>
                        </extensions>
                    </trkpt>
                    <trkpt lat="54.34511" lon="9.75742">
                        <ele>0</ele>
                        <time>2022-08-18T19:32:14Z</time>
                                                <extensions>
                            <sog>2.7</sog>
<cog>51.4</cog>
                        </extensions>
                    </trkpt>
                    <trkpt lat="54.34535" lon="9.757935">
                        <ele>0</ele>
                        <time>2022-08-18T19:32:45Z</time>
                                                <extensions>
                            <sog>2.6</sog>
<cog>51.5</cog>
                        </extensions>
                    </trkpt>
                    <trkpt lat="54.34543333333333" lon="9.758116666666666">
                        <ele>0</ele>
                        <time>2022-08-18T19:32:55Z</time>
                                                <extensions>
                            <sog>2.6</sog>
<cog>51.6</cog>
                        </extensions>
                    </trkpt>
                    <trkpt lat="54.3455" lon="9.75826">
                        <ele>0</ele>
                        <time>2022-08-18T19:33:05Z</time>
                                                <extensions>
                            <sog>2.6</sog>
<cog>51.6</cog>
                        </extensions>
                    </trkpt>
                    <trkpt lat="54.34556666666666" lon="9.758405">
                        <ele>0</ele>
                        <time>2022-08-18T19:33:14Z</time>
                                                <extensions>
                            <sog>2.5</sog>
<cog>51.6</cog>
                        </extensions>
                    </trkpt>
                    <trkpt lat="54.34565333333333" lon="9.758595000000001">
                        <ele>0</ele>
                        <time>2022-08-18T19:33:25Z</time>
                                                <extensions>
                            <sog>2.5</sog>
<cog>51.9</cog>
                        </extensions>
                    </trkpt>
                    <trkpt lat="54.34571833333334" lon="9.758735">
                        <ele>0</ele>
                        <time>2022-08-18T19:33:35Z</time>
                                                <extensions>
                            <sog>2.5</sog>
<cog>52.2</cog>
                        </extensions>
                    </trkpt>
                    <trkpt lat="54.345863333333334" lon="9.75906">
                        <ele>0</ele>
                        <time>2022-08-18T19:33:55Z</time>
                                                <extensions>
                            <sog>2.4</sog>
<cog>52.2</cog>
                        </extensions>
                    </trkpt>
                    <trkpt lat="54.345926666666664" lon="9.759198333333334">
                        <ele>0</ele>
                        <time>2022-08-18T19:34:05Z</time>
                                                <extensions>
                            <sog>2.4</sog>
<cog>51.9</cog>
                        </extensions>
                    </trkpt>
                    <trkpt lat="54.34599" lon="9.759335">
                        <ele>0</ele>
                        <time>2022-08-18T19:34:14Z</time>
                                                <extensions>
                            <sog>2.4</sog>
<cog>51.5</cog>
                        </extensions>
                    </trkpt>
                    <trkpt lat="54.34607166666667" lon="9.759511666666667">
                        <ele>0</ele>
                        <time>2022-08-18T19:34:25Z</time>
                                                <extensions>
                            <sog>2.3</sog>
<cog>51.3</cog>
                        </extensions>
                    </trkpt>
                    <trkpt lat="54.346133333333334" lon="9.759641666666665">
                        <ele>0</ele>
                        <time>2022-08-18T19:34:35Z</time>
                                                <extensions>
                            <sog>2.3</sog>
<cog>51.1</cog>
                        </extensions>
                    </trkpt>
                    <trkpt lat="54.346199999999996" lon="9.759783333333333">
                        <ele>0</ele>
                        <time>2022-08-18T19:34:45Z</time>
                                                <extensions>
                            <sog>2.3</sog>
<cog>50.6</cog>
                        </extensions>
                    </trkpt>
                    <trkpt lat="54.34633833333333" lon="9.760061666666667">
                        <ele>0</ele>
                        <time>2022-08-18T19:35:05Z</time>
                                                <extensions>
                            <sog>2.3</sog>
<cog>49.5</cog>
                        </extensions>
                    </trkpt>
                    <trkpt lat="54.34648166666667" lon="9.760346666666667">
                        <ele>0</ele>
                        <time>2022-08-18T19:35:25Z</time>
                                                <extensions>
                            <sog>2.2</sog>
<cog>49.2</cog>
                        </extensions>
                    </trkpt>
                    <trkpt lat="54.34654166666667" lon="9.760465">
                        <ele>0</ele>
                        <time>2022-08-18T19:35:35Z</time>
                                                <extensions>
                            <sog>2.2</sog>
<cog>48.6</cog>
                        </extensions>
                    </trkpt>
                    <trkpt lat="54.346610000000005" lon="9.760596666666666">
                        <ele>0</ele>
                        <time>2022-08-18T19:35:45Z</time>
                                                <extensions>
                            <sog>2.2</sog>
<cog>48.2</cog>
                        </extensions>
                    </trkpt>
                    <trkpt lat="54.34668333333333" lon="9.760738333333334">
                        <ele>0</ele>
                        <time>2022-08-18T19:35:55Z</time>
                                                <extensions>
                            <sog>2.1</sog>
<cog>48.2</cog>
                        </extensions>
                    </trkpt>
                    <trkpt lat="54.34674333333333" lon="9.760851666666667">
                        <ele>0</ele>
                        <time>2022-08-18T19:36:05Z</time>
                                                <extensions>
                            <sog>2.1</sog>
<cog>48.1</cog>
                        </extensions>
                    </trkpt>
                    <trkpt lat="54.34680166666667" lon="9.760965">
                        <ele>0</ele>
                        <time>2022-08-18T19:36:14Z</time>
                                                <extensions>
                            <sog>2.1</sog>
<cog>48.1</cog>
                        </extensions>
                    </trkpt>
                    <trkpt lat="54.346880000000006" lon="9.761113333333332">
                        <ele>0</ele>
                        <time>2022-08-18T19:36:25Z</time>
                                                <extensions>
                            <sog>2.1</sog>
<cog>48.2</cog>
                        </extensions>
                    </trkpt>
                    <trkpt lat="54.346938333333334" lon="9.761228333333333">
                        <ele>0</ele>
                        <time>2022-08-18T19:36:35Z</time>
                                                <extensions>
                            <sog>2.1</sog>
<cog>48.6</cog>
                        </extensions>
                    </trkpt>
                    <trkpt lat="54.347" lon="9.761355">
                        <ele>0</ele>
                        <time>2022-08-18T19:36:44Z</time>
                                                <extensions>
                            <sog>2.1</sog>
<cog>49.5</cog>
                        </extensions>
                    </trkpt>
                    <trkpt lat="54.34706833333333" lon="9.761503333333334">
                        <ele>0</ele>
                        <time>2022-08-18T19:36:55Z</time>
                                                <extensions>
                            <sog>2.1</sog>
<cog>51.1</cog>
                        </extensions>
                    </trkpt>
                    <trkpt lat="54.34712666666667" lon="9.761626666666666">
                        <ele>0</ele>
                        <time>2022-08-18T19:37:04Z</time>
                                                <extensions>
                            <sog>2.2</sog>
<cog>51.4</cog>
                        </extensions>
                    </trkpt>
                    <trkpt lat="54.347273333333334" lon="9.761893333333335">
                        <ele>0</ele>
                        <time>2022-08-18T19:37:25Z</time>
                                                <extensions>
                            <sog>2.1</sog>
<cog>45.7</cog>
                        </extensions>
                    </trkpt>
                    <trkpt lat="54.34733333333334" lon="9.762001666666666">
                        <ele>0</ele>
                        <time>2022-08-18T19:37:35Z</time>
                                                <extensions>
                            <sog>2.1</sog>
<cog>46.3</cog>
                        </extensions>
                    </trkpt>
                    <trkpt lat="54.34739833333333" lon="9.762123333333333">
                        <ele>0</ele>
                        <time>2022-08-18T19:37:44Z</time>
                                                <extensions>
                            <sog>2.0</sog>
<cog>47.4</cog>
                        </extensions>
                    </trkpt>
                    <trkpt lat="54.34746666666667" lon="9.762255000000001">
                        <ele>0</ele>
                        <time>2022-08-18T19:37:55Z</time>
                                                <extensions>
                            <sog>2.0</sog>
<cog>47.9</cog>
                        </extensions>
                    </trkpt>
                    <trkpt lat="54.347523333333335" lon="9.762363333333333">
                        <ele>0</ele>
                        <time>2022-08-18T19:38:04Z</time>
                                                <extensions>
                            <sog>2.0</sog>
<cog>48.1</cog>
                        </extensions>
                    </trkpt>
                    <trkpt lat="54.34758" lon="9.76247">
                        <ele>0</ele>
                        <time>2022-08-18T19:38:14Z</time>
                                                <extensions>
                            <sog>2.0</sog>
<cog>48.5</cog>
                        </extensions>
                    </trkpt>
                    <trkpt lat="54.34765166666667" lon="9.762615">
                        <ele>0</ele>
                        <time>2022-08-18T19:38:25Z</time>
                                                <extensions>
                            <sog>2.0</sog>
<cog>49.1</cog>
                        </extensions>
                    </trkpt>
                    <trkpt lat="54.34771333333333" lon="9.762738333333335">
                        <ele>0</ele>
                        <time>2022-08-18T19:38:36Z</time>
                                                <extensions>
                            <sog>2.0</sog>
<cog>49.4</cog>
                        </extensions>
                    </trkpt>
                    <trkpt lat="54.347766666666665" lon="9.762848333333332">
                        <ele>0</ele>
                        <time>2022-08-18T19:38:44Z</time>
                                                <extensions>
                            <sog>2.0</sog>
<cog>49.5</cog>
                        </extensions>
                    </trkpt>
                    <trkpt lat="54.34782666666667" lon="9.76297">
                        <ele>0</ele>
                        <time>2022-08-18T19:38:54Z</time>
                                                <extensions>
                            <sog>2.0</sog>
<cog>49.5</cog>
                        </extensions>
                    </trkpt>
                    <trkpt lat="54.34788666666667" lon="9.763088333333334">
                        <ele>0</ele>
                        <time>2022-08-18T19:39:04Z</time>
                                                <extensions>
                            <sog>1.9</sog>
<cog>49.5</cog>
                        </extensions>
                    </trkpt>
                    <trkpt lat="54.34794333333333" lon="9.763206666666667">
                        <ele>0</ele>
                        <time>2022-08-18T19:39:15Z</time>
                                                <extensions>
                            <sog>1.9</sog>
<cog>49.7</cog>
                        </extensions>
                    </trkpt>
                    <trkpt lat="54.34800333333333" lon="9.763325">
                        <ele>0</ele>
                        <time>2022-08-18T19:39:24Z</time>
                                                <extensions>
                            <sog>1.9</sog>
<cog>49.7</cog>
                        </extensions>
                    </trkpt>
                    <trkpt lat="54.348063333333336" lon="9.763451666666667">
                        <ele>0</ele>
                        <time>2022-08-18T19:39:36Z</time>
                                                <extensions>
                            <sog>1.9</sog>
<cog>49.8</cog>
                        </extensions>
                    </trkpt>
                    <trkpt lat="54.34811666666667" lon="9.763556666666666">
                        <ele>0</ele>
                        <time>2022-08-18T19:39:44Z</time>
                                                <extensions>
                            <sog>1.9</sog>
<cog>49.9</cog>
                        </extensions>
                    </trkpt>
                    <trkpt lat="54.348171666666666" lon="9.763671666666665">
                        <ele>0</ele>
                        <time>2022-08-18T19:39:54Z</time>
                                                <extensions>
                            <sog>1.9</sog>
<cog>50.3</cog>
                        </extensions>
                    </trkpt>
                    <trkpt lat="54.34828166666667" lon="9.763905">
                        <ele>0</ele>
                        <time>2022-08-18T19:40:15Z</time>
                                                <extensions>
                            <sog>1.8</sog>
<cog>51.2</cog>
                        </extensions>
                    </trkpt>
                    <trkpt lat="54.34833666666667" lon="9.764021666666668">
                        <ele>0</ele>
                        <time>2022-08-18T19:40:24Z</time>
                                                <extensions>
                            <sog>1.9</sog>
<cog>50.7</cog>
                        </extensions>
                    </trkpt>
                    <trkpt lat="54.348508333333335" lon="9.764370000000001">
                        <ele>0</ele>
                        <time>2022-08-18T19:40:54Z</time>
                                                <extensions>
                            <sog>1.9</sog>
<cog>49.9</cog>
                        </extensions>
                    </trkpt>
                    <trkpt lat="54.34856166666667" lon="9.764483333333335">
                        <ele>0</ele>
                        <time>2022-08-18T19:41:04Z</time>
                                                <extensions>
                            <sog>1.8</sog>
<cog>50.4</cog>
                        </extensions>
                    </trkpt>
                    <trkpt lat="54.348618333333334" lon="9.764596666666668">
                        <ele>0</ele>
                        <time>2022-08-18T19:41:15Z</time>
                                                <extensions>
                            <sog>1.8</sog>
<cog>50.4</cog>
                        </extensions>
                    </trkpt>
                    <trkpt lat="54.34867333333333" lon="9.764708333333335">
                        <ele>0</ele>
                        <time>2022-08-18T19:41:24Z</time>
                                                <extensions>
                            <sog>1.8</sog>
<cog>49.7</cog>
                        </extensions>
                    </trkpt>
                    <trkpt lat="54.348735000000005" lon="9.76483">
                        <ele>0</ele>
                        <time>2022-08-18T19:41:36Z</time>
                                                <extensions>
                            <sog>1.8</sog>
<cog>48.8</cog>
                        </extensions>
                    </trkpt>
                    <trkpt lat="54.34878666666667" lon="9.764928333333334">
                        <ele>0</ele>
                        <time>2022-08-18T19:41:44Z</time>
                                                <extensions>
                            <sog>1.8</sog>
<cog>48.2</cog>
                        </extensions>
                    </trkpt>
                    <trkpt lat="54.348843333333335" lon="9.765036666666667">
                        <ele>0</ele>
                        <time>2022-08-18T19:41:54Z</time>
                                                <extensions>
                            <sog>1.8</sog>
<cog>48.1</cog>
                        </extensions>
                    </trkpt>
                    <trkpt lat="54.34889833333333" lon="9.765144999999999">
                        <ele>0</ele>
                        <time>2022-08-18T19:42:04Z</time>
                                                <extensions>
                            <sog>1.8</sog>
<cog>47.9</cog>
                        </extensions>
                    </trkpt>
                    <trkpt lat="54.348955000000004" lon="9.765251666666668">
                        <ele>0</ele>
                        <time>2022-08-18T19:42:15Z</time>
                                                <extensions>
                            <sog>1.8</sog>
<cog>48.0</cog>
                        </extensions>
                    </trkpt>
                    <trkpt lat="54.349065" lon="9.765468333333333">
                        <ele>0</ele>
                        <time>2022-08-18T19:42:35Z</time>
                                                <extensions>
                            <sog>1.8</sog>
<cog>49.0</cog>
                        </extensions>
                    </trkpt>
                    <trkpt lat="54.349115" lon="9.76557">
                        <ele>0</ele>
                        <time>2022-08-18T19:42:44Z</time>
                                                <extensions>
                            <sog>1.8</sog>
<cog>49.1</cog>
                        </extensions>
                    </trkpt>
                    <trkpt lat="54.34917666666667" lon="9.765691666666667">
                        <ele>0</ele>
                        <time>2022-08-18T19:42:54Z</time>
                                                <extensions>
                            <sog>1.8</sog>
<cog>49.1</cog>
                        </extensions>
                    </trkpt>
                    <trkpt lat="54.34923166666667" lon="9.7658">
                        <ele>0</ele>
                        <time>2022-08-18T19:43:04Z</time>
                                                <extensions>
                            <sog>1.8</sog>
<cog>48.5</cog>
                        </extensions>
                    </trkpt>
                    <trkpt lat="54.349288333333334" lon="9.765908333333334">
                        <ele>0</ele>
                        <time>2022-08-18T19:43:15Z</time>
                                                <extensions>
                            <sog>1.8</sog>
<cog>47.9</cog>
                        </extensions>
                    </trkpt>
                    <trkpt lat="54.34934666666666" lon="9.766016666666667">
                        <ele>0</ele>
                        <time>2022-08-18T19:43:24Z</time>
                                                <extensions>
                            <sog>1.8</sog>
<cog>47.4</cog>
                        </extensions>
                    </trkpt>
                    <trkpt lat="54.349405000000004" lon="9.766124999999999">
                        <ele>0</ele>
                        <time>2022-08-18T19:43:35Z</time>
                                                <extensions>
                            <sog>1.8</sog>
<cog>47.3</cog>
                        </extensions>
                    </trkpt>
                    <trkpt lat="54.34945833333334" lon="9.766224999999999">
                        <ele>0</ele>
                        <time>2022-08-18T19:43:44Z</time>
                                                <extensions>
                            <sog>1.8</sog>
<cog>47.6</cog>
                        </extensions>
                    </trkpt>
                    <trkpt lat="54.349525" lon="9.766356666666667">
                        <ele>0</ele>
                        <time>2022-08-18T19:43:54Z</time>
                                                <extensions>
                            <sog>2.0</sog>
<cog>48.3</cog>
                        </extensions>
                    </trkpt>
                    <trkpt lat="54.34959166666667" lon="9.766486666666667">
                        <ele>0</ele>
                        <time>2022-08-18T19:44:04Z</time>
                                                <extensions>
                            <sog>2.1</sog>
<cog>48.7</cog>
                        </extensions>
                    </trkpt>
                    <trkpt lat="54.34974166666667" lon="9.766776666666667">
                        <ele>0</ele>
                        <time>2022-08-18T19:44:24Z</time>
                                                <extensions>
                            <sog>2.4</sog>
<cog>48.1</cog>
                        </extensions>
                    </trkpt>
                    <trkpt lat="54.35001" lon="9.767291666666667">
                        <ele>0</ele>
                        <time>2022-08-18T19:44:54Z</time>
                                                <extensions>
                            <sog>3.0</sog>
<cog>48.5</cog>
                        </extensions>
                    </trkpt>
                    <trkpt lat="54.350105" lon="9.767471666666667">
                        <ele>0</ele>
                        <time>2022-08-18T19:45:04Z</time>
                                                <extensions>
                            <sog>3.3</sog>
<cog>47.8</cog>
                        </extensions>
                    </trkpt>
                    <trkpt lat="54.350233333333335" lon="9.767716666666667">
                        <ele>0</ele>
                        <time>2022-08-18T19:45:15Z</time>
                                                <extensions>
                            <sog>3.7</sog>
<cog>48.1</cog>
                        </extensions>
                    </trkpt>
                    <trkpt lat="54.35124333333333" lon="9.76964">
                        <ele>0</ele>
                        <time>2022-08-18T19:46:15Z</time>
                                                <extensions>
                            <sog>6.4</sog>
<cog>46.8</cog>
                        </extensions>
                    </trkpt>
                    <trkpt lat="54.353775000000006" lon="9.774008333333335">
                        <ele>0</ele>
                        <time>2022-08-18T19:47:54Z</time>
                                                <extensions>
                            <sog>8.6</sog>
<cog>43.7</cog>
                        </extensions>
                    </trkpt>
                    <trkpt lat="54.354036666666666" lon="9.774443333333332">
                        <ele>0</ele>
                        <time>2022-08-18T19:48:04Z</time>
                                                <extensions>
                            <sog>8.7</sog>
<cog>43.9</cog>
                        </extensions>
                    </trkpt>
                    <trkpt lat="54.35435" lon="9.774985">
                        <ele>0</ele>
                        <time>2022-08-18T19:48:15Z</time>
                                                <extensions>
                            <sog>8.7</sog>
<cog>45.0</cog>
                        </extensions>
                    </trkpt>
                    <trkpt lat="54.35465833333333" lon="9.775538333333333">
                        <ele>0</ele>
                        <time>2022-08-18T19:48:25Z</time>
                                                <extensions>
                            <sog>8.7</sog>
<cog>46.1</cog>
                        </extensions>
                    </trkpt>
                    <trkpt lat="54.35545833333333" lon="9.777023333333334">
                        <ele>0</ele>
                        <time>2022-08-18T19:48:54Z</time>
                                                <extensions>
                            <sog>8.8</sog>
<cog>47.4</cog>
                        </extensions>
                    </trkpt>
                    <trkpt lat="54.356004999999996" lon="9.778056666666666">
                        <ele>0</ele>
                        <time>2022-08-18T19:49:15Z</time>
                                                <extensions>
                            <sog>8.8</sog>
<cog>48.0</cog>
                        </extensions>
                    </trkpt>
                    <trkpt lat="54.357075" lon="9.780153333333335">
                        <ele>0</ele>
                        <time>2022-08-18T19:49:54Z</time>
                                                <extensions>
                            <sog>8.8</sog>
<cog>49.3</cog>
                        </extensions>
                    </trkpt>
                    <trkpt lat="54.357589999999995" lon="9.781225000000001">
                        <ele>0</ele>
                        <time>2022-08-18T19:50:15Z</time>
                                                <extensions>
                            <sog>8.7</sog>
<cog>50.8</cog>
                        </extensions>
                    </trkpt>
                    <trkpt lat="54.35902166666666" lon="9.784606666666667">
                        <ele>0</ele>
                        <time>2022-08-18T19:51:15Z</time>
                                                <extensions>
                            <sog>8.7</sog>
<cog>55.9</cog>
                        </extensions>
                    </trkpt>
                    <trkpt lat="54.36024333333333" lon="9.788188333333332">
                        <ele>0</ele>
                        <time>2022-08-18T19:52:15Z</time>
                                                <extensions>
                            <sog>8.7</sog>
<cog>61.7</cog>
                        </extensions>
                    </trkpt>
                    <trkpt lat="54.36140666666667" lon="9.792513333333334">
                        <ele>0</ele>
                        <time>2022-08-18T19:53:24Z</time>
                                                <extensions>
                            <sog>8.7</sog>
<cog>67.8</cog>
                        </extensions>
                    </trkpt>
                    <trkpt lat="54.362118333333335" lon="9.795934999999998">
                        <ele>0</ele>
                        <time>2022-08-18T19:54:15Z</time>
                                                <extensions>
                            <sog>8.8</sog>
<cog>72.3</cog>
                        </extensions>
                    </trkpt>
                    <trkpt lat="54.36221666666667" lon="9.796473333333333">
                        <ele>0</ele>
                        <time>2022-08-18T19:54:24Z</time>
                                                <extensions>
                            <sog>8.8</sog>
<cog>72.8</cog>
                        </extensions>
                    </trkpt>
                    <trkpt lat="54.362345" lon="9.797211666666668">
                        <ele>0</ele>
                        <time>2022-08-18T19:54:35Z</time>
                                                <extensions>
                            <sog>8.8</sog>
<cog>73.4</cog>
                        </extensions>
                    </trkpt>
                    <trkpt lat="54.362455" lon="9.797885">
                        <ele>0</ele>
                        <time>2022-08-18T19:54:45Z</time>
                                                <extensions>
                            <sog>8.8</sog>
<cog>74.1</cog>
                        </extensions>
                    </trkpt>
                    <trkpt lat="54.362563333333334" lon="9.798555">
                        <ele>0</ele>
                        <time>2022-08-18T19:54:54Z</time>
                                                <extensions>
                            <sog>8.8</sog>
<cog>74.3</cog>
                        </extensions>
                    </trkpt>
                    <trkpt lat="54.362655000000004" lon="9.799156666666667">
                        <ele>0</ele>
                        <time>2022-08-18T19:55:04Z</time>
                                                <extensions>
                            <sog>8.7</sog>
<cog>75.2</cog>
                        </extensions>
                    </trkpt>
                    <trkpt lat="54.36277166666666" lon="9.799961666666666">
                        <ele>0</ele>
                        <time>2022-08-18T19:55:15Z</time>
                                                <extensions>
                            <sog>8.7</sog>
<cog>75.9</cog>
                        </extensions>
                    </trkpt>
                    <trkpt lat="54.362935" lon="9.801236666666666">
                        <ele>0</ele>
                        <time>2022-08-18T19:55:35Z</time>
                                                <extensions>
                            <sog>8.6</sog>
<cog>78.2</cog>
                        </extensions>
                    </trkpt>
                    <trkpt lat="54.363055" lon="9.80259">
                        <ele>0</ele>
                        <time>2022-08-18T19:55:54Z</time>
                                                <extensions>
                            <sog>8.6</sog>
<cog>81.4</cog>
                        </extensions>
                    </trkpt>
                    <trkpt lat="54.363686666666666" lon="9.827521666666666">
                        <ele>0</ele>
                        <time>2022-08-18T20:02:24Z</time>
                                                <extensions>
                            <sog>8.2</sog>
<cog>88.8</cog>
                        </extensions>
                    </trkpt>
                    <trkpt lat="54.36369333333334" lon="9.828311666666668">
                        <ele>0</ele>
                        <time>2022-08-18T20:02:35Z</time>
                                                <extensions>
                            <sog>8.3</sog>
<cog>88.9</cog>
                        </extensions>
                    </trkpt>
                    <trkpt lat="54.3637" lon="9.828908333333334">
                        <ele>0</ele>
                        <time>2022-08-18T20:02:44Z</time>
                                                <extensions>
                            <sog>8.3</sog>
<cog>88.9</cog>
                        </extensions>
                    </trkpt>
                    <trkpt lat="54.363728333333334" lon="9.830973333333333">
                        <ele>0</ele>
                        <time>2022-08-18T20:03:15Z</time>
                                                <extensions>
                            <sog>8.4</sog>
<cog>88.5</cog>
                        </extensions>
                    </trkpt>
                    <trkpt lat="54.363745" lon="9.832306666666666">
                        <ele>0</ele>
                        <time>2022-08-18T20:03:35Z</time>
                                                <extensions>
                            <sog>8.4</sog>
<cog>88.7</cog>
                        </extensions>
                    </trkpt>
                    <trkpt lat="54.36376333333333" lon="9.834228333333334">
                        <ele>0</ele>
                        <time>2022-08-18T20:04:04Z</time>
                                                <extensions>
                            <sog>8.3</sog>
<cog>89.0</cog>
                        </extensions>
                    </trkpt>
                    <trkpt lat="54.36381333333333" lon="9.838178333333333">
                        <ele>0</ele>
                        <time>2022-08-18T20:05:04Z</time>
                                                <extensions>
                            <sog>8.5</sog>
<cog>89.1</cog>
                        </extensions>
                    </trkpt>
                    <trkpt lat="54.36382666666667" lon="9.839525">
                        <ele>0</ele>
                        <time>2022-08-18T20:05:24Z</time>
                                                <extensions>
                            <sog>8.5</sog>
<cog>88.9</cog>
                        </extensions>
                    </trkpt>
                    <trkpt lat="54.363835" lon="9.840335000000001">
                        <ele>0</ele>
                        <time>2022-08-18T20:05:35Z</time>
                                                <extensions>
                            <sog>8.5</sog>
<cog>89.1</cog>
                        </extensions>
                    </trkpt>
                    <trkpt lat="54.36384833333333" lon="9.841611666666667">
                        <ele>0</ele>
                        <time>2022-08-18T20:05:54Z</time>
                                                <extensions>
                            <sog>8.5</sog>
<cog>89.0</cog>
                        </extensions>
                    </trkpt>
                    <trkpt lat="54.363854999999994" lon="9.842215000000001">
                        <ele>0</ele>
                        <time>2022-08-18T20:06:04Z</time>
                                                <extensions>
                            <sog>8.4</sog>
<cog>89.0</cog>
                        </extensions>
                    </trkpt>
                    <trkpt lat="54.36386166666667" lon="9.843018333333333">
                        <ele>0</ele>
                        <time>2022-08-18T20:06:15Z</time>
                                                <extensions>
                            <sog>8.4</sog>
<cog>89.1</cog>
                        </extensions>
                    </trkpt>
                    <trkpt lat="54.36387" lon="9.843553333333334">
                        <ele>0</ele>
                        <time>2022-08-18T20:06:24Z</time>
                                                <extensions>
                            <sog>8.4</sog>
<cog>88.8</cog>
                        </extensions>
                    </trkpt>
                    <trkpt lat="54.363884999999996" lon="9.845633333333334">
                        <ele>0</ele>
                        <time>2022-08-18T20:06:54Z</time>
                                                <extensions>
                            <sog>8.5</sog>
<cog>89.6</cog>
                        </extensions>
                    </trkpt>
                    <trkpt lat="54.363883333333334" lon="9.84705">
                        <ele>0</ele>
                        <time>2022-08-18T20:07:15Z</time>
                                                <extensions>
                            <sog>8.5</sog>
<cog>90.1</cog>
                        </extensions>
                    </trkpt>
                    <trkpt lat="54.36387666666667" lon="9.847591666666666">
                        <ele>0</ele>
                        <time>2022-08-18T20:07:24Z</time>
                                                <extensions>
                            <sog>8.5</sog>
<cog>90.7</cog>
                        </extensions>
                    </trkpt>
                    <trkpt lat="54.363863333333335" lon="9.848333333333333">
                        <ele>0</ele>
                        <time>2022-08-18T20:07:34Z</time>
                                                <extensions>
                            <sog>8.5</sog>
<cog>91.8</cog>
                        </extensions>
                    </trkpt>
                    <trkpt lat="54.36381333333333" lon="9.849675">
                        <ele>0</ele>
                        <time>2022-08-18T20:07:54Z</time>
                                                <extensions>
                            <sog>8.4</sog>
<cog>93.8</cog>
                        </extensions>
                    </trkpt>
                    <trkpt lat="54.363785" lon="9.850273333333332">
                        <ele>0</ele>
                        <time>2022-08-18T20:08:04Z</time>
                                                <extensions>
                            <sog>8.4</sog>
<cog>94.5</cog>
                        </extensions>
                    </trkpt>
                    <trkpt lat="54.36374" lon="9.851071666666666">
                        <ele>0</ele>
                        <time>2022-08-18T20:08:15Z</time>
                                                <extensions>
                            <sog>8.4</sog>
<cog>95.5</cog>
                        </extensions>
                    </trkpt>
                    <trkpt lat="54.363704999999996" lon="9.851601666666665">
                        <ele>0</ele>
                        <time>2022-08-18T20:08:24Z</time>
                                                <extensions>
                            <sog>8.4</sog>
<cog>96.3</cog>
                        </extensions>
                    </trkpt>
                    <trkpt lat="54.36364666666667" lon="9.852326666666666">
                        <ele>0</ele>
                        <time>2022-08-18T20:08:34Z</time>
                                                <extensions>
                            <sog>8.4</sog>
<cog>97.6</cog>
                        </extensions>
                    </trkpt>
                    <trkpt lat="54.36358333333333" lon="9.853051666666666">
                        <ele>0</ele>
                        <time>2022-08-18T20:08:45Z</time>
                                                <extensions>
                            <sog>8.4</sog>
<cog>98.2</cog>
                        </extensions>
                    </trkpt>
                    <trkpt lat="54.36353166666667" lon="9.853643333333334">
                        <ele>0</ele>
                        <time>2022-08-18T20:08:54Z</time>
                                                <extensions>
                            <sog>8.4</sog>
<cog>98.7</cog>
                        </extensions>
                    </trkpt>
                    <trkpt lat="54.363475" lon="9.854236666666667">
                        <ele>0</ele>
                        <time>2022-08-18T20:09:04Z</time>
                                                <extensions>
                            <sog>8.4</sog>
<cog>99.1</cog>
                        </extensions>
                    </trkpt>
                    <trkpt lat="54.363393333333335" lon="9.855028333333333">
                        <ele>0</ele>
                        <time>2022-08-18T20:09:15Z</time>
                                                <extensions>
                            <sog>8.4</sog>
<cog>100.2</cog>
                        </extensions>
                    </trkpt>
                    <trkpt lat="54.36333333333334" lon="9.855553333333335">
                        <ele>0</ele>
                        <time>2022-08-18T20:09:24Z</time>
                                                <extensions>
                            <sog>8.4</sog>
<cog>100.9</cog>
                        </extensions>
                    </trkpt>
                    <trkpt lat="54.36324333333334" lon="9.856273333333332">
                        <ele>0</ele>
                        <time>2022-08-18T20:09:34Z</time>
                                                <extensions>
                            <sog>8.4</sog>
<cog>102.0</cog>
                        </extensions>
                    </trkpt>
                    <trkpt lat="54.363145" lon="9.85699">
                        <ele>0</ele>
                        <time>2022-08-18T20:09:45Z</time>
                                                <extensions>
                            <sog>8.4</sog>
<cog>102.9</cog>
                        </extensions>
                    </trkpt>
                    <trkpt lat="54.363063333333336" lon="9.857575">
                        <ele>0</ele>
                        <time>2022-08-18T20:09:54Z</time>
                                                <extensions>
                            <sog>8.4</sog>
<cog>103.8</cog>
                        </extensions>
                    </trkpt>
                    <trkpt lat="54.362970000000004" lon="9.858153333333332">
                        <ele>0</ele>
                        <time>2022-08-18T20:10:04Z</time>
                                                <extensions>
                            <sog>8.4</sog>
<cog>104.9</cog>
                        </extensions>
                    </trkpt>
                    <trkpt lat="54.36286" lon="9.858788333333333">
                        <ele>0</ele>
                        <time>2022-08-18T20:10:14Z</time>
                                                <extensions>
                            <sog>8.4</sog>
<cog>106.1</cog>
                        </extensions>
                    </trkpt>
                    <trkpt lat="54.36261666666667" lon="9.860108333333333">
                        <ele>0</ele>
                        <time>2022-08-18T20:10:34Z</time>
                                                <extensions>
                            <sog>8.3</sog>
<cog>107.7</cog>
                        </extensions>
                    </trkpt>
                    <trkpt lat="54.36224" lon="9.861898333333333">
                        <ele>0</ele>
                        <time>2022-08-18T20:11:04Z</time>
                                                <extensions>
                            <sog>8.2</sog>
<cog>110.7</cog>
                        </extensions>
                    </trkpt>
                    <trkpt lat="54.362095" lon="9.862508333333333">
                        <ele>0</ele>
                        <time>2022-08-18T20:11:14Z</time>
                                                <extensions>
                            <sog>8.3</sog>
<cog>112.0</cog>
                        </extensions>
                    </trkpt>
                    <trkpt lat="54.36194166666667" lon="9.863113333333333">
                        <ele>0</ele>
                        <time>2022-08-18T20:11:24Z</time>
                                                <extensions>
                            <sog>8.3</sog>
<cog>113.0</cog>
                        </extensions>
                    </trkpt>
                    <trkpt lat="54.36177" lon="9.863778333333332">
                        <ele>0</ele>
                        <time>2022-08-18T20:11:35Z</time>
                                                <extensions>
                            <sog>8.3</sog>
<cog>113.7</cog>
                        </extensions>
                    </trkpt>
                    <trkpt lat="54.36159833333333" lon="9.864445">
                        <ele>0</ele>
                        <time>2022-08-18T20:11:45Z</time>
                                                <extensions>
                            <sog>8.3</sog>
<cog>113.9</cog>
                        </extensions>
                    </trkpt>
                    <trkpt lat="54.361455" lon="9.864991666666667">
                        <ele>0</ele>
                        <time>2022-08-18T20:11:54Z</time>
                                                <extensions>
                            <sog>8.3</sog>
<cog>113.9</cog>
                        </extensions>
                    </trkpt>
                    <trkpt lat="54.36128" lon="9.865656666666666">
                        <ele>0</ele>
                        <time>2022-08-18T20:12:05Z</time>
                                                <extensions>
                            <sog>8.4</sog>
<cog>114.3</cog>
                        </extensions>
                    </trkpt>
                    <trkpt lat="54.360965" lon="9.866875">
                        <ele>0</ele>
                        <time>2022-08-18T20:12:25Z</time>
                                                <extensions>
                            <sog>8.4</sog>
<cog>114.1</cog>
                        </extensions>
                    </trkpt>
                    <trkpt lat="54.36031833333333" lon="9.869291666666667">
                        <ele>0</ele>
                        <time>2022-08-18T20:13:05Z</time>
                                                <extensions>
                            <sog>8.4</sog>
<cog>115.8</cog>
                        </extensions>
                    </trkpt>
                    <trkpt lat="54.3598" lon="9.871">
                        <ele>0</ele>
                        <time>2022-08-18T20:13:35Z</time>
                                                <extensions>
                            <sog>8.3</sog>
<cog>117.6</cog>
                        </extensions>
                    </trkpt>
                    <trkpt lat="54.359435" lon="9.872166666666667">
                        <ele>0</ele>
                        <time>2022-08-18T20:13:54Z</time>
                                                <extensions>
                            <sog>8.3</sog>
<cog>118.3</cog>
                        </extensions>
                    </trkpt>
                    <trkpt lat="54.35869" lon="9.874526666666666">
                        <ele>0</ele>
                        <time>2022-08-18T20:14:35Z</time>
                                                <extensions>
                            <sog>8.5</sog>
<cog>118.3</cog>
                        </extensions>
                    </trkpt>
                    <trkpt lat="54.358309999999996" lon="9.875718333333333">
                        <ele>0</ele>
                        <time>2022-08-18T20:14:54Z</time>
                                                <extensions>
                            <sog>8.5</sog>
<cog>118.6</cog>
                        </extensions>
                    </trkpt>
                    <trkpt lat="54.357951666666665" lon="9.876856666666667">
                        <ele>0</ele>
                        <time>2022-08-18T20:15:14Z</time>
                                                <extensions>
                            <sog>8.6</sog>
<cog>118.5</cog>
                        </extensions>
                    </trkpt>
                    <trkpt lat="54.35772166666666" lon="9.877575">
                        <ele>0</ele>
                        <time>2022-08-18T20:15:25Z</time>
                                                <extensions>
                            <sog>8.6</sog>
<cog>118.5</cog>
                        </extensions>
                    </trkpt>
                    <trkpt lat="54.35735666666667" lon="9.878716666666666">
                        <ele>0</ele>
                        <time>2022-08-18T20:15:45Z</time>
                                                <extensions>
                            <sog>8.6</sog>
<cog>118.8</cog>
                        </extensions>
                    </trkpt>
                    <trkpt lat="54.35716166666667" lon="9.879316666666666">
                        <ele>0</ele>
                        <time>2022-08-18T20:15:54Z</time>
                                                <extensions>
                            <sog>8.6</sog>
<cog>119.0</cog>
                        </extensions>
                    </trkpt>
                    <trkpt lat="54.356988333333334" lon="9.879855">
                        <ele>0</ele>
                        <time>2022-08-18T20:16:04Z</time>
                                                <extensions>
                            <sog>8.6</sog>
<cog>118.9</cog>
                        </extensions>
                    </trkpt>
                    <trkpt lat="54.35679666666667" lon="9.88046">
                        <ele>0</ele>
                        <time>2022-08-18T20:16:14Z</time>
                                                <extensions>
                            <sog>8.6</sog>
<cog>118.5</cog>
                        </extensions>
                    </trkpt>
                    <trkpt lat="54.356568333333335" lon="9.881184999999999">
                        <ele>0</ele>
                        <time>2022-08-18T20:16:25Z</time>
                                                <extensions>
                            <sog>8.6</sog>
<cog>118.3</cog>
                        </extensions>
                    </trkpt>
                    <trkpt lat="54.35639666666667" lon="9.881726666666667">
                        <ele>0</ele>
                        <time>2022-08-18T20:16:35Z</time>
                                                <extensions>
                            <sog>8.6</sog>
<cog>118.4</cog>
                        </extensions>
                    </trkpt>
                    <trkpt lat="54.35620666666667" lon="9.882328333333334">
                        <ele>0</ele>
                        <time>2022-08-18T20:16:45Z</time>
                                                <extensions>
                            <sog>8.6</sog>
<cog>118.5</cog>
                        </extensions>
                    </trkpt>
                    <trkpt lat="54.35601666666666" lon="9.88293">
                        <ele>0</ele>
                        <time>2022-08-18T20:16:54Z</time>
                                                <extensions>
                            <sog>8.6</sog>
<cog>118.3</cog>
                        </extensions>
                    </trkpt>
                    <trkpt lat="54.35561333333333" lon="9.884183333333334">
                        <ele>0</ele>
                        <time>2022-08-18T20:17:15Z</time>
                                                <extensions>
                            <sog>8.6</sog>
<cog>118.7</cog>
                        </extensions>
                    </trkpt>
                    <trkpt lat="54.355423333333334" lon="9.884776666666665">
                        <ele>0</ele>
                        <time>2022-08-18T20:17:25Z</time>
                                                <extensions>
                            <sog>8.5</sog>
<cog>118.9</cog>
                        </extensions>
                    </trkpt>
                    <trkpt lat="54.35524833333333" lon="9.88531">
                        <ele>0</ele>
                        <time>2022-08-18T20:17:35Z</time>
                                                <extensions>
                            <sog>8.5</sog>
<cog>119.2</cog>
                        </extensions>
                    </trkpt>
                    <trkpt lat="54.355055" lon="9.885905000000001">
                        <ele>0</ele>
                        <time>2022-08-18T20:17:45Z</time>
                                                <extensions>
                            <sog>8.6</sog>
<cog>119.0</cog>
                        </extensions>
                    </trkpt>
                    <trkpt lat="54.354865000000004" lon="9.886501666666668">
                        <ele>0</ele>
                        <time>2022-08-18T20:17:54Z</time>
                                                <extensions>
                            <sog>8.5</sog>
<cog>118.8</cog>
                        </extensions>
                    </trkpt>
                    <trkpt lat="54.35469666666667" lon="9.887038333333333">
                        <ele>0</ele>
                        <time>2022-08-18T20:18:04Z</time>
                                                <extensions>
                            <sog>8.5</sog>
<cog>118.3</cog>
                        </extensions>
                    </trkpt>
                    <trkpt lat="54.35428666666667" lon="9.888346666666667">
                        <ele>0</ele>
                        <time>2022-08-18T20:18:25Z</time>
                                                <extensions>
                            <sog>8.5</sog>
<cog>118.2</cog>
                        </extensions>
                    </trkpt>
                    <trkpt lat="54.354103333333335" lon="9.88894">
                        <ele>0</ele>
                        <time>2022-08-18T20:18:36Z</time>
                                                <extensions>
                            <sog>8.5</sog>
<cog>118.0</cog>
                        </extensions>
                    </trkpt>
                    <trkpt lat="54.353755" lon="9.890065">
                        <ele>0</ele>
                        <time>2022-08-18T20:18:54Z</time>
                                                <extensions>
                            <sog>8.4</sog>
<cog>117.8</cog>
                        </extensions>
                    </trkpt>
                    <trkpt lat="54.353590000000004" lon="9.890593333333333">
                        <ele>0</ele>
                        <time>2022-08-18T20:19:04Z</time>
                                                <extensions>
                            <sog>8.4</sog>
<cog>117.9</cog>
                        </extensions>
                    </trkpt>
                    <trkpt lat="54.35337333333334" lon="9.891291666666666">
                        <ele>0</ele>
                        <time>2022-08-18T20:19:15Z</time>
                                                <extensions>
                            <sog>8.3</sog>
<cog>118.1</cog>
                        </extensions>
                    </trkpt>
                    <trkpt lat="54.352999999999994" lon="9.892436666666667">
                        <ele>0</ele>
                        <time>2022-08-18T20:19:36Z</time>
                                                <extensions>
                            <sog>8.2</sog>
<cog>119.4</cog>
                        </extensions>
                    </trkpt>
                    <trkpt lat="54.352830000000004" lon="9.892946666666667">
                        <ele>0</ele>
                        <time>2022-08-18T20:19:45Z</time>
                                                <extensions>
                            <sog>8.2</sog>
<cog>119.7</cog>
                        </extensions>
                    </trkpt>
                    <trkpt lat="54.35263833333333" lon="9.89351">
                        <ele>0</ele>
                        <time>2022-08-18T20:19:54Z</time>
                                                <extensions>
                            <sog>8.2</sog>
<cog>119.7</cog>
                        </extensions>
                    </trkpt>
                    <trkpt lat="54.352473333333336" lon="9.894021666666667">
                        <ele>0</ele>
                        <time>2022-08-18T20:20:04Z</time>
                                                <extensions>
                            <sog>8.2</sog>
<cog>119.3</cog>
                        </extensions>
                    </trkpt>
                    <trkpt lat="54.35225333333334" lon="9.894703333333332">
                        <ele>0</ele>
                        <time>2022-08-18T20:20:15Z</time>
                                                <extensions>
                            <sog>8.2</sog>
<cog>118.9</cog>
                        </extensions>
                    </trkpt>
                    <trkpt lat="54.35209" lon="9.895216666666666">
                        <ele>0</ele>
                        <time>2022-08-18T20:20:24Z</time>
                                                <extensions>
                            <sog>8.2</sog>
<cog>118.7</cog>
                        </extensions>
                    </trkpt>
                    <trkpt lat="54.351888333333335" lon="9.89585">
                        <ele>0</ele>
                        <time>2022-08-18T20:20:36Z</time>
                                                <extensions>
                            <sog>8.2</sog>
<cog>118.5</cog>
                        </extensions>
                    </trkpt>
                    <trkpt lat="54.351725" lon="9.896363333333333">
                        <ele>0</ele>
                        <time>2022-08-18T20:20:45Z</time>
                                                <extensions>
                            <sog>8.2</sog>
<cog>118.4</cog>
                        </extensions>
                    </trkpt>
                    <trkpt lat="54.35138666666667" lon="9.897456666666667">
                        <ele>0</ele>
                        <time>2022-08-18T20:21:04Z</time>
                                                <extensions>
                            <sog>8.2</sog>
<cog>117.7</cog>
                        </extensions>
                    </trkpt>
                    <trkpt lat="54.351173333333335" lon="9.898145">
                        <ele>0</ele>
                        <time>2022-08-18T20:21:15Z</time>
                                                <extensions>
                            <sog>8.2</sog>
<cog>117.9</cog>
                        </extensions>
                    </trkpt>
                    <trkpt lat="54.351013333333334" lon="9.898658333333334">
                        <ele>0</ele>
                        <time>2022-08-18T20:21:24Z</time>
                                                <extensions>
                            <sog>8.1</sog>
<cog>118.2</cog>
                        </extensions>
                    </trkpt>
                    <trkpt lat="54.350813333333335" lon="9.899281666666667">
                        <ele>0</ele>
                        <time>2022-08-18T20:21:36Z</time>
                                                <extensions>
                            <sog>8.1</sog>
<cog>118.8</cog>
                        </extensions>
                    </trkpt>
                    <trkpt lat="54.35046" lon="9.900356666666665">
                        <ele>0</ele>
                        <time>2022-08-18T20:21:54Z</time>
                                                <extensions>
                            <sog>8.2</sog>
<cog>119.2</cog>
                        </extensions>
                    </trkpt>
                    <trkpt lat="54.350291666666664" lon="9.900861666666666">
                        <ele>0</ele>
                        <time>2022-08-18T20:22:04Z</time>
                                                <extensions>
                            <sog>8.1</sog>
<cog>119.5</cog>
                        </extensions>
                    </trkpt>
                    <trkpt lat="54.35008666666667" lon="9.90148">
                        <ele>0</ele>
                        <time>2022-08-18T20:22:14Z</time>
                                                <extensions>
                            <sog>8.1</sog>
<cog>119.5</cog>
                        </extensions>
                    </trkpt>
                    <trkpt lat="54.34990333333334" lon="9.902043333333333">
                        <ele>0</ele>
                        <time>2022-08-18T20:22:24Z</time>
                                                <extensions>
                            <sog>8.1</sog>
<cog>119.3</cog>
                        </extensions>
                    </trkpt>
                    <trkpt lat="54.34970333333333" lon="9.902671666666667">
                        <ele>0</ele>
                        <time>2022-08-18T20:22:36Z</time>
                                                <extensions>
                            <sog>8.2</sog>
<cog>118.7</cog>
                        </extensions>
                    </trkpt>
                    <trkpt lat="54.34954333333334" lon="9.903193333333332">
                        <ele>0</ele>
                        <time>2022-08-18T20:22:45Z</time>
                                                <extensions>
                            <sog>8.2</sog>
<cog>117.9</cog>
                        </extensions>
                    </trkpt>
                    <trkpt lat="54.349363333333336" lon="9.903775">
                        <ele>0</ele>
                        <time>2022-08-18T20:22:54Z</time>
                                                <extensions>
                            <sog>8.3</sog>
<cog>117.8</cog>
                        </extensions>
                    </trkpt>
                    <trkpt lat="54.349198333333334" lon="9.904296666666665">
                        <ele>0</ele>
                        <time>2022-08-18T20:23:04Z</time>
                                                <extensions>
                            <sog>8.3</sog>
<cog>118.3</cog>
                        </extensions>
                    </trkpt>
                    <trkpt lat="54.34899666666667" lon="9.904941666666668">
                        <ele>0</ele>
                        <time>2022-08-18T20:23:14Z</time>
                                                <extensions>
                            <sog>8.3</sog>
<cog>118.2</cog>
                        </extensions>
                    </trkpt>
                    <trkpt lat="54.34881" lon="9.905528333333333">
                        <ele>0</ele>
                        <time>2022-08-18T20:23:24Z</time>
                                                <extensions>
                            <sog>8.4</sog>
<cog>118.5</cog>
                        </extensions>
                    </trkpt>
                    <trkpt lat="54.34860333333334" lon="9.90618">
                        <ele>0</ele>
                        <time>2022-08-18T20:23:36Z</time>
                                                <extensions>
                            <sog>8.5</sog>
<cog>118.4</cog>
                        </extensions>
                    </trkpt>
                    <trkpt lat="54.348436666666665" lon="9.906715">
                        <ele>0</ele>
                        <time>2022-08-18T20:23:45Z</time>
                                                <extensions>
                            <sog>8.5</sog>
<cog>118.1</cog>
                        </extensions>
                    </trkpt>
                    <trkpt lat="54.34825" lon="9.907308333333333">
                        <ele>0</ele>
                        <time>2022-08-18T20:23:54Z</time>
                                                <extensions>
                            <sog>8.5</sog>
<cog>118.3</cog>
                        </extensions>
                    </trkpt>
                    <trkpt lat="54.347875" lon="9.908505">
                        <ele>0</ele>
                        <time>2022-08-18T20:24:14Z</time>
                                                <extensions>
                            <sog>8.5</sog>
<cog>118.2</cog>
                        </extensions>
                    </trkpt>
                    <trkpt lat="54.34751333333334" lon="9.909646666666667">
                        <ele>0</ele>
                        <time>2022-08-18T20:24:34Z</time>
                                                <extensions>
                            <sog>8.6</sog>
<cog>118.6</cog>
                        </extensions>
                    </trkpt>
                    <trkpt lat="54.34730166666667" lon="9.910305">
                        <ele>0</ele>
                        <time>2022-08-18T20:24:45Z</time>
                                                <extensions>
                            <sog>8.6</sog>
<cog>118.6</cog>
                        </extensions>
                    </trkpt>
                    <trkpt lat="54.34711" lon="9.910905000000001">
                        <ele>0</ele>
                        <time>2022-08-18T20:24:54Z</time>
                                                <extensions>
                            <sog>8.6</sog>
<cog>118.8</cog>
                        </extensions>
                    </trkpt>
                    <trkpt lat="54.346935" lon="9.91144">
                        <ele>0</ele>
                        <time>2022-08-18T20:25:04Z</time>
                                                <extensions>
                            <sog>8.6</sog>
<cog>119.0</cog>
                        </extensions>
                    </trkpt>
                    <trkpt lat="54.34614333333333" lon="9.913853333333332">
                        <ele>0</ele>
                        <time>2022-08-18T20:25:45Z</time>
                                                <extensions>
                            <sog>8.5</sog>
<cog>119.4</cog>
                        </extensions>
                    </trkpt>
                    <trkpt lat="54.34592833333333" lon="9.914494999999999">
                        <ele>0</ele>
                        <time>2022-08-18T20:25:55Z</time>
                                                <extensions>
                            <sog>8.4</sog>
<cog>119.8</cog>
                        </extensions>
                    </trkpt>
                    <trkpt lat="54.34577" lon="9.914954999999999">
                        <ele>0</ele>
                        <time>2022-08-18T20:26:04Z</time>
                                                <extensions>
                            <sog>8.4</sog>
<cog>120.1</cog>
                        </extensions>
                    </trkpt>
                    <trkpt lat="54.34555666666667" lon="9.915593333333334">
                        <ele>0</ele>
                        <time>2022-08-18T20:26:14Z</time>
                                                <extensions>
                            <sog>8.4</sog>
<cog>119.9</cog>
                        </extensions>
                    </trkpt>
                    <trkpt lat="54.34536166666667" lon="9.916178333333333">
                        <ele>0</ele>
                        <time>2022-08-18T20:26:24Z</time>
                                                <extensions>
                            <sog>8.4</sog>
<cog>119.4</cog>
                        </extensions>
                    </trkpt>
                    <trkpt lat="54.34500833333333" lon="9.917298333333333">
                        <ele>0</ele>
                        <time>2022-08-18T20:26:44Z</time>
                                                <extensions>
                            <sog>8.4</sog>
<cog>118.4</cog>
                        </extensions>
                    </trkpt>
                    <trkpt lat="54.344788333333334" lon="9.918011666666667">
                        <ele>0</ele>
                        <time>2022-08-18T20:26:55Z</time>
                                                <extensions>
                            <sog>8.4</sog>
<cog>117.7</cog>
                        </extensions>
                    </trkpt>
                    <trkpt lat="54.34464666666667" lon="9.918491666666666">
                        <ele>0</ele>
                        <time>2022-08-18T20:27:04Z</time>
                                                <extensions>
                            <sog>8.4</sog>
<cog>117.0</cog>
                        </extensions>
                    </trkpt>
                    <trkpt lat="54.344455" lon="9.919148333333334">
                        <ele>0</ele>
                        <time>2022-08-18T20:27:14Z</time>
                                                <extensions>
                            <sog>8.4</sog>
<cog>116.7</cog>
                        </extensions>
                    </trkpt>
                    <trkpt lat="54.34412" lon="9.920285">
                        <ele>0</ele>
                        <time>2022-08-18T20:27:34Z</time>
                                                <extensions>
                            <sog>8.4</sog>
<cog>116.5</cog>
                        </extensions>
                    </trkpt>
                    <trkpt lat="54.34395" lon="9.920890000000002">
                        <ele>0</ele>
                        <time>2022-08-18T20:27:44Z</time>
                                                <extensions>
                            <sog>8.4</sog>
<cog>115.9</cog>
                        </extensions>
                    </trkpt>
                    <trkpt lat="54.343738333333334" lon="9.921611666666667">
                        <ele>0</ele>
                        <time>2022-08-18T20:27:55Z</time>
                                                <extensions>
                            <sog>8.4</sog>
<cog>116.6</cog>
                        </extensions>
                    </trkpt>
                    <trkpt lat="54.343595" lon="9.922086666666667">
                        <ele>0</ele>
                        <time>2022-08-18T20:28:04Z</time>
                                                <extensions>
                            <sog>8.4</sog>
<cog>117.1</cog>
                        </extensions>
                    </trkpt>
                    <trkpt lat="54.343399999999995" lon="9.922740000000001">
                        <ele>0</ele>
                        <time>2022-08-18T20:28:15Z</time>
                                                <extensions>
                            <sog>8.4</sog>
<cog>117.1</cog>
                        </extensions>
                    </trkpt>
                    <trkpt lat="54.343223333333334" lon="9.923336666666668">
                        <ele>0</ele>
                        <time>2022-08-18T20:28:24Z</time>
                                                <extensions>
                            <sog>8.4</sog>
<cog>116.7</cog>
                        </extensions>
                    </trkpt>
                    <trkpt lat="54.34305333333334" lon="9.923935">
                        <ele>0</ele>
                        <time>2022-08-18T20:28:35Z</time>
                                                <extensions>
                            <sog>8.4</sog>
<cog>116.0</cog>
                        </extensions>
                    </trkpt>
                    <trkpt lat="54.342908333333334" lon="9.924476666666667">
                        <ele>0</ele>
                        <time>2022-08-18T20:28:44Z</time>
                                                <extensions>
                            <sog>8.3</sog>
<cog>115.1</cog>
                        </extensions>
                    </trkpt>
                    <trkpt lat="54.34261333333333" lon="9.925693333333333">
                        <ele>0</ele>
                        <time>2022-08-18T20:29:04Z</time>
                                                <extensions>
                            <sog>8.3</sog>
<cog>111.9</cog>
                        </extensions>
                    </trkpt>
                    <trkpt lat="54.34247833333333" lon="9.926381666666666">
                        <ele>0</ele>
                        <time>2022-08-18T20:29:15Z</time>
                                                <extensions>
                            <sog>8.3</sog>
<cog>109.0</cog>
                        </extensions>
                    </trkpt>
                    <trkpt lat="54.342365" lon="9.92701">
                        <ele>0</ele>
                        <time>2022-08-18T20:29:24Z</time>
                                                <extensions>
                            <sog>8.3</sog>
<cog>107.4</cog>
                        </extensions>
                    </trkpt>
                    <trkpt lat="54.34216" lon="9.928211666666666">
                        <ele>0</ele>
                        <time>2022-08-18T20:29:44Z</time>
                                                <extensions>
                            <sog>8.3</sog>
<cog>106.2</cog>
                        </extensions>
                    </trkpt>
                    <trkpt lat="54.341945" lon="9.929468333333334">
                        <ele>0</ele>
                        <time>2022-08-18T20:30:04Z</time>
                                                <extensions>
                            <sog>8.2</sog>
<cog>106.1</cog>
                        </extensions>
                    </trkpt>
                    <trkpt lat="54.341834999999996" lon="9.930164999999999">
                        <ele>0</ele>
                        <time>2022-08-18T20:30:15Z</time>
                                                <extensions>
                            <sog>8.3</sog>
<cog>105.1</cog>
                        </extensions>
                    </trkpt>
                    <trkpt lat="54.34173" lon="9.930796666666668">
                        <ele>0</ele>
                        <time>2022-08-18T20:30:24Z</time>
                                                <extensions>
                            <sog>8.2</sog>
<cog>105.8</cog>
                        </extensions>
                    </trkpt>
                    <trkpt lat="54.341625" lon="9.931424999999999">
                        <ele>0</ele>
                        <time>2022-08-18T20:30:35Z</time>
                                                <extensions>
                            <sog>8.2</sog>
<cog>105.8</cog>
                        </extensions>
                    </trkpt>
                    <trkpt lat="54.34153333333334" lon="9.931995">
                        <ele>0</ele>
                        <time>2022-08-18T20:30:44Z</time>
                                                <extensions>
                            <sog>8.2</sog>
<cog>105.5</cog>
                        </extensions>
                    </trkpt>
                    <trkpt lat="54.341255000000004" lon="9.933971666666668">
                        <ele>0</ele>
                        <time>2022-08-18T20:31:15Z</time>
                                                <extensions>
                            <sog>8.2</sog>
<cog>102.5</cog>
                        </extensions>
                    </trkpt>
                    <trkpt lat="54.341120000000004" lon="9.935273333333333">
                        <ele>0</ele>
                        <time>2022-08-18T20:31:35Z</time>
                                                <extensions>
                            <sog>8.3</sog>
<cog>99.1</cog>
                        </extensions>
                    </trkpt>
                    <trkpt lat="54.341078333333336" lon="9.935856666666666">
                        <ele>0</ele>
                        <time>2022-08-18T20:31:44Z</time>
                                                <extensions>
                            <sog>8.2</sog>
<cog>97.7</cog>
                        </extensions>
                    </trkpt>
                    <trkpt lat="54.341" lon="9.937126666666668">
                        <ele>0</ele>
                        <time>2022-08-18T20:32:04Z</time>
                                                <extensions>
                            <sog>8.0</sog>
<cog>95.6</cog>
                        </extensions>
                    </trkpt>
                    <trkpt lat="54.34096833333333" lon="9.937813333333334">
                        <ele>0</ele>
                        <time>2022-08-18T20:32:15Z</time>
                                                <extensions>
                            <sog>7.9</sog>
<cog>94.9</cog>
                        </extensions>
                    </trkpt>
                    <trkpt lat="54.34094" lon="9.938488333333334">
                        <ele>0</ele>
                        <time>2022-08-18T20:32:25Z</time>
                                                <extensions>
                            <sog>7.8</sog>
<cog>94.3</cog>
                        </extensions>
                    </trkpt>
                    <trkpt lat="54.340918333333335" lon="9.939034999999999">
                        <ele>0</ele>
                        <time>2022-08-18T20:32:35Z</time>
                                                <extensions>
                            <sog>7.7</sog>
<cog>93.9</cog>
                        </extensions>
                    </trkpt>
                    <trkpt lat="54.34089166666667" lon="9.939691666666667">
                        <ele>0</ele>
                        <time>2022-08-18T20:32:45Z</time>
                                                <extensions>
                            <sog>7.5</sog>
<cog>93.8</cog>
                        </extensions>
                    </trkpt>
                    <trkpt lat="54.34087" lon="9.94028">
                        <ele>0</ele>
                        <time>2022-08-18T20:32:56Z</time>
                                                <extensions>
                            <sog>7.4</sog>
<cog>93.7</cog>
                        </extensions>
                    </trkpt>
                    <trkpt lat="54.34085" lon="9.940746666666666">
                        <ele>0</ele>
                        <time>2022-08-18T20:33:04Z</time>
                                                <extensions>
                            <sog>7.4</sog>
<cog>93.8</cog>
                        </extensions>
                    </trkpt>
                    <trkpt lat="54.34081833333333" lon="9.941376666666667">
                        <ele>0</ele>
                        <time>2022-08-18T20:33:15Z</time>
                                                <extensions>
                            <sog>7.2</sog>
<cog>94.8</cog>
                        </extensions>
                    </trkpt>
                    <trkpt lat="54.340785" lon="9.941994999999999">
                        <ele>0</ele>
                        <time>2022-08-18T20:33:25Z</time>
                                                <extensions>
                            <sog>7.1</sog>
<cog>95.1</cog>
                        </extensions>
                    </trkpt>
                    <trkpt lat="54.34076" lon="9.942491666666665">
                        <ele>0</ele>
                        <time>2022-08-18T20:33:35Z</time>
                                                <extensions>
                            <sog>7.0</sog>
<cog>95.0</cog>
                        </extensions>
                    </trkpt>
                    <trkpt lat="54.34073333333333" lon="9.943090000000002">
                        <ele>0</ele>
                        <time>2022-08-18T20:33:45Z</time>
                                                <extensions>
                            <sog>6.9</sog>
<cog>94.3</cog>
                        </extensions>
                    </trkpt>
                    <trkpt lat="54.34071666666667" lon="9.943623333333333">
                        <ele>0</ele>
                        <time>2022-08-18T20:33:56Z</time>
                                                <extensions>
                            <sog>6.7</sog>
<cog>93.1</cog>
                        </extensions>
                    </trkpt>
                    <trkpt lat="54.34071166666667" lon="9.944046666666667">
                        <ele>0</ele>
                        <time>2022-08-18T20:34:04Z</time>
                                                <extensions>
                            <sog>6.7</sog>
<cog>91.5</cog>
                        </extensions>
                    </trkpt>
                    <trkpt lat="54.340718333333335" lon="9.944618333333333">
                        <ele>0</ele>
                        <time>2022-08-18T20:34:15Z</time>
                                                <extensions>
                            <sog>6.5</sog>
<cog>89.2</cog>
                        </extensions>
                    </trkpt>
                    <trkpt lat="54.340741666666666" lon="9.94563">
                        <ele>0</ele>
                        <time>2022-08-18T20:34:35Z</time>
                                                <extensions>
                            <sog>6.3</sog>
<cog>87.3</cog>
                        </extensions>
                    </trkpt>
                    <trkpt lat="54.340775" lon="9.946661666666667">
                        <ele>0</ele>
                        <time>2022-08-18T20:34:56Z</time>
                                                <extensions>
                            <sog>6.1</sog>
<cog>86.7</cog>
                        </extensions>
                    </trkpt>
                    <trkpt lat="54.34079" lon="9.947043333333333">
                        <ele>0</ele>
                        <time>2022-08-18T20:35:04Z</time>
                                                <extensions>
                            <sog>6.1</sog>
<cog>86.3</cog>
                        </extensions>
                    </trkpt>
                    <trkpt lat="54.34081833333333" lon="9.947611666666667">
                        <ele>0</ele>
                        <time>2022-08-18T20:35:15Z</time>
                                                <extensions>
                            <sog>5.9</sog>
<cog>84.8</cog>
                        </extensions>
                    </trkpt>
                    <trkpt lat="54.340848333333334" lon="9.948073333333333">
                        <ele>0</ele>
                        <time>2022-08-18T20:35:25Z</time>
                                                <extensions>
                            <sog>5.9</sog>
<cog>83.8</cog>
                        </extensions>
                    </trkpt>
                    <trkpt lat="54.34087833333333" lon="9.948483333333334">
                        <ele>0</ele>
                        <time>2022-08-18T20:35:35Z</time>
                                                <extensions>
                            <sog>5.8</sog>
<cog>82.9</cog>
                        </extensions>
                    </trkpt>
                    <trkpt lat="54.340916666666665" lon="9.948974999999999">
                        <ele>0</ele>
                        <time>2022-08-18T20:35:45Z</time>
                                                <extensions>
                            <sog>5.7</sog>
<cog>82.4</cog>
                        </extensions>
                    </trkpt>
                    <trkpt lat="54.34095333333333" lon="9.949406666666667">
                        <ele>0</ele>
                        <time>2022-08-18T20:35:56Z</time>
                                                <extensions>
                            <sog>5.5</sog>
<cog>81.8</cog>
                        </extensions>
                    </trkpt>
                    <trkpt lat="54.34098166666667" lon="9.949745">
                        <ele>0</ele>
                        <time>2022-08-18T20:36:04Z</time>
                                                <extensions>
                            <sog>5.4</sog>
<cog>81.5</cog>
                        </extensions>
                    </trkpt>
                    <trkpt lat="54.34102166666666" lon="9.950241666666667">
                        <ele>0</ele>
                        <time>2022-08-18T20:36:15Z</time>
                                                <extensions>
                            <sog>5.2</sog>
<cog>82.0</cog>
                        </extensions>
                    </trkpt>
                    <trkpt lat="54.341053333333335" lon="9.950643333333334">
                        <ele>0</ele>
                        <time>2022-08-18T20:36:25Z</time>
                                                <extensions>
                            <sog>5.1</sog>
<cog>82.3</cog>
                        </extensions>
                    </trkpt>
                    <trkpt lat="54.341078333333336" lon="9.950996666666667">
                        <ele>0</ele>
                        <time>2022-08-18T20:36:35Z</time>
                                                <extensions>
                            <sog>5.0</sog>
<cog>82.6</cog>
                        </extensions>
                    </trkpt>
                    <trkpt lat="54.341105" lon="9.951381666666666">
                        <ele>0</ele>
                        <time>2022-08-18T20:36:45Z</time>
                                                <extensions>
                            <sog>4.9</sog>
<cog>82.7</cog>
                        </extensions>
                    </trkpt>
                    <trkpt lat="54.341135" lon="9.951793333333335">
                        <ele>0</ele>
                        <time>2022-08-18T20:36:56Z</time>
                                                <extensions>
                            <sog>4.8</sog>
<cog>82.5</cog>
                        </extensions>
                    </trkpt>
                    <trkpt lat="54.34115833333333" lon="9.952088333333334">
                        <ele>0</ele>
                        <time>2022-08-18T20:37:04Z</time>
                                                <extensions>
                            <sog>4.7</sog>
<cog>82.7</cog>
                        </extensions>
                    </trkpt>
                    <trkpt lat="54.34119" lon="9.952523333333334">
                        <ele>0</ele>
                        <time>2022-08-18T20:37:15Z</time>
                                                <extensions>
                            <sog>4.6</sog>
<cog>82.8</cog>
                        </extensions>
                    </trkpt>
                    <trkpt lat="54.34121833333334" lon="9.952878333333333">
                        <ele>0</ele>
                        <time>2022-08-18T20:37:25Z</time>
                                                <extensions>
                            <sog>4.5</sog>
<cog>82.4</cog>
                        </extensions>
                    </trkpt>
                    <trkpt lat="54.34127" lon="9.953536666666668">
                        <ele>0</ele>
                        <time>2022-08-18T20:37:45Z</time>
                                                <extensions>
                            <sog>4.4</sog>
<cog>81.8</cog>
                        </extensions>
                    </trkpt>
                    <trkpt lat="54.341305000000006" lon="9.953911666666666">
                        <ele>0</ele>
                        <time>2022-08-18T20:37:56Z</time>
                                                <extensions>
                            <sog>4.3</sog>
<cog>81.6</cog>
                        </extensions>
                    </trkpt>
                    <trkpt lat="54.34132833333333" lon="9.954180000000001">
                        <ele>0</ele>
                        <time>2022-08-18T20:38:04Z</time>
                                                <extensions>
                            <sog>4.3</sog>
<cog>81.4</cog>
                        </extensions>
                    </trkpt>
                    <trkpt lat="54.341365" lon="9.954576666666666">
                        <ele>0</ele>
                        <time>2022-08-18T20:38:15Z</time>
                                                <extensions>
                            <sog>4.2</sog>
<cog>81.0</cog>
                        </extensions>
                    </trkpt>
                    <trkpt lat="54.34139666666667" lon="9.954903333333334">
                        <ele>0</ele>
                        <time>2022-08-18T20:38:25Z</time>
                                                <extensions>
                            <sog>4.1</sog>
<cog>80.8</cog>
                        </extensions>
                    </trkpt>
                    <trkpt lat="54.34142" lon="9.955158333333333">
                        <ele>0</ele>
                        <time>2022-08-18T20:38:34Z</time>
                                                <extensions>
                            <sog>4.1</sog>
<cog>81.2</cog>
                        </extensions>
                    </trkpt>
                    <trkpt lat="54.34144833333333" lon="9.955503333333333">
                        <ele>0</ele>
                        <time>2022-08-18T20:38:45Z</time>
                                                <extensions>
                            <sog>4.0</sog>
<cog>81.7</cog>
                        </extensions>
                    </trkpt>
                    <trkpt lat="54.34147666666667" lon="9.955835">
                        <ele>0</ele>
                        <time>2022-08-18T20:38:56Z</time>
                                                <extensions>
                            <sog>3.8</sog>
<cog>81.8</cog>
                        </extensions>
                    </trkpt>
                    <trkpt lat="54.341496666666664" lon="9.956068333333333">
                        <ele>0</ele>
                        <time>2022-08-18T20:39:04Z</time>
                                                <extensions>
                            <sog>3.7</sog>
<cog>81.8</cog>
                        </extensions>
                    </trkpt>
                    <trkpt lat="54.341523333333335" lon="9.956405">
                        <ele>0</ele>
                        <time>2022-08-18T20:39:15Z</time>
                                                <extensions>
                            <sog>3.6</sog>
<cog>82.1</cog>
                        </extensions>
                    </trkpt>
                    <trkpt lat="54.341546666666666" lon="9.956674999999999">
                        <ele>0</ele>
                        <time>2022-08-18T20:39:25Z</time>
                                                <extensions>
                            <sog>3.4</sog>
<cog>82.2</cog>
                        </extensions>
                    </trkpt>
                    <trkpt lat="54.34156333333333" lon="9.956885">
                        <ele>0</ele>
                        <time>2022-08-18T20:39:34Z</time>
                                                <extensions>
                            <sog>3.3</sog>
<cog>82.1</cog>
                        </extensions>
                    </trkpt>
                    <trkpt lat="54.34158166666667" lon="9.95717">
                        <ele>0</ele>
                        <time>2022-08-18T20:39:45Z</time>
                                                <extensions>
                            <sog>3.3</sog>
<cog>84.1</cog>
                        </extensions>
                    </trkpt>
                    <trkpt lat="54.341588333333334" lon="9.957451666666666">
                        <ele>0</ele>
                        <time>2022-08-18T20:39:55Z</time>
                                                <extensions>
                            <sog>3.2</sog>
<cog>86.4</cog>
                        </extensions>
                    </trkpt>
                    <trkpt lat="54.34159833333333" lon="9.957681666666668">
                        <ele>0</ele>
                        <time>2022-08-18T20:40:04Z</time>
                                                <extensions>
                            <sog>3.2</sog>
<cog>86.6</cog>
                        </extensions>
                    </trkpt>
                    <trkpt lat="54.34160833333333" lon="9.957953333333334">
                        <ele>0</ele>
                        <time>2022-08-18T20:40:15Z</time>
                                                <extensions>
                            <sog>3.1</sog>
<cog>86.4</cog>
                        </extensions>
                    </trkpt>
                    <trkpt lat="54.34161666666667" lon="9.958168333333333">
                        <ele>0</ele>
                        <time>2022-08-18T20:40:25Z</time>
                                                <extensions>
                            <sog>3.0</sog>
<cog>86.1</cog>
                        </extensions>
                    </trkpt>
                    <trkpt lat="54.341625" lon="9.958376666666668">
                        <ele>0</ele>
                        <time>2022-08-18T20:40:34Z</time>
                                                <extensions>
                            <sog>2.9</sog>
<cog>86.3</cog>
                        </extensions>
                    </trkpt>
                    <trkpt lat="54.341631666666665" lon="9.958625000000001">
                        <ele>0</ele>
                        <time>2022-08-18T20:40:44Z</time>
                                                <extensions>
                            <sog>2.8</sog>
<cog>87.0</cog>
                        </extensions>
                    </trkpt>
                    <trkpt lat="54.34164" lon="9.958866666666667">
                        <ele>0</ele>
                        <time>2022-08-18T20:40:55Z</time>
                                                <extensions>
                            <sog>2.8</sog>
<cog>87.1</cog>
                        </extensions>
                    </trkpt>
                    <trkpt lat="54.34164333333333" lon="9.95906">
                        <ele>0</ele>
                        <time>2022-08-18T20:41:05Z</time>
                                                <extensions>
                            <sog>2.7</sog>
<cog>87.8</cog>
                        </extensions>
                    </trkpt>
                    <trkpt lat="54.34164833333333" lon="9.959290000000001">
                        <ele>0</ele>
                        <time>2022-08-18T20:41:15Z</time>
                                                <extensions>
                            <sog>2.6</sog>
<cog>88.2</cog>
                        </extensions>
                    </trkpt>
                    <trkpt lat="54.34164833333333" lon="9.959465">
                        <ele>0</ele>
                        <time>2022-08-18T20:41:25Z</time>
                                                <extensions>
                            <sog>2.4</sog>
<cog>88.4</cog>
                        </extensions>
                    </trkpt>
                    <trkpt lat="54.34166166666667" lon="9.959798333333334">
                        <ele>0</ele>
                        <time>2022-08-18T20:41:44Z</time>
                                                <extensions>
                            <sog>2.0</sog>
<cog>85.6</cog>
                        </extensions>
                    </trkpt>
                    <trkpt lat="54.341675" lon="9.959948333333333">
                        <ele>0</ele>
                        <time>2022-08-18T20:41:55Z</time>
                                                <extensions>
                            <sog>1.7</sog>
<cog>82.2</cog>
                        </extensions>
                    </trkpt>
                    <trkpt lat="54.34168666666667" lon="9.960053333333333">
                        <ele>0</ele>
                        <time>2022-08-18T20:42:05Z</time>
                                                <extensions>
                            <sog>1.5</sog>
<cog>79.3</cog>
                        </extensions>
                    </trkpt>
                    <trkpt lat="54.34170166666667" lon="9.960161666666666">
                        <ele>0</ele>
                        <time>2022-08-18T20:42:15Z</time>
                                                <extensions>
                            <sog>1.3</sog>
<cog>77.1</cog>
                        </extensions>
                    </trkpt>
                    <trkpt lat="54.34171666666667" lon="9.96024">
                        <ele>0</ele>
                        <time>2022-08-18T20:42:25Z</time>
                                                <extensions>
                            <sog>1.1</sog>
<cog>72.2</cog>
                        </extensions>
                    </trkpt>
                    <trkpt lat="54.341735" lon="9.960303333333334">
                        <ele>0</ele>
                        <time>2022-08-18T20:42:34Z</time>
                                                <extensions>
                            <sog>1.0</sog>
<cog>66.1</cog>
                        </extensions>
                    </trkpt>
                    <trkpt lat="54.341773333333336" lon="9.960446666666666">
                        <ele>0</ele>
                        <time>2022-08-18T20:42:55Z</time>
                                                <extensions>
                            <sog>0.8</sog>
<cog>66.2</cog>
                        </extensions>
                    </trkpt>
                    <trkpt lat="54.341789999999996" lon="9.960503333333332">
                        <ele>0</ele>
                        <time>2022-08-18T20:43:04Z</time>
                                                <extensions>
                            <sog>0.8</sog>
<cog>65.3</cog>
                        </extensions>
                    </trkpt>
                    <trkpt lat="54.34181" lon="9.960573333333334">
                        <ele>0</ele>
                        <time>2022-08-18T20:43:15Z</time>
                                                <extensions>
                            <sog>0.8</sog>
<cog>63.8</cog>
                        </extensions>
                    </trkpt>
                    <trkpt lat="54.34182666666666" lon="9.96063">
                        <ele>0</ele>
                        <time>2022-08-18T20:43:25Z</time>
                                                <extensions>
                            <sog>0.8</sog>
<cog>63.1</cog>
                        </extensions>
                    </trkpt>
                    <trkpt lat="54.34184333333334" lon="9.960686666666668">
                        <ele>0</ele>
                        <time>2022-08-18T20:43:34Z</time>
                                                <extensions>
                            <sog>0.8</sog>
<cog>63.3</cog>
                        </extensions>
                    </trkpt>
                    <trkpt lat="54.341865" lon="9.960756666666667">
                        <ele>0</ele>
                        <time>2022-08-18T20:43:44Z</time>
                                                <extensions>
                            <sog>0.9</sog>
<cog>62.6</cog>
                        </extensions>
                    </trkpt>
                    <trkpt lat="54.341883333333335" lon="9.960816666666666">
                        <ele>0</ele>
                        <time>2022-08-18T20:43:54Z</time>
                                                <extensions>
                            <sog>0.9</sog>
<cog>63.3</cog>
                        </extensions>
                    </trkpt>
                    <trkpt lat="54.341903333333335" lon="9.960891666666667">
                        <ele>0</ele>
                        <time>2022-08-18T20:44:05Z</time>
                                                <extensions>
                            <sog>0.9</sog>
<cog>65.6</cog>
                        </extensions>
                    </trkpt>
                    <trkpt lat="54.341923333333334" lon="9.96097">
                        <ele>0</ele>
                        <time>2022-08-18T20:44:15Z</time>
                                                <extensions>
                            <sog>0.9</sog>
<cog>66.8</cog>
                        </extensions>
                    </trkpt>
                    <trkpt lat="54.34193833333333" lon="9.961035">
                        <ele>0</ele>
                        <time>2022-08-18T20:44:25Z</time>
                                                <extensions>
                            <sog>0.9</sog>
<cog>68.0</cog>
                        </extensions>
                    </trkpt>
                    <trkpt lat="54.34195166666667" lon="9.961098333333332">
                        <ele>0</ele>
                        <time>2022-08-18T20:44:34Z</time>
                                                <extensions>
                            <sog>0.9</sog>
<cog>70.1</cog>
                        </extensions>
                    </trkpt>
                    <trkpt lat="54.341964999999995" lon="9.96118">
                        <ele>0</ele>
                        <time>2022-08-18T20:44:44Z</time>
                                                <extensions>
                            <sog>0.9</sog>
<cog>72.9</cog>
                        </extensions>
                    </trkpt>
                    <trkpt lat="54.341975000000005" lon="9.961246666666666">
                        <ele>0</ele>
                        <time>2022-08-18T20:44:54Z</time>
                                                <extensions>
                            <sog>0.9</sog>
<cog>75.1</cog>
                        </extensions>
                    </trkpt>
                    <trkpt lat="54.34198666666667" lon="9.961328333333334">
                        <ele>0</ele>
                        <time>2022-08-18T20:45:05Z</time>
                                                <extensions>
                            <sog>0.9</sog>
<cog>77.0</cog>
                        </extensions>
                    </trkpt>
                    <trkpt lat="54.341995" lon="9.961413333333333">
                        <ele>0</ele>
                        <time>2022-08-18T20:45:15Z</time>
                                                <extensions>
                            <sog>0.9</sog>
<cog>79.3</cog>
                        </extensions>
                    </trkpt>
                    <trkpt lat="54.34200166666667" lon="9.961483333333332">
                        <ele>0</ele>
                        <time>2022-08-18T20:45:25Z</time>
                                                <extensions>
                            <sog>0.9</sog>
<cog>81.0</cog>
                        </extensions>
                    </trkpt>
                    <trkpt lat="54.34200666666666" lon="9.961561666666666">
                        <ele>0</ele>
                        <time>2022-08-18T20:45:35Z</time>
                                                <extensions>
                            <sog>0.9</sog>
<cog>83.0</cog>
                        </extensions>
                    </trkpt>
                    <trkpt lat="54.34200833333333" lon="9.961641666666667">
                        <ele>0</ele>
                        <time>2022-08-18T20:45:44Z</time>
                                                <extensions>
                            <sog>1.0</sog>
<cog>87.6</cog>
                        </extensions>
                    </trkpt>
                    <trkpt lat="54.34200833333333" lon="9.961721666666667">
                        <ele>0</ele>
                        <time>2022-08-18T20:45:54Z</time>
                                                <extensions>
                            <sog>1.1</sog>
<cog>89.0</cog>
                        </extensions>
                    </trkpt>
                    <trkpt lat="54.342011666666664" lon="9.961835">
                        <ele>0</ele>
                        <time>2022-08-18T20:46:05Z</time>
                                                <extensions>
                            <sog>1.2</sog>
<cog>86.3</cog>
                        </extensions>
                    </trkpt>
                    <trkpt lat="54.34202166666667" lon="9.961968333333335">
                        <ele>0</ele>
                        <time>2022-08-18T20:46:15Z</time>
                                                <extensions>
                            <sog>1.5</sog>
<cog>84.3</cog>
                        </extensions>
                    </trkpt>
                    <trkpt lat="54.34203" lon="9.962091666666668">
                        <ele>0</ele>
                        <time>2022-08-18T20:46:25Z</time>
                                                <extensions>
                            <sog>1.6</sog>
<cog>84.2</cog>
                        </extensions>
                    </trkpt>
                    <trkpt lat="54.34204" lon="9.962245">
                        <ele>0</ele>
                        <time>2022-08-18T20:46:35Z</time>
                                                <extensions>
                            <sog>1.9</sog>
<cog>84.1</cog>
                        </extensions>
                    </trkpt>
                    <trkpt lat="54.34205333333333" lon="9.962423333333334">
                        <ele>0</ele>
                        <time>2022-08-18T20:46:44Z</time>
                                                <extensions>
                            <sog>2.1</sog>
<cog>82.3</cog>
                        </extensions>
                    </trkpt>
                    <trkpt lat="54.34206833333334" lon="9.962598333333334">
                        <ele>0</ele>
                        <time>2022-08-18T20:46:54Z</time>
                                                <extensions>
                            <sog>2.4</sog>
<cog>81.9</cog>
                        </extensions>
                    </trkpt>
                    <trkpt lat="54.342115" lon="9.963103333333333">
                        <ele>0</ele>
                        <time>2022-08-18T20:47:15Z</time>
                                                <extensions>
                            <sog>3.0</sog>
<cog>81.2</cog>
                        </extensions>
                    </trkpt>
                    <trkpt lat="54.34213666666667" lon="9.963345">
                        <ele>0</ele>
                        <time>2022-08-18T20:47:25Z</time>
                                                <extensions>
                            <sog>3.3</sog>
<cog>81.5</cog>
                        </extensions>
                    </trkpt>
                    <trkpt lat="54.34216" lon="9.963635">
                        <ele>0</ele>
                        <time>2022-08-18T20:47:35Z</time>
                                                <extensions>
                            <sog>3.6</sog>
<cog>81.9</cog>
                        </extensions>
                    </trkpt>
                    <trkpt lat="54.34221" lon="9.964274999999999">
                        <ele>0</ele>
                        <time>2022-08-18T20:47:54Z</time>
                                                <extensions>
                            <sog>4.4</sog>
<cog>82.7</cog>
                        </extensions>
                    </trkpt>
                    <trkpt lat="54.34224" lon="9.964698333333333">
                        <ele>0</ele>
                        <time>2022-08-18T20:48:05Z</time>
                                                <extensions>
                            <sog>4.8</sog>
<cog>83.1</cog>
                        </extensions>
                    </trkpt>
                    <trkpt lat="54.342303333333334" lon="9.9656">
                        <ele>0</ele>
                        <time>2022-08-18T20:48:25Z</time>
                                                <extensions>
                            <sog>5.5</sog>
<cog>83.1</cog>
                        </extensions>
                    </trkpt>
                    <trkpt lat="54.342331666666674" lon="9.966021666666668">
                        <ele>0</ele>
                        <time>2022-08-18T20:48:35Z</time>
                                                <extensions>
                            <sog>5.8</sog>
<cog>83.4</cog>
                        </extensions>
                    </trkpt>
                    <trkpt lat="54.34236166666667" lon="9.966515">
                        <ele>0</ele>
                        <time>2022-08-18T20:48:44Z</time>
                                                <extensions>
                            <sog>6.2</sog>
<cog>83.8</cog>
                        </extensions>
                    </trkpt>
                    <trkpt lat="54.3424" lon="9.967081666666667">
                        <ele>0</ele>
                        <time>2022-08-18T20:48:55Z</time>
                                                <extensions>
                            <sog>6.5</sog>
<cog>83.5</cog>
                        </extensions>
                    </trkpt>
                    <trkpt lat="54.342441666666666" lon="9.967563333333334">
                        <ele>0</ele>
                        <time>2022-08-18T20:49:05Z</time>
                                                <extensions>
                            <sog>6.7</sog>
<cog>82.2</cog>
                        </extensions>
                    </trkpt>
                    <trkpt lat="54.342495" lon="9.968166666666667">
                        <ele>0</ele>
                        <time>2022-08-18T20:49:15Z</time>
                                                <extensions>
                            <sog>6.9</sog>
<cog>81.2</cog>
                        </extensions>
                    </trkpt>
                    <trkpt lat="54.34260333333334" lon="9.969253333333334">
                        <ele>0</ele>
                        <time>2022-08-18T20:49:35Z</time>
                                                <extensions>
                            <sog>7.3</sog>
<cog>80.4</cog>
                        </extensions>
                    </trkpt>
                    <trkpt lat="54.342665000000004" lon="9.969846666666665">
                        <ele>0</ele>
                        <time>2022-08-18T20:49:44Z</time>
                                                <extensions>
                            <sog>7.5</sog>
<cog>80.0</cog>
                        </extensions>
                    </trkpt>
                    <trkpt lat="54.34274333333334" lon="9.970503333333333">
                        <ele>0</ele>
                        <time>2022-08-18T20:49:55Z</time>
                                                <extensions>
                            <sog>7.6</sog>
<cog>78.5</cog>
                        </extensions>
                    </trkpt>
                    <trkpt lat="54.34280666666667" lon="9.971038333333333">
                        <ele>0</ele>
                        <time>2022-08-18T20:50:05Z</time>
                                                <extensions>
                            <sog>7.6</sog>
<cog>78.6</cog>
                        </extensions>
                    </trkpt>
                    <trkpt lat="54.34288333333333" lon="9.971691666666667">
                        <ele>0</ele>
                        <time>2022-08-18T20:50:15Z</time>
                                                <extensions>
                            <sog>7.6</sog>
<cog>78.6</cog>
                        </extensions>
                    </trkpt>
                    <trkpt lat="54.34295833333333" lon="9.972281666666667">
                        <ele>0</ele>
                        <time>2022-08-18T20:50:25Z</time>
                                                <extensions>
                            <sog>7.6</sog>
<cog>77.8</cog>
                        </extensions>
                    </trkpt>
                    <trkpt lat="54.34303166666667" lon="9.972805">
                        <ele>0</ele>
                        <time>2022-08-18T20:50:34Z</time>
                                                <extensions>
                            <sog>7.5</sog>
<cog>77.0</cog>
                        </extensions>
                    </trkpt>
                    <trkpt lat="54.34311" lon="9.973386666666666">
                        <ele>0</ele>
                        <time>2022-08-18T20:50:44Z</time>
                                                <extensions>
                            <sog>7.5</sog>
<cog>76.6</cog>
                        </extensions>
                    </trkpt>
                    <trkpt lat="54.343203333333335" lon="9.974023333333333">
                        <ele>0</ele>
                        <time>2022-08-18T20:50:55Z</time>
                                                <extensions>
                            <sog>7.5</sog>
<cog>76.0</cog>
                        </extensions>
                    </trkpt>
                    <trkpt lat="54.343285" lon="9.97454">
                        <ele>0</ele>
                        <time>2022-08-18T20:51:05Z</time>
                                                <extensions>
                            <sog>7.5</sog>
<cog>75.1</cog>
                        </extensions>
                    </trkpt>
                    <trkpt lat="54.343383333333335" lon="9.975168333333333">
                        <ele>0</ele>
                        <time>2022-08-18T20:51:15Z</time>
                                                <extensions>
                            <sog>7.5</sog>
<cog>74.8</cog>
                        </extensions>
                    </trkpt>
                    <trkpt lat="54.34356666666667" lon="9.976246666666666">
                        <ele>0</ele>
                        <time>2022-08-18T20:51:34Z</time>
                                                <extensions>
                            <sog>7.4</sog>
<cog>73.8</cog>
                        </extensions>
                    </trkpt>
                    <trkpt lat="54.34366" lon="9.976813333333332">
                        <ele>0</ele>
                        <time>2022-08-18T20:51:44Z</time>
                                                <extensions>
                            <sog>7.4</sog>
<cog>74.0</cog>
                        </extensions>
                    </trkpt>
                    <trkpt lat="54.343759999999996" lon="9.977436666666668">
                        <ele>0</ele>
                        <time>2022-08-18T20:51:56Z</time>
                                                <extensions>
                            <sog>7.4</sog>
<cog>74.4</cog>
                        </extensions>
                    </trkpt>
                    <trkpt lat="54.34384333333333" lon="9.977945">
                        <ele>0</ele>
                        <time>2022-08-18T20:52:05Z</time>
                                                <extensions>
                            <sog>7.4</sog>
<cog>74.3</cog>
                        </extensions>
                    </trkpt>
                    <trkpt lat="54.34394833333333" lon="9.978563333333334">
                        <ele>0</ele>
                        <time>2022-08-18T20:52:15Z</time>
                                                <extensions>
                            <sog>7.4</sog>
<cog>74.0</cog>
                        </extensions>
                    </trkpt>
                    <trkpt lat="54.34404333333334" lon="9.97912">
                        <ele>0</ele>
                        <time>2022-08-18T20:52:26Z</time>
                                                <extensions>
                            <sog>7.3</sog>
<cog>73.7</cog>
                        </extensions>
                    </trkpt>
                    <trkpt lat="54.34413166666666" lon="9.979618333333333">
                        <ele>0</ele>
                        <time>2022-08-18T20:52:35Z</time>
                                                <extensions>
                            <sog>7.3</sog>
<cog>73.0</cog>
                        </extensions>
                    </trkpt>
                    <trkpt lat="54.34423" lon="9.980168333333333">
                        <ele>0</ele>
                        <time>2022-08-18T20:52:44Z</time>
                                                <extensions>
                            <sog>7.2</sog>
<cog>72.9</cog>
                        </extensions>
                    </trkpt>
                    <trkpt lat="54.344341666666665" lon="9.98077">
                        <ele>0</ele>
                        <time>2022-08-18T20:52:56Z</time>
                                                <extensions>
                            <sog>7.2</sog>
<cog>72.5</cog>
                        </extensions>
                    </trkpt>
                    <trkpt lat="54.34455333333334" lon="9.981858333333333">
                        <ele>0</ele>
                        <time>2022-08-18T20:53:15Z</time>
                                                <extensions>
                            <sog>7.2</sog>
<cog>71.1</cog>
                        </extensions>
                    </trkpt>
                    <trkpt lat="54.34478166666667" lon="9.982868333333332">
                        <ele>0</ele>
                        <time>2022-08-18T20:53:35Z</time>
                                                <extensions>
                            <sog>7.2</sog>
<cog>68.4</cog>
                        </extensions>
                    </trkpt>
                    <trkpt lat="54.34491333333334" lon="9.983388333333332">
                        <ele>0</ele>
                        <time>2022-08-18T20:53:45Z</time>
                                                <extensions>
                            <sog>7.1</sog>
<cog>67.1</cog>
                        </extensions>
                    </trkpt>
                    <trkpt lat="54.345058333333334" lon="9.983956666666668">
                        <ele>0</ele>
                        <time>2022-08-18T20:53:56Z</time>
                                                <extensions>
                            <sog>7.1</sog>
<cog>66.0</cog>
                        </extensions>
                    </trkpt>
                    <trkpt lat="54.34549166666667" lon="9.985513333333333">
                        <ele>0</ele>
                        <time>2022-08-18T20:54:26Z</time>
                                                <extensions>
                            <sog>7.3</sog>
<cog>64.5</cog>
                        </extensions>
                    </trkpt>
                    <trkpt lat="54.345625000000005" lon="9.985991666666667">
                        <ele>0</ele>
                        <time>2022-08-18T20:54:35Z</time>
                                                <extensions>
                            <sog>7.4</sog>
<cog>64.4</cog>
                        </extensions>
                    </trkpt>
                    <trkpt lat="54.34610833333333" lon="9.987613333333334">
                        <ele>0</ele>
                        <time>2022-08-18T20:55:05Z</time>
                                                <extensions>
                            <sog>7.7</sog>
<cog>62.2</cog>
                        </extensions>
                    </trkpt>
                    <trkpt lat="54.34628166666666" lon="9.988163333333334">
                        <ele>0</ele>
                        <time>2022-08-18T20:55:15Z</time>
                                                <extensions>
                            <sog>7.8</sog>
<cog>61.8</cog>
                        </extensions>
                    </trkpt>
                    <trkpt lat="54.346475000000005" lon="9.988778333333332">
                        <ele>0</ele>
                        <time>2022-08-18T20:55:26Z</time>
                                                <extensions>
                            <sog>8.0</sog>
<cog>61.6</cog>
                        </extensions>
                    </trkpt>
                    <trkpt lat="54.34663666666667" lon="9.989283333333333">
                        <ele>0</ele>
                        <time>2022-08-18T20:55:35Z</time>
                                                <extensions>
                            <sog>8.0</sog>
<cog>61.3</cog>
                        </extensions>
                    </trkpt>
                    <trkpt lat="54.347035" lon="9.990463333333334">
                        <ele>0</ele>
                        <time>2022-08-18T20:55:56Z</time>
                                                <extensions>
                            <sog>8.2</sog>
<cog>59.6</cog>
                        </extensions>
                    </trkpt>
                    <trkpt lat="54.347215" lon="9.990963333333333">
                        <ele>0</ele>
                        <time>2022-08-18T20:56:05Z</time>
                                                <extensions>
                            <sog>8.2</sog>
<cog>58.7</cog>
                        </extensions>
                    </trkpt>
                    <trkpt lat="54.34742166666667" lon="9.991515">
                        <ele>0</ele>
                        <time>2022-08-18T20:56:15Z</time>
                                                <extensions>
                            <sog>8.2</sog>
<cog>57.2</cog>
                        </extensions>
                    </trkpt>
                    <trkpt lat="54.34767166666666" lon="9.992095">
                        <ele>0</ele>
                        <time>2022-08-18T20:56:26Z</time>
                                                <extensions>
                            <sog>8.2</sog>
<cog>54.0</cog>
                        </extensions>
                    </trkpt>
                    <trkpt lat="54.347883333333336" lon="9.992563333333333">
                        <ele>0</ele>
                        <time>2022-08-18T20:56:35Z</time>
                                                <extensions>
                            <sog>8.3</sog>
<cog>52.3</cog>
                        </extensions>
                    </trkpt>
                    <trkpt lat="54.34837666666667" lon="9.993590000000001">
                        <ele>0</ele>
                        <time>2022-08-18T20:56:55Z</time>
                                                <extensions>
                            <sog>8.4</sog>
<cog>50.4</cog>
                        </extensions>
                    </trkpt>
                    <trkpt lat="54.348885" lon="9.994605">
                        <ele>0</ele>
                        <time>2022-08-18T20:57:15Z</time>
                                                <extensions>
                            <sog>8.4</sog>
<cog>49.1</cog>
                        </extensions>
                    </trkpt>
                    <trkpt lat="54.350168333333336" lon="9.997126666666666">
                        <ele>0</ele>
                        <time>2022-08-18T20:58:05Z</time>
                                                <extensions>
                            <sog>8.4</sog>
<cog>48.9</cog>
                        </extensions>
                    </trkpt>
                    <trkpt lat="54.350426666666664" lon="9.997631666666667">
                        <ele>0</ele>
                        <time>2022-08-18T20:58:15Z</time>
                                                <extensions>
                            <sog>8.4</sog>
<cog>48.8</cog>
                        </extensions>
                    </trkpt>
                    <trkpt lat="54.35071666666667" lon="9.998183333333333">
                        <ele>0</ele>
                        <time>2022-08-18T20:58:26Z</time>
                                                <extensions>
                            <sog>8.5</sog>
<cog>48.0</cog>
                        </extensions>
                    </trkpt>
                    <trkpt lat="54.351193333333335" lon="9.999085000000001">
                        <ele>0</ele>
                        <time>2022-08-18T20:58:44Z</time>
                                                <extensions>
                            <sog>8.5</sog>
<cog>48.1</cog>
                        </extensions>
                    </trkpt>
                    <trkpt lat="54.35334833333333" lon="10.003141666666666">
                        <ele>0</ele>
                        <time>2022-08-18T21:00:05Z</time>
                                                <extensions>
                            <sog>8.5</sog>
<cog>48.3</cog>
                        </extensions>
                    </trkpt>
                    <trkpt lat="54.35334833333333" lon="10.003141666666666">
                        <ele>0</ele>
                        <time>2022-08-18T21:00:05Z</time>
                                                <extensions>
                            <sog>8.5</sog>
<cog>48.3</cog>
                        </extensions>
                    </trkpt>
                    <trkpt lat="54.35358833333333" lon="10.003598333333334">
                        <ele>0</ele>
                        <time>2022-08-18T21:00:14Z</time>
                                                <extensions>
                            <sog>8.6</sog>
<cog>48.2</cog>
                        </extensions>
                    </trkpt>
                    <trkpt lat="54.35358833333333" lon="10.003598333333334">
                        <ele>0</ele>
                        <time>2022-08-18T21:00:14Z</time>
                                                <extensions>
                            <sog>8.6</sog>
<cog>48.2</cog>
                        </extensions>
                    </trkpt>
                    <trkpt lat="54.354145" lon="10.004663333333333">
                        <ele>0</ele>
                        <time>2022-08-18T21:00:35Z</time>
                                                <extensions>
                            <sog>8.6</sog>
<cog>47.9</cog>
                        </extensions>
                    </trkpt>
                    <trkpt lat="54.354145" lon="10.004663333333333">
                        <ele>0</ele>
                        <time>2022-08-18T21:00:35Z</time>
                                                <extensions>
                            <sog>8.6</sog>
<cog>47.9</cog>
                        </extensions>
                    </trkpt>
                    <trkpt lat="54.35438833333333" lon="10.005115">
                        <ele>0</ele>
                        <time>2022-08-18T21:00:44Z</time>
                                                <extensions>
                            <sog>8.6</sog>
<cog>47.4</cog>
                        </extensions>
                    </trkpt>
                    <trkpt lat="54.35438833333333" lon="10.005115">
                        <ele>0</ele>
                        <time>2022-08-18T21:00:44Z</time>
                                                <extensions>
                            <sog>8.6</sog>
<cog>47.4</cog>
                        </extensions>
                    </trkpt>
                    <trkpt lat="54.35468166666667" lon="10.00567">
                        <ele>0</ele>
                        <time>2022-08-18T21:00:55Z</time>
                                                <extensions>
                            <sog>8.6</sog>
<cog>47.7</cog>
                        </extensions>
                    </trkpt>
                    <trkpt lat="54.35468166666667" lon="10.00567">
                        <ele>0</ele>
                        <time>2022-08-18T21:00:55Z</time>
                                                <extensions>
                            <sog>8.6</sog>
<cog>47.7</cog>
                        </extensions>
                    </trkpt>
                    <trkpt lat="54.35519" lon="10.006636666666667">
                        <ele>0</ele>
                        <time>2022-08-18T21:01:14Z</time>
                                                <extensions>
                            <sog>8.6</sog>
<cog>47.8</cog>
                        </extensions>
                    </trkpt>
                    <trkpt lat="54.35548666666667" lon="10.007203333333333">
                        <ele>0</ele>
                        <time>2022-08-18T21:01:24Z</time>
                                                <extensions>
                            <sog>8.7</sog>
<cog>48.3</cog>
                        </extensions>
                    </trkpt>
                    <trkpt lat="54.35575333333334" lon="10.007724999999999">
                        <ele>0</ele>
                        <time>2022-08-18T21:01:35Z</time>
                                                <extensions>
                            <sog>8.7</sog>
<cog>48.7</cog>
                        </extensions>
                    </trkpt>
                    <trkpt lat="54.355985000000004" lon="10.008206666666666">
                        <ele>0</ele>
                        <time>2022-08-18T21:01:44Z</time>
                                                <extensions>
                            <sog>8.7</sog>
<cog>50.2</cog>
                        </extensions>
                    </trkpt>
                    <trkpt lat="54.35628" lon="10.00887">
                        <ele>0</ele>
                        <time>2022-08-18T21:01:56Z</time>
                                                <extensions>
                            <sog>8.7</sog>
<cog>52.5</cog>
                        </extensions>
                    </trkpt>
                    <trkpt lat="54.35669666666667" lon="10.00989">
                        <ele>0</ele>
                        <time>2022-08-18T21:02:14Z</time>
                                                <extensions>
                            <sog>8.7</sog>
<cog>55.1</cog>
                        </extensions>
                    </trkpt>
                    <trkpt lat="54.356935" lon="10.010536666666667">
                        <ele>0</ele>
                        <time>2022-08-18T21:02:24Z</time>
                                                <extensions>
                            <sog>8.7</sog>
<cog>57.2</cog>
                        </extensions>
                    </trkpt>
                    <trkpt lat="54.357144999999996" lon="10.011128333333334">
                        <ele>0</ele>
                        <time>2022-08-18T21:02:35Z</time>
                                                <extensions>
                            <sog>8.7</sog>
<cog>58.4</cog>
                        </extensions>
                    </trkpt>
                    <trkpt lat="54.35733166666667" lon="10.011660000000001">
                        <ele>0</ele>
                        <time>2022-08-18T21:02:44Z</time>
                                                <extensions>
                            <sog>8.7</sog>
<cog>58.7</cog>
                        </extensions>
                    </trkpt>
                    <trkpt lat="54.35758166666667" lon="10.012366666666667">
                        <ele>0</ele>
                        <time>2022-08-18T21:02:56Z</time>
                                                <extensions>
                            <sog>8.7</sog>
<cog>58.7</cog>
                        </extensions>
                    </trkpt>
                    <trkpt lat="54.35774666666667" lon="10.012841666666667">
                        <ele>0</ele>
                        <time>2022-08-18T21:03:04Z</time>
                                                <extensions>
                            <sog>8.7</sog>
<cog>59.1</cog>
                        </extensions>
                    </trkpt>
                    <trkpt lat="54.357949999999995" lon="10.013440000000001">
                        <ele>0</ele>
                        <time>2022-08-18T21:03:14Z</time>
                                                <extensions>
                            <sog>8.7</sog>
<cog>59.9</cog>
                        </extensions>
                    </trkpt>
                    <trkpt lat="54.35816333333333" lon="10.014103333333333">
                        <ele>0</ele>
                        <time>2022-08-18T21:03:24Z</time>
                                                <extensions>
                            <sog>8.7</sog>
<cog>60.8</cog>
                        </extensions>
                    </trkpt>
                    <trkpt lat="54.35835" lon="10.014708333333335">
                        <ele>0</ele>
                        <time>2022-08-18T21:03:35Z</time>
                                                <extensions>
                            <sog>8.6</sog>
<cog>61.8</cog>
                        </extensions>
                    </trkpt>
                    <trkpt lat="54.358513333333335" lon="10.015256666666666">
                        <ele>0</ele>
                        <time>2022-08-18T21:03:44Z</time>
                                                <extensions>
                            <sog>8.6</sog>
<cog>62.9</cog>
                        </extensions>
                    </trkpt>
                    <trkpt lat="54.358715" lon="10.016">
                        <ele>0</ele>
                        <time>2022-08-18T21:03:56Z</time>
                                                <extensions>
                            <sog>8.6</sog>
<cog>64.7</cog>
                        </extensions>
                    </trkpt>
                    <trkpt lat="54.35884333333333" lon="10.016501666666667">
                        <ele>0</ele>
                        <time>2022-08-18T21:04:04Z</time>
                                                <extensions>
                            <sog>8.6</sog>
<cog>65.7</cog>
                        </extensions>
                    </trkpt>
                    <trkpt lat="54.359008333333335" lon="10.017195">
                        <ele>0</ele>
                        <time>2022-08-18T21:04:15Z</time>
                                                <extensions>
                            <sog>8.6</sog>
<cog>67.5</cog>
                        </extensions>
                    </trkpt>
                    <trkpt lat="54.359159999999996" lon="10.017828333333334">
                        <ele>0</ele>
                        <time>2022-08-18T21:04:24Z</time>
                                                <extensions>
                            <sog>8.6</sog>
<cog>67.9</cog>
                        </extensions>
                    </trkpt>
                    <trkpt lat="54.3593" lon="10.018464999999999">
                        <ele>0</ele>
                        <time>2022-08-18T21:04:35Z</time>
                                                <extensions>
                            <sog>8.6</sog>
<cog>69.1</cog>
                        </extensions>
                    </trkpt>
                    <trkpt lat="54.35958333333333" lon="10.019821666666667">
                        <ele>0</ele>
                        <time>2022-08-18T21:04:56Z</time>
                                                <extensions>
                            <sog>8.6</sog>
<cog>70.6</cog>
                        </extensions>
                    </trkpt>
                    <trkpt lat="54.35969333333333" lon="10.020408333333334">
                        <ele>0</ele>
                        <time>2022-08-18T21:05:05Z</time>
                                                <extensions>
                            <sog>8.6</sog>
<cog>71.8</cog>
                        </extensions>
                    </trkpt>
                    <trkpt lat="54.35981" lon="10.021061666666666">
                        <ele>0</ele>
                        <time>2022-08-18T21:05:15Z</time>
                                                <extensions>
                            <sog>8.6</sog>
<cog>72.9</cog>
                        </extensions>
                    </trkpt>
                    <trkpt lat="54.35991833333333" lon="10.021718333333332">
                        <ele>0</ele>
                        <time>2022-08-18T21:05:24Z</time>
                                                <extensions>
                            <sog>8.6</sog>
<cog>74.0</cog>
                        </extensions>
                    </trkpt>
                    <trkpt lat="54.360025" lon="10.02238">
                        <ele>0</ele>
                        <time>2022-08-18T21:05:35Z</time>
                                                <extensions>
                            <sog>8.6</sog>
<cog>74.3</cog>
                        </extensions>
                    </trkpt>
                    <trkpt lat="54.36013166666667" lon="10.023045">
                        <ele>0</ele>
                        <time>2022-08-18T21:05:45Z</time>
                                                <extensions>
                            <sog>8.6</sog>
<cog>74.6</cog>
                        </extensions>
                    </trkpt>
                    <trkpt lat="54.360326666666666" lon="10.024371666666667">
                        <ele>0</ele>
                        <time>2022-08-18T21:06:05Z</time>
                                                <extensions>
                            <sog>8.6</sog>
<cog>76.3</cog>
                        </extensions>
                    </trkpt>
                    <trkpt lat="54.360413333333334" lon="10.025036666666667">
                        <ele>0</ele>
                        <time>2022-08-18T21:06:15Z</time>
                                                <extensions>
                            <sog>8.6</sog>
<cog>77.1</cog>
                        </extensions>
                    </trkpt>
                    <trkpt lat="54.360488333333336" lon="10.025706666666668">
                        <ele>0</ele>
                        <time>2022-08-18T21:06:24Z</time>
                                                <extensions>
                            <sog>8.6</sog>
<cog>78.8</cog>
                        </extensions>
                    </trkpt>
                    <trkpt lat="54.36055666666667" lon="10.026376666666666">
                        <ele>0</ele>
                        <time>2022-08-18T21:06:35Z</time>
                                                <extensions>
                            <sog>8.6</sog>
<cog>79.8</cog>
                        </extensions>
                    </trkpt>
                    <trkpt lat="54.360623333333336" lon="10.027050000000001">
                        <ele>0</ele>
                        <time>2022-08-18T21:06:45Z</time>
                                                <extensions>
                            <sog>8.6</sog>
<cog>80.2</cog>
                        </extensions>
                    </trkpt>
                    <trkpt lat="54.360686666666666" lon="10.027791666666667">
                        <ele>0</ele>
                        <time>2022-08-18T21:06:56Z</time>
                                                <extensions>
                            <sog>8.6</sog>
<cog>81.5</cog>
                        </extensions>
                    </trkpt>
                    <trkpt lat="54.360725" lon="10.028398333333334">
                        <ele>0</ele>
                        <time>2022-08-18T21:07:05Z</time>
                                                <extensions>
                            <sog>8.5</sog>
<cog>83.2</cog>
                        </extensions>
                    </trkpt>
                    <trkpt lat="54.36076166666667" lon="10.029075">
                        <ele>0</ele>
                        <time>2022-08-18T21:07:15Z</time>
                                                <extensions>
                            <sog>8.5</sog>
<cog>84.4</cog>
                        </extensions>
                    </trkpt>
                    <trkpt lat="54.36081166666667" lon="10.030429999999999">
                        <ele>0</ele>
                        <time>2022-08-18T21:07:35Z</time>
                                                <extensions>
                            <sog>8.5</sog>
<cog>86.9</cog>
                        </extensions>
                    </trkpt>
                    <trkpt lat="54.36083" lon="10.031108333333332">
                        <ele>0</ele>
                        <time>2022-08-18T21:07:45Z</time>
                                                <extensions>
                            <sog>8.5</sog>
<cog>87.2</cog>
                        </extensions>
                    </trkpt>
                    <trkpt lat="54.36085166666667" lon="10.031855">
                        <ele>0</ele>
                        <time>2022-08-18T21:07:56Z</time>
                                                <extensions>
                            <sog>8.5</sog>
<cog>86.9</cog>
                        </extensions>
                    </trkpt>
                    <trkpt lat="54.36087" lon="10.033146666666665">
                        <ele>0</ele>
                        <time>2022-08-18T21:08:15Z</time>
                                                <extensions>
                            <sog>8.6</sog>
<cog>89.4</cog>
                        </extensions>
                    </trkpt>
                    <trkpt lat="54.360855" lon="10.033893333333333">
                        <ele>0</ele>
                        <time>2022-08-18T21:08:25Z</time>
                                                <extensions>
                            <sog>8.5</sog>
<cog>91.3</cog>
                        </extensions>
                    </trkpt>
                    <trkpt lat="54.360834999999994" lon="10.034501666666667">
                        <ele>0</ele>
                        <time>2022-08-18T21:08:35Z</time>
                                                <extensions>
                            <sog>8.5</sog>
<cog>92.9</cog>
                        </extensions>
                    </trkpt>
                    <trkpt lat="54.36076" lon="10.03592">
                        <ele>0</ele>
                        <time>2022-08-18T21:08:56Z</time>
                                                <extensions>
                            <sog>8.5</sog>
<cog>95.6</cog>
                        </extensions>
                    </trkpt>
                    <trkpt lat="54.36071666666667" lon="10.036528333333333">
                        <ele>0</ele>
                        <time>2022-08-18T21:09:05Z</time>
                                                <extensions>
                            <sog>8.6</sog>
<cog>96.4</cog>
                        </extensions>
                    </trkpt>
                    <trkpt lat="54.36067" lon="10.03721">
                        <ele>0</ele>
                        <time>2022-08-18T21:09:15Z</time>
                                                <extensions>
                            <sog>8.6</sog>
<cog>96.9</cog>
                        </extensions>
                    </trkpt>
                    <trkpt lat="54.36061333333334" lon="10.03796">
                        <ele>0</ele>
                        <time>2022-08-18T21:09:25Z</time>
                                                <extensions>
                            <sog>8.6</sog>
<cog>97.1</cog>
                        </extensions>
                    </trkpt>
                    <trkpt lat="54.36056333333333" lon="10.038573333333334">
                        <ele>0</ele>
                        <time>2022-08-18T21:09:35Z</time>
                                                <extensions>
                            <sog>8.6</sog>
<cog>97.9</cog>
                        </extensions>
                    </trkpt>
                    <trkpt lat="54.360503333333334" lon="10.039253333333333">
                        <ele>0</ele>
                        <time>2022-08-18T21:09:45Z</time>
                                                <extensions>
                            <sog>8.6</sog>
<cog>98.2</cog>
                        </extensions>
                    </trkpt>
                    <trkpt lat="54.36044166666667" lon="10.039933333333332">
                        <ele>0</ele>
                        <time>2022-08-18T21:09:54Z</time>
                                                <extensions>
                            <sog>8.6</sog>
<cog>98.7</cog>
                        </extensions>
                    </trkpt>
                    <trkpt lat="54.36038" lon="10.040541666666666">
                        <ele>0</ele>
                        <time>2022-08-18T21:10:04Z</time>
                                                <extensions>
                            <sog>8.6</sog>
<cog>99.6</cog>
                        </extensions>
                    </trkpt>
                    <trkpt lat="54.360315" lon="10.041215">
                        <ele>0</ele>
                        <time>2022-08-18T21:10:14Z</time>
                                                <extensions>
                            <sog>8.6</sog>
<cog>99.3</cog>
                        </extensions>
                    </trkpt>
                    <trkpt lat="54.360236666666665" lon="10.042018333333335">
                        <ele>0</ele>
                        <time>2022-08-18T21:10:25Z</time>
                                                <extensions>
                            <sog>8.5</sog>
<cog>99.5</cog>
                        </extensions>
                    </trkpt>
                    <trkpt lat="54.36017666666667" lon="10.042618333333333">
                        <ele>0</ele>
                        <time>2022-08-18T21:10:35Z</time>
                                                <extensions>
                            <sog>8.5</sog>
<cog>99.6</cog>
                        </extensions>
                    </trkpt>
                    <trkpt lat="54.36011" lon="10.043286666666667">
                        <ele>0</ele>
                        <time>2022-08-18T21:10:45Z</time>
                                                <extensions>
                            <sog>8.5</sog>
<cog>99.7</cog>
                        </extensions>
                    </trkpt>
                    <trkpt lat="54.36004833333333" lon="10.04396">
                        <ele>0</ele>
                        <time>2022-08-18T21:10:54Z</time>
                                                <extensions>
                            <sog>8.5</sog>
<cog>99.1</cog>
                        </extensions>
                    </trkpt>
                    <trkpt lat="54.359995000000005" lon="10.044566666666666">
                        <ele>0</ele>
                        <time>2022-08-18T21:11:04Z</time>
                                                <extensions>
                            <sog>8.6</sog>
<cog>98.5</cog>
                        </extensions>
                    </trkpt>
                    <trkpt lat="54.35994166666667" lon="10.045245">
                        <ele>0</ele>
                        <time>2022-08-18T21:11:14Z</time>
                                                <extensions>
                            <sog>8.6</sog>
<cog>98.0</cog>
                        </extensions>
                    </trkpt>
                    <trkpt lat="54.359876666666665" lon="10.046058333333333">
                        <ele>0</ele>
                        <time>2022-08-18T21:11:25Z</time>
                                                <extensions>
                            <sog>8.6</sog>
<cog>97.6</cog>
                        </extensions>
                    </trkpt>
                    <trkpt lat="54.359836666666666" lon="10.046671666666667">
                        <ele>0</ele>
                        <time>2022-08-18T21:11:35Z</time>
                                                <extensions>
                            <sog>8.6</sog>
<cog>96.7</cog>
                        </extensions>
                    </trkpt>
                    <trkpt lat="54.359745" lon="10.048046666666666">
                        <ele>0</ele>
                        <time>2022-08-18T21:11:54Z</time>
                                                <extensions>
                            <sog>8.7</sog>
<cog>96.4</cog>
                        </extensions>
                    </trkpt>
                    <trkpt lat="54.359705" lon="10.048673333333333">
                        <ele>0</ele>
                        <time>2022-08-18T21:12:04Z</time>
                                                <extensions>
                            <sog>8.8</sog>
<cog>96.1</cog>
                        </extensions>
                    </trkpt>
                    <trkpt lat="54.35966" lon="10.049375">
                        <ele>0</ele>
                        <time>2022-08-18T21:12:14Z</time>
                                                <extensions>
                            <sog>8.9</sog>
<cog>96.0</cog>
                        </extensions>
                    </trkpt>
                    <trkpt lat="54.35961333333333" lon="10.050223333333333">
                        <ele>0</ele>
                        <time>2022-08-18T21:12:26Z</time>
                                                <extensions>
                            <sog>8.9</sog>
<cog>95.7</cog>
                        </extensions>
                    </trkpt>
                    <trkpt lat="54.35957833333334" lon="10.050858333333334">
                        <ele>0</ele>
                        <time>2022-08-18T21:12:35Z</time>
                                                <extensions>
                            <sog>8.9</sog>
<cog>95.4</cog>
                        </extensions>
                    </trkpt>
                    <trkpt lat="54.359548333333336" lon="10.051568333333334">
                        <ele>0</ele>
                        <time>2022-08-18T21:12:45Z</time>
                                                <extensions>
                            <sog>8.9</sog>
<cog>94.2</cog>
                        </extensions>
                    </trkpt>
                    <trkpt lat="54.35953333333334" lon="10.05228">
                        <ele>0</ele>
                        <time>2022-08-18T21:12:54Z</time>
                                                <extensions>
                            <sog>9.0</sog>
<cog>92.5</cog>
                        </extensions>
                    </trkpt>
                    <trkpt lat="54.35953" lon="10.052923333333332">
                        <ele>0</ele>
                        <time>2022-08-18T21:13:04Z</time>
                                                <extensions>
                            <sog>9.0</sog>
<cog>90.9</cog>
                        </extensions>
                    </trkpt>
                    <trkpt lat="54.359543333333335" lon="10.05364">
                        <ele>0</ele>
                        <time>2022-08-18T21:13:14Z</time>
                                                <extensions>
                            <sog>9.0</sog>
<cog>88.7</cog>
                        </extensions>
                    </trkpt>
                    <trkpt lat="54.35958666666667" lon="10.054499999999999">
                        <ele>0</ele>
                        <time>2022-08-18T21:13:26Z</time>
                                                <extensions>
                            <sog>9.0</sog>
<cog>85.4</cog>
                        </extensions>
                    </trkpt>
                    <trkpt lat="54.359633333333335" lon="10.055145000000001">
                        <ele>0</ele>
                        <time>2022-08-18T21:13:35Z</time>
                                                <extensions>
                            <sog>9.1</sog>
<cog>83.4</cog>
                        </extensions>
                    </trkpt>
                    <trkpt lat="54.35978" lon="10.056568333333333">
                        <ele>0</ele>
                        <time>2022-08-18T21:13:54Z</time>
                                                <extensions>
                            <sog>9.1</sog>
<cog>79.4</cog>
                        </extensions>
                    </trkpt>
                    <trkpt lat="54.35986833333333" lon="10.057203333333332">
                        <ele>0</ele>
                        <time>2022-08-18T21:14:04Z</time>
                                                <extensions>
                            <sog>9.1</sog>
<cog>77.4</cog>
                        </extensions>
                    </trkpt>
                    <trkpt lat="54.359975" lon="10.057905">
                        <ele>0</ele>
                        <time>2022-08-18T21:14:14Z</time>
                                                <extensions>
                            <sog>9.1</sog>
<cog>75.5</cog>
                        </extensions>
                    </trkpt>
                    <trkpt lat="54.36011833333334" lon="10.05874">
                        <ele>0</ele>
                        <time>2022-08-18T21:14:26Z</time>
                                                <extensions>
                            <sog>9.1</sog>
<cog>73.9</cog>
                        </extensions>
                    </trkpt>
                    <trkpt lat="54.360231666666664" lon="10.059366666666667">
                        <ele>0</ele>
                        <time>2022-08-18T21:14:35Z</time>
                                                <extensions>
                            <sog>9.1</sog>
<cog>73.1</cog>
                        </extensions>
                    </trkpt>
                    <trkpt lat="54.36037666666667" lon="10.06013">
                        <ele>0</ele>
                        <time>2022-08-18T21:14:45Z</time>
                                                <extensions>
                            <sog>9.2</sog>
<cog>72.1</cog>
                        </extensions>
                    </trkpt>
                    <trkpt lat="54.360503333333334" lon="10.06075">
                        <ele>0</ele>
                        <time>2022-08-18T21:14:54Z</time>
                                                <extensions>
                            <sog>9.2</sog>
<cog>71.0</cog>
                        </extensions>
                    </trkpt>
                    <trkpt lat="54.36064666666667" lon="10.061358333333335">
                        <ele>0</ele>
                        <time>2022-08-18T21:15:04Z</time>
                                                <extensions>
                            <sog>9.2</sog>
<cog>68.9</cog>
                        </extensions>
                    </trkpt>
                    <trkpt lat="54.360821666666666" lon="10.062019999999999">
                        <ele>0</ele>
                        <time>2022-08-18T21:15:14Z</time>
                                                <extensions>
                            <sog>9.1</sog>
<cog>66.0</cog>
                        </extensions>
                    </trkpt>
                    <trkpt lat="54.36091833333333" lon="10.062341666666667">
                        <ele>0</ele>
                        <time>2022-08-18T21:15:19Z</time>
                                                <extensions>
                            <sog>9.1</sog>
<cog>64.4</cog>
                        </extensions>
                    </trkpt>
                    <trkpt lat="54.360978333333335" lon="10.062531666666667">
                        <ele>0</ele>
                        <time>2022-08-18T21:15:21Z</time>
                                                <extensions>
                            <sog>9.1</sog>
<cog>63.6</cog>
                        </extensions>
                    </trkpt>
                    <trkpt lat="54.361203333333336" lon="10.063141666666667">
                        <ele>0</ele>
                        <time>2022-08-18T21:15:32Z</time>
                                                <extensions>
                            <sog>9.1</sog>
<cog>58.7</cog>
                        </extensions>
                    </trkpt>
                    <trkpt lat="54.361275" lon="10.063320000000001">
                        <ele>0</ele>
                        <time>2022-08-18T21:15:35Z</time>
                                                <extensions>
                            <sog>9.1</sog>
<cog>57.5</cog>
                        </extensions>
                    </trkpt>
                    <trkpt lat="54.36134833333333" lon="10.063495">
                        <ele>0</ele>
                        <time>2022-08-18T21:15:38Z</time>
                                                <extensions>
                            <sog>9.1</sog>
<cog>56.4</cog>
                        </extensions>
                    </trkpt>
                    <trkpt lat="54.361446666666666" lon="10.06373">
                        <ele>0</ele>
                        <time>2022-08-18T21:15:42Z</time>
                                                <extensions>
                            <sog>9.1</sog>
<cog>55.5</cog>
                        </extensions>
                    </trkpt>
                    <trkpt lat="54.361545" lon="10.063963333333334">
                        <ele>0</ele>
                        <time>2022-08-18T21:15:45Z</time>
                                                <extensions>
                            <sog>9.1</sog>
<cog>54.9</cog>
                        </extensions>
                    </trkpt>
                    <trkpt lat="54.361621666666665" lon="10.064138333333334">
                        <ele>0</ele>
                        <time>2022-08-18T21:15:48Z</time>
                                                <extensions>
                            <sog>9.1</sog>
<cog>54.3</cog>
                        </extensions>
                    </trkpt>
                    <trkpt lat="54.36169833333334" lon="10.064311666666667">
                        <ele>0</ele>
                        <time>2022-08-18T21:15:52Z</time>
                                                <extensions>
                            <sog>9.1</sog>
<cog>53.8</cog>
                        </extensions>
                    </trkpt>
                    <trkpt lat="54.36177333333333" lon="10.064481666666667">
                        <ele>0</ele>
                        <time>2022-08-18T21:15:55Z</time>
                                                <extensions>
                            <sog>9.1</sog>
<cog>53.3</cog>
                        </extensions>
                    </trkpt>
                    <trkpt lat="54.36201333333334" lon="10.06499">
                        <ele>0</ele>
                        <time>2022-08-18T21:16:04Z</time>
                                                <extensions>
                            <sog>9.1</sog>
<cog>51.6</cog>
                        </extensions>
                    </trkpt>
                    <trkpt lat="54.362296666666666" lon="10.065528333333333">
                        <ele>0</ele>
                        <time>2022-08-18T21:16:14Z</time>
                                                <extensions>
                            <sog>9.1</sog>
<cog>48.6</cog>
                        </extensions>
                    </trkpt>
                    <trkpt lat="54.362896666666664" lon="10.066550000000001">
                        <ele>0</ele>
                        <time>2022-08-18T21:16:34Z</time>
                                                <extensions>
                            <sog>9.1</sog>
<cog>44.6</cog>
                        </extensions>
                    </trkpt>
                    <trkpt lat="54.36326833333333" lon="10.067146666666668">
                        <ele>0</ele>
                        <time>2022-08-18T21:16:45Z</time>
                                                <extensions>
                            <sog>9.1</sog>
<cog>43.5</cog>
                        </extensions>
                    </trkpt>
                    <trkpt lat="54.36354333333334" lon="10.0676">
                        <ele>0</ele>
                        <time>2022-08-18T21:16:55Z</time>
                                                <extensions>
                            <sog>9.1</sog>
<cog>43.8</cog>
                        </extensions>
                    </trkpt>
                    <trkpt lat="54.363820000000004" lon="10.06805">
                        <ele>0</ele>
                        <time>2022-08-18T21:17:04Z</time>
                                                <extensions>
                            <sog>9.1</sog>
<cog>43.7</cog>
                        </extensions>
                    </trkpt>
                    <trkpt lat="54.364185" lon="10.06865">
                        <ele>0</ele>
                        <time>2022-08-18T21:17:15Z</time>
                                                <extensions>
                            <sog>9.1</sog>
<cog>43.7</cog>
                        </extensions>
                    </trkpt>
                    <trkpt lat="54.36449" lon="10.069146666666667">
                        <ele>0</ele>
                        <time>2022-08-18T21:17:26Z</time>
                                                <extensions>
                            <sog>9.1</sog>
<cog>43.5</cog>
                        </extensions>
                    </trkpt>
                    <trkpt lat="54.364733333333334" lon="10.069543333333334">
                        <ele>0</ele>
                        <time>2022-08-18T21:17:34Z</time>
                                                <extensions>
                            <sog>9.0</sog>
<cog>43.6</cog>
                        </extensions>
                    </trkpt>
                    <trkpt lat="54.365093333333334" lon="10.070143333333334">
                        <ele>0</ele>
                        <time>2022-08-18T21:17:45Z</time>
                                                <extensions>
                            <sog>9.0</sog>
<cog>44.0</cog>
                        </extensions>
                    </trkpt>
                    <trkpt lat="54.36536" lon="10.070593333333333">
                        <ele>0</ele>
                        <time>2022-08-18T21:17:55Z</time>
                                                <extensions>
                            <sog>9.0</sog>
<cog>44.7</cog>
                        </extensions>
                    </trkpt>
                    <trkpt lat="54.365649999999995" lon="10.071103333333333">
                        <ele>0</ele>
                        <time>2022-08-18T21:18:05Z</time>
                                                <extensions>
                            <sog>8.9</sog>
<cog>45.6</cog>
                        </extensions>
                    </trkpt>
                    <trkpt lat="54.36595333333333" lon="10.071675">
                        <ele>0</ele>
                        <time>2022-08-18T21:18:15Z</time>
                                                <extensions>
                            <sog>8.8</sog>
<cog>47.3</cog>
                        </extensions>
                    </trkpt>
                    <trkpt lat="54.36621" lon="10.072208333333332">
                        <ele>0</ele>
                        <time>2022-08-18T21:18:26Z</time>
                                                <extensions>
                            <sog>8.7</sog>
<cog>49.8</cog>
                        </extensions>
                    </trkpt>
                    <trkpt lat="54.36640833333333" lon="10.072643333333334">
                        <ele>0</ele>
                        <time>2022-08-18T21:18:34Z</time>
                                                <extensions>
                            <sog>8.7</sog>
<cog>51.3</cog>
                        </extensions>
                    </trkpt>
                    <trkpt lat="54.3667" lon="10.073301666666667">
                        <ele>0</ele>
                        <time>2022-08-18T21:18:45Z</time>
                                                <extensions>
                            <sog>8.6</sog>
<cog>52.7</cog>
                        </extensions>
                    </trkpt>
                    <trkpt lat="54.36692" lon="10.07379">
                        <ele>0</ele>
                        <time>2022-08-18T21:18:55Z</time>
                                                <extensions>
                            <sog>8.6</sog>
<cog>52.5</cog>
                        </extensions>
                    </trkpt>
                    <trkpt lat="54.367165" lon="10.074328333333334">
                        <ele>0</ele>
                        <time>2022-08-18T21:19:05Z</time>
                                                <extensions>
                            <sog>8.6</sog>
<cog>52.2</cog>
                        </extensions>
                    </trkpt>
                    <trkpt lat="54.367435" lon="10.074915">
                        <ele>0</ele>
                        <time>2022-08-18T21:19:15Z</time>
                                                <extensions>
                            <sog>8.6</sog>
<cog>51.6</cog>
                        </extensions>
                    </trkpt>
                    <trkpt lat="54.368201666666664" lon="10.076483333333334">
                        <ele>0</ele>
                        <time>2022-08-18T21:19:45Z</time>
                                                <extensions>
                            <sog>8.5</sog>
<cog>50.2</cog>
                        </extensions>
                    </trkpt>
                    <trkpt lat="54.368425" lon="10.076961666666667">
                        <ele>0</ele>
                        <time>2022-08-18T21:19:55Z</time>
                                                <extensions>
                            <sog>8.6</sog>
<cog>50.9</cog>
                        </extensions>
                    </trkpt>
                    <trkpt lat="54.368665" lon="10.077511666666668">
                        <ele>0</ele>
                        <time>2022-08-18T21:20:05Z</time>
                                                <extensions>
                            <sog>8.6</sog>
<cog>52.9</cog>
                        </extensions>
                    </trkpt>
                    <trkpt lat="54.368903333333336" lon="10.078141666666665">
                        <ele>0</ele>
                        <time>2022-08-18T21:20:15Z</time>
                                                <extensions>
                            <sog>8.6</sog>
<cog>56.1</cog>
                        </extensions>
                    </trkpt>
                    <trkpt lat="54.36910666666667" lon="10.07873">
                        <ele>0</ele>
                        <time>2022-08-18T21:20:26Z</time>
                                                <extensions>
                            <sog>8.6</sog>
<cog>58.7</cog>
                        </extensions>
                    </trkpt>
                    <trkpt lat="54.369263333333336" lon="10.07921">
                        <ele>0</ele>
                        <time>2022-08-18T21:20:34Z</time>
                                                <extensions>
                            <sog>8.6</sog>
<cog>60.4</cog>
                        </extensions>
                    </trkpt>
                    <trkpt lat="54.36949166666667" lon="10.079943333333334">
                        <ele>0</ele>
                        <time>2022-08-18T21:20:45Z</time>
                                                <extensions>
                            <sog>8.7</sog>
<cog>61.9</cog>
                        </extensions>
                    </trkpt>
                    <trkpt lat="54.36966333333333" lon="10.0805">
                        <ele>0</ele>
                        <time>2022-08-18T21:20:55Z</time>
                                                <extensions>
                            <sog>8.8</sog>
<cog>62.2</cog>
                        </extensions>
                    </trkpt>
                    <trkpt lat="54.36984833333334" lon="10.08113">
                        <ele>0</ele>
                        <time>2022-08-18T21:21:05Z</time>
                                                <extensions>
                            <sog>8.8</sog>
<cog>63.0</cog>
                        </extensions>
                    </trkpt>
                    <trkpt lat="54.37004666666667" lon="10.08183">
                        <ele>0</ele>
                        <time>2022-08-18T21:21:15Z</time>
                                                <extensions>
                            <sog>8.9</sog>
<cog>64.0</cog>
                        </extensions>
                    </trkpt>
                    <trkpt lat="54.37021666666667" lon="10.082476666666668">
                        <ele>0</ele>
                        <time>2022-08-18T21:21:26Z</time>
                                                <extensions>
                            <sog>8.9</sog>
<cog>65.7</cog>
                        </extensions>
                    </trkpt>
                    <trkpt lat="54.370345" lon="10.082998333333334">
                        <ele>0</ele>
                        <time>2022-08-18T21:21:34Z</time>
                                                <extensions>
                            <sog>8.9</sog>
<cog>66.5</cog>
                        </extensions>
                    </trkpt>
                    <trkpt lat="54.37054" lon="10.083783333333335">
                        <ele>0</ele>
                        <time>2022-08-18T21:21:45Z</time>
                                                <extensions>
                            <sog>8.9</sog>
<cog>66.8</cog>
                        </extensions>
                    </trkpt>
                    <trkpt lat="54.37083" lon="10.085045000000001">
                        <ele>0</ele>
                        <time>2022-08-18T21:22:05Z</time>
                                                <extensions>
                            <sog>9.0</sog>
<cog>68.9</cog>
                        </extensions>
                    </trkpt>
                    <trkpt lat="54.37097666666667" lon="10.085788333333333">
                        <ele>0</ele>
                        <time>2022-08-18T21:22:15Z</time>
                                                <extensions>
                            <sog>9.0</sog>
<cog>70.9</cog>
                        </extensions>
                    </trkpt>
                    <trkpt lat="54.371095" lon="10.086475">
                        <ele>0</ele>
                        <time>2022-08-18T21:22:26Z</time>
                                                <extensions>
                            <sog>9.0</sog>
<cog>72.8</cog>
                        </extensions>
                    </trkpt>
                    <trkpt lat="54.37118666666667" lon="10.08703">
                        <ele>0</ele>
                        <time>2022-08-18T21:22:34Z</time>
                                                <extensions>
                            <sog>9.0</sog>
<cog>73.8</cog>
                        </extensions>
                    </trkpt>
                    <trkpt lat="54.371316666666665" lon="10.087864999999999">
                        <ele>0</ele>
                        <time>2022-08-18T21:22:46Z</time>
                                                <extensions>
                            <sog>9.0</sog>
<cog>74.7</cog>
                        </extensions>
                    </trkpt>
                    <trkpt lat="54.37141833333333" lon="10.088491666666666">
                        <ele>0</ele>
                        <time>2022-08-18T21:22:55Z</time>
                                                <extensions>
                            <sog>9.1</sog>
<cog>74.7</cog>
                        </extensions>
                    </trkpt>
                    <trkpt lat="54.371610000000004" lon="10.08997">
                        <ele>0</ele>
                        <time>2022-08-18T21:23:15Z</time>
                                                <extensions>
                            <sog>9.0</sog>
<cog>78.0</cog>
                        </extensions>
                    </trkpt>
                    <trkpt lat="54.37169166666667" lon="10.090675000000001">
                        <ele>0</ele>
                        <time>2022-08-18T21:23:26Z</time>
                                                <extensions>
                            <sog>9.0</sog>
<cog>78.5</cog>
                        </extensions>
                    </trkpt>
                    <trkpt lat="54.371763333333334" lon="10.091311666666666">
                        <ele>0</ele>
                        <time>2022-08-18T21:23:34Z</time>
                                                <extensions>
                            <sog>9.0</sog>
<cog>79.2</cog>
                        </extensions>
                    </trkpt>
                    <trkpt lat="54.371835000000004" lon="10.092093333333334">
                        <ele>0</ele>
                        <time>2022-08-18T21:23:46Z</time>
                                                <extensions>
                            <sog>9.0</sog>
<cog>80.8</cog>
                        </extensions>
                    </trkpt>
                    <trkpt lat="54.37188166666667" lon="10.092733333333333">
                        <ele>0</ele>
                        <time>2022-08-18T21:23:54Z</time>
                                                <extensions>
                            <sog>9.0</sog>
<cog>82.5</cog>
                        </extensions>
                    </trkpt>
                    <trkpt lat="54.37192166666667" lon="10.093448333333333">
                        <ele>0</ele>
                        <time>2022-08-18T21:24:05Z</time>
                                                <extensions>
                            <sog>9.0</sog>
<cog>84.0</cog>
                        </extensions>
                    </trkpt>
                    <trkpt lat="54.371945" lon="10.094231666666667">
                        <ele>0</ele>
                        <time>2022-08-18T21:24:15Z</time>
                                                <extensions>
                            <sog>9.0</sog>
<cog>86.7</cog>
                        </extensions>
                    </trkpt>
                    <trkpt lat="54.37195" lon="10.094941666666667">
                        <ele>0</ele>
                        <time>2022-08-18T21:24:26Z</time>
                                                <extensions>
                            <sog>8.9</sog>
<cog>88.8</cog>
                        </extensions>
                    </trkpt>
                    <trkpt lat="54.37195" lon="10.095583333333334">
                        <ele>0</ele>
                        <time>2022-08-18T21:24:34Z</time>
                                                <extensions>
                            <sog>8.9</sog>
<cog>89.8</cog>
                        </extensions>
                    </trkpt>
                    <trkpt lat="54.37194" lon="10.09637">
                        <ele>0</ele>
                        <time>2022-08-18T21:24:46Z</time>
                                                <extensions>
                            <sog>9.0</sog>
<cog>91.0</cog>
                        </extensions>
                    </trkpt>
                    <trkpt lat="54.371925000000005" lon="10.097015">
                        <ele>0</ele>
                        <time>2022-08-18T21:24:54Z</time>
                                                <extensions>
                            <sog>9.0</sog>
<cog>91.9</cog>
                        </extensions>
                    </trkpt>
                    <trkpt lat="54.371898333333334" lon="10.09766">
                        <ele>0</ele>
                        <time>2022-08-18T21:25:04Z</time>
                                                <extensions>
                            <sog>9.0</sog>
<cog>93.4</cog>
                        </extensions>
                    </trkpt>
                    <trkpt lat="54.37186166666667" lon="10.098518333333335">
                        <ele>0</ele>
                        <time>2022-08-18T21:25:15Z</time>
                                                <extensions>
                            <sog>9.0</sog>
<cog>94.2</cog>
                        </extensions>
                    </trkpt>
                    <trkpt lat="54.37182666666667" lon="10.099231666666666">
                        <ele>0</ele>
                        <time>2022-08-18T21:25:26Z</time>
                                                <extensions>
                            <sog>9.0</sog>
<cog>94.4</cog>
                        </extensions>
                    </trkpt>
                    <trkpt lat="54.37180166666667" lon="10.099871666666667">
                        <ele>0</ele>
                        <time>2022-08-18T21:25:34Z</time>
                                                <extensions>
                            <sog>9.0</sog>
<cog>94.2</cog>
                        </extensions>
                    </trkpt>
                    <trkpt lat="54.371766666666666" lon="10.10065">
                        <ele>0</ele>
                        <time>2022-08-18T21:25:46Z</time>
                                                <extensions>
                            <sog>8.9</sog>
<cog>94.4</cog>
                        </extensions>
                    </trkpt>
                    <trkpt lat="54.37173166666666" lon="10.101278333333333">
                        <ele>0</ele>
                        <time>2022-08-18T21:25:54Z</time>
                                                <extensions>
                            <sog>8.8</sog>
<cog>95.2</cog>
                        </extensions>
                    </trkpt>
                    <trkpt lat="54.37169166666667" lon="10.101895">
                        <ele>0</ele>
                        <time>2022-08-18T21:26:04Z</time>
                                                <extensions>
                            <sog>8.7</sog>
<cog>95.9</cog>
                        </extensions>
                    </trkpt>
                    <trkpt lat="54.37163666666667" lon="10.102703333333332">
                        <ele>0</ele>
                        <time>2022-08-18T21:26:15Z</time>
                                                <extensions>
                            <sog>8.5</sog>
<cog>96.5</cog>
                        </extensions>
                    </trkpt>
                    <trkpt lat="54.371584999999996" lon="10.103363333333334">
                        <ele>0</ele>
                        <time>2022-08-18T21:26:26Z</time>
                                                <extensions>
                            <sog>8.4</sog>
<cog>97.4</cog>
                        </extensions>
                    </trkpt>
                    <trkpt lat="54.37153" lon="10.103945000000001">
                        <ele>0</ele>
                        <time>2022-08-18T21:26:34Z</time>
                                                <extensions>
                            <sog>8.3</sog>
<cog>98.8</cog>
                        </extensions>
                    </trkpt>
                    <trkpt lat="54.37146166666666" lon="10.104578333333334">
                        <ele>0</ele>
                        <time>2022-08-18T21:26:44Z</time>
                                                <extensions>
                            <sog>8.1</sog>
<cog>100.0</cog>
                        </extensions>
                    </trkpt>
                    <trkpt lat="54.37139166666667" lon="10.105203333333332">
                        <ele>0</ele>
                        <time>2022-08-18T21:26:54Z</time>
                                                <extensions>
                            <sog>8.0</sog>
<cog>100.7</cog>
                        </extensions>
                    </trkpt>
                    <trkpt lat="54.37132333333333" lon="10.105756666666668">
                        <ele>0</ele>
                        <time>2022-08-18T21:27:04Z</time>
                                                <extensions>
                            <sog>7.9</sog>
<cog>101.4</cog>
                        </extensions>
                    </trkpt>
                    <trkpt lat="54.37123" lon="10.106481666666667">
                        <ele>0</ele>
                        <time>2022-08-18T21:27:16Z</time>
                                                <extensions>
                            <sog>7.8</sog>
<cog>102.6</cog>
                        </extensions>
                    </trkpt>
                    <trkpt lat="54.37114833333333" lon="10.107073333333334">
                        <ele>0</ele>
                        <time>2022-08-18T21:27:26Z</time>
                                                <extensions>
                            <sog>7.6</sog>
<cog>102.8</cog>
                        </extensions>
                    </trkpt>
                    <trkpt lat="54.37107833333334" lon="10.107596666666666">
                        <ele>0</ele>
                        <time>2022-08-18T21:27:34Z</time>
                                                <extensions>
                            <sog>7.5</sog>
<cog>103.1</cog>
                        </extensions>
                    </trkpt>
                    <trkpt lat="54.371" lon="10.108168333333333">
                        <ele>0</ele>
                        <time>2022-08-18T21:27:44Z</time>
                                                <extensions>
                            <sog>7.4</sog>
<cog>103.1</cog>
                        </extensions>
                    </trkpt>
                    <trkpt lat="54.37092500000001" lon="10.108731666666667">
                        <ele>0</ele>
                        <time>2022-08-18T21:27:54Z</time>
                                                <extensions>
                            <sog>7.3</sog>
<cog>103.0</cog>
                        </extensions>
                    </trkpt>
                    <trkpt lat="54.37085666666667" lon="10.10923">
                        <ele>0</ele>
                        <time>2022-08-18T21:28:04Z</time>
                                                <extensions>
                            <sog>7.2</sog>
<cog>103.1</cog>
                        </extensions>
                    </trkpt>
                    <trkpt lat="54.370765" lon="10.109885">
                        <ele>0</ele>
                        <time>2022-08-18T21:28:16Z</time>
                                                <extensions>
                            <sog>7.1</sog>
<cog>103.6</cog>
                        </extensions>
                    </trkpt>
                    <trkpt lat="54.37070000000001" lon="10.110315000000002">
                        <ele>0</ele>
                        <time>2022-08-18T21:28:24Z</time>
                                                <extensions>
                            <sog>7.0</sog>
<cog>104.1</cog>
                        </extensions>
                    </trkpt>
                    <trkpt lat="54.370535000000004" lon="10.111433333333334">
                        <ele>0</ele>
                        <time>2022-08-18T21:28:44Z</time>
                                                <extensions>
                            <sog>6.9</sog>
<cog>104.2</cog>
                        </extensions>
                    </trkpt>
                    <trkpt lat="54.370455" lon="10.111958333333332">
                        <ele>0</ele>
                        <time>2022-08-18T21:28:55Z</time>
                                                <extensions>
                            <sog>6.8</sog>
<cog>104.6</cog>
                        </extensions>
                    </trkpt>
                    <trkpt lat="54.37038" lon="10.112433333333334">
                        <ele>0</ele>
                        <time>2022-08-18T21:29:04Z</time>
                                                <extensions>
                            <sog>6.8</sog>
<cog>104.9</cog>
                        </extensions>
                    </trkpt>
                    <trkpt lat="54.37028" lon="10.113065">
                        <ele>0</ele>
                        <time>2022-08-18T21:29:16Z</time>
                                                <extensions>
                            <sog>6.9</sog>
<cog>105.1</cog>
                        </extensions>
                    </trkpt>
                    <trkpt lat="54.37011333333333" lon="10.114121666666668">
                        <ele>0</ele>
                        <time>2022-08-18T21:29:36Z</time>
                                                <extensions>
                            <sog>6.9</sog>
<cog>105.2</cog>
                        </extensions>
                    </trkpt>
                    <trkpt lat="54.370035" lon="10.114596666666667">
                        <ele>0</ele>
                        <time>2022-08-18T21:29:44Z</time>
                                                <extensions>
                            <sog>6.9</sog>
<cog>105.5</cog>
                        </extensions>
                    </trkpt>
                    <trkpt lat="54.369951666666665" lon="10.115125">
                        <ele>0</ele>
                        <time>2022-08-18T21:29:55Z</time>
                                                <extensions>
                            <sog>6.9</sog>
<cog>105.3</cog>
                        </extensions>
                    </trkpt>
                    <trkpt lat="54.369875" lon="10.115596666666667">
                        <ele>0</ele>
                        <time>2022-08-18T21:30:04Z</time>
                                                <extensions>
                            <sog>6.9</sog>
<cog>105.4</cog>
                        </extensions>
                    </trkpt>
                    <trkpt lat="54.36977" lon="10.116223333333332">
                        <ele>0</ele>
                        <time>2022-08-18T21:30:16Z</time>
                                                <extensions>
                            <sog>6.8</sog>
<cog>105.9</cog>
                        </extensions>
                    </trkpt>
                    <trkpt lat="54.369701666666664" lon="10.116643333333334">
                        <ele>0</ele>
                        <time>2022-08-18T21:30:24Z</time>
                                                <extensions>
                            <sog>6.8</sog>
<cog>105.7</cog>
                        </extensions>
                    </trkpt>
                    <trkpt lat="54.3696" lon="10.117265">
                        <ele>0</ele>
                        <time>2022-08-18T21:30:36Z</time>
                                                <extensions>
                            <sog>6.8</sog>
<cog>105.6</cog>
                        </extensions>
                    </trkpt>
                    <trkpt lat="54.36952333333333" lon="10.117733333333332">
                        <ele>0</ele>
                        <time>2022-08-18T21:30:44Z</time>
                                                <extensions>
                            <sog>6.8</sog>
<cog>105.6</cog>
                        </extensions>
                    </trkpt>
                    <trkpt lat="54.369436666666665" lon="10.118246666666666">
                        <ele>0</ele>
                        <time>2022-08-18T21:30:55Z</time>
                                                <extensions>
                            <sog>6.7</sog>
<cog>105.9</cog>
                        </extensions>
                    </trkpt>
                    <trkpt lat="54.36936" lon="10.118706666666666">
                        <ele>0</ele>
                        <time>2022-08-18T21:31:04Z</time>
                                                <extensions>
                            <sog>6.7</sog>
<cog>106.0</cog>
                        </extensions>
                    </trkpt>
                    <trkpt lat="54.369265000000006" lon="10.119263333333333">
                        <ele>0</ele>
                        <time>2022-08-18T21:31:15Z</time>
                                                <extensions>
                            <sog>6.6</sog>
<cog>106.0</cog>
                        </extensions>
                    </trkpt>
                    <trkpt lat="54.36908666666667" lon="10.120303333333334">
                        <ele>0</ele>
                        <time>2022-08-18T21:31:36Z</time>
                                                <extensions>
                            <sog>6.4</sog>
<cog>106.6</cog>
                        </extensions>
                    </trkpt>
                    <trkpt lat="54.36901" lon="10.120736666666666">
                        <ele>0</ele>
                        <time>2022-08-18T21:31:44Z</time>
                                                <extensions>
                            <sog>6.3</sog>
<cog>106.7</cog>
                        </extensions>
                    </trkpt>
                    <trkpt lat="54.36884" lon="10.121601666666667">
                        <ele>0</ele>
                        <time>2022-08-18T21:32:04Z</time>
                                                <extensions>
                            <sog>6.1</sog>
<cog>106.8</cog>
                        </extensions>
                    </trkpt>
                    <trkpt lat="54.36875166666667" lon="10.122111666666665">
                        <ele>0</ele>
                        <time>2022-08-18T21:32:15Z</time>
                                                <extensions>
                            <sog>6.0</sog>
<cog>107.2</cog>
                        </extensions>
                    </trkpt>
                    <trkpt lat="54.36868666666667" lon="10.122526666666666">
                        <ele>0</ele>
                        <time>2022-08-18T21:32:24Z</time>
                                                <extensions>
                            <sog>5.9</sog>
<cog>107.1</cog>
                        </extensions>
                    </trkpt>
                    <trkpt lat="54.36859666666667" lon="10.123061666666667">
                        <ele>0</ele>
                        <time>2022-08-18T21:32:36Z</time>
                                                <extensions>
                            <sog>5.8</sog>
<cog>107.0</cog>
                        </extensions>
                    </trkpt>
                    <trkpt lat="54.36853" lon="10.123451666666666">
                        <ele>0</ele>
                        <time>2022-08-18T21:32:45Z</time>
                                                <extensions>
                            <sog>5.6</sog>
<cog>107.0</cog>
                        </extensions>
                    </trkpt>
                    <trkpt lat="54.368455000000004" lon="10.123868333333332">
                        <ele>0</ele>
                        <time>2022-08-18T21:32:55Z</time>
                                                <extensions>
                            <sog>5.5</sog>
<cog>107.0</cog>
                        </extensions>
                    </trkpt>
                    <trkpt lat="54.368381666666664" lon="10.124275">
                        <ele>0</ele>
                        <time>2022-08-18T21:33:05Z</time>
                                                <extensions>
                            <sog>5.4</sog>
<cog>107.0</cog>
                        </extensions>
                    </trkpt>
                    <trkpt lat="54.36831166666666" lon="10.124668333333334">
                        <ele>0</ele>
                        <time>2022-08-18T21:33:15Z</time>
                                                <extensions>
                            <sog>5.2</sog>
<cog>106.8</cog>
                        </extensions>
                    </trkpt>
                    <trkpt lat="54.368251666666666" lon="10.125005">
                        <ele>0</ele>
                        <time>2022-08-18T21:33:24Z</time>
                                                <extensions>
                            <sog>5.0</sog>
<cog>106.7</cog>
                        </extensions>
                    </trkpt>
                    <trkpt lat="54.36817666666666" lon="10.12544">
                        <ele>0</ele>
                        <time>2022-08-18T21:33:36Z</time>
                                                <extensions>
                            <sog>4.8</sog>
<cog>106.6</cog>
                        </extensions>
                    </trkpt>
                    <trkpt lat="54.368053333333336" lon="10.126145000000001">
                        <ele>0</ele>
                        <time>2022-08-18T21:33:56Z</time>
                                                <extensions>
                            <sog>4.6</sog>
<cog>106.9</cog>
                        </extensions>
                    </trkpt>
                    <trkpt lat="54.36799666666666" lon="10.12645">
                        <ele>0</ele>
                        <time>2022-08-18T21:34:05Z</time>
                                                <extensions>
                            <sog>4.5</sog>
<cog>107.3</cog>
                        </extensions>
                    </trkpt>
                    <trkpt lat="54.367935" lon="10.126781666666666">
                        <ele>0</ele>
                        <time>2022-08-18T21:34:15Z</time>
                                                <extensions>
                            <sog>4.4</sog>
<cog>107.4</cog>
                        </extensions>
                    </trkpt>
                    <trkpt lat="54.36787" lon="10.127136666666667">
                        <ele>0</ele>
                        <time>2022-08-18T21:34:26Z</time>
                                                <extensions>
                            <sog>4.3</sog>
<cog>107.4</cog>
                        </extensions>
                    </trkpt>
                    <trkpt lat="54.36781" lon="10.127451666666667">
                        <ele>0</ele>
                        <time>2022-08-18T21:34:36Z</time>
                                                <extensions>
                            <sog>4.2</sog>
<cog>107.8</cog>
                        </extensions>
                    </trkpt>
                    <trkpt lat="54.36769" lon="10.128066666666665">
                        <ele>0</ele>
                        <time>2022-08-18T21:34:56Z</time>
                                                <extensions>
                            <sog>4.0</sog>
<cog>108.0</cog>
                        </extensions>
                    </trkpt>
                    <trkpt lat="54.36764" lon="10.128341666666667">
                        <ele>0</ele>
                        <time>2022-08-18T21:35:05Z</time>
                                                <extensions>
                            <sog>4.0</sog>
<cog>107.7</cog>
                        </extensions>
                    </trkpt>
                    <trkpt lat="54.367585" lon="10.128639999999999">
                        <ele>0</ele>
                        <time>2022-08-18T21:35:15Z</time>
                                                <extensions>
                            <sog>3.9</sog>
<cog>107.3</cog>
                        </extensions>
                    </trkpt>
                    <trkpt lat="54.36753" lon="10.128968333333335">
                        <ele>0</ele>
                        <time>2022-08-18T21:35:26Z</time>
                                                <extensions>
                            <sog>3.9</sog>
<cog>106.4</cog>
                        </extensions>
                    </trkpt>
                    <trkpt lat="54.367491666666666" lon="10.129236666666666">
                        <ele>0</ele>
                        <time>2022-08-18T21:35:35Z</time>
                                                <extensions>
                            <sog>3.8</sog>
<cog>104.4</cog>
                        </extensions>
                    </trkpt>
                    <trkpt lat="54.367455" lon="10.129531666666667">
                        <ele>0</ele>
                        <time>2022-08-18T21:35:45Z</time>
                                                <extensions>
                            <sog>3.8</sog>
<cog>103.1</cog>
                        </extensions>
                    </trkpt>
                    <trkpt lat="54.36741166666666" lon="10.129851666666667">
                        <ele>0</ele>
                        <time>2022-08-18T21:35:56Z</time>
                                                <extensions>
                            <sog>3.7</sog>
<cog>103.1</cog>
                        </extensions>
                    </trkpt>
                    <trkpt lat="54.367375" lon="10.13011">
                        <ele>0</ele>
                        <time>2022-08-18T21:36:05Z</time>
                                                <extensions>
                            <sog>3.7</sog>
<cog>103.3</cog>
                        </extensions>
                    </trkpt>
                    <trkpt lat="54.367335000000004" lon="10.130393333333334">
                        <ele>0</ele>
                        <time>2022-08-18T21:36:15Z</time>
                                                <extensions>
                            <sog>3.7</sog>
<cog>103.4</cog>
                        </extensions>
                    </trkpt>
                    <trkpt lat="54.36729166666667" lon="10.130703333333335">
                        <ele>0</ele>
                        <time>2022-08-18T21:36:26Z</time>
                                                <extensions>
                            <sog>3.6</sog>
<cog>103.3</cog>
                        </extensions>
                    </trkpt>
                    <trkpt lat="54.36725666666667" lon="10.130955">
                        <ele>0</ele>
                        <time>2022-08-18T21:36:35Z</time>
                                                <extensions>
                            <sog>3.6</sog>
<cog>103.5</cog>
                        </extensions>
                    </trkpt>
                    <trkpt lat="54.36721333333333" lon="10.131256666666667">
                        <ele>0</ele>
                        <time>2022-08-18T21:36:46Z</time>
                                                <extensions>
                            <sog>3.5</sog>
<cog>103.8</cog>
                        </extensions>
                    </trkpt>
                    <trkpt lat="54.367173333333334" lon="10.131526666666668">
                        <ele>0</ele>
                        <time>2022-08-18T21:36:56Z</time>
                                                <extensions>
                            <sog>3.5</sog>
<cog>103.9</cog>
                        </extensions>
                    </trkpt>
                    <trkpt lat="54.36710166666667" lon="10.132028333333333">
                        <ele>0</ele>
                        <time>2022-08-18T21:37:15Z</time>
                                                <extensions>
                            <sog>3.4</sog>
<cog>103.9</cog>
                        </extensions>
                    </trkpt>
                    <trkpt lat="54.36706" lon="10.132311666666668">
                        <ele>0</ele>
                        <time>2022-08-18T21:37:26Z</time>
                                                <extensions>
                            <sog>3.3</sog>
<cog>104.1</cog>
                        </extensions>
                    </trkpt>
                    <trkpt lat="54.367025" lon="10.132541666666667">
                        <ele>0</ele>
                        <time>2022-08-18T21:37:35Z</time>
                                                <extensions>
                            <sog>3.3</sog>
<cog>104.3</cog>
                        </extensions>
                    </trkpt>
                    <trkpt lat="54.366985" lon="10.13282">
                        <ele>0</ele>
                        <time>2022-08-18T21:37:46Z</time>
                                                <extensions>
                            <sog>3.3</sog>
<cog>104.1</cog>
                        </extensions>
                    </trkpt>
                    <trkpt lat="54.36694833333333" lon="10.13307">
                        <ele>0</ele>
                        <time>2022-08-18T21:37:56Z</time>
                                                <extensions>
                            <sog>3.2</sog>
<cog>104.0</cog>
                        </extensions>
                    </trkpt>
                    <trkpt lat="54.366915" lon="10.133289999999999">
                        <ele>0</ele>
                        <time>2022-08-18T21:38:05Z</time>
                                                <extensions>
                            <sog>3.2</sog>
<cog>104.0</cog>
                        </extensions>
                    </trkpt>
                    <trkpt lat="54.36681166666666" lon="10.13401">
                        <ele>0</ele>
                        <time>2022-08-18T21:38:35Z</time>
                                                <extensions>
                            <sog>3.1</sog>
<cog>103.8</cog>
                        </extensions>
                    </trkpt>
                    <trkpt lat="54.366775" lon="10.134268333333333">
                        <ele>0</ele>
                        <time>2022-08-18T21:38:46Z</time>
                                                <extensions>
                            <sog>3.0</sog>
<cog>103.9</cog>
                        </extensions>
                    </trkpt>
                    <trkpt lat="54.36674166666667" lon="10.134500000000001">
                        <ele>0</ele>
                        <time>2022-08-18T21:38:56Z</time>
                                                <extensions>
                            <sog>3.0</sog>
<cog>103.8</cog>
                        </extensions>
                    </trkpt>
                    <trkpt lat="54.36671166666667" lon="10.134706666666666">
                        <ele>0</ele>
                        <time>2022-08-18T21:39:05Z</time>
                                                <extensions>
                            <sog>2.9</sog>
<cog>103.9</cog>
                        </extensions>
                    </trkpt>
                    <trkpt lat="54.36667333333333" lon="10.134955">
                        <ele>0</ele>
                        <time>2022-08-18T21:39:16Z</time>
                                                <extensions>
                            <sog>2.9</sog>
<cog>104.4</cog>
                        </extensions>
                    </trkpt>
                    <trkpt lat="54.36664" lon="10.135176666666666">
                        <ele>0</ele>
                        <time>2022-08-18T21:39:25Z</time>
                                                <extensions>
                            <sog>2.9</sog>
<cog>104.7</cog>
                        </extensions>
                    </trkpt>
                    <trkpt lat="54.36660833333334" lon="10.135373333333332">
                        <ele>0</ele>
                        <time>2022-08-18T21:39:35Z</time>
                                                <extensions>
                            <sog>2.8</sog>
<cog>104.6</cog>
                        </extensions>
                    </trkpt>
                    <trkpt lat="54.36654166666666" lon="10.135831666666666">
                        <ele>0</ele>
                        <time>2022-08-18T21:39:56Z</time>
                                                <extensions>
                            <sog>2.8</sog>
<cog>103.8</cog>
                        </extensions>
                    </trkpt>
                    <trkpt lat="54.366483333333335" lon="10.136261666666666">
                        <ele>0</ele>
                        <time>2022-08-18T21:40:16Z</time>
                                                <extensions>
                            <sog>2.7</sog>
<cog>102.8</cog>
                        </extensions>
                    </trkpt>
                    <trkpt lat="54.366458333333334" lon="10.136471666666667">
                        <ele>0</ele>
                        <time>2022-08-18T21:40:25Z</time>
                                                <extensions>
                            <sog>2.7</sog>
<cog>102.7</cog>
                        </extensions>
                    </trkpt>
                    <trkpt lat="54.36643166666667" lon="10.136656666666665">
                        <ele>0</ele>
                        <time>2022-08-18T21:40:35Z</time>
                                                <extensions>
                            <sog>2.6</sog>
<cog>103.1</cog>
                        </extensions>
                    </trkpt>
                    <trkpt lat="54.3664" lon="10.136875">
                        <ele>0</ele>
                        <time>2022-08-18T21:40:46Z</time>
                                                <extensions>
                            <sog>2.6</sog>
<cog>103.6</cog>
                        </extensions>
                    </trkpt>
                    <trkpt lat="54.366371666666666" lon="10.137076666666667">
                        <ele>0</ele>
                        <time>2022-08-18T21:40:56Z</time>
                                                <extensions>
                            <sog>2.5</sog>
<cog>103.6</cog>
                        </extensions>
                    </trkpt>
                    <trkpt lat="54.366348333333335" lon="10.137255000000001">
                        <ele>0</ele>
                        <time>2022-08-18T21:41:05Z</time>
                                                <extensions>
                            <sog>2.5</sog>
<cog>103.3</cog>
                        </extensions>
                    </trkpt>
                    <trkpt lat="54.36631833333333" lon="10.13747">
                        <ele>0</ele>
                        <time>2022-08-18T21:41:16Z</time>
                                                <extensions>
                            <sog>2.5</sog>
<cog>103.2</cog>
                        </extensions>
                    </trkpt>
                    <trkpt lat="54.36629166666667" lon="10.13766">
                        <ele>0</ele>
                        <time>2022-08-18T21:41:25Z</time>
                                                <extensions>
                            <sog>2.5</sog>
<cog>103.1</cog>
                        </extensions>
                    </trkpt>
                    <trkpt lat="54.36627" lon="10.137831666666667">
                        <ele>0</ele>
                        <time>2022-08-18T21:41:35Z</time>
                                                <extensions>
                            <sog>2.4</sog>
<cog>102.5</cog>
                        </extensions>
                    </trkpt>
                    <trkpt lat="54.36625" lon="10.138018333333333">
                        <ele>0</ele>
                        <time>2022-08-18T21:41:45Z</time>
                                                <extensions>
                            <sog>2.4</sog>
<cog>101.4</cog>
                        </extensions>
                    </trkpt>
                    <trkpt lat="54.36622833333333" lon="10.138219999999999">
                        <ele>0</ele>
                        <time>2022-08-18T21:41:56Z</time>
                                                <extensions>
                            <sog>2.3</sog>
<cog>100.7</cog>
                        </extensions>
                    </trkpt>
                    <trkpt lat="54.36621" lon="10.138381666666668">
                        <ele>0</ele>
                        <time>2022-08-18T21:42:05Z</time>
                                                <extensions>
                            <sog>2.3</sog>
<cog>100.6</cog>
                        </extensions>
                    </trkpt>
                    <trkpt lat="54.366189999999996" lon="10.138573333333333">
                        <ele>0</ele>
                        <time>2022-08-18T21:42:16Z</time>
                                                <extensions>
                            <sog>2.2</sog>
<cog>100.7</cog>
                        </extensions>
                    </trkpt>
                    <trkpt lat="54.36615" lon="10.138895">
                        <ele>0</ele>
                        <time>2022-08-18T21:42:35Z</time>
                                                <extensions>
                            <sog>2.1</sog>
<cog>101.7</cog>
                        </extensions>
                    </trkpt>
                    <trkpt lat="54.36613166666667" lon="10.139056666666667">
                        <ele>0</ele>
                        <time>2022-08-18T21:42:45Z</time>
                                                <extensions>
                            <sog>2.1</sog>
<cog>100.7</cog>
                        </extensions>
                    </trkpt>
                    <trkpt lat="54.366110000000006" lon="10.139226666666667">
                        <ele>0</ele>
                        <time>2022-08-18T21:42:56Z</time>
                                                <extensions>
                            <sog>2.0</sog>
<cog>101.7</cog>
                        </extensions>
                    </trkpt>
                    <trkpt lat="54.36609333333333" lon="10.139358333333332">
                        <ele>0</ele>
                        <time>2022-08-18T21:43:05Z</time>
                                                <extensions>
                            <sog>1.9</sog>
<cog>102.4</cog>
                        </extensions>
                    </trkpt>
                    <trkpt lat="54.36607166666667" lon="10.139508333333334">
                        <ele>0</ele>
                        <time>2022-08-18T21:43:16Z</time>
                                                <extensions>
                            <sog>1.7</sog>
<cog>103.8</cog>
                        </extensions>
                    </trkpt>
                    <trkpt lat="54.366036666666666" lon="10.139733333333334">
                        <ele>0</ele>
                        <time>2022-08-18T21:43:35Z</time>
                                                <extensions>
                            <sog>1.5</sog>
<cog>104.6</cog>
                        </extensions>
                    </trkpt>
                    <trkpt lat="54.36602166666667" lon="10.139835">
                        <ele>0</ele>
                        <time>2022-08-18T21:43:45Z</time>
                                                <extensions>
                            <sog>1.3</sog>
<cog>104.5</cog>
                        </extensions>
                    </trkpt>
                    <trkpt lat="54.366005" lon="10.13994">
                        <ele>0</ele>
                        <time>2022-08-18T21:43:56Z</time>
                                                <extensions>
                            <sog>1.2</sog>
<cog>104.8</cog>
                        </extensions>
                    </trkpt>
                    <trkpt lat="54.365991666666666" lon="10.140021666666666">
                        <ele>0</ele>
                        <time>2022-08-18T21:44:05Z</time>
                                                <extensions>
                            <sog>1.2</sog>
<cog>105.6</cog>
                        </extensions>
                    </trkpt>
                    <trkpt lat="54.365975000000006" lon="10.140121666666666">
                        <ele>0</ele>
                        <time>2022-08-18T21:44:16Z</time>
                                                <extensions>
                            <sog>1.1</sog>
<cog>106.1</cog>
                        </extensions>
                    </trkpt>
                    <trkpt lat="54.365961666666664" lon="10.140208333333334">
                        <ele>0</ele>
                        <time>2022-08-18T21:44:25Z</time>
                                                <extensions>
                            <sog>1.1</sog>
<cog>104.9</cog>
                        </extensions>
                    </trkpt>
                    <trkpt lat="54.36595" lon="10.140279999999999">
                        <ele>0</ele>
                        <time>2022-08-18T21:44:35Z</time>
                                                <extensions>
                            <sog>1.0</sog>
<cog>104.4</cog>
                        </extensions>
                    </trkpt>
                    <trkpt lat="54.365943333333334" lon="10.140350000000002">
                        <ele>0</ele>
                        <time>2022-08-18T21:44:45Z</time>
                                                <extensions>
                            <sog>0.9</sog>
<cog>101.5</cog>
                        </extensions>
                    </trkpt>
                    <trkpt lat="54.36593666666667" lon="10.140413333333333">
                        <ele>0</ele>
                        <time>2022-08-18T21:44:56Z</time>
                                                <extensions>
                            <sog>0.7</sog>
<cog>100.2</cog>
                        </extensions>
                    </trkpt>
                    <trkpt lat="54.36593166666667" lon="10.140456666666667">
                        <ele>0</ele>
                        <time>2022-08-18T21:45:04Z</time>
                                                <extensions>
                            <sog>0.6</sog>
<cog>101.7</cog>
                        </extensions>
                    </trkpt>
                    <trkpt lat="54.365925" lon="10.140503333333333">
                        <ele>0</ele>
                        <time>2022-08-18T21:45:16Z</time>
                                                <extensions>
                            <sog>0.5</sog>
<cog>104.5</cog>
                        </extensions>
                    </trkpt>
                    <trkpt lat="54.36591833333333" lon="10.14054">
                        <ele>0</ele>
                        <time>2022-08-18T21:45:26Z</time>
                                                <extensions>
                            <sog>0.5</sog>
<cog>105.4</cog>
                        </extensions>
                    </trkpt>
                    <trkpt lat="54.36591333333333" lon="10.140566666666667">
                        <ele>0</ele>
                        <time>2022-08-18T21:45:35Z</time>
                                                <extensions>
                            <sog>0.4</sog>
<cog>105.1</cog>
                        </extensions>
                    </trkpt>
                    <trkpt lat="54.36591" lon="10.140595">
                        <ele>0</ele>
                        <time>2022-08-18T21:45:45Z</time>
                                                <extensions>
                            <sog>0.3</sog>
<cog>105.0</cog>
                        </extensions>
                    </trkpt>
                    <trkpt lat="54.365905" lon="10.140611666666667">
                        <ele>0</ele>
                        <time>2022-08-18T21:45:56Z</time>
                                                <extensions>
                            <sog>0.2</sog>
<cog>109.8</cog>
                        </extensions>
                    </trkpt>
                    <trkpt lat="54.365903333333335" lon="10.140621666666668">
                        <ele>0</ele>
                        <time>2022-08-18T21:46:04Z</time>
                                                <extensions>
                            <sog>0.1</sog>
<cog>118.5</cog>
                        </extensions>
                    </trkpt>
                    <trkpt lat="54.3659" lon="10.140625">
                        <ele>0</ele>
                        <time>2022-08-18T21:46:14Z</time>
                                                <extensions>
                            <sog>0.1</sog>
<cog>142.1</cog>
                        </extensions>
                    </trkpt>
                    <trkpt lat="54.365895" lon="10.140623333333334">
                        <ele>0</ele>
                        <time>2022-08-18T21:46:26Z</time>
                                                <extensions>
                            <sog>0.0</sog>
<cog>182.9</cog>
                        </extensions>
                    </trkpt>
                    <trkpt lat="54.36589166666667" lon="10.140623333333334">
                        <ele>0</ele>
                        <time>2022-08-18T21:46:35Z</time>
                                                <extensions>
                            <sog>0.0</sog>
<cog>176.5</cog>
                        </extensions>
                    </trkpt>
                    <trkpt lat="54.36589" lon="10.140626666666666">
                        <ele>0</ele>
                        <time>2022-08-18T21:46:45Z</time>
                                                <extensions>
                            <sog>0.0</sog>
<cog>125.3</cog>
                        </extensions>
                    </trkpt>
                    <trkpt lat="54.36589166666667" lon="10.140636666666667">
                        <ele>0</ele>
                        <time>2022-08-18T21:46:56Z</time>
                                                <extensions>
                            <sog>0.0</sog>
<cog>80.6</cog>
                        </extensions>
                    </trkpt>
                    <trkpt lat="54.365895" lon="10.140645000000001">
                        <ele>0</ele>
                        <time>2022-08-18T21:47:04Z</time>
                                                <extensions>
                            <sog>0.1</sog>
<cog>66.6</cog>
                        </extensions>
                    </trkpt>
                    <trkpt lat="54.3659" lon="10.140653333333335">
                        <ele>0</ele>
                        <time>2022-08-18T21:47:14Z</time>
                                                <extensions>
                            <sog>0.1</sog>
<cog>60.3</cog>
                        </extensions>
                    </trkpt>
                    <trkpt lat="54.365901666666666" lon="10.140655">
                        <ele>0</ele>
                        <time>2022-08-18T21:47:26Z</time>
                                                <extensions>
                            <sog>0.0</sog>
<cog>352.7</cog>
                        </extensions>
                    </trkpt>
                    <trkpt lat="54.365901666666666" lon="10.140649999999999">
                        <ele>0</ele>
                        <time>2022-08-18T21:47:35Z</time>
                                                <extensions>
                            <sog>0.0</sog>
<cog>299.9</cog>
                        </extensions>
                    </trkpt>
                    <trkpt lat="54.365905" lon="10.140641666666665">
                        <ele>0</ele>
                        <time>2022-08-18T21:47:45Z</time>
                                                <extensions>
                            <sog>0.1</sog>
<cog>321.6</cog>
                        </extensions>
                    </trkpt>
                    <trkpt lat="54.36590833333333" lon="10.14064">
                        <ele>0</ele>
                        <time>2022-08-18T21:47:56Z</time>
                                                <extensions>
                            <sog>0.0</sog>
<cog>311.2</cog>
                        </extensions>
                    </trkpt>
                    <trkpt lat="54.36590833333333" lon="10.140641666666665">
                        <ele>0</ele>
                        <time>2022-08-18T21:48:04Z</time>
                                                <extensions>
                            <sog>0.0</sog>
<cog>304.8</cog>
                        </extensions>
                    </trkpt>
                    <trkpt lat="54.36590833333333" lon="10.140646666666667">
                        <ele>0</ele>
                        <time>2022-08-18T21:48:14Z</time>
                                                <extensions>
                            <sog>0.0</sog>
<cog>61.6</cog>
                        </extensions>
                    </trkpt>
                    <trkpt lat="54.36590833333333" lon="10.140649999999999">
                        <ele>0</ele>
                        <time>2022-08-18T21:48:26Z</time>
                                                <extensions>
                            <sog>0.0</sog>
<cog>93.3</cog>
                        </extensions>
                    </trkpt>
                    <trkpt lat="54.36590833333333" lon="10.140648333333333">
                        <ele>0</ele>
                        <time>2022-08-18T21:48:35Z</time>
                                                <extensions>
                            <sog>0.0</sog>
<cog>40.9</cog>
                        </extensions>
                    </trkpt>
                    <trkpt lat="54.36590833333333" lon="10.140646666666667">
                        <ele>0</ele>
                        <time>2022-08-18T21:48:46Z</time>
                                                <extensions>
                            <sog>0.0</sog>
<cog>312.4</cog>
                        </extensions>
                    </trkpt>
                    <trkpt lat="54.36590833333333" lon="10.140645000000001">
                        <ele>0</ele>
                        <time>2022-08-18T21:48:55Z</time>
                                                <extensions>
                            <sog>0.0</sog>
<cog>298.1</cog>
                        </extensions>
                    </trkpt>
                    <trkpt lat="54.36590833333333" lon="10.140641666666665">
                        <ele>0</ele>
                        <time>2022-08-18T21:49:14Z</time>
                                                <extensions>
                            <sog>0.0</sog>
<cog>270.6</cog>
                        </extensions>
                    </trkpt>
                    <trkpt lat="54.36590666666667" lon="10.140645000000001">
                        <ele>0</ele>
                        <time>2022-08-18T21:49:26Z</time>
                                                <extensions>
                            <sog>0.0</sog>
<cog>185.4</cog>
                        </extensions>
                    </trkpt>
                    <trkpt lat="54.36590666666667" lon="10.140646666666667">
                        <ele>0</ele>
                        <time>2022-08-18T21:49:35Z</time>
                                                <extensions>
                            <sog>0.0</sog>
<cog>129.3</cog>
                        </extensions>
                    </trkpt>
                    <trkpt lat="54.36590666666667" lon="10.140646666666667">
                        <ele>0</ele>
                        <time>2022-08-18T21:49:46Z</time>
                                                <extensions>
                            <sog>0.0</sog>
<cog>176.7</cog>
                        </extensions>
                    </trkpt>
                    <trkpt lat="54.36590666666667" lon="10.140645000000001">
                        <ele>0</ele>
                        <time>2022-08-18T21:49:55Z</time>
                                                <extensions>
                            <sog>0.0</sog>
<cog>227.2</cog>
                        </extensions>
                    </trkpt>
                    <trkpt lat="54.36590666666667" lon="10.140645000000001">
                        <ele>0</ele>
                        <time>2022-08-18T21:50:06Z</time>
                                                <extensions>
                            <sog>0.0</sog>
<cog>233.6</cog>
                        </extensions>
                    </trkpt>
                    <trkpt lat="54.36590666666667" lon="10.140645000000001">
                        <ele>0</ele>
                        <time>2022-08-18T21:50:14Z</time>
                                                <extensions>
                            <sog>0.0</sog>
<cog>210.4</cog>
                        </extensions>
                    </trkpt>
                    <trkpt lat="54.36590666666667" lon="10.140646666666667">
                        <ele>0</ele>
                        <time>2022-08-18T21:50:26Z</time>
                                                <extensions>
                            <sog>0.0</sog>
<cog>223.9</cog>
                        </extensions>
                    </trkpt>
                    <trkpt lat="54.36590666666667" lon="10.140645000000001">
                        <ele>0</ele>
                        <time>2022-08-18T21:50:35Z</time>
                                                <extensions>
                            <sog>0.0</sog>
<cog>225.8</cog>
                        </extensions>
                    </trkpt>
                    <trkpt lat="54.36590666666667" lon="10.140645000000001">
                        <ele>0</ele>
                        <time>2022-08-18T21:50:46Z</time>
                                                <extensions>
                            <sog>0.0</sog>
<cog>227.4</cog>
                        </extensions>
                    </trkpt>
                    <trkpt lat="54.36590833333333" lon="10.140645000000001">
                        <ele>0</ele>
                        <time>2022-08-18T21:50:55Z</time>
                                                <extensions>
                            <sog>0.0</sog>
<cog>229.6</cog>
                        </extensions>
                    </trkpt>
                    <trkpt lat="54.36590833333333" lon="10.140646666666667">
                        <ele>0</ele>
                        <time>2022-08-18T21:51:06Z</time>
                                                <extensions>
                            <sog>0.0</sog>
<cog>199.4</cog>
                        </extensions>
                    </trkpt>
                    <trkpt lat="54.36590833333333" lon="10.140646666666667">
                        <ele>0</ele>
                        <time>2022-08-18T21:51:14Z</time>
                                                <extensions>
                            <sog>0.0</sog>
<cog>204.8</cog>
                        </extensions>
                    </trkpt>
                    <trkpt lat="54.36590833333333" lon="10.140646666666667">
                        <ele>0</ele>
                        <time>2022-08-18T21:51:26Z</time>
                                                <extensions>
                            <sog>0.0</sog>
<cog>219.4</cog>
                        </extensions>
                    </trkpt>
                    <trkpt lat="54.36590833333333" lon="10.140646666666667">
                        <ele>0</ele>
                        <time>2022-08-18T21:51:35Z</time>
                                                <extensions>
                            <sog>0.0</sog>
<cog>244.5</cog>
                        </extensions>
                    </trkpt>
                    <trkpt lat="54.36590833333333" lon="10.140646666666667">
                        <ele>0</ele>
                        <time>2022-08-18T21:51:46Z</time>
                                                <extensions>
                            <sog>0.0</sog>
<cog>252.9</cog>
                        </extensions>
                    </trkpt>
                    <trkpt lat="54.36590833333333" lon="10.140646666666667">
                        <ele>0</ele>
                        <time>2022-08-18T21:51:55Z</time>
                                                <extensions>
                            <sog>0.0</sog>
<cog>249.5</cog>
                        </extensions>
                    </trkpt>
                    <trkpt lat="54.36590833333333" lon="10.140646666666667">
                        <ele>0</ele>
                        <time>2022-08-18T21:52:06Z</time>
                                                <extensions>
                            <sog>0.0</sog>
<cog>251.6</cog>
                        </extensions>
                    </trkpt>
                    <trkpt lat="54.36590833333333" lon="10.140646666666667">
                        <ele>0</ele>
                        <time>2022-08-18T21:52:14Z</time>
                                                <extensions>
                            <sog>0.0</sog>
<cog>264.4</cog>
                        </extensions>
                    </trkpt>
                    <trkpt lat="54.36590833333333" lon="10.140646666666667">
                        <ele>0</ele>
                        <time>2022-08-18T21:52:26Z</time>
                                                <extensions>
                            <sog>0.0</sog>
<cog>260.9</cog>
                        </extensions>
                    </trkpt>
                    <trkpt lat="54.36590833333333" lon="10.140646666666667">
                        <ele>0</ele>
                        <time>2022-08-18T21:52:35Z</time>
                                                <extensions>
                            <sog>0.0</sog>
<cog>250.8</cog>
                        </extensions>
                    </trkpt>
                    <trkpt lat="54.36590833333333" lon="10.140648333333333">
                        <ele>0</ele>
                        <time>2022-08-18T21:52:44Z</time>
                                                <extensions>
                            <sog>0.0</sog>
<cog>243.9</cog>
                        </extensions>
                    </trkpt>
                    <trkpt lat="54.36590833333333" lon="10.140646666666667">
                        <ele>0</ele>
                        <time>2022-08-18T21:52:55Z</time>
                                                <extensions>
                            <sog>0.0</sog>
<cog>237.1</cog>
                        </extensions>
                    </trkpt>
                    <trkpt lat="54.36590833333333" lon="10.140646666666667">
                        <ele>0</ele>
                        <time>2022-08-18T21:53:06Z</time>
                                                <extensions>
                            <sog>0.0</sog>
<cog>238.5</cog>
                        </extensions>
                    </trkpt>
                    <trkpt lat="54.36590833333333" lon="10.140646666666667">
                        <ele>0</ele>
                        <time>2022-08-18T21:53:15Z</time>
                                                <extensions>
                            <sog>0.0</sog>
<cog>235.7</cog>
                        </extensions>
                    </trkpt>
                    <trkpt lat="54.36590833333333" lon="10.140646666666667">
                        <ele>0</ele>
                        <time>2022-08-18T21:53:26Z</time>
                                                <extensions>
                            <sog>0.0</sog>
<cog>236.6</cog>
                        </extensions>
                    </trkpt>
                    <trkpt lat="54.36590833333333" lon="10.140645000000001">
                        <ele>0</ele>
                        <time>2022-08-18T21:53:35Z</time>
                                                <extensions>
                            <sog>0.0</sog>
<cog>243.7</cog>
                        </extensions>
                    </trkpt>
                    <trkpt lat="54.36590833333333" lon="10.140645000000001">
                        <ele>0</ele>
                        <time>2022-08-18T21:53:44Z</time>
                                                <extensions>
                            <sog>0.0</sog>
<cog>239.9</cog>
                        </extensions>
                    </trkpt>
                    <trkpt lat="54.36590833333333" lon="10.140645000000001">
                        <ele>0</ele>
                        <time>2022-08-18T21:53:55Z</time>
                                                <extensions>
                            <sog>0.0</sog>
<cog>232.3</cog>
                        </extensions>
                    </trkpt>
                    <trkpt lat="54.36590833333333" lon="10.140641666666665">
                        <ele>0</ele>
                        <time>2022-08-18T21:54:06Z</time>
                                                <extensions>
                            <sog>0.0</sog>
<cog>224.5</cog>
                        </extensions>
                    </trkpt>
                    <trkpt lat="54.36590833333333" lon="10.140641666666665">
                        <ele>0</ele>
                        <time>2022-08-18T21:54:15Z</time>
                                                <extensions>
                            <sog>0.0</sog>
<cog>235.8</cog>
                        </extensions>
                    </trkpt>
                    <trkpt lat="54.36590833333333" lon="10.140641666666665">
                        <ele>0</ele>
                        <time>2022-08-18T21:54:26Z</time>
                                                <extensions>
                            <sog>0.0</sog>
<cog>238.9</cog>
                        </extensions>
                    </trkpt>
                    <trkpt lat="54.36590833333333" lon="10.140641666666665">
                        <ele>0</ele>
                        <time>2022-08-18T21:54:35Z</time>
                                                <extensions>
                            <sog>0.0</sog>
<cog>224.7</cog>
                        </extensions>
                    </trkpt>
                    <trkpt lat="54.36590666666667" lon="10.140641666666665">
                        <ele>0</ele>
                        <time>2022-08-18T21:54:44Z</time>
                                                <extensions>
                            <sog>0.0</sog>
<cog>215.3</cog>
                        </extensions>
                    </trkpt>
                    <trkpt lat="54.36590666666667" lon="10.140641666666665">
                        <ele>0</ele>
                        <time>2022-08-18T21:54:55Z</time>
                                                <extensions>
                            <sog>0.0</sog>
<cog>215.4</cog>
                        </extensions>
                    </trkpt>
                    <trkpt lat="54.36590666666667" lon="10.140641666666665">
                        <ele>0</ele>
                        <time>2022-08-18T21:55:06Z</time>
                                                <extensions>
                            <sog>0.0</sog>
<cog>221.5</cog>
                        </extensions>
                    </trkpt>
                    <trkpt lat="54.36590666666667" lon="10.140641666666665">
                        <ele>0</ele>
                        <time>2022-08-18T21:55:15Z</time>
                                                <extensions>
                            <sog>0.0</sog>
<cog>233.8</cog>
                        </extensions>
                    </trkpt>
                    <trkpt lat="54.36590666666667" lon="10.140641666666665">
                        <ele>0</ele>
                        <time>2022-08-18T21:55:26Z</time>
                                                <extensions>
                            <sog>0.0</sog>
<cog>244.9</cog>
                        </extensions>
                    </trkpt>
                    <trkpt lat="54.36590666666667" lon="10.140641666666665">
                        <ele>0</ele>
                        <time>2022-08-18T21:55:35Z</time>
                                                <extensions>
                            <sog>0.0</sog>
<cog>238.4</cog>
                        </extensions>
                    </trkpt>
                    <trkpt lat="54.36590666666667" lon="10.140641666666665">
                        <ele>0</ele>
                        <time>2022-08-18T21:55:44Z</time>
                                                <extensions>
                            <sog>0.0</sog>
<cog>234.0</cog>
                        </extensions>
                    </trkpt>
                    <trkpt lat="54.36590666666667" lon="10.140641666666665">
                        <ele>0</ele>
                        <time>2022-08-18T21:55:55Z</time>
                                                <extensions>
                            <sog>0.0</sog>
<cog>240.5</cog>
                        </extensions>
                    </trkpt>
                    <trkpt lat="54.36590666666667" lon="10.140641666666665">
                        <ele>0</ele>
                        <time>2022-08-18T21:56:06Z</time>
                                                <extensions>
                            <sog>0.0</sog>
<cog>223.8</cog>
                        </extensions>
                    </trkpt>
                    <trkpt lat="54.36590666666667" lon="10.140641666666665">
                        <ele>0</ele>
                        <time>2022-08-18T21:56:15Z</time>
                                                <extensions>
                            <sog>0.0</sog>
<cog>217.8</cog>
                        </extensions>
                    </trkpt>
                    <trkpt lat="54.36590666666667" lon="10.140641666666665">
                        <ele>0</ele>
                        <time>2022-08-18T21:56:26Z</time>
                                                <extensions>
                            <sog>0.0</sog>
<cog>218.1</cog>
                        </extensions>
                    </trkpt>
                    <trkpt lat="54.36590666666667" lon="10.140641666666665">
                        <ele>0</ele>
                        <time>2022-08-18T21:56:34Z</time>
                                                <extensions>
                            <sog>0.0</sog>
<cog>215.6</cog>
                        </extensions>
                    </trkpt>
                    <trkpt lat="54.36590666666667" lon="10.140641666666665">
                        <ele>0</ele>
                        <time>2022-08-18T21:56:44Z</time>
                                                <extensions>
                            <sog>0.0</sog>
<cog>195.6</cog>
                        </extensions>
                    </trkpt>
                    <trkpt lat="54.36590666666667" lon="10.140641666666665">
                        <ele>0</ele>
                        <time>2022-08-18T21:56:55Z</time>
                                                <extensions>
                            <sog>0.0</sog>
<cog>212.5</cog>
                        </extensions>
                    </trkpt>
                    <trkpt lat="54.36590666666667" lon="10.140641666666665">
                        <ele>0</ele>
                        <time>2022-08-18T21:57:06Z</time>
                                                <extensions>
                            <sog>0.0</sog>
<cog>214.7</cog>
                        </extensions>
                    </trkpt>
                    <trkpt lat="54.36590666666667" lon="10.140641666666665">
                        <ele>0</ele>
                        <time>2022-08-18T21:57:15Z</time>
                                                <extensions>
                            <sog>0.0</sog>
<cog>205.6</cog>
                        </extensions>
                    </trkpt>
                    <trkpt lat="54.36590666666667" lon="10.140641666666665">
                        <ele>0</ele>
                        <time>2022-08-18T21:57:34Z</time>
                                                <extensions>
                            <sog>0.0</sog>
<cog>186.8</cog>
                        </extensions>
                    </trkpt>
                    <trkpt lat="54.36590833333333" lon="10.140641666666665">
                        <ele>0</ele>
                        <time>2022-08-18T21:57:55Z</time>
                                                <extensions>
                            <sog>0.0</sog>
<cog>168.5</cog>
                        </extensions>
                    </trkpt>
                    <trkpt lat="54.36590833333333" lon="10.140641666666665">
                        <ele>0</ele>
                        <time>2022-08-18T21:58:05Z</time>
                                                <extensions>
                            <sog>0.0</sog>
<cog>156.6</cog>
                        </extensions>
                    </trkpt>
                    <trkpt lat="54.36590833333333" lon="10.140641666666665">
                        <ele>0</ele>
                        <time>2022-08-18T21:58:15Z</time>
                                                <extensions>
                            <sog>0.0</sog>
<cog>175.6</cog>
                        </extensions>
                    </trkpt>
                    <trkpt lat="54.36590833333333" lon="10.140641666666665">
                        <ele>0</ele>
                        <time>2022-08-18T21:58:26Z</time>
                                                <extensions>
                            <sog>0.0</sog>
<cog>181.8</cog>
                        </extensions>
                    </trkpt>
                    <trkpt lat="54.36590833333333" lon="10.140641666666665">
                        <ele>0</ele>
                        <time>2022-08-18T21:58:34Z</time>
                                                <extensions>
                            <sog>0.0</sog>
<cog>173.6</cog>
                        </extensions>
                    </trkpt>
                    <trkpt lat="54.36590833333333" lon="10.140641666666665">
                        <ele>0</ele>
                        <time>2022-08-18T21:58:44Z</time>
                                                <extensions>
                            <sog>0.0</sog>
<cog>159.8</cog>
                        </extensions>
                    </trkpt>
                    <trkpt lat="54.36590666666667" lon="10.140641666666665">
                        <ele>0</ele>
                        <time>2022-08-18T21:58:55Z</time>
                                                <extensions>
                            <sog>0.0</sog>
<cog>140.9</cog>
                        </extensions>
                    </trkpt>
                    <trkpt lat="54.36590666666667" lon="10.140641666666665">
                        <ele>0</ele>
                        <time>2022-08-18T21:59:05Z</time>
                                                <extensions>
                            <sog>0.0</sog>
<cog>138.1</cog>
                        </extensions>
                    </trkpt>
                    <trkpt lat="54.36590666666667" lon="10.140641666666665">
                        <ele>0</ele>
                        <time>2022-08-18T21:59:15Z</time>
                                                <extensions>
                            <sog>0.0</sog>
<cog>156.0</cog>
                        </extensions>
                    </trkpt>
                    <trkpt lat="54.36590666666667" lon="10.140641666666665">
                        <ele>0</ele>
                        <time>2022-08-18T21:59:26Z</time>
                                                <extensions>
                            <sog>0.0</sog>
<cog>153.5</cog>
                        </extensions>
                    </trkpt>
                    <trkpt lat="54.36590666666667" lon="10.140641666666665">
                        <ele>0</ele>
                        <time>2022-08-18T21:59:34Z</time>
                                                <extensions>
                            <sog>0.0</sog>
<cog>149.9</cog>
                        </extensions>
                    </trkpt>
                    <trkpt lat="54.36590666666667" lon="10.140641666666665">
                        <ele>0</ele>
                        <time>2022-08-18T21:59:55Z</time>
                                                <extensions>
                            <sog>0.0</sog>
<cog>132.5</cog>
                        </extensions>
                    </trkpt>
                    <trkpt lat="54.36590666666667" lon="10.140641666666665">
                        <ele>0</ele>
                        <time>2022-08-18T22:00:05Z</time>
                                                <extensions>
                            <sog>0.0</sog>
<cog>132.1</cog>
                        </extensions>
                    </trkpt>
                    <trkpt lat="54.36590666666667" lon="10.140641666666665">
                        <ele>0</ele>
                        <time>2022-08-18T22:00:05Z</time>
                                                <extensions>
                            <sog>0.0</sog>
<cog>132.1</cog>
                        </extensions>
                    </trkpt>
                    <trkpt lat="54.36590666666667" lon="10.140641666666665">
                        <ele>0</ele>
                        <time>2022-08-18T22:00:26Z</time>
                                                <extensions>
                            <sog>0.0</sog>
<cog>123.4</cog>
                        </extensions>
                    </trkpt>
                    <trkpt lat="54.36590666666667" lon="10.140641666666665">
                        <ele>0</ele>
                        <time>2022-08-18T22:00:26Z</time>
                                                <extensions>
                            <sog>0.0</sog>
<cog>123.4</cog>
                        </extensions>
                    </trkpt>
                    <trkpt lat="54.36590666666667" lon="10.140641666666665">
                        <ele>0</ele>
                        <time>2022-08-18T22:00:34Z</time>
                                                <extensions>
                            <sog>0.0</sog>
<cog>134.4</cog>
                        </extensions>
                    </trkpt>
                    <trkpt lat="54.36590666666667" lon="10.140641666666665">
                        <ele>0</ele>
                        <time>2022-08-18T22:00:34Z</time>
                                                <extensions>
                            <sog>0.0</sog>
<cog>134.4</cog>
                        </extensions>
                    </trkpt>
                    <trkpt lat="54.36590666666667" lon="10.140641666666665">
                        <ele>0</ele>
                        <time>2022-08-18T22:00:44Z</time>
                                                <extensions>
                            <sog>0.0</sog>
<cog>125.4</cog>
                        </extensions>
                    </trkpt>
                    <trkpt lat="54.36590666666667" lon="10.140641666666665">
                        <ele>0</ele>
                        <time>2022-08-18T22:00:44Z</time>
                                                <extensions>
                            <sog>0.0</sog>
<cog>125.4</cog>
                        </extensions>
                    </trkpt>
                    <trkpt lat="54.36590666666667" lon="10.140641666666665">
                        <ele>0</ele>
                        <time>2022-08-18T22:00:55Z</time>
                                                <extensions>
                            <sog>0.0</sog>
<cog>127.2</cog>
                        </extensions>
                    </trkpt>
                    <trkpt lat="54.36590666666667" lon="10.140641666666665">
                        <ele>0</ele>
                        <time>2022-08-18T22:00:55Z</time>
                                                <extensions>
                            <sog>0.0</sog>
<cog>127.2</cog>
                        </extensions>
                    </trkpt>
                    <trkpt lat="54.36590666666667" lon="10.140641666666665">
                        <ele>0</ele>
                        <time>2022-08-18T22:01:05Z</time>
                                                <extensions>
                            <sog>0.0</sog>
<cog>110.3</cog>
                        </extensions>
                    </trkpt>
                    <trkpt lat="54.36590666666667" lon="10.140641666666665">
                        <ele>0</ele>
                        <time>2022-08-18T22:01:15Z</time>
                                                <extensions>
                            <sog>0.0</sog>
<cog>110.1</cog>
                        </extensions>
                    </trkpt>
                    <trkpt lat="54.36590666666667" lon="10.140641666666665">
                        <ele>0</ele>
                        <time>2022-08-18T22:01:25Z</time>
                                                <extensions>
                            <sog>0.0</sog>
<cog>113.1</cog>
                        </extensions>
                    </trkpt>
                    <trkpt lat="54.36590666666667" lon="10.140641666666665">
                        <ele>0</ele>
                        <time>2022-08-18T22:01:34Z</time>
                                                <extensions>
                            <sog>0.0</sog>
<cog>121.2</cog>
                        </extensions>
                    </trkpt>
                    <trkpt lat="54.36590666666667" lon="10.140641666666665">
                        <ele>0</ele>
                        <time>2022-08-18T22:01:44Z</time>
                                                <extensions>
                            <sog>0.0</sog>
<cog>130.7</cog>
                        </extensions>
                    </trkpt>
                    <trkpt lat="54.36590666666667" lon="10.140641666666665">
                        <ele>0</ele>
                        <time>2022-08-18T22:01:55Z</time>
                                                <extensions>
                            <sog>0.0</sog>
<cog>136.3</cog>
                        </extensions>
                    </trkpt>
                    <trkpt lat="54.36590666666667" lon="10.140641666666665">
                        <ele>0</ele>
                        <time>2022-08-18T22:02:05Z</time>
                                                <extensions>
                            <sog>0.0</sog>
<cog>136.6</cog>
                        </extensions>
                    </trkpt>
                    <trkpt lat="54.36590666666667" lon="10.140641666666665">
                        <ele>0</ele>
                        <time>2022-08-18T22:02:25Z</time>
                                                <extensions>
                            <sog>0.0</sog>
<cog>131.6</cog>
                        </extensions>
                    </trkpt>
                    <trkpt lat="54.36590833333333" lon="10.140641666666665">
                        <ele>0</ele>
                        <time>2022-08-18T22:02:34Z</time>
                                                <extensions>
                            <sog>0.0</sog>
<cog>132.3</cog>
                        </extensions>
                    </trkpt>
                    <trkpt lat="54.36590833333333" lon="10.140641666666665">
                        <ele>0</ele>
                        <time>2022-08-18T22:02:44Z</time>
                                                <extensions>
                            <sog>0.0</sog>
<cog>133.2</cog>
                        </extensions>
                    </trkpt>
                    <trkpt lat="54.36590833333333" lon="10.140641666666665">
                        <ele>0</ele>
                        <time>2022-08-18T22:02:55Z</time>
                                                <extensions>
                            <sog>0.0</sog>
<cog>131.2</cog>
                        </extensions>
                    </trkpt>
                    <trkpt lat="54.36590833333333" lon="10.140641666666665">
                        <ele>0</ele>
                        <time>2022-08-18T22:03:05Z</time>
                                                <extensions>
                            <sog>0.0</sog>
<cog>147.7</cog>
                        </extensions>
                    </trkpt>
                    <trkpt lat="54.36590833333333" lon="10.140641666666665">
                        <ele>0</ele>
                        <time>2022-08-18T22:03:14Z</time>
                                                <extensions>
                            <sog>0.0</sog>
<cog>151.3</cog>
                        </extensions>
                    </trkpt>
                    <trkpt lat="54.36590833333333" lon="10.140641666666665">
                        <ele>0</ele>
                        <time>2022-08-18T22:03:25Z</time>
                                                <extensions>
                            <sog>0.0</sog>
<cog>155.3</cog>
                        </extensions>
                    </trkpt>
                    <trkpt lat="54.36590833333333" lon="10.140641666666665">
                        <ele>0</ele>
                        <time>2022-08-18T22:03:35Z</time>
                                                <extensions>
                            <sog>0.0</sog>
<cog>143.2</cog>
                        </extensions>
                    </trkpt>
                    <trkpt lat="54.36590833333333" lon="10.140641666666665">
                        <ele>0</ele>
                        <time>2022-08-18T22:03:44Z</time>
                                                <extensions>
                            <sog>0.0</sog>
<cog>147.0</cog>
                        </extensions>
                    </trkpt>
                    <trkpt lat="54.36590833333333" lon="10.140641666666665">
                        <ele>0</ele>
                        <time>2022-08-18T22:03:55Z</time>
                                                <extensions>
                            <sog>0.0</sog>
<cog>134.7</cog>
                        </extensions>
                    </trkpt>
                    <trkpt lat="54.36590833333333" lon="10.140641666666665">
                        <ele>0</ele>
                        <time>2022-08-18T22:04:14Z</time>
                                                <extensions>
                            <sog>0.0</sog>
<cog>111.1</cog>
                        </extensions>
                    </trkpt>
                    <trkpt lat="54.36590833333333" lon="10.140641666666665">
                        <ele>0</ele>
                        <time>2022-08-18T22:04:25Z</time>
                                                <extensions>
                            <sog>0.0</sog>
<cog>120.3</cog>
                        </extensions>
                    </trkpt>
                    <trkpt lat="54.36590833333333" lon="10.140641666666665">
                        <ele>0</ele>
                        <time>2022-08-18T22:04:35Z</time>
                                                <extensions>
                            <sog>0.0</sog>
<cog>124.1</cog>
                        </extensions>
                    </trkpt>
                    <trkpt lat="54.36590833333333" lon="10.140645000000001">
                        <ele>0</ele>
                        <time>2022-08-18T22:04:44Z</time>
                                                <extensions>
                            <sog>0.0</sog>
<cog>108.4</cog>
                        </extensions>
                    </trkpt>
                    <trkpt lat="54.36590833333333" lon="10.140645000000001">
                        <ele>0</ele>
                        <time>2022-08-18T22:04:54Z</time>
                                                <extensions>
                            <sog>0.0</sog>
<cog>117.1</cog>
                        </extensions>
                    </trkpt>
                    <trkpt lat="54.36590833333333" lon="10.140641666666665">
                        <ele>0</ele>
                        <time>2022-08-18T22:05:05Z</time>
                                                <extensions>
                            <sog>0.0</sog>
<cog>122.8</cog>
                        </extensions>
                    </trkpt>
                    <trkpt lat="54.36590833333333" lon="10.140641666666665">
                        <ele>0</ele>
                        <time>2022-08-18T22:05:14Z</time>
                                                <extensions>
                            <sog>0.0</sog>
<cog>133.4</cog>
                        </extensions>
                    </trkpt>
                    <trkpt lat="54.36590833333333" lon="10.140645000000001">
                        <ele>0</ele>
                        <time>2022-08-18T22:05:35Z</time>
                                                <extensions>
                            <sog>0.0</sog>
<cog>128.0</cog>
                        </extensions>
                    </trkpt>
                    <trkpt lat="54.36590833333333" lon="10.140645000000001">
                        <ele>0</ele>
                        <time>2022-08-18T22:05:44Z</time>
                                                <extensions>
                            <sog>0.0</sog>
<cog>115.3</cog>
                        </extensions>
                    </trkpt>
                    <trkpt lat="54.36590833333333" lon="10.140641666666665">
                        <ele>0</ele>
                        <time>2022-08-18T22:05:54Z</time>
                                                <extensions>
                            <sog>0.0</sog>
<cog>117.8</cog>
                        </extensions>
                    </trkpt>
                    <trkpt lat="54.36590833333333" lon="10.140641666666665">
                        <ele>0</ele>
                        <time>2022-08-18T22:06:05Z</time>
                                                <extensions>
                            <sog>0.0</sog>
<cog>118.0</cog>
                        </extensions>
                    </trkpt>
                    <trkpt lat="54.36590833333333" lon="10.140641666666665">
                        <ele>0</ele>
                        <time>2022-08-18T22:06:14Z</time>
                                                <extensions>
                            <sog>0.0</sog>
<cog>122.5</cog>
                        </extensions>
                    </trkpt>
                    <trkpt lat="54.36591" lon="10.140641666666665">
                        <ele>0</ele>
                        <time>2022-08-18T22:06:25Z</time>
                                                <extensions>
                            <sog>0.0</sog>
<cog>120.7</cog>
                        </extensions>
                    </trkpt>
                    <trkpt lat="54.36591" lon="10.140641666666665">
                        <ele>0</ele>
                        <time>2022-08-18T22:06:35Z</time>
                                                <extensions>
                            <sog>0.0</sog>
<cog>106.5</cog>
                        </extensions>
                    </trkpt>
                    <trkpt lat="54.36591" lon="10.140641666666665">
                        <ele>0</ele>
                        <time>2022-08-18T22:06:44Z</time>
                                                <extensions>
                            <sog>0.0</sog>
<cog>116.6</cog>
                        </extensions>
                    </trkpt>
                    <trkpt lat="54.36591" lon="10.140641666666665">
                        <ele>0</ele>
                        <time>2022-08-18T22:06:54Z</time>
                                                <extensions>
                            <sog>0.0</sog>
<cog>122.6</cog>
                        </extensions>
                    </trkpt>
                    <trkpt lat="54.36591" lon="10.140641666666665">
                        <ele>0</ele>
                        <time>2022-08-18T22:07:05Z</time>
                                                <extensions>
                            <sog>0.0</sog>
<cog>131.0</cog>
                        </extensions>
                    </trkpt>
                    <trkpt lat="54.36591" lon="10.140641666666665">
                        <ele>0</ele>
                        <time>2022-08-18T22:07:14Z</time>
                                                <extensions>
                            <sog>0.0</sog>
<cog>138.7</cog>
                        </extensions>
                    </trkpt>
                    <trkpt lat="54.36590833333333" lon="10.140646666666667">
                        <ele>0</ele>
                        <time>2022-08-18T22:07:25Z</time>
                                                <extensions>
                            <sog>0.0</sog>
<cog>121.8</cog>
                        </extensions>
                    </trkpt>
                    <trkpt lat="54.36590666666667" lon="10.140653333333335">
                        <ele>0</ele>
                        <time>2022-08-18T22:07:35Z</time>
                                                <extensions>
                            <sog>0.0</sog>
<cog>106.9</cog>
                        </extensions>
                    </trkpt>
                    <trkpt lat="54.365905" lon="10.140666666666668">
                        <ele>0</ele>
                        <time>2022-08-18T22:07:44Z</time>
                                                <extensions>
                            <sog>0.1</sog>
<cog>105.8</cog>
                        </extensions>
                    </trkpt>
                    <trkpt lat="54.365901666666666" lon="10.140688333333333">
                        <ele>0</ele>
                        <time>2022-08-18T22:07:54Z</time>
                                                <extensions>
                            <sog>0.2</sog>
<cog>104.1</cog>
                        </extensions>
                    </trkpt>
                    <trkpt lat="54.365896666666664" lon="10.140725">
                        <ele>0</ele>
                        <time>2022-08-18T22:08:05Z</time>
                                                <extensions>
                            <sog>0.4</sog>
<cog>103.9</cog>
                        </extensions>
                    </trkpt>
                    <trkpt lat="54.36589" lon="10.140766666666668">
                        <ele>0</ele>
                        <time>2022-08-18T22:08:14Z</time>
                                                <extensions>
                            <sog>0.5</sog>
<cog>104.0</cog>
                        </extensions>
                    </trkpt>
                    <trkpt lat="54.365881666666674" lon="10.140826666666667">
                        <ele>0</ele>
                        <time>2022-08-18T22:08:25Z</time>
                                                <extensions>
                            <sog>0.7</sog>
<cog>103.8</cog>
                        </extensions>
                    </trkpt>
                    <trkpt lat="54.36587" lon="10.140898333333332">
                        <ele>0</ele>
                        <time>2022-08-18T22:08:35Z</time>
                                                <extensions>
                            <sog>0.9</sog>
<cog>104.0</cog>
                        </extensions>
                    </trkpt>
                    <trkpt lat="54.365856666666666" lon="10.140993333333334">
                        <ele>0</ele>
                        <time>2022-08-18T22:08:44Z</time>
                                                <extensions>
                            <sog>1.1</sog>
<cog>104.9</cog>
                        </extensions>
                    </trkpt>
                    <trkpt lat="54.365835" lon="10.14112">
                        <ele>0</ele>
                        <time>2022-08-18T22:08:55Z</time>
                                                <extensions>
                            <sog>1.4</sog>
<cog>106.2</cog>
                        </extensions>
                    </trkpt>
                    <trkpt lat="54.365811666666666" lon="10.141238333333332">
                        <ele>0</ele>
                        <time>2022-08-18T22:09:05Z</time>
                                                <extensions>
                            <sog>1.7</sog>
<cog>107.8</cog>
                        </extensions>
                    </trkpt>
                    <trkpt lat="54.36578166666666" lon="10.141393333333333">
                        <ele>0</ele>
                        <time>2022-08-18T22:09:15Z</time>
                                                <extensions>
                            <sog>1.9</sog>
<cog>107.6</cog>
                        </extensions>
                    </trkpt>
                    <trkpt lat="54.365750000000006" lon="10.141563333333332">
                        <ele>0</ele>
                        <time>2022-08-18T22:09:25Z</time>
                                                <extensions>
                            <sog>2.2</sog>
<cog>108.0</cog>
                        </extensions>
                    </trkpt>
                    <trkpt lat="54.365718333333334" lon="10.141756666666668">
                        <ele>0</ele>
                        <time>2022-08-18T22:09:35Z</time>
                                                <extensions>
                            <sog>2.4</sog>
<cog>106.1</cog>
                        </extensions>
                    </trkpt>
                    <trkpt lat="54.36568166666667" lon="10.141966666666667">
                        <ele>0</ele>
                        <time>2022-08-18T22:09:44Z</time>
                                                <extensions>
                            <sog>2.7</sog>
<cog>106.0</cog>
                        </extensions>
                    </trkpt>
                    <trkpt lat="54.36564166666667" lon="10.142211666666666">
                        <ele>0</ele>
                        <time>2022-08-18T22:09:55Z</time>
                                                <extensions>
                            <sog>2.9</sog>
<cog>106.0</cog>
                        </extensions>
                    </trkpt>
                    <trkpt lat="54.365606666666665" lon="10.142433333333335">
                        <ele>0</ele>
                        <time>2022-08-18T22:10:05Z</time>
                                                <extensions>
                            <sog>3.1</sog>
<cog>105.1</cog>
                        </extensions>
                    </trkpt>
                    <trkpt lat="54.365568333333336" lon="10.142691666666668">
                        <ele>0</ele>
                        <time>2022-08-18T22:10:15Z</time>
                                                <extensions>
                            <sog>3.3</sog>
<cog>104.4</cog>
                        </extensions>
                    </trkpt>
                    <trkpt lat="54.36552833333334" lon="10.142963333333334">
                        <ele>0</ele>
                        <time>2022-08-18T22:10:25Z</time>
                                                <extensions>
                            <sog>3.5</sog>
<cog>104.6</cog>
                        </extensions>
                    </trkpt>
                    <trkpt lat="54.36548166666667" lon="10.143246666666666">
                        <ele>0</ele>
                        <time>2022-08-18T22:10:35Z</time>
                                                <extensions>
                            <sog>3.6</sog>
<cog>105.9</cog>
                        </extensions>
                    </trkpt>
                    <trkpt lat="54.365424999999995" lon="10.14354">
                        <ele>0</ele>
                        <time>2022-08-18T22:10:44Z</time>
                                                <extensions>
                            <sog>3.8</sog>
<cog>107.5</cog>
                        </extensions>
                    </trkpt>
                    <trkpt lat="54.365361666666665" lon="10.14388">
                        <ele>0</ele>
                        <time>2022-08-18T22:10:55Z</time>
                                                <extensions>
                            <sog>4.0</sog>
<cog>107.2</cog>
                        </extensions>
                    </trkpt>
                    <trkpt lat="54.36531166666667" lon="10.144173333333333">
                        <ele>0</ele>
                        <time>2022-08-18T22:11:05Z</time>
                                                <extensions>
                            <sog>4.2</sog>
<cog>106.4</cog>
                        </extensions>
                    </trkpt>
                    <trkpt lat="54.36525666666667" lon="10.144513333333332">
                        <ele>0</ele>
                        <time>2022-08-18T22:11:15Z</time>
                                                <extensions>
                            <sog>4.4</sog>
<cog>105.9</cog>
                        </extensions>
                    </trkpt>
                    <trkpt lat="54.36519833333333" lon="10.144866666666667">
                        <ele>0</ele>
                        <time>2022-08-18T22:11:25Z</time>
                                                <extensions>
                            <sog>4.6</sog>
<cog>105.9</cog>
                        </extensions>
                    </trkpt>
                    <trkpt lat="54.36512833333334" lon="10.145271666666668">
                        <ele>0</ele>
                        <time>2022-08-18T22:11:35Z</time>
                                                <extensions>
                            <sog>4.8</sog>
<cog>106.0</cog>
                        </extensions>
                    </trkpt>
                    <trkpt lat="54.365069999999996" lon="10.145623333333333">
                        <ele>0</ele>
                        <time>2022-08-18T22:11:44Z</time>
                                                <extensions>
                            <sog>5.0</sog>
<cog>106.0</cog>
                        </extensions>
                    </trkpt>
                    <trkpt lat="54.364995" lon="10.146083333333333">
                        <ele>0</ele>
                        <time>2022-08-18T22:11:55Z</time>
                                                <extensions>
                            <sog>5.4</sog>
<cog>105.6</cog>
                        </extensions>
                    </trkpt>
                    <trkpt lat="54.36492833333333" lon="10.146476666666667">
                        <ele>0</ele>
                        <time>2022-08-18T22:12:05Z</time>
                                                <extensions>
                            <sog>5.7</sog>
<cog>105.8</cog>
                        </extensions>
                    </trkpt>
                    <trkpt lat="54.364855" lon="10.14694">
                        <ele>0</ele>
                        <time>2022-08-18T22:12:15Z</time>
                                                <extensions>
                            <sog>6.0</sog>
<cog>105.6</cog>
                        </extensions>
                    </trkpt>
                    <trkpt lat="54.364775" lon="10.14742">
                        <ele>0</ele>
                        <time>2022-08-18T22:12:25Z</time>
                                                <extensions>
                            <sog>6.2</sog>
<cog>105.8</cog>
                        </extensions>
                    </trkpt>
                    <trkpt lat="54.36469" lon="10.147978333333333">
                        <ele>0</ele>
                        <time>2022-08-18T22:12:35Z</time>
                                                <extensions>
                            <sog>6.5</sog>
<cog>104.8</cog>
                        </extensions>
                    </trkpt>
                    <trkpt lat="54.364623333333334" lon="10.148451666666666">
                        <ele>0</ele>
                        <time>2022-08-18T22:12:45Z</time>
                                                <extensions>
                            <sog>6.7</sog>
<cog>103.7</cog>
                        </extensions>
                    </trkpt>
                    <trkpt lat="54.364540000000005" lon="10.149049999999999">
                        <ele>0</ele>
                        <time>2022-08-18T22:12:55Z</time>
                                                <extensions>
                            <sog>7.0</sog>
<cog>103.6</cog>
                        </extensions>
                    </trkpt>
                    <trkpt lat="54.36447" lon="10.149555">
                        <ele>0</ele>
                        <time>2022-08-18T22:13:05Z</time>
                                                <extensions>
                            <sog>7.2</sog>
<cog>103.3</cog>
                        </extensions>
                    </trkpt>
                    <trkpt lat="54.364394999999995" lon="10.150129999999999">
                        <ele>0</ele>
                        <time>2022-08-18T22:13:15Z</time>
                                                <extensions>
                            <sog>7.4</sog>
<cog>102.5</cog>
                        </extensions>
                    </trkpt>
                    <trkpt lat="54.364335" lon="10.150723333333334">
                        <ele>0</ele>
                        <time>2022-08-18T22:13:25Z</time>
                                                <extensions>
                            <sog>7.5</sog>
<cog>100.3</cog>
                        </extensions>
                    </trkpt>
                    <trkpt lat="54.36427666666667" lon="10.151391666666665">
                        <ele>0</ele>
                        <time>2022-08-18T22:13:35Z</time>
                                                <extensions>
                            <sog>7.7</sog>
<cog>99.0</cog>
                        </extensions>
                    </trkpt>
                    <trkpt lat="54.364225000000005" lon="10.151948333333333">
                        <ele>0</ele>
                        <time>2022-08-18T22:13:45Z</time>
                                                <extensions>
                            <sog>7.8</sog>
<cog>98.8</cog>
                        </extensions>
                    </trkpt>
                    <trkpt lat="54.364165" lon="10.152643333333334">
                        <ele>0</ele>
                        <time>2022-08-18T22:13:55Z</time>
                                                <extensions>
                            <sog>8.0</sog>
<cog>98.3</cog>
                        </extensions>
                    </trkpt>
                    <trkpt lat="54.36407833333333" lon="10.153873333333333">
                        <ele>0</ele>
                        <time>2022-08-18T22:14:15Z</time>
                                                <extensions>
                            <sog>8.2</sog>
<cog>96.7</cog>
                        </extensions>
                    </trkpt>
                    <trkpt lat="54.364043333333335" lon="10.154535000000001">
                        <ele>0</ele>
                        <time>2022-08-18T22:14:25Z</time>
                                                <extensions>
                            <sog>8.3</sog>
<cog>95.4</cog>
                        </extensions>
                    </trkpt>
                    <trkpt lat="54.364021666666666" lon="10.155275">
                        <ele>0</ele>
                        <time>2022-08-18T22:14:35Z</time>
                                                <extensions>
                            <sog>8.4</sog>
<cog>93.0</cog>
                        </extensions>
                    </trkpt>
                    <trkpt lat="54.364016666666664" lon="10.155886666666667">
                        <ele>0</ele>
                        <time>2022-08-18T22:14:45Z</time>
                                                <extensions>
                            <sog>8.5</sog>
<cog>91.3</cog>
                        </extensions>
                    </trkpt>
                    <trkpt lat="54.36401166666667" lon="10.156643333333333">
                        <ele>0</ele>
                        <time>2022-08-18T22:14:55Z</time>
                                                <extensions>
                            <sog>8.6</sog>
<cog>90.6</cog>
                        </extensions>
                    </trkpt>
                    <trkpt lat="54.36401166666667" lon="10.157273333333334">
                        <ele>0</ele>
                        <time>2022-08-18T22:15:05Z</time>
                                                <extensions>
                            <sog>8.8</sog>
<cog>90.1</cog>
                        </extensions>
                    </trkpt>
                    <trkpt lat="54.364015" lon="10.157985">
                        <ele>0</ele>
                        <time>2022-08-18T22:15:15Z</time>
                                                <extensions>
                            <sog>8.9</sog>
<cog>89.6</cog>
                        </extensions>
                    </trkpt>
                    <trkpt lat="54.364018333333334" lon="10.15878">
                        <ele>0</ele>
                        <time>2022-08-18T22:15:26Z</time>
                                                <extensions>
                            <sog>9.1</sog>
<cog>89.5</cog>
                        </extensions>
                    </trkpt>
                    <trkpt lat="54.364016666666664" lon="10.159513333333333">
                        <ele>0</ele>
                        <time>2022-08-18T22:15:35Z</time>
                                                <extensions>
                            <sog>9.2</sog>
<cog>89.9</cog>
                        </extensions>
                    </trkpt>
                    <trkpt lat="54.36401333333333" lon="10.160181666666666">
                        <ele>0</ele>
                        <time>2022-08-18T22:15:45Z</time>
                                                <extensions>
                            <sog>9.3</sog>
<cog>90.4</cog>
                        </extensions>
                    </trkpt>
                    <trkpt lat="54.36400666666667" lon="10.160931666666666">
                        <ele>0</ele>
                        <time>2022-08-18T22:15:55Z</time>
                                                <extensions>
                            <sog>9.4</sog>
<cog>90.6</cog>
                        </extensions>
                    </trkpt>
                    <trkpt lat="54.36399666666667" lon="10.161686666666666">
                        <ele>0</ele>
                        <time>2022-08-18T22:16:05Z</time>
                                                <extensions>
                            <sog>9.5</sog>
<cog>91.2</cog>
                        </extensions>
                    </trkpt>
                    <trkpt lat="54.363976666666666" lon="10.162446666666666">
                        <ele>0</ele>
                        <time>2022-08-18T22:16:15Z</time>
                                                <extensions>
                            <sog>9.5</sog>
<cog>92.2</cog>
                        </extensions>
                    </trkpt>
                    <trkpt lat="54.363965" lon="10.163286666666666">
                        <ele>0</ele>
                        <time>2022-08-18T22:16:26Z</time>
                                                <extensions>
                            <sog>9.6</sog>
<cog>91.2</cog>
                        </extensions>
                    </trkpt>
                    <trkpt lat="54.36396833333333" lon="10.163748333333332">
                        <ele>0</ele>
                        <time>2022-08-18T22:16:32Z</time>
                                                <extensions>
                            <sog>9.6</sog>
<cog>90.0</cog>
                        </extensions>
                    </trkpt>
                    <trkpt lat="54.363973333333334" lon="10.16398">
                        <ele>0</ele>
                        <time>2022-08-18T22:16:35Z</time>
                                                <extensions>
                            <sog>9.7</sog>
<cog>89.1</cog>
                        </extensions>
                    </trkpt>
                    <trkpt lat="54.36398666666666" lon="10.164286666666667">
                        <ele>0</ele>
                        <time>2022-08-18T22:16:38Z</time>
                                                <extensions>
                            <sog>9.7</sog>
<cog>88.0</cog>
                        </extensions>
                    </trkpt>
                    <trkpt lat="54.364000000000004" lon="10.164516666666666">
                        <ele>0</ele>
                        <time>2022-08-18T22:16:41Z</time>
                                                <extensions>
                            <sog>9.7</sog>
<cog>86.5</cog>
                        </extensions>
                    </trkpt>
                    <trkpt lat="54.364016666666664" lon="10.164743333333332">
                        <ele>0</ele>
                        <time>2022-08-18T22:16:45Z</time>
                                                <extensions>
                            <sog>9.7</sog>
<cog>85.2</cog>
                        </extensions>
                    </trkpt>
                    <trkpt lat="54.36403666666667" lon="10.164975">
                        <ele>0</ele>
                        <time>2022-08-18T22:16:48Z</time>
                                                <extensions>
                            <sog>9.7</sog>
<cog>84.0</cog>
                        </extensions>
                    </trkpt>
                    <trkpt lat="54.364065" lon="10.165278333333333">
                        <ele>0</ele>
                        <time>2022-08-18T22:16:52Z</time>
                                                <extensions>
                            <sog>9.7</sog>
<cog>82.5</cog>
                        </extensions>
                    </trkpt>
                    <trkpt lat="54.364090000000004" lon="10.165505">
                        <ele>0</ele>
                        <time>2022-08-18T22:16:55Z</time>
                                                <extensions>
                            <sog>9.7</sog>
<cog>81.3</cog>
                        </extensions>
                    </trkpt>
                    <trkpt lat="54.36412666666667" lon="10.165805">
                        <ele>0</ele>
                        <time>2022-08-18T22:16:58Z</time>
                                                <extensions>
                            <sog>9.7</sog>
<cog>79.7</cog>
                        </extensions>
                    </trkpt>
                    <trkpt lat="54.36416166666667" lon="10.166026666666665">
                        <ele>0</ele>
                        <time>2022-08-18T22:17:02Z</time>
                                                <extensions>
                            <sog>9.7</sog>
<cog>78.4</cog>
                        </extensions>
                    </trkpt>
                    <trkpt lat="54.364255" lon="10.16654">
                        <ele>0</ele>
                        <time>2022-08-18T22:17:08Z</time>
                                                <extensions>
                            <sog>9.6</sog>
<cog>74.5</cog>
                        </extensions>
                    </trkpt>
                    <trkpt lat="54.36430333333333" lon="10.166755">
                        <ele>0</ele>
                        <time>2022-08-18T22:17:12Z</time>
                                                <extensions>
                            <sog>9.6</sog>
<cog>72.5</cog>
                        </extensions>
                    </trkpt>
                    <trkpt lat="54.364355" lon="10.166968333333333">
                        <ele>0</ele>
                        <time>2022-08-18T22:17:15Z</time>
                                                <extensions>
                            <sog>9.6</sog>
<cog>70.8</cog>
                        </extensions>
                    </trkpt>
                    <trkpt lat="54.36442666666667" lon="10.167248333333333">
                        <ele>0</ele>
                        <time>2022-08-18T22:17:19Z</time>
                                                <extensions>
                            <sog>9.6</sog>
<cog>68.8</cog>
                        </extensions>
                    </trkpt>
                    <trkpt lat="54.36448333333333" lon="10.167458333333334">
                        <ele>0</ele>
                        <time>2022-08-18T22:17:22Z</time>
                                                <extensions>
                            <sog>9.6</sog>
<cog>67.5</cog>
                        </extensions>
                    </trkpt>
                    <trkpt lat="54.36456" lon="10.167736666666666">
                        <ele>0</ele>
                        <time>2022-08-18T22:17:26Z</time>
                                                <extensions>
                            <sog>9.7</sog>
<cog>66.3</cog>
                        </extensions>
                    </trkpt>
                    <trkpt lat="54.36459833333333" lon="10.167876666666666">
                        <ele>0</ele>
                        <time>2022-08-18T22:17:28Z</time>
                                                <extensions>
                            <sog>9.7</sog>
<cog>65.9</cog>
                        </extensions>
                    </trkpt>
                    <trkpt lat="54.364675000000005" lon="10.168155">
                        <ele>0</ele>
                        <time>2022-08-18T22:17:31Z</time>
                                                <extensions>
                            <sog>9.7</sog>
<cog>65.4</cog>
                        </extensions>
                    </trkpt>
                    <trkpt lat="54.364733333333334" lon="10.168365">
                        <ele>0</ele>
                        <time>2022-08-18T22:17:35Z</time>
                                                <extensions>
                            <sog>9.7</sog>
<cog>65.0</cog>
                        </extensions>
                    </trkpt>
                    <trkpt lat="54.36479166666666" lon="10.168575">
                        <ele>0</ele>
                        <time>2022-08-18T22:17:38Z</time>
                                                <extensions>
                            <sog>9.7</sog>
<cog>64.8</cog>
                        </extensions>
                    </trkpt>
                    <trkpt lat="54.364871666666666" lon="10.168856666666667">
                        <ele>0</ele>
                        <time>2022-08-18T22:17:42Z</time>
                                                <extensions>
                            <sog>9.8</sog>
<cog>64.5</cog>
                        </extensions>
                    </trkpt>
                    <trkpt lat="54.36493166666666" lon="10.169066666666668">
                        <ele>0</ele>
                        <time>2022-08-18T22:17:45Z</time>
                                                <extensions>
                            <sog>9.8</sog>
<cog>64.4</cog>
                        </extensions>
                    </trkpt>
                    <trkpt lat="54.36513166666667" lon="10.169771666666666">
                        <ele>0</ele>
                        <time>2022-08-18T22:17:55Z</time>
                                                <extensions>
                            <sog>9.8</sog>
<cog>64.1</cog>
                        </extensions>
                    </trkpt>
                    <trkpt lat="54.36532833333333" lon="10.170485000000001">
                        <ele>0</ele>
                        <time>2022-08-18T22:18:05Z</time>
                                                <extensions>
                            <sog>9.9</sog>
<cog>64.5</cog>
                        </extensions>
                    </trkpt>
                    <trkpt lat="54.36550833333333" lon="10.171211666666666">
                        <ele>0</ele>
                        <time>2022-08-18T22:18:15Z</time>
                                                <extensions>
                            <sog>9.9</sog>
<cog>66.6</cog>
                        </extensions>
                    </trkpt>
                    <trkpt lat="54.365703333333336" lon="10.172013333333332">
                        <ele>0</ele>
                        <time>2022-08-18T22:18:26Z</time>
                                                <extensions>
                            <sog>9.9</sog>
<cog>66.9</cog>
                        </extensions>
                    </trkpt>
                    <trkpt lat="54.36582" lon="10.172443333333332">
                        <ele>0</ele>
                        <time>2022-08-18T22:18:32Z</time>
                                                <extensions>
                            <sog>9.9</sog>
<cog>65.8</cog>
                        </extensions>
                    </trkpt>
                    <trkpt lat="54.365881666666674" lon="10.172654999999999">
                        <ele>0</ele>
                        <time>2022-08-18T22:18:35Z</time>
                                                <extensions>
                            <sog>9.9</sog>
<cog>64.9</cog>
                        </extensions>
                    </trkpt>
                    <trkpt lat="54.365946666666666" lon="10.172865">
                        <ele>0</ele>
                        <time>2022-08-18T22:18:38Z</time>
                                                <extensions>
                            <sog>9.9</sog>
<cog>63.9</cog>
                        </extensions>
                    </trkpt>
                    <trkpt lat="54.366038333333336" lon="10.173138333333332">
                        <ele>0</ele>
                        <time>2022-08-18T22:18:42Z</time>
                                                <extensions>
                            <sog>9.9</sog>
<cog>62.2</cog>
                        </extensions>
                    </trkpt>
                    <trkpt lat="54.366110000000006" lon="10.173338333333334">
                        <ele>0</ele>
                        <time>2022-08-18T22:18:45Z</time>
                                                <extensions>
                            <sog>9.9</sog>
<cog>60.8</cog>
                        </extensions>
                    </trkpt>
                    <trkpt lat="54.366186666666664" lon="10.173535">
                        <ele>0</ele>
                        <time>2022-08-18T22:18:48Z</time>
                                                <extensions>
                            <sog>9.9</sog>
<cog>59.3</cog>
                        </extensions>
                    </trkpt>
                    <trkpt lat="54.36629166666667" lon="10.17379">
                        <ele>0</ele>
                        <time>2022-08-18T22:18:52Z</time>
                                                <extensions>
                            <sog>9.8</sog>
<cog>57.1</cog>
                        </extensions>
                    </trkpt>
                    <trkpt lat="54.366375" lon="10.173975">
                        <ele>0</ele>
                        <time>2022-08-18T22:18:55Z</time>
                                                <extensions>
                            <sog>9.8</sog>
<cog>55.5</cog>
                        </extensions>
                    </trkpt>
                    <trkpt lat="54.36649" lon="10.174215">
                        <ele>0</ele>
                        <time>2022-08-18T22:18:58Z</time>
                                                <extensions>
                            <sog>9.8</sog>
<cog>53.2</cog>
                        </extensions>
                    </trkpt>
                    <trkpt lat="54.36658166666667" lon="10.174389999999999">
                        <ele>0</ele>
                        <time>2022-08-18T22:19:02Z</time>
                                                <extensions>
                            <sog>9.8</sog>
<cog>51.5</cog>
                        </extensions>
                    </trkpt>
                    <trkpt lat="54.36676833333333" lon="10.174725">
                        <ele>0</ele>
                        <time>2022-08-18T22:19:08Z</time>
                                                <extensions>
                            <sog>9.8</sog>
<cog>48.3</cog>
                        </extensions>
                    </trkpt>
                    <trkpt lat="54.3669" lon="10.17494">
                        <ele>0</ele>
                        <time>2022-08-18T22:19:12Z</time>
                                                <extensions>
                            <sog>9.7</sog>
<cog>46.2</cog>
                        </extensions>
                    </trkpt>
                    <trkpt lat="54.367035" lon="10.175144999999999">
                        <ele>0</ele>
                        <time>2022-08-18T22:19:15Z</time>
                                                <extensions>
                            <sog>9.7</sog>
<cog>44.3</cog>
                        </extensions>
                    </trkpt>
                    <trkpt lat="54.36710166666667" lon="10.175246666666668">
                        <ele>0</ele>
                        <time>2022-08-18T22:19:18Z</time>
                                                <extensions>
                            <sog>9.7</sog>
<cog>43.3</cog>
                        </extensions>
                    </trkpt>
                    <trkpt lat="54.367245000000004" lon="10.175441666666668">
                        <ele>0</ele>
                        <time>2022-08-18T22:19:22Z</time>
                                                <extensions>
                            <sog>9.7</sog>
<cog>41.4</cog>
                        </extensions>
                    </trkpt>
                    <trkpt lat="54.36746333333333" lon="10.175715">
                        <ele>0</ele>
                        <time>2022-08-18T22:19:28Z</time>
                                                <extensions>
                            <sog>9.7</sog>
<cog>38.1</cog>
                        </extensions>
                    </trkpt>
                    <trkpt lat="54.367615" lon="10.175883333333333">
                        <ele>0</ele>
                        <time>2022-08-18T22:19:32Z</time>
                                                <extensions>
                            <sog>9.7</sog>
<cog>35.8</cog>
                        </extensions>
                    </trkpt>
                    <trkpt lat="54.36773" lon="10.176006666666666">
                        <ele>0</ele>
                        <time>2022-08-18T22:19:35Z</time>
                                                <extensions>
                            <sog>9.7</sog>
<cog>34.4</cog>
                        </extensions>
                    </trkpt>
                    <trkpt lat="54.367885" lon="10.176166666666667">
                        <ele>0</ele>
                        <time>2022-08-18T22:19:39Z</time>
                                                <extensions>
                            <sog>9.7</sog>
<cog>33.0</cog>
                        </extensions>
                    </trkpt>
                    <trkpt lat="54.36800166666667" lon="10.176288333333334">
                        <ele>0</ele>
                        <time>2022-08-18T22:19:41Z</time>
                                                <extensions>
                            <sog>9.7</sog>
<cog>32.3</cog>
                        </extensions>
                    </trkpt>
                    <trkpt lat="54.36823666666667" lon="10.176526666666666">
                        <ele>0</ele>
                        <time>2022-08-18T22:19:48Z</time>
                                                <extensions>
                            <sog>9.8</sog>
<cog>31.3</cog>
                        </extensions>
                    </trkpt>
                    <trkpt lat="54.36839333333333" lon="10.176684999999999">
                        <ele>0</ele>
                        <time>2022-08-18T22:19:52Z</time>
                                                <extensions>
                            <sog>9.8</sog>
<cog>30.9</cog>
                        </extensions>
                    </trkpt>
                    <trkpt lat="54.36851333333333" lon="10.176803333333334">
                        <ele>0</ele>
                        <time>2022-08-18T22:19:55Z</time>
                                                <extensions>
                            <sog>9.8</sog>
<cog>30.5</cog>
                        </extensions>
                    </trkpt>
                    <trkpt lat="54.36879166666667" lon="10.177073333333334">
                        <ele>0</ele>
                        <time>2022-08-18T22:20:02Z</time>
                                                <extensions>
                            <sog>9.9</sog>
<cog>29.7</cog>
                        </extensions>
                    </trkpt>
                    <trkpt lat="54.368915" lon="10.177188333333334">
                        <ele>0</ele>
                        <time>2022-08-18T22:20:05Z</time>
                                                <extensions>
                            <sog>9.9</sog>
<cog>29.4</cog>
                        </extensions>
                    </trkpt>
                    <trkpt lat="54.36936" lon="10.17761">
                        <ele>0</ele>
                        <time>2022-08-18T22:20:15Z</time>
                                                <extensions>
                            <sog>10.0</sog>
<cog>29.0</cog>
                        </extensions>
                    </trkpt>
                    <trkpt lat="54.369765" lon="10.178003333333333">
                        <ele>0</ele>
                        <time>2022-08-18T22:20:26Z</time>
                                                <extensions>
                            <sog>10.0</sog>
<cog>29.5</cog>
                        </extensions>
                    </trkpt>
                    <trkpt lat="54.37012666666667" lon="10.178368333333333">
                        <ele>0</ele>
                        <time>2022-08-18T22:20:35Z</time>
                                                <extensions>
                            <sog>10.0</sog>
<cog>30.2</cog>
                        </extensions>
                    </trkpt>
                    <trkpt lat="54.37052666666667" lon="10.178781666666668">
                        <ele>0</ele>
                        <time>2022-08-18T22:20:45Z</time>
                                                <extensions>
                            <sog>10.1</sog>
<cog>30.9</cog>
                        </extensions>
                    </trkpt>
                    <trkpt lat="54.37092833333334" lon="10.179203333333334">
                        <ele>0</ele>
                        <time>2022-08-18T22:20:55Z</time>
                                                <extensions>
                            <sog>10.1</sog>
<cog>31.4</cog>
                        </extensions>
                    </trkpt>
                    <trkpt lat="54.37132833333333" lon="10.179628333333334">
                        <ele>0</ele>
                        <time>2022-08-18T22:21:05Z</time>
                                                <extensions>
                            <sog>10.1</sog>
<cog>31.7</cog>
                        </extensions>
                    </trkpt>
                    <trkpt lat="54.37177166666667" lon="10.180096666666666">
                        <ele>0</ele>
                        <time>2022-08-18T22:21:15Z</time>
                                                <extensions>
                            <sog>10.2</sog>
<cog>31.7</cog>
                        </extensions>
                    </trkpt>
                    <trkpt lat="54.372175" lon="10.18052">
                        <ele>0</ele>
                        <time>2022-08-18T22:21:26Z</time>
                                                <extensions>
                            <sog>10.2</sog>
<cog>31.3</cog>
                        </extensions>
                    </trkpt>
                    <trkpt lat="54.372544999999995" lon="10.180896666666666">
                        <ele>0</ele>
                        <time>2022-08-18T22:21:35Z</time>
                                                <extensions>
                            <sog>10.3</sog>
<cog>30.8</cog>
                        </extensions>
                    </trkpt>
                    <trkpt lat="54.37295666666667" lon="10.18131">
                        <ele>0</ele>
                        <time>2022-08-18T22:21:45Z</time>
                                                <extensions>
                            <sog>10.3</sog>
<cog>30.5</cog>
                        </extensions>
                    </trkpt>
                    <trkpt lat="54.37332833333333" lon="10.181681666666666">
                        <ele>0</ele>
                        <time>2022-08-18T22:21:54Z</time>
                                                <extensions>
                            <sog>10.3</sog>
<cog>30.3</cog>
                        </extensions>
                    </trkpt>
                    <trkpt lat="54.373785" lon="10.182134999999999">
                        <ele>0</ele>
                        <time>2022-08-18T22:22:05Z</time>
                                                <extensions>
                            <sog>10.3</sog>
<cog>30.1</cog>
                        </extensions>
                    </trkpt>
                    <trkpt lat="54.37424333333333" lon="10.182585">
                        <ele>0</ele>
                        <time>2022-08-18T22:22:15Z</time>
                                                <extensions>
                            <sog>10.4</sog>
<cog>29.7</cog>
                        </extensions>
                    </trkpt>
                    <trkpt lat="54.37466166666666" lon="10.182993333333334">
                        <ele>0</ele>
                        <time>2022-08-18T22:22:26Z</time>
                                                <extensions>
                            <sog>10.4</sog>
<cog>29.6</cog>
                        </extensions>
                    </trkpt>
                    <trkpt lat="54.37503166666667" lon="10.183378333333334">
                        <ele>0</ele>
                        <time>2022-08-18T22:22:35Z</time>
                                                <extensions>
                            <sog>10.4</sog>
<cog>30.9</cog>
                        </extensions>
                    </trkpt>
                    <trkpt lat="54.37543333333333" lon="10.183826666666667">
                        <ele>0</ele>
                        <time>2022-08-18T22:22:45Z</time>
                                                <extensions>
                            <sog>10.3</sog>
<cog>32.7</cog>
                        </extensions>
                    </trkpt>
                    <trkpt lat="54.37579166666667" lon="10.184241666666667">
                        <ele>0</ele>
                        <time>2022-08-18T22:22:54Z</time>
                                                <extensions>
                            <sog>10.3</sog>
<cog>33.7</cog>
                        </extensions>
                    </trkpt>
                    <trkpt lat="54.37622666666667" lon="10.184753333333333">
                        <ele>0</ele>
                        <time>2022-08-18T22:23:05Z</time>
                                                <extensions>
                            <sog>10.3</sog>
<cog>34.3</cog>
                        </extensions>
                    </trkpt>
                    <trkpt lat="54.37666333333333" lon="10.185266666666667">
                        <ele>0</ele>
                        <time>2022-08-18T22:23:15Z</time>
                                                <extensions>
                            <sog>10.4</sog>
<cog>34.4</cog>
                        </extensions>
                    </trkpt>
                    <trkpt lat="54.376981666666666" lon="10.185635">
                        <ele>0</ele>
                        <time>2022-08-18T22:23:24Z</time>
                                                <extensions>
                            <sog>10.4</sog>
<cog>34.1</cog>
                        </extensions>
                    </trkpt>
                    <trkpt lat="54.377425" lon="10.186135">
                        <ele>0</ele>
                        <time>2022-08-18T22:23:35Z</time>
                                                <extensions>
                            <sog>10.4</sog>
<cog>33.4</cog>
                        </extensions>
                    </trkpt>
                    <trkpt lat="54.377831666666665" lon="10.186581666666665">
                        <ele>0</ele>
                        <time>2022-08-18T22:23:45Z</time>
                                                <extensions>
                            <sog>10.4</sog>
<cog>32.7</cog>
                        </extensions>
                    </trkpt>
                    <trkpt lat="54.3782" lon="10.186978333333334">
                        <ele>0</ele>
                        <time>2022-08-18T22:23:54Z</time>
                                                <extensions>
                            <sog>10.4</sog>
<cog>32.2</cog>
                        </extensions>
                    </trkpt>
                    <trkpt lat="54.37865333333333" lon="10.187456666666666">
                        <ele>0</ele>
                        <time>2022-08-18T22:24:05Z</time>
                                                <extensions>
                            <sog>10.4</sog>
<cog>31.8</cog>
                        </extensions>
                    </trkpt>
                    <trkpt lat="54.379106666666665" lon="10.187943333333333">
                        <ele>0</ele>
                        <time>2022-08-18T22:24:15Z</time>
                                                <extensions>
                            <sog>10.4</sog>
<cog>31.9</cog>
                        </extensions>
                    </trkpt>
                    <trkpt lat="54.379434999999994" lon="10.188296666666668">
                        <ele>0</ele>
                        <time>2022-08-18T22:24:24Z</time>
                                                <extensions>
                            <sog>10.4</sog>
<cog>32.1</cog>
                        </extensions>
                    </trkpt>
                    <trkpt lat="54.37988333333333" lon="10.188788333333333">
                        <ele>0</ele>
                        <time>2022-08-18T22:24:34Z</time>
                                                <extensions>
                            <sog>10.4</sog>
<cog>32.4</cog>
                        </extensions>
                    </trkpt>
                    <trkpt lat="54.38029166666667" lon="10.189238333333332">
                        <ele>0</ele>
                        <time>2022-08-18T22:24:45Z</time>
                                                <extensions>
                            <sog>10.5</sog>
<cog>32.7</cog>
                        </extensions>
                    </trkpt>
                    <trkpt lat="54.38065666666667" lon="10.189646666666667">
                        <ele>0</ele>
                        <time>2022-08-18T22:24:54Z</time>
                                                <extensions>
                            <sog>10.5</sog>
<cog>32.9</cog>
                        </extensions>
                    </trkpt>
                    <trkpt lat="54.381103333333336" lon="10.190148333333333">
                        <ele>0</ele>
                        <time>2022-08-18T22:25:05Z</time>
                                                <extensions>
                            <sog>10.5</sog>
<cog>33.2</cog>
                        </extensions>
                    </trkpt>
                    <trkpt lat="54.38154833333333" lon="10.190651666666668">
                        <ele>0</ele>
                        <time>2022-08-18T22:25:15Z</time>
                                                <extensions>
                            <sog>10.5</sog>
<cog>33.4</cog>
                        </extensions>
                    </trkpt>
                    <trkpt lat="54.38187333333334" lon="10.19102">
                        <ele>0</ele>
                        <time>2022-08-18T22:25:24Z</time>
                                                <extensions>
                            <sog>10.5</sog>
<cog>33.4</cog>
                        </extensions>
                    </trkpt>
                    <trkpt lat="54.38231833333334" lon="10.191521666666667">
                        <ele>0</ele>
                        <time>2022-08-18T22:25:34Z</time>
                                                <extensions>
                            <sog>10.5</sog>
<cog>33.3</cog>
                        </extensions>
                    </trkpt>
                    <trkpt lat="54.382725" lon="10.191978333333333">
                        <ele>0</ele>
                        <time>2022-08-18T22:25:45Z</time>
                                                <extensions>
                            <sog>10.5</sog>
<cog>33.2</cog>
                        </extensions>
                    </trkpt>
                    <trkpt lat="54.38309" lon="10.192388333333334">
                        <ele>0</ele>
                        <time>2022-08-18T22:25:54Z</time>
                                                <extensions>
                            <sog>10.5</sog>
<cog>33.2</cog>
                        </extensions>
                    </trkpt>
                    <trkpt lat="54.383538333333334" lon="10.19289">
                        <ele>0</ele>
                        <time>2022-08-18T22:26:05Z</time>
                                                <extensions>
                            <sog>10.5</sog>
<cog>33.1</cog>
                        </extensions>
                    </trkpt>
                    <trkpt lat="54.383988333333335" lon="10.193388333333333">
                        <ele>0</ele>
                        <time>2022-08-18T22:26:16Z</time>
                                                <extensions>
                            <sog>10.5</sog>
<cog>32.9</cog>
                        </extensions>
                    </trkpt>
                    <trkpt lat="54.384315" lon="10.19375">
                        <ele>0</ele>
                        <time>2022-08-18T22:26:24Z</time>
                                                <extensions>
                            <sog>10.5</sog>
<cog>32.8</cog>
                        </extensions>
                    </trkpt>
                    <trkpt lat="54.384765" lon="10.194248333333332">
                        <ele>0</ele>
                        <time>2022-08-18T22:26:34Z</time>
                                                <extensions>
                            <sog>10.5</sog>
<cog>32.9</cog>
                        </extensions>
                    </trkpt>
                    <trkpt lat="54.385173333333334" lon="10.194705">
                        <ele>0</ele>
                        <time>2022-08-18T22:26:45Z</time>
                                                <extensions>
                            <sog>10.5</sog>
<cog>33.0</cog>
                        </extensions>
                    </trkpt>
                    <trkpt lat="54.38599" lon="10.195615">
                        <ele>0</ele>
                        <time>2022-08-18T22:27:05Z</time>
                                                <extensions>
                            <sog>10.5</sog>
<cog>32.9</cog>
                        </extensions>
                    </trkpt>
                    <trkpt lat="54.38644" lon="10.196114999999999">
                        <ele>0</ele>
                        <time>2022-08-18T22:27:16Z</time>
                                                <extensions>
                            <sog>10.5</sog>
<cog>32.9</cog>
                        </extensions>
                    </trkpt>
                    <trkpt lat="54.38676666666667" lon="10.196476666666666">
                        <ele>0</ele>
                        <time>2022-08-18T22:27:24Z</time>
                                                <extensions>
                            <sog>10.5</sog>
<cog>32.9</cog>
                        </extensions>
                    </trkpt>
                    <trkpt lat="54.38721666666667" lon="10.19698">
                        <ele>0</ele>
                        <time>2022-08-18T22:27:34Z</time>
                                                <extensions>
                            <sog>10.5</sog>
<cog>33.0</cog>
                        </extensions>
                    </trkpt>
                    <trkpt lat="54.387665" lon="10.197485">
                        <ele>0</ele>
                        <time>2022-08-18T22:27:46Z</time>
                                                <extensions>
                            <sog>10.5</sog>
<cog>33.2</cog>
                        </extensions>
                    </trkpt>
                    <trkpt lat="54.387989999999995" lon="10.197855">
                        <ele>0</ele>
                        <time>2022-08-18T22:27:54Z</time>
                                                <extensions>
                            <sog>10.5</sog>
<cog>33.4</cog>
                        </extensions>
                    </trkpt>
                    <trkpt lat="54.38843333333333" lon="10.198366666666667">
                        <ele>0</ele>
                        <time>2022-08-18T22:28:05Z</time>
                                                <extensions>
                            <sog>10.5</sog>
<cog>33.7</cog>
                        </extensions>
                    </trkpt>
                    <trkpt lat="54.38888" lon="10.198878333333333">
                        <ele>0</ele>
                        <time>2022-08-18T22:28:16Z</time>
                                                <extensions>
                            <sog>10.5</sog>
<cog>33.7</cog>
                        </extensions>
                    </trkpt>
                    <trkpt lat="54.389205" lon="10.199251666666667">
                        <ele>0</ele>
                        <time>2022-08-18T22:28:24Z</time>
                                                <extensions>
                            <sog>10.5</sog>
<cog>33.9</cog>
                        </extensions>
                    </trkpt>
                    <trkpt lat="54.38964333333333" lon="10.199773333333333">
                        <ele>0</ele>
                        <time>2022-08-18T22:28:34Z</time>
                                                <extensions>
                            <sog>10.5</sog>
<cog>34.4</cog>
                        </extensions>
                    </trkpt>
                    <trkpt lat="54.39009166666666" lon="10.200263333333334">
                        <ele>0</ele>
                        <time>2022-08-18T22:28:46Z</time>
                                                <extensions>
                            <sog>10.4</sog>
<cog>32.5</cog>
                        </extensions>
                    </trkpt>
                    <trkpt lat="54.39021666666667" lon="10.200386666666667">
                        <ele>0</ele>
                        <time>2022-08-18T22:28:48Z</time>
                                                <extensions>
                            <sog>10.4</sog>
<cog>31.5</cog>
                        </extensions>
                    </trkpt>
                    <trkpt lat="54.390343333333334" lon="10.200503333333334">
                        <ele>0</ele>
                        <time>2022-08-18T22:28:51Z</time>
                                                <extensions>
                            <sog>10.4</sog>
<cog>30.8</cog>
                        </extensions>
                    </trkpt>
                    <trkpt lat="54.39047166666667" lon="10.200613333333333">
                        <ele>0</ele>
                        <time>2022-08-18T22:28:55Z</time>
                                                <extensions>
                            <sog>10.4</sog>
<cog>29.1</cog>
                        </extensions>
                    </trkpt>
                    <trkpt lat="54.390645" lon="10.200751666666667">
                        <ele>0</ele>
                        <time>2022-08-18T22:28:58Z</time>
                                                <extensions>
                            <sog>10.3</sog>
<cog>27.2</cog>
                        </extensions>
                    </trkpt>
                    <trkpt lat="54.390775" lon="10.200848333333333">
                        <ele>0</ele>
                        <time>2022-08-18T22:29:02Z</time>
                                                <extensions>
                            <sog>10.3</sog>
<cog>25.7</cog>
                        </extensions>
                    </trkpt>
                    <trkpt lat="54.39090833333333" lon="10.200936666666667">
                        <ele>0</ele>
                        <time>2022-08-18T22:29:05Z</time>
                                                <extensions>
                            <sog>10.2</sog>
<cog>24.2</cog>
                        </extensions>
                    </trkpt>
                    <trkpt lat="54.391041666666666" lon="10.20102">
                        <ele>0</ele>
                        <time>2022-08-18T22:29:08Z</time>
                                                <extensions>
                            <sog>10.2</sog>
<cog>22.7</cog>
                        </extensions>
                    </trkpt>
                    <trkpt lat="54.39122166666667" lon="10.201116666666667">
                        <ele>0</ele>
                        <time>2022-08-18T22:29:12Z</time>
                                                <extensions>
                            <sog>10.2</sog>
<cog>20.4</cog>
                        </extensions>
                    </trkpt>
                    <trkpt lat="54.39140166666667" lon="10.2012">
                        <ele>0</ele>
                        <time>2022-08-18T22:29:16Z</time>
                                                <extensions>
                            <sog>10.1</sog>
<cog>18.0</cog>
                        </extensions>
                    </trkpt>
                    <trkpt lat="54.39153833333333" lon="10.201255">
                        <ele>0</ele>
                        <time>2022-08-18T22:29:18Z</time>
                                                <extensions>
                            <sog>10.1</sog>
<cog>16.3</cog>
                        </extensions>
                    </trkpt>
                    <trkpt lat="54.39167666666666" lon="10.201308333333333">
                        <ele>0</ele>
                        <time>2022-08-18T22:29:22Z</time>
                                                <extensions>
                            <sog>10.1</sog>
<cog>14.9</cog>
                        </extensions>
                    </trkpt>
                    <trkpt lat="54.39176833333333" lon="10.20134">
                        <ele>0</ele>
                        <time>2022-08-18T22:29:24Z</time>
                                                <extensions>
                            <sog>10.1</sog>
<cog>14.1</cog>
                        </extensions>
                    </trkpt>
                    <trkpt lat="54.391996666666664" lon="10.20142">
                        <ele>0</ele>
                        <time>2022-08-18T22:29:28Z</time>
                                                <extensions>
                            <sog>10.1</sog>
<cog>12.7</cog>
                        </extensions>
                    </trkpt>
                    <trkpt lat="54.39213666666667" lon="10.201466666666667">
                        <ele>0</ele>
                        <time>2022-08-18T22:29:31Z</time>
                                                <extensions>
                            <sog>10.1</sog>
<cog>12.1</cog>
                        </extensions>
                    </trkpt>
                    <trkpt lat="54.392275000000005" lon="10.201511666666667">
                        <ele>0</ele>
                        <time>2022-08-18T22:29:34Z</time>
                                                <extensions>
                            <sog>10.1</sog>
<cog>11.6</cog>
                        </extensions>
                    </trkpt>
                    <trkpt lat="54.39241333333334" lon="10.201556666666667">
                        <ele>0</ele>
                        <time>2022-08-18T22:29:38Z</time>
                                                <extensions>
                            <sog>10.1</sog>
<cog>11.3</cog>
                        </extensions>
                    </trkpt>
                    <trkpt lat="54.39259833333333" lon="10.201613333333334">
                        <ele>0</ele>
                        <time>2022-08-18T22:29:41Z</time>
                                                <extensions>
                            <sog>10.1</sog>
<cog>10.9</cog>
                        </extensions>
                    </trkpt>
                    <trkpt lat="54.392783333333334" lon="10.201666666666666">
                        <ele>0</ele>
                        <time>2022-08-18T22:29:46Z</time>
                                                <extensions>
                            <sog>10.1</sog>
<cog>10.2</cog>
                        </extensions>
                    </trkpt>
                    <trkpt lat="54.39320333333333" lon="10.201775">
                        <ele>0</ele>
                        <time>2022-08-18T22:29:55Z</time>
                                                <extensions>
                            <sog>10.2</sog>
<cog>8.8</cog>
                        </extensions>
                    </trkpt>
                    <trkpt lat="54.393675" lon="10.201883333333335">
                        <ele>0</ele>
                        <time>2022-08-18T22:30:05Z</time>
                                                <extensions>
                            <sog>10.2</sog>
<cog>7.9</cog>
                        </extensions>
                    </trkpt>
                    <trkpt lat="54.394615" lon="10.20213">
                        <ele>0</ele>
                        <time>2022-08-18T22:30:25Z</time>
                                                <extensions>
                            <sog>10.3</sog>
<cog>9.0</cog>
                        </extensions>
                    </trkpt>
                    <trkpt lat="54.39513" lon="10.202291666666667">
                        <ele>0</ele>
                        <time>2022-08-18T22:30:35Z</time>
                                                <extensions>
                            <sog>10.3</sog>
<cog>10.1</cog>
                        </extensions>
                    </trkpt>
                    <trkpt lat="54.39559833333333" lon="10.202453333333333">
                        <ele>0</ele>
                        <time>2022-08-18T22:30:46Z</time>
                                                <extensions>
                            <sog>10.3</sog>
<cog>11.1</cog>
                        </extensions>
                    </trkpt>
                    <trkpt lat="54.39648666666667" lon="10.202771666666667">
                        <ele>0</ele>
                        <time>2022-08-18T22:31:05Z</time>
                                                <extensions>
                            <sog>10.3</sog>
<cog>11.6</cog>
                        </extensions>
                    </trkpt>
                    <trkpt lat="54.39695666666667" lon="10.202935">
                        <ele>0</ele>
                        <time>2022-08-18T22:31:15Z</time>
                                                <extensions>
                            <sog>10.3</sog>
<cog>11.3</cog>
                        </extensions>
                    </trkpt>
                    <trkpt lat="54.39742833333333" lon="10.20309">
                        <ele>0</ele>
                        <time>2022-08-18T22:31:25Z</time>
                                                <extensions>
                            <sog>10.3</sog>
<cog>10.9</cog>
                        </extensions>
                    </trkpt>
                    <trkpt lat="54.39795" lon="10.203251666666667">
                        <ele>0</ele>
                        <time>2022-08-18T22:31:35Z</time>
                                                <extensions>
                            <sog>10.4</sog>
<cog>10.3</cog>
                        </extensions>
                    </trkpt>
                    <trkpt lat="54.398853333333335" lon="10.203523333333333">
                        <ele>0</ele>
                        <time>2022-08-18T22:31:55Z</time>
                                                <extensions>
                            <sog>10.4</sog>
<cog>9.9</cog>
                        </extensions>
                    </trkpt>
                    <trkpt lat="54.39980666666667" lon="10.203795000000001">
                        <ele>0</ele>
                        <time>2022-08-18T22:32:15Z</time>
                                                <extensions>
                            <sog>10.4</sog>
<cog>9.0</cog>
                        </extensions>
                    </trkpt>
                    <trkpt lat="54.400285000000004" lon="10.203918333333332">
                        <ele>0</ele>
                        <time>2022-08-18T22:32:25Z</time>
                                                <extensions>
                            <sog>10.4</sog>
<cog>8.7</cog>
                        </extensions>
                    </trkpt>
                    <trkpt lat="54.40080666666667" lon="10.204093333333333">
                        <ele>0</ele>
                        <time>2022-08-18T22:32:35Z</time>
                                                <extensions>
                            <sog>10.4</sog>
<cog>10.9</cog>
                        </extensions>
                    </trkpt>
                    <trkpt lat="54.40127" lon="10.204305">
                        <ele>0</ele>
                        <time>2022-08-18T22:32:46Z</time>
                                                <extensions>
                            <sog>10.3</sog>
<cog>14.1</cog>
                        </extensions>
                    </trkpt>
                    <trkpt lat="54.40168166666667" lon="10.204513333333333">
                        <ele>0</ele>
                        <time>2022-08-18T22:32:55Z</time>
                                                <extensions>
                            <sog>10.3</sog>
<cog>15.8</cog>
                        </extensions>
                    </trkpt>
                    <trkpt lat="54.40213833333333" lon="10.204755">
                        <ele>0</ele>
                        <time>2022-08-18T22:33:05Z</time>
                                                <extensions>
                            <sog>10.3</sog>
<cog>16.9</cog>
                        </extensions>
                    </trkpt>
                    <trkpt lat="54.402593333333336" lon="10.205008333333334">
                        <ele>0</ele>
                        <time>2022-08-18T22:33:15Z</time>
                                                <extensions>
                            <sog>10.3</sog>
<cog>17.7</cog>
                        </extensions>
                    </trkpt>
                    <trkpt lat="54.40304666666667" lon="10.205268333333333">
                        <ele>0</ele>
                        <time>2022-08-18T22:33:25Z</time>
                                                <extensions>
                            <sog>10.3</sog>
<cog>18.2</cog>
                        </extensions>
                    </trkpt>
                    <trkpt lat="54.40355" lon="10.205546666666667">
                        <ele>0</ele>
                        <time>2022-08-18T22:33:35Z</time>
                                                <extensions>
                            <sog>10.3</sog>
<cog>17.9</cog>
                        </extensions>
                    </trkpt>
                    <trkpt lat="54.40400833333333" lon="10.205788333333334">
                        <ele>0</ele>
                        <time>2022-08-18T22:33:46Z</time>
                                                <extensions>
                            <sog>10.3</sog>
<cog>17.1</cog>
                        </extensions>
                    </trkpt>
                    <trkpt lat="54.404424999999996" lon="10.205998333333334">
                        <ele>0</ele>
                        <time>2022-08-18T22:33:55Z</time>
                                                <extensions>
                            <sog>10.4</sog>
<cog>16.4</cog>
                        </extensions>
                    </trkpt>
                    <trkpt lat="54.40488833333333" lon="10.206221666666666">
                        <ele>0</ele>
                        <time>2022-08-18T22:34:05Z</time>
                                                <extensions>
                            <sog>10.4</sog>
<cog>15.9</cog>
                        </extensions>
                    </trkpt>
                    <trkpt lat="54.40535333333333" lon="10.206448333333332">
                        <ele>0</ele>
                        <time>2022-08-18T22:34:15Z</time>
                                                <extensions>
                            <sog>10.4</sog>
<cog>15.7</cog>
                        </extensions>
                    </trkpt>
                    <trkpt lat="54.40581666666667" lon="10.206676666666668">
                        <ele>0</ele>
                        <time>2022-08-18T22:34:25Z</time>
                                                <extensions>
                            <sog>10.4</sog>
<cog>15.9</cog>
                        </extensions>
                    </trkpt>
                    <trkpt lat="54.40628166666667" lon="10.206908333333333">
                        <ele>0</ele>
                        <time>2022-08-18T22:34:35Z</time>
                                                <extensions>
                            <sog>10.4</sog>
<cog>16.2</cog>
                        </extensions>
                    </trkpt>
                    <trkpt lat="54.40679" lon="10.207168333333334">
                        <ele>0</ele>
                        <time>2022-08-18T22:34:46Z</time>
                                                <extensions>
                            <sog>10.4</sog>
<cog>16.4</cog>
                        </extensions>
                    </trkpt>
                    <trkpt lat="54.407255" lon="10.207406666666666">
                        <ele>0</ele>
                        <time>2022-08-18T22:34:55Z</time>
                                                <extensions>
                            <sog>10.4</sog>
<cog>16.6</cog>
                        </extensions>
                    </trkpt>
                    <trkpt lat="54.40767166666667" lon="10.207623333333334">
                        <ele>0</ele>
                        <time>2022-08-18T22:35:05Z</time>
                                                <extensions>
                            <sog>10.4</sog>
<cog>16.8</cog>
                        </extensions>
                    </trkpt>
                    <trkpt lat="54.408135" lon="10.207870000000002">
                        <ele>0</ele>
                        <time>2022-08-18T22:35:15Z</time>
                                                <extensions>
                            <sog>10.4</sog>
<cog>17.2</cog>
                        </extensions>
                    </trkpt>
                    <trkpt lat="54.40859833333333" lon="10.208115">
                        <ele>0</ele>
                        <time>2022-08-18T22:35:25Z</time>
                                                <extensions>
                            <sog>10.4</sog>
<cog>17.0</cog>
                        </extensions>
                    </trkpt>
                    <trkpt lat="54.40906333333333" lon="10.208346666666667">
                        <ele>0</ele>
                        <time>2022-08-18T22:35:35Z</time>
                                                <extensions>
                            <sog>10.5</sog>
<cog>16.3</cog>
                        </extensions>
                    </trkpt>
                    <trkpt lat="54.409575000000004" lon="10.208616666666668">
                        <ele>0</ele>
                        <time>2022-08-18T22:35:46Z</time>
                                                <extensions>
                            <sog>10.5</sog>
<cog>17.1</cog>
                        </extensions>
                    </trkpt>
                    <trkpt lat="54.40985" lon="10.208778333333333">
                        <ele>0</ele>
                        <time>2022-08-18T22:35:52Z</time>
                                                <extensions>
                            <sog>10.4</sog>
<cog>18.2</cog>
                        </extensions>
                    </trkpt>
                    <trkpt lat="54.41003" lon="10.208896666666668">
                        <ele>0</ele>
                        <time>2022-08-18T22:35:55Z</time>
                                                <extensions>
                            <sog>10.4</sog>
<cog>19.4</cog>
                        </extensions>
                    </trkpt>
                    <trkpt lat="54.41011833333334" lon="10.20896">
                        <ele>0</ele>
                        <time>2022-08-18T22:35:58Z</time>
                                                <extensions>
                            <sog>10.4</sog>
<cog>20.1</cog>
                        </extensions>
                    </trkpt>
                    <trkpt lat="54.410293333333335" lon="10.209093333333334">
                        <ele>0</ele>
                        <time>2022-08-18T22:36:02Z</time>
                                                <extensions>
                            <sog>10.4</sog>
<cog>21.9</cog>
                        </extensions>
                    </trkpt>
                    <trkpt lat="54.41038" lon="10.209165">
                        <ele>0</ele>
                        <time>2022-08-18T22:36:04Z</time>
                                                <extensions>
                            <sog>10.3</sog>
<cog>22.9</cog>
                        </extensions>
                    </trkpt>
                    <trkpt lat="54.41058833333333" lon="10.209358333333334">
                        <ele>0</ele>
                        <time>2022-08-18T22:36:08Z</time>
                                                <extensions>
                            <sog>10.3</sog>
<cog>25.6</cog>
                        </extensions>
                    </trkpt>
                    <trkpt lat="54.410711666666664" lon="10.209475">
                        <ele>0</ele>
                        <time>2022-08-18T22:36:12Z</time>
                                                <extensions>
                            <sog>10.2</sog>
<cog>26.9</cog>
                        </extensions>
                    </trkpt>
                    <trkpt lat="54.410835" lon="10.209598333333334">
                        <ele>0</ele>
                        <time>2022-08-18T22:36:15Z</time>
                                                <extensions>
                            <sog>10.2</sog>
<cog>28.0</cog>
                        </extensions>
                    </trkpt>
                    <trkpt lat="54.41099666666666" lon="10.209761666666667">
                        <ele>0</ele>
                        <time>2022-08-18T22:36:18Z</time>
                                                <extensions>
                            <sog>10.2</sog>
<cog>29.1</cog>
                        </extensions>
                    </trkpt>
                    <trkpt lat="54.411118333333334" lon="10.209886666666668">
                        <ele>0</ele>
                        <time>2022-08-18T22:36:21Z</time>
                                                <extensions>
                            <sog>10.2</sog>
<cog>29.7</cog>
                        </extensions>
                    </trkpt>
                    <trkpt lat="54.41124" lon="10.210011666666666">
                        <ele>0</ele>
                        <time>2022-08-18T22:36:25Z</time>
                                                <extensions>
                            <sog>10.2</sog>
<cog>30.2</cog>
                        </extensions>
                    </trkpt>
                    <trkpt lat="54.41136166666667" lon="10.210138333333333">
                        <ele>0</ele>
                        <time>2022-08-18T22:36:28Z</time>
                                                <extensions>
                            <sog>10.2</sog>
<cog>30.5</cog>
                        </extensions>
                    </trkpt>
                    <trkpt lat="54.41164333333334" lon="10.210436666666668">
                        <ele>0</ele>
                        <time>2022-08-18T22:36:35Z</time>
                                                <extensions>
                            <sog>10.2</sog>
<cog>31.3</cog>
                        </extensions>
                    </trkpt>
                    <trkpt lat="54.412083333333335" lon="10.21091">
                        <ele>0</ele>
                        <time>2022-08-18T22:36:46Z</time>
                                                <extensions>
                            <sog>10.2</sog>
<cog>31.8</cog>
                        </extensions>
                    </trkpt>
                    <trkpt lat="54.412490000000005" lon="10.211331666666666">
                        <ele>0</ele>
                        <time>2022-08-18T22:36:55Z</time>
                                                <extensions>
                            <sog>10.2</sog>
<cog>31.3</cog>
                        </extensions>
                    </trkpt>
                    <trkpt lat="54.412818333333334" lon="10.211663333333332">
                        <ele>0</ele>
                        <time>2022-08-18T22:37:04Z</time>
                                                <extensions>
                            <sog>10.2</sog>
<cog>30.6</cog>
                        </extensions>
                    </trkpt>
                    <trkpt lat="54.413275" lon="10.212106666666667">
                        <ele>0</ele>
                        <time>2022-08-18T22:37:15Z</time>
                                                <extensions>
                            <sog>10.3</sog>
<cog>29.6</cog>
                        </extensions>
                    </trkpt>
                    <trkpt lat="54.413695" lon="10.212501666666666">
                        <ele>0</ele>
                        <time>2022-08-18T22:37:24Z</time>
                                                <extensions>
                            <sog>10.3</sog>
<cog>28.9</cog>
                        </extensions>
                    </trkpt>
                    <trkpt lat="54.414123333333336" lon="10.2129">
                        <ele>0</ele>
                        <time>2022-08-18T22:37:35Z</time>
                                                <extensions>
                            <sog>10.4</sog>
<cog>28.5</cog>
                        </extensions>
                    </trkpt>
                    <trkpt lat="54.414595" lon="10.213345">
                        <ele>0</ele>
                        <time>2022-08-18T22:37:46Z</time>
                                                <extensions>
                            <sog>10.6</sog>
<cog>28.8</cog>
                        </extensions>
                    </trkpt>
                    <trkpt lat="54.41502833333333" lon="10.213761666666667">
                        <ele>0</ele>
                        <time>2022-08-18T22:37:55Z</time>
                                                <extensions>
                            <sog>10.7</sog>
<cog>29.2</cog>
                        </extensions>
                    </trkpt>
                    <trkpt lat="54.41537666666667" lon="10.2141">
                        <ele>0</ele>
                        <time>2022-08-18T22:38:04Z</time>
                                                <extensions>
                            <sog>10.7</sog>
<cog>29.5</cog>
                        </extensions>
                    </trkpt>
                    <trkpt lat="54.41585333333333" lon="10.214581666666668">
                        <ele>0</ele>
                        <time>2022-08-18T22:38:14Z</time>
                                                <extensions>
                            <sog>10.8</sog>
<cog>30.3</cog>
                        </extensions>
                    </trkpt>
                    <trkpt lat="54.416288333333334" lon="10.215028333333333">
                        <ele>0</ele>
                        <time>2022-08-18T22:38:24Z</time>
                                                <extensions>
                            <sog>10.9</sog>
<cog>30.7</cog>
                        </extensions>
                    </trkpt>
                    <trkpt lat="54.41672666666667" lon="10.215476666666666">
                        <ele>0</ele>
                        <time>2022-08-18T22:38:35Z</time>
                                                <extensions>
                            <sog>11.0</sog>
<cog>30.8</cog>
                        </extensions>
                    </trkpt>
                    <trkpt lat="54.417215000000006" lon="10.215966666666667">
                        <ele>0</ele>
                        <time>2022-08-18T22:38:46Z</time>
                                                <extensions>
                            <sog>11.1</sog>
<cog>30.5</cog>
                        </extensions>
                    </trkpt>
                    <trkpt lat="54.41766333333333" lon="10.216411666666666">
                        <ele>0</ele>
                        <time>2022-08-18T22:38:55Z</time>
                                                <extensions>
                            <sog>11.1</sog>
<cog>30.1</cog>
                        </extensions>
                    </trkpt>
                    <trkpt lat="54.41852166666667" lon="10.217263333333333">
                        <ele>0</ele>
                        <time>2022-08-18T22:39:14Z</time>
                                                <extensions>
                            <sog>11.3</sog>
<cog>30.0</cog>
                        </extensions>
                    </trkpt>
                    <trkpt lat="54.41897666666667" lon="10.217715">
                        <ele>0</ele>
                        <time>2022-08-18T22:39:24Z</time>
                                                <extensions>
                            <sog>11.3</sog>
<cog>30.1</cog>
                        </extensions>
                    </trkpt>
                    <trkpt lat="54.41943166666667" lon="10.218169999999999">
                        <ele>0</ele>
                        <time>2022-08-18T22:39:35Z</time>
                                                <extensions>
                            <sog>11.3</sog>
<cog>30.1</cog>
                        </extensions>
                    </trkpt>
                    <trkpt lat="54.420395" lon="10.21913">
                        <ele>0</ele>
                        <time>2022-08-18T22:39:55Z</time>
                                                <extensions>
                            <sog>11.4</sog>
<cog>30.1</cog>
                        </extensions>
                    </trkpt>
                    <trkpt lat="54.42127166666667" lon="10.220003333333333">
                        <ele>0</ele>
                        <time>2022-08-18T22:40:14Z</time>
                                                <extensions>
                            <sog>11.5</sog>
<cog>30.1</cog>
                        </extensions>
                    </trkpt>
                    <trkpt lat="54.421735" lon="10.220464999999999">
                        <ele>0</ele>
                        <time>2022-08-18T22:40:24Z</time>
                                                <extensions>
                            <sog>11.5</sog>
<cog>30.1</cog>
                        </extensions>
                    </trkpt>
                    <trkpt lat="54.4222" lon="10.220928333333335">
                        <ele>0</ele>
                        <time>2022-08-18T22:40:35Z</time>
                                                <extensions>
                            <sog>11.6</sog>
<cog>30.1</cog>
                        </extensions>
                    </trkpt>
                    <trkpt lat="54.42271166666667" lon="10.22144">
                        <ele>0</ele>
                        <time>2022-08-18T22:40:45Z</time>
                                                <extensions>
                            <sog>11.6</sog>
<cog>30.2</cog>
                        </extensions>
                    </trkpt>
                    <trkpt lat="54.42317833333333" lon="10.221905">
                        <ele>0</ele>
                        <time>2022-08-18T22:40:55Z</time>
                                                <extensions>
                            <sog>11.6</sog>
<cog>30.2</cog>
                        </extensions>
                    </trkpt>
                    <trkpt lat="54.42359666666667" lon="10.222326666666667">
                        <ele>0</ele>
                        <time>2022-08-18T22:41:04Z</time>
                                                <extensions>
                            <sog>11.6</sog>
<cog>30.3</cog>
                        </extensions>
                    </trkpt>
                    <trkpt lat="54.424060000000004" lon="10.222796666666666">
                        <ele>0</ele>
                        <time>2022-08-18T22:41:14Z</time>
                                                <extensions>
                            <sog>11.6</sog>
<cog>30.4</cog>
                        </extensions>
                    </trkpt>
                    <trkpt lat="54.424528333333335" lon="10.223268333333333">
                        <ele>0</ele>
                        <time>2022-08-18T22:41:24Z</time>
                                                <extensions>
                            <sog>11.7</sog>
<cog>30.4</cog>
                        </extensions>
                    </trkpt>
                    <trkpt lat="54.424996666666665" lon="10.223736666666667">
                        <ele>0</ele>
                        <time>2022-08-18T22:41:35Z</time>
                                                <extensions>
                            <sog>11.7</sog>
<cog>30.3</cog>
                        </extensions>
                    </trkpt>
                    <trkpt lat="54.425513333333335" lon="10.224255">
                        <ele>0</ele>
                        <time>2022-08-18T22:41:45Z</time>
                                                <extensions>
                            <sog>11.7</sog>
<cog>30.3</cog>
                        </extensions>
                    </trkpt>
                    <trkpt lat="54.425981666666665" lon="10.224726666666667">
                        <ele>0</ele>
                        <time>2022-08-18T22:41:55Z</time>
                                                <extensions>
                            <sog>11.7</sog>
<cog>30.4</cog>
                        </extensions>
                    </trkpt>
                    <trkpt lat="54.42640166666667" lon="10.225155">
                        <ele>0</ele>
                        <time>2022-08-18T22:42:04Z</time>
                                                <extensions>
                            <sog>11.7</sog>
<cog>30.5</cog>
                        </extensions>
                    </trkpt>
                    <trkpt lat="54.42687" lon="10.225631666666667">
                        <ele>0</ele>
                        <time>2022-08-18T22:42:14Z</time>
                                                <extensions>
                            <sog>11.7</sog>
<cog>30.7</cog>
                        </extensions>
                    </trkpt>
                    <trkpt lat="54.42733833333333" lon="10.22611">
                        <ele>0</ele>
                        <time>2022-08-18T22:42:24Z</time>
                                                <extensions>
                            <sog>11.8</sog>
<cog>30.7</cog>
                        </extensions>
                    </trkpt>
                    <trkpt lat="54.42780833333334" lon="10.226586666666666">
                        <ele>0</ele>
                        <time>2022-08-18T22:42:35Z</time>
                                                <extensions>
                            <sog>11.8</sog>
<cog>30.7</cog>
                        </extensions>
                    </trkpt>
                    <trkpt lat="54.42832666666666" lon="10.227111666666667">
                        <ele>0</ele>
                        <time>2022-08-18T22:42:45Z</time>
                                                <extensions>
                            <sog>11.8</sog>
<cog>30.4</cog>
                        </extensions>
                    </trkpt>
                    <trkpt lat="54.428705" lon="10.22749">
                        <ele>0</ele>
                        <time>2022-08-18T22:42:54Z</time>
                                                <extensions>
                            <sog>11.8</sog>
<cog>30.3</cog>
                        </extensions>
                    </trkpt>
                    <trkpt lat="54.429226666666665" lon="10.228011666666667">
                        <ele>0</ele>
                        <time>2022-08-18T22:43:04Z</time>
                                                <extensions>
                            <sog>11.8</sog>
<cog>30.2</cog>
                        </extensions>
                    </trkpt>
                    <trkpt lat="54.429705" lon="10.228478333333333">
                        <ele>0</ele>
                        <time>2022-08-18T22:43:15Z</time>
                                                <extensions>
                            <sog>11.8</sog>
<cog>29.7</cog>
                        </extensions>
                    </trkpt>
                    <trkpt lat="54.43017833333333" lon="10.228958333333333">
                        <ele>0</ele>
                        <time>2022-08-18T22:43:24Z</time>
                                                <extensions>
                            <sog>11.9</sog>
<cog>30.5</cog>
                        </extensions>
                    </trkpt>
                    <trkpt lat="54.430635" lon="10.229476666666667">
                        <ele>0</ele>
                        <time>2022-08-18T22:43:35Z</time>
                                                <extensions>
                            <sog>11.8</sog>
<cog>32.9</cog>
                        </extensions>
                    </trkpt>
                    <trkpt lat="54.43112333333333" lon="10.230076666666667">
                        <ele>0</ele>
                        <time>2022-08-18T22:43:45Z</time>
                                                <extensions>
                            <sog>11.8</sog>
<cog>35.2</cog>
                        </extensions>
                    </trkpt>
                    <trkpt lat="54.431475" lon="10.230521666666668">
                        <ele>0</ele>
                        <time>2022-08-18T22:43:54Z</time>
                                                <extensions>
                            <sog>11.8</sog>
<cog>36.0</cog>
                        </extensions>
                    </trkpt>
                    <trkpt lat="54.432006666666666" lon="10.231191666666666">
                        <ele>0</ele>
                        <time>2022-08-18T22:44:06Z</time>
                                                <extensions>
                            <sog>11.8</sog>
<cog>36.2</cog>
                        </extensions>
                    </trkpt>
                    <trkpt lat="54.432408333333335" lon="10.231691666666668">
                        <ele>0</ele>
                        <time>2022-08-18T22:44:15Z</time>
                                                <extensions>
                            <sog>11.9</sog>
<cog>35.8</cog>
                        </extensions>
                    </trkpt>
                    <trkpt lat="54.43286666666667" lon="10.232236666666667">
                        <ele>0</ele>
                        <time>2022-08-18T22:44:24Z</time>
                                                <extensions>
                            <sog>12.0</sog>
<cog>35.0</cog>
                        </extensions>
                    </trkpt>
                    <trkpt lat="54.433375" lon="10.232826666666666">
                        <ele>0</ele>
                        <time>2022-08-18T22:44:36Z</time>
                                                <extensions>
                            <sog>12.0</sog>
<cog>34.2</cog>
                        </extensions>
                    </trkpt>
                    <trkpt lat="54.433843333333336" lon="10.233363333333333">
                        <ele>0</ele>
                        <time>2022-08-18T22:44:45Z</time>
                                                <extensions>
                            <sog>12.1</sog>
<cog>33.8</cog>
                        </extensions>
                    </trkpt>
                    <trkpt lat="54.434216666666664" lon="10.233794999999999">
                        <ele>0</ele>
                        <time>2022-08-18T22:44:54Z</time>
                                                <extensions>
                            <sog>12.1</sog>
<cog>33.9</cog>
                        </extensions>
                    </trkpt>
                    <trkpt lat="54.43477666666667" lon="10.23445">
                        <ele>0</ele>
                        <time>2022-08-18T22:45:06Z</time>
                                                <extensions>
                            <sog>12.2</sog>
<cog>34.2</cog>
                        </extensions>
                    </trkpt>
                    <trkpt lat="54.43519666666667" lon="10.234946666666668">
                        <ele>0</ele>
                        <time>2022-08-18T22:45:15Z</time>
                                                <extensions>
                            <sog>12.2</sog>
<cog>34.4</cog>
                        </extensions>
                    </trkpt>
                    <trkpt lat="54.43571" lon="10.23556">
                        <ele>0</ele>
                        <time>2022-08-18T22:45:26Z</time>
                                                <extensions>
                            <sog>12.2</sog>
<cog>34.8</cog>
                        </extensions>
                    </trkpt>
                    <trkpt lat="54.436175000000006" lon="10.236121666666666">
                        <ele>0</ele>
                        <time>2022-08-18T22:45:36Z</time>
                                                <extensions>
                            <sog>12.3</sog>
<cog>35.0</cog>
                        </extensions>
                    </trkpt>
                    <trkpt lat="54.43702" lon="10.237128333333334">
                        <ele>0</ele>
                        <time>2022-08-18T22:45:54Z</time>
                                                <extensions>
                            <sog>12.3</sog>
<cog>34.7</cog>
                        </extensions>
                    </trkpt>
                    <trkpt lat="54.437583333333336" lon="10.237805">
                        <ele>0</ele>
                        <time>2022-08-18T22:46:06Z</time>
                                                <extensions>
                            <sog>12.4</sog>
<cog>34.9</cog>
                        </extensions>
                    </trkpt>
                    <trkpt lat="54.43800833333333" lon="10.238313333333334">
                        <ele>0</ele>
                        <time>2022-08-18T22:46:15Z</time>
                                                <extensions>
                            <sog>12.4</sog>
<cog>34.9</cog>
                        </extensions>
                    </trkpt>
                    <trkpt lat="54.43852833333334" lon="10.238931666666668">
                        <ele>0</ele>
                        <time>2022-08-18T22:46:26Z</time>
                                                <extensions>
                            <sog>12.4</sog>
<cog>34.7</cog>
                        </extensions>
                    </trkpt>
                    <trkpt lat="54.43900333333333" lon="10.239491666666668">
                        <ele>0</ele>
                        <time>2022-08-18T22:46:36Z</time>
                                                <extensions>
                            <sog>12.4</sog>
<cog>34.5</cog>
                        </extensions>
                    </trkpt>
                    <trkpt lat="54.439478333333334" lon="10.240053333333332">
                        <ele>0</ele>
                        <time>2022-08-18T22:46:45Z</time>
                                                <extensions>
                            <sog>12.4</sog>
<cog>34.5</cog>
                        </extensions>
                    </trkpt>
                    <trkpt lat="54.43985833333333" lon="10.240501666666667">
                        <ele>0</ele>
                        <time>2022-08-18T22:46:54Z</time>
                                                <extensions>
                            <sog>12.4</sog>
<cog>34.5</cog>
                        </extensions>
                    </trkpt>
                    <trkpt lat="54.44043166666667" lon="10.241173333333334">
                        <ele>0</ele>
                        <time>2022-08-18T22:47:06Z</time>
                                                <extensions>
                            <sog>12.5</sog>
<cog>34.4</cog>
                        </extensions>
                    </trkpt>
                    <trkpt lat="54.44086166666667" lon="10.241676666666667">
                        <ele>0</ele>
                        <time>2022-08-18T22:47:15Z</time>
                                                <extensions>
                            <sog>12.5</sog>
<cog>34.2</cog>
                        </extensions>
                    </trkpt>
                    <trkpt lat="54.441386666666666" lon="10.242293333333333">
                        <ele>0</ele>
                        <time>2022-08-18T22:47:26Z</time>
                                                <extensions>
                            <sog>12.5</sog>
<cog>34.4</cog>
                        </extensions>
                    </trkpt>
                    <trkpt lat="54.44186166666667" lon="10.242863333333334">
                        <ele>0</ele>
                        <time>2022-08-18T22:47:36Z</time>
                                                <extensions>
                            <sog>12.5</sog>
<cog>34.8</cog>
                        </extensions>
                    </trkpt>
                    <trkpt lat="54.44271166666667" lon="10.243895">
                        <ele>0</ele>
                        <time>2022-08-18T22:47:54Z</time>
                                                <extensions>
                            <sog>12.5</sog>
<cog>35.2</cog>
                        </extensions>
                    </trkpt>
                    <trkpt lat="54.44327833333333" lon="10.244581666666667">
                        <ele>0</ele>
                        <time>2022-08-18T22:48:06Z</time>
                                                <extensions>
                            <sog>12.5</sog>
<cog>35.1</cog>
                        </extensions>
                    </trkpt>
                    <trkpt lat="54.44370833333333" lon="10.245093333333333">
                        <ele>0</ele>
                        <time>2022-08-18T22:48:15Z</time>
                                                <extensions>
                            <sog>12.5</sog>
<cog>34.9</cog>
                        </extensions>
                    </trkpt>
                    <trkpt lat="54.44423" lon="10.245718333333334">
                        <ele>0</ele>
                        <time>2022-08-18T22:48:26Z</time>
                                                <extensions>
                            <sog>12.5</sog>
<cog>34.8</cog>
                        </extensions>
                    </trkpt>
                    <trkpt lat="54.44466" lon="10.246228333333333">
                        <ele>0</ele>
                        <time>2022-08-18T22:48:35Z</time>
                                                <extensions>
                            <sog>12.5</sog>
<cog>34.7</cog>
                        </extensions>
                    </trkpt>
                    <trkpt lat="54.445185" lon="10.246851666666666">
                        <ele>0</ele>
                        <time>2022-08-18T22:48:45Z</time>
                                                <extensions>
                            <sog>12.5</sog>
<cog>34.7</cog>
                        </extensions>
                    </trkpt>
                    <trkpt lat="54.445565" lon="10.247308333333333">
                        <ele>0</ele>
                        <time>2022-08-18T22:48:54Z</time>
                                                <extensions>
                            <sog>12.5</sog>
<cog>34.9</cog>
                        </extensions>
                    </trkpt>
                    <trkpt lat="54.44656333333333" lon="10.248503333333334">
                        <ele>0</ele>
                        <time>2022-08-18T22:49:15Z</time>
                                                <extensions>
                            <sog>12.5</sog>
<cog>34.8</cog>
                        </extensions>
                    </trkpt>
                    <trkpt lat="54.44708833333333" lon="10.249125">
                        <ele>0</ele>
                        <time>2022-08-18T22:49:26Z</time>
                                                <extensions>
                            <sog>12.5</sog>
<cog>34.6</cog>
                        </extensions>
                    </trkpt>
                    <trkpt lat="54.447516666666665" lon="10.249635000000001">
                        <ele>0</ele>
                        <time>2022-08-18T22:49:34Z</time>
                                                <extensions>
                            <sog>12.5</sog>
<cog>34.6</cog>
                        </extensions>
                    </trkpt>
                    <trkpt lat="54.448038333333336" lon="10.250261666666667">
                        <ele>0</ele>
                        <time>2022-08-18T22:49:45Z</time>
                                                <extensions>
                            <sog>12.5</sog>
<cog>34.9</cog>
                        </extensions>
                    </trkpt>
                    <trkpt lat="54.44851166666667" lon="10.250836666666666">
                        <ele>0</ele>
                        <time>2022-08-18T22:49:55Z</time>
                                                <extensions>
                            <sog>12.5</sog>
<cog>35.2</cog>
                        </extensions>
                    </trkpt>
                    <trkpt lat="54.448985" lon="10.251406666666666">
                        <ele>0</ele>
                        <time>2022-08-18T22:50:06Z</time>
                                                <extensions>
                            <sog>12.5</sog>
<cog>35.0</cog>
                        </extensions>
                    </trkpt>
                    <trkpt lat="54.44946166666667" lon="10.251978333333334">
                        <ele>0</ele>
                        <time>2022-08-18T22:50:16Z</time>
                                                <extensions>
                            <sog>12.5</sog>
<cog>35.0</cog>
                        </extensions>
                    </trkpt>
                    <trkpt lat="54.449934999999996" lon="10.252551666666667">
                        <ele>0</ele>
                        <time>2022-08-18T22:50:26Z</time>
                                                <extensions>
                            <sog>12.5</sog>
<cog>35.1</cog>
                        </extensions>
                    </trkpt>
                    <trkpt lat="54.45036" lon="10.253066666666665">
                        <ele>0</ele>
                        <time>2022-08-18T22:50:34Z</time>
                                                <extensions>
                            <sog>12.5</sog>
<cog>35.2</cog>
                        </extensions>
                    </trkpt>
                    <trkpt lat="54.45088333333333" lon="10.253695">
                        <ele>0</ele>
                        <time>2022-08-18T22:50:45Z</time>
                                                <extensions>
                            <sog>12.5</sog>
<cog>35.0</cog>
                        </extensions>
                    </trkpt>
                    <trkpt lat="54.45135666666667" lon="10.254265">
                        <ele>0</ele>
                        <time>2022-08-18T22:50:55Z</time>
                                                <extensions>
                            <sog>12.5</sog>
<cog>34.9</cog>
                        </extensions>
                    </trkpt>
                    <trkpt lat="54.45183333333333" lon="10.254833333333332">
                        <ele>0</ele>
                        <time>2022-08-18T22:51:06Z</time>
                                                <extensions>
                            <sog>12.5</sog>
<cog>34.8</cog>
                        </extensions>
                    </trkpt>
                    <trkpt lat="54.452308333333335" lon="10.255401666666668">
                        <ele>0</ele>
                        <time>2022-08-18T22:51:16Z</time>
                                                <extensions>
                            <sog>12.5</sog>
<cog>34.8</cog>
                        </extensions>
                    </trkpt>
                    <trkpt lat="54.45278333333333" lon="10.255973333333333">
                        <ele>0</ele>
                        <time>2022-08-18T22:51:26Z</time>
                                                <extensions>
                            <sog>12.5</sog>
<cog>35.0</cog>
                        </extensions>
                    </trkpt>
                    <trkpt lat="54.453208333333336" lon="10.256491666666667">
                        <ele>0</ele>
                        <time>2022-08-18T22:51:35Z</time>
                                                <extensions>
                            <sog>12.5</sog>
<cog>35.2</cog>
                        </extensions>
                    </trkpt>
                    <trkpt lat="54.453725" lon="10.257125">
                        <ele>0</ele>
                        <time>2022-08-18T22:51:45Z</time>
                                                <extensions>
                            <sog>12.5</sog>
<cog>35.3</cog>
                        </extensions>
                    </trkpt>
                    <trkpt lat="54.45420166666667" lon="10.257698333333334">
                        <ele>0</ele>
                        <time>2022-08-18T22:51:55Z</time>
                                                <extensions>
                            <sog>12.5</sog>
<cog>35.2</cog>
                        </extensions>
                    </trkpt>
                    <trkpt lat="54.454674999999995" lon="10.258271666666667">
                        <ele>0</ele>
                        <time>2022-08-18T22:52:06Z</time>
                                                <extensions>
                            <sog>12.5</sog>
<cog>35.1</cog>
                        </extensions>
                    </trkpt>
                    <trkpt lat="54.45515" lon="10.258841666666665">
                        <ele>0</ele>
                        <time>2022-08-18T22:52:16Z</time>
                                                <extensions>
                            <sog>12.5</sog>
<cog>34.9</cog>
                        </extensions>
                    </trkpt>
                    <trkpt lat="54.45562666666667" lon="10.259406666666667">
                        <ele>0</ele>
                        <time>2022-08-18T22:52:26Z</time>
                                                <extensions>
                            <sog>12.5</sog>
<cog>34.8</cog>
                        </extensions>
                    </trkpt>
                    <trkpt lat="54.45605166666667" lon="10.25992">
                        <ele>0</ele>
                        <time>2022-08-18T22:52:34Z</time>
                                                <extensions>
                            <sog>12.5</sog>
<cog>34.9</cog>
                        </extensions>
                    </trkpt>
                    <trkpt lat="54.456575" lon="10.26055">
                        <ele>0</ele>
                        <time>2022-08-18T22:52:45Z</time>
                                                <extensions>
                            <sog>12.5</sog>
<cog>35.0</cog>
                        </extensions>
                    </trkpt>
                    <trkpt lat="54.45704833333333" lon="10.261121666666666">
                        <ele>0</ele>
                        <time>2022-08-18T22:52:55Z</time>
                                                <extensions>
                            <sog>12.5</sog>
<cog>35.1</cog>
                        </extensions>
                    </trkpt>
                    <trkpt lat="54.45752166666667" lon="10.261695">
                        <ele>0</ele>
                        <time>2022-08-18T22:53:06Z</time>
                                                <extensions>
                            <sog>12.5</sog>
<cog>35.1</cog>
                        </extensions>
                    </trkpt>
                    <trkpt lat="54.457995" lon="10.262268333333333">
                        <ele>0</ele>
                        <time>2022-08-18T22:53:16Z</time>
                                                <extensions>
                            <sog>12.5</sog>
<cog>35.2</cog>
                        </extensions>
                    </trkpt>
                    <trkpt lat="54.458375000000004" lon="10.262728333333333">
                        <ele>0</ele>
                        <time>2022-08-18T22:53:24Z</time>
                                                <extensions>
                            <sog>12.5</sog>
<cog>35.2</cog>
                        </extensions>
                    </trkpt>
                    <trkpt lat="54.458895" lon="10.26336">
                        <ele>0</ele>
                        <time>2022-08-18T22:53:34Z</time>
                                                <extensions>
                            <sog>12.5</sog>
<cog>35.3</cog>
                        </extensions>
                    </trkpt>
                    <trkpt lat="54.45941333333334" lon="10.263995">
                        <ele>0</ele>
                        <time>2022-08-18T22:53:45Z</time>
                                                <extensions>
                            <sog>12.5</sog>
<cog>35.4</cog>
                        </extensions>
                    </trkpt>
                    <trkpt lat="54.459885" lon="10.264569999999999">
                        <ele>0</ele>
                        <time>2022-08-18T22:53:55Z</time>
                                                <extensions>
                            <sog>12.5</sog>
<cog>35.3</cog>
                        </extensions>
                    </trkpt>
                    <trkpt lat="54.46036" lon="10.265146666666668">
                        <ele>0</ele>
                        <time>2022-08-18T22:54:06Z</time>
                                                <extensions>
                            <sog>12.5</sog>
<cog>35.2</cog>
                        </extensions>
                    </trkpt>
                    <trkpt lat="54.46083333333333" lon="10.265718333333332">
                        <ele>0</ele>
                        <time>2022-08-18T22:54:16Z</time>
                                                <extensions>
                            <sog>12.5</sog>
<cog>35.1</cog>
                        </extensions>
                    </trkpt>
                    <trkpt lat="54.461735" lon="10.266803333333334">
                        <ele>0</ele>
                        <time>2022-08-18T22:54:34Z</time>
                                                <extensions>
                            <sog>12.5</sog>
<cog>35.0</cog>
                        </extensions>
                    </trkpt>
                    <trkpt lat="54.46225666666667" lon="10.267431666666665">
                        <ele>0</ele>
                        <time>2022-08-18T22:54:45Z</time>
                                                <extensions>
                            <sog>12.5</sog>
<cog>35.1</cog>
                        </extensions>
                    </trkpt>
                    <trkpt lat="54.46273" lon="10.268004999999999">
                        <ele>0</ele>
                        <time>2022-08-18T22:54:55Z</time>
                                                <extensions>
                            <sog>12.5</sog>
<cog>35.1</cog>
                        </extensions>
                    </trkpt>
                    <trkpt lat="54.46320333333333" lon="10.268576666666666">
                        <ele>0</ele>
                        <time>2022-08-18T22:55:06Z</time>
                                                <extensions>
                            <sog>12.5</sog>
<cog>35.1</cog>
                        </extensions>
                    </trkpt>
                    <trkpt lat="54.463676666666665" lon="10.26915">
                        <ele>0</ele>
                        <time>2022-08-18T22:55:16Z</time>
                                                <extensions>
                            <sog>12.5</sog>
<cog>35.1</cog>
                        </extensions>
                    </trkpt>
                    <trkpt lat="54.464055" lon="10.26961">
                        <ele>0</ele>
                        <time>2022-08-18T22:55:24Z</time>
                                                <extensions>
                            <sog>12.5</sog>
<cog>35.3</cog>
                        </extensions>
                    </trkpt>
                    <trkpt lat="54.464573333333334" lon="10.270245">
                        <ele>0</ele>
                        <time>2022-08-18T22:55:34Z</time>
                                                <extensions>
                            <sog>12.5</sog>
<cog>35.4</cog>
                        </extensions>
                    </trkpt>
                    <trkpt lat="54.465091666666666" lon="10.27088">
                        <ele>0</ele>
                        <time>2022-08-18T22:55:45Z</time>
                                                <extensions>
                            <sog>12.5</sog>
<cog>35.5</cog>
                        </extensions>
                    </trkpt>
                    <trkpt lat="54.465514999999996" lon="10.2714">
                        <ele>0</ele>
                        <time>2022-08-18T22:55:54Z</time>
                                                <extensions>
                            <sog>12.5</sog>
<cog>35.6</cog>
                        </extensions>
                    </trkpt>
                    <trkpt lat="54.46603" lon="10.272034999999999">
                        <ele>0</ele>
                        <time>2022-08-18T22:56:06Z</time>
                                                <extensions>
                            <sog>12.5</sog>
<cog>35.6</cog>
                        </extensions>
                    </trkpt>
                    <trkpt lat="54.466501666666666" lon="10.272616666666666">
                        <ele>0</ele>
                        <time>2022-08-18T22:56:16Z</time>
                                                <extensions>
                            <sog>12.5</sog>
<cog>35.6</cog>
                        </extensions>
                    </trkpt>
                    <trkpt lat="54.466878333333334" lon="10.273076666666666">
                        <ele>0</ele>
                        <time>2022-08-18T22:56:24Z</time>
                                                <extensions>
                            <sog>12.5</sog>
<cog>35.5</cog>
                        </extensions>
                    </trkpt>
                    <trkpt lat="54.467398333333335" lon="10.273708333333333">
                        <ele>0</ele>
                        <time>2022-08-18T22:56:34Z</time>
                                                <extensions>
                            <sog>12.5</sog>
<cog>35.3</cog>
                        </extensions>
                    </trkpt>
                    <trkpt lat="54.46791833333334" lon="10.274338333333333">
                        <ele>0</ele>
                        <time>2022-08-18T22:56:45Z</time>
                                                <extensions>
                            <sog>12.5</sog>
<cog>35.2</cog>
                        </extensions>
                    </trkpt>
                    <trkpt lat="54.46834333333334" lon="10.274853333333335">
                        <ele>0</ele>
                        <time>2022-08-18T22:56:54Z</time>
                                                <extensions>
                            <sog>12.5</sog>
<cog>35.1</cog>
                        </extensions>
                    </trkpt>
                    <trkpt lat="54.468865" lon="10.275481666666668">
                        <ele>0</ele>
                        <time>2022-08-18T22:57:06Z</time>
                                                <extensions>
                            <sog>12.5</sog>
<cog>35.0</cog>
                        </extensions>
                    </trkpt>
                    <trkpt lat="54.46934" lon="10.276048333333334">
                        <ele>0</ele>
                        <time>2022-08-18T22:57:16Z</time>
                                                <extensions>
                            <sog>12.5</sog>
<cog>34.9</cog>
                        </extensions>
                    </trkpt>
                    <trkpt lat="54.46971833333334" lon="10.276504999999998">
                        <ele>0</ele>
                        <time>2022-08-18T22:57:24Z</time>
                                                <extensions>
                            <sog>12.5</sog>
<cog>35.0</cog>
                        </extensions>
                    </trkpt>
                    <trkpt lat="54.470236666666665" lon="10.277135">
                        <ele>0</ele>
                        <time>2022-08-18T22:57:34Z</time>
                                                <extensions>
                            <sog>12.5</sog>
<cog>35.2</cog>
                        </extensions>
                    </trkpt>
                    <trkpt lat="54.470755000000004" lon="10.277766666666668">
                        <ele>0</ele>
                        <time>2022-08-18T22:57:45Z</time>
                                                <extensions>
                            <sog>12.5</sog>
<cog>35.3</cog>
                        </extensions>
                    </trkpt>
                    <trkpt lat="54.471178333333334" lon="10.278285">
                        <ele>0</ele>
                        <time>2022-08-18T22:57:54Z</time>
                                                <extensions>
                            <sog>12.4</sog>
<cog>35.4</cog>
                        </extensions>
                    </trkpt>
                    <trkpt lat="54.47163833333333" lon="10.278851666666666">
                        <ele>0</ele>
                        <time>2022-08-18T22:58:05Z</time>
                                                <extensions>
                            <sog>12.3</sog>
<cog>35.6</cog>
                        </extensions>
                    </trkpt>
                    <trkpt lat="54.47213166666667" lon="10.279463333333332">
                        <ele>0</ele>
                        <time>2022-08-18T22:58:16Z</time>
                                                <extensions>
                            <sog>12.0</sog>
<cog>35.6</cog>
                        </extensions>
                    </trkpt>
                    <trkpt lat="54.47248333333334" lon="10.279893333333332">
                        <ele>0</ele>
                        <time>2022-08-18T22:58:24Z</time>
                                                <extensions>
                            <sog>11.7</sog>
<cog>35.5</cog>
                        </extensions>
                    </trkpt>
                    <trkpt lat="54.47295833333333" lon="10.280470000000001">
                        <ele>0</ele>
                        <time>2022-08-18T22:58:34Z</time>
                                                <extensions>
                            <sog>11.4</sog>
<cog>35.2</cog>
                        </extensions>
                    </trkpt>
                    <trkpt lat="54.47342166666667" lon="10.28103">
                        <ele>0</ele>
                        <time>2022-08-18T22:58:45Z</time>
                                                <extensions>
                            <sog>11.1</sog>
<cog>35.0</cog>
                        </extensions>
                    </trkpt>
                    <trkpt lat="54.47379" lon="10.281471666666667">
                        <ele>0</ele>
                        <time>2022-08-18T22:58:54Z</time>
                                                <extensions>
                            <sog>10.9</sog>
<cog>34.9</cog>
                        </extensions>
                    </trkpt>
                    <trkpt lat="54.47419166666667" lon="10.281953333333332">
                        <ele>0</ele>
                        <time>2022-08-18T22:59:05Z</time>
                                                <extensions>
                            <sog>10.6</sog>
<cog>35.0</cog>
                        </extensions>
                    </trkpt>
                    <trkpt lat="54.47461" lon="10.282483333333333">
                        <ele>0</ele>
                        <time>2022-08-18T22:59:16Z</time>
                                                <extensions>
                            <sog>10.2</sog>
<cog>36.1</cog>
                        </extensions>
                    </trkpt>
                    <trkpt lat="54.47490666666667" lon="10.282855000000001">
                        <ele>0</ele>
                        <time>2022-08-18T22:59:24Z</time>
                                                <extensions>
                            <sog>10.0</sog>
<cog>35.9</cog>
                        </extensions>
                    </trkpt>
                    <trkpt lat="54.475095" lon="10.283075">
                        <ele>0</ele>
                        <time>2022-08-18T22:59:28Z</time>
                                                <extensions>
                            <sog>9.9</sog>
<cog>35.2</cog>
                        </extensions>
                    </trkpt>
                    <trkpt lat="54.475429999999996" lon="10.283441666666667">
                        <ele>0</ele>
                        <time>2022-08-18T22:59:38Z</time>
                                                <extensions>
                            <sog>9.6</sog>
<cog>32.9</cog>
                        </extensions>
                    </trkpt>
                    <trkpt lat="54.47558" lon="10.283588333333334">
                        <ele>0</ele>
                        <time>2022-08-18T22:59:42Z</time>
                                                <extensions>
                            <sog>9.4</sog>
<cog>31.4</cog>
                        </extensions>
                    </trkpt>
                    <trkpt lat="54.47573" lon="10.283723333333334">
                        <ele>0</ele>
                        <time>2022-08-18T22:59:45Z</time>
                                                <extensions>
                            <sog>9.3</sog>
<cog>29.7</cog>
                        </extensions>
                    </trkpt>
                    <trkpt lat="54.47656333333334" lon="10.284248333333332">
                        <ele>0</ele>
                        <time>2022-08-18T23:00:08Z</time>
                                                <extensions>
                            <sog>8.6</sog>
<cog>17.8</cog>
                        </extensions>
                    </trkpt>
                    <trkpt lat="54.47656333333334" lon="10.284248333333332">
                        <ele>0</ele>
                        <time>2022-08-18T23:00:08Z</time>
                                                <extensions>
                            <sog>8.6</sog>
<cog>17.8</cog>
                        </extensions>
                    </trkpt>
                    <trkpt lat="54.476866666666666" lon="10.28436">
                        <ele>0</ele>
                        <time>2022-08-18T23:00:16Z</time>
                                                <extensions>
                            <sog>8.4</sog>
<cog>13.5</cog>
                        </extensions>
                    </trkpt>
                    <trkpt lat="54.476866666666666" lon="10.28436">
                        <ele>0</ele>
                        <time>2022-08-18T23:00:16Z</time>
                                                <extensions>
                            <sog>8.4</sog>
<cog>13.5</cog>
                        </extensions>
                    </trkpt>
                    <trkpt lat="54.47694166666667" lon="10.284381666666667">
                        <ele>0</ele>
                        <time>2022-08-18T23:00:18Z</time>
                                                <extensions>
                            <sog>8.4</sog>
<cog>12.5</cog>
                        </extensions>
                    </trkpt>
                    <trkpt lat="54.47694166666667" lon="10.284381666666667">
                        <ele>0</ele>
                        <time>2022-08-18T23:00:18Z</time>
                                                <extensions>
                            <sog>8.4</sog>
<cog>12.5</cog>
                        </extensions>
                    </trkpt>
                    <trkpt lat="54.47709333333333" lon="10.284416666666667">
                        <ele>0</ele>
                        <time>2022-08-18T23:00:21Z</time>
                                                <extensions>
                            <sog>8.3</sog>
<cog>10.3</cog>
                        </extensions>
                    </trkpt>
                    <trkpt lat="54.47709333333333" lon="10.284416666666667">
                        <ele>0</ele>
                        <time>2022-08-18T23:00:21Z</time>
                                                <extensions>
                            <sog>8.3</sog>
<cog>10.3</cog>
                        </extensions>
                    </trkpt>
                    <trkpt lat="54.47716833333333" lon="10.284429999999999">
                        <ele>0</ele>
                        <time>2022-08-18T23:00:24Z</time>
                                                <extensions>
                            <sog>8.2</sog>
<cog>9.2</cog>
                        </extensions>
                    </trkpt>
                    <trkpt lat="54.47716833333333" lon="10.284429999999999">
                        <ele>0</ele>
                        <time>2022-08-18T23:00:24Z</time>
                                                <extensions>
                            <sog>8.2</sog>
<cog>9.2</cog>
                        </extensions>
                    </trkpt>
                    <trkpt lat="54.477356666666665" lon="10.284456666666667">
                        <ele>0</ele>
                        <time>2022-08-18T23:00:28Z</time>
                                                <extensions>
                            <sog>8.2</sog>
<cog>7.3</cog>
                        </extensions>
                    </trkpt>
                    <trkpt lat="54.477356666666665" lon="10.284456666666667">
                        <ele>0</ele>
                        <time>2022-08-18T23:00:28Z</time>
                                                <extensions>
                            <sog>8.2</sog>
<cog>7.3</cog>
                        </extensions>
                    </trkpt>
                    <trkpt lat="54.477468333333334" lon="10.28447">
                        <ele>0</ele>
                        <time>2022-08-18T23:00:32Z</time>
                                                <extensions>
                            <sog>8.1</sog>
<cog>5.9</cog>
                        </extensions>
                    </trkpt>
                    <trkpt lat="54.477468333333334" lon="10.28447">
                        <ele>0</ele>
                        <time>2022-08-18T23:00:32Z</time>
                                                <extensions>
                            <sog>8.1</sog>
<cog>5.9</cog>
                        </extensions>
                    </trkpt>
                    <trkpt lat="54.477581666666666" lon="10.284483333333332">
                        <ele>0</ele>
                        <time>2022-08-18T23:00:34Z</time>
                                                <extensions>
                            <sog>8.1</sog>
<cog>5.0</cog>
                        </extensions>
                    </trkpt>
                    <trkpt lat="54.477581666666666" lon="10.284483333333332">
                        <ele>0</ele>
                        <time>2022-08-18T23:00:34Z</time>
                                                <extensions>
                            <sog>8.1</sog>
<cog>5.0</cog>
                        </extensions>
                    </trkpt>
                    <trkpt lat="54.477693333333335" lon="10.28449">
                        <ele>0</ele>
                        <time>2022-08-18T23:00:38Z</time>
                                                <extensions>
                            <sog>8.1</sog>
<cog>4.2</cog>
                        </extensions>
                    </trkpt>
                    <trkpt lat="54.477693333333335" lon="10.28449">
                        <ele>0</ele>
                        <time>2022-08-18T23:00:38Z</time>
                                                <extensions>
                            <sog>8.1</sog>
<cog>4.2</cog>
                        </extensions>
                    </trkpt>
                    <trkpt lat="54.47784333333333" lon="10.284500000000001">
                        <ele>0</ele>
                        <time>2022-08-18T23:00:41Z</time>
                                                <extensions>
                            <sog>8.1</sog>
<cog>3.4</cog>
                        </extensions>
                    </trkpt>
                    <trkpt lat="54.47784333333333" lon="10.284500000000001">
                        <ele>0</ele>
                        <time>2022-08-18T23:00:41Z</time>
                                                <extensions>
                            <sog>8.1</sog>
<cog>3.4</cog>
                        </extensions>
                    </trkpt>
                    <trkpt lat="54.47799166666667" lon="10.284503333333333">
                        <ele>0</ele>
                        <time>2022-08-18T23:00:45Z</time>
                                                <extensions>
                            <sog>8.1</sog>
<cog>2.1</cog>
                        </extensions>
                    </trkpt>
                    <trkpt lat="54.47799166666667" lon="10.284503333333333">
                        <ele>0</ele>
                        <time>2022-08-18T23:00:45Z</time>
                                                <extensions>
                            <sog>8.1</sog>
<cog>2.1</cog>
                        </extensions>
                    </trkpt>
                    <trkpt lat="54.47821833333333" lon="10.284500000000001">
                        <ele>0</ele>
                        <time>2022-08-18T23:00:51Z</time>
                                                <extensions>
                            <sog>8.1</sog>
<cog>0.6</cog>
                        </extensions>
                    </trkpt>
                    <trkpt lat="54.47821833333333" lon="10.284500000000001">
                        <ele>0</ele>
                        <time>2022-08-18T23:00:51Z</time>
                                                <extensions>
                            <sog>8.1</sog>
<cog>0.6</cog>
                        </extensions>
                    </trkpt>
                    <trkpt lat="54.47833" lon="10.284496666666666">
                        <ele>0</ele>
                        <time>2022-08-18T23:00:54Z</time>
                                                <extensions>
                            <sog>8.1</sog>
<cog>0.0</cog>
                        </extensions>
                    </trkpt>
                    <trkpt lat="54.47833" lon="10.284496666666666">
                        <ele>0</ele>
                        <time>2022-08-18T23:00:54Z</time>
                                                <extensions>
                            <sog>8.1</sog>
<cog>0.0</cog>
                        </extensions>
                    </trkpt>
                    <trkpt lat="54.47870666666667" lon="10.28448">
                        <ele>0</ele>
                        <time>2022-08-18T23:01:05Z</time>
                                                <extensions>
                            <sog>8.1</sog>
<cog>358.7</cog>
                        </extensions>
                    </trkpt>
                    <trkpt lat="54.47911833333333" lon="10.284456666666667">
                        <ele>0</ele>
                        <time>2022-08-18T23:01:16Z</time>
                                                <extensions>
                            <sog>8.1</sog>
<cog>358.3</cog>
                        </extensions>
                    </trkpt>
                    <trkpt lat="54.479425" lon="10.284445">
                        <ele>0</ele>
                        <time>2022-08-18T23:01:24Z</time>
                                                <extensions>
                            <sog>8.2</sog>
<cog>358.5</cog>
                        </extensions>
                    </trkpt>
                    <trkpt lat="54.479841666666665" lon="10.284438333333332">
                        <ele>0</ele>
                        <time>2022-08-18T23:01:34Z</time>
                                                <extensions>
                            <sog>8.2</sog>
<cog>359.4</cog>
                        </extensions>
                    </trkpt>
                    <trkpt lat="54.48026166666667" lon="10.284446666666666">
                        <ele>0</ele>
                        <time>2022-08-18T23:01:45Z</time>
                                                <extensions>
                            <sog>8.2</sog>
<cog>0.5</cog>
                        </extensions>
                    </trkpt>
                    <trkpt lat="54.48064333333333" lon="10.284463333333333">
                        <ele>0</ele>
                        <time>2022-08-18T23:01:56Z</time>
                                                <extensions>
                            <sog>8.2</sog>
<cog>1.2</cog>
                        </extensions>
                    </trkpt>
                    <trkpt lat="54.482573333333335" lon="10.284593333333333">
                        <ele>0</ele>
                        <time>2022-08-18T23:02:45Z</time>
                                                <extensions>
                            <sog>8.4</sog>
<cog>2.1</cog>
                        </extensions>
                    </trkpt>
                    <trkpt lat="54.48296333333334" lon="10.284583333333334">
                        <ele>0</ele>
                        <time>2022-08-18T23:02:56Z</time>
                                                <extensions>
                            <sog>8.4</sog>
<cog>359.8</cog>
                        </extensions>
                    </trkpt>
                    <trkpt lat="54.483315" lon="10.284576666666668">
                        <ele>0</ele>
                        <time>2022-08-18T23:03:05Z</time>
                                                <extensions>
                            <sog>8.4</sog>
<cog>359.6</cog>
                        </extensions>
                    </trkpt>
                    <trkpt lat="54.483470000000004" lon="10.284583333333334">
                        <ele>0</ele>
                        <time>2022-08-18T23:03:08Z</time>
                                                <extensions>
                            <sog>8.4</sog>
<cog>0.3</cog>
                        </extensions>
                    </trkpt>
                    <trkpt lat="54.48381833333334" lon="10.284633333333334">
                        <ele>0</ele>
                        <time>2022-08-18T23:03:18Z</time>
                                                <extensions>
                            <sog>8.3</sog>
<cog>3.9</cog>
                        </extensions>
                    </trkpt>
                    <trkpt lat="54.48397" lon="10.284675">
                        <ele>0</ele>
                        <time>2022-08-18T23:03:22Z</time>
                                                <extensions>
                            <sog>8.3</sog>
<cog>6.2</cog>
                        </extensions>
                    </trkpt>
                    <trkpt lat="54.48404333333334" lon="10.284701666666667">
                        <ele>0</ele>
                        <time>2022-08-18T23:03:24Z</time>
                                                <extensions>
                            <sog>8.3</sog>
<cog>7.6</cog>
                        </extensions>
                    </trkpt>
                    <trkpt lat="54.48422166666667" lon="10.28479">
                        <ele>0</ele>
                        <time>2022-08-18T23:03:28Z</time>
                                                <extensions>
                            <sog>8.1</sog>
<cog>12.1</cog>
                        </extensions>
                    </trkpt>
                    <trkpt lat="54.484325" lon="10.284858333333334">
                        <ele>0</ele>
                        <time>2022-08-18T23:03:32Z</time>
                                                <extensions>
                            <sog>8.0</sog>
<cog>15.3</cog>
                        </extensions>
                    </trkpt>
                    <trkpt lat="54.484455000000004" lon="10.284961666666668">
                        <ele>0</ele>
                        <time>2022-08-18T23:03:36Z</time>
                                                <extensions>
                            <sog>7.9</sog>
<cog>19.4</cog>
                        </extensions>
                    </trkpt>
                    <trkpt lat="54.48464166666667" lon="10.285138333333332">
                        <ele>0</ele>
                        <time>2022-08-18T23:03:42Z</time>
                                                <extensions>
                            <sog>7.7</sog>
<cog>25.1</cog>
                        </extensions>
                    </trkpt>
                    <trkpt lat="54.48492666666667" lon="10.285481666666668">
                        <ele>0</ele>
                        <time>2022-08-18T23:03:52Z</time>
                                                <extensions>
                            <sog>7.5</sog>
<cog>33.2</cog>
                        </extensions>
                    </trkpt>
                    <trkpt lat="54.48503166666667" lon="10.285635000000001">
                        <ele>0</ele>
                        <time>2022-08-18T23:03:56Z</time>
                                                <extensions>
                            <sog>7.5</sog>
<cog>36.1</cog>
                        </extensions>
                    </trkpt>
                    <trkpt lat="54.485083333333336" lon="10.285715000000001">
                        <ele>0</ele>
                        <time>2022-08-18T23:03:58Z</time>
                                                <extensions>
                            <sog>7.5</sog>
<cog>37.5</cog>
                        </extensions>
                    </trkpt>
                    <trkpt lat="54.48518333333333" lon="10.285879999999999">
                        <ele>0</ele>
                        <time>2022-08-18T23:04:02Z</time>
                                                <extensions>
                            <sog>7.5</sog>
<cog>40.3</cog>
                        </extensions>
                    </trkpt>
                    <trkpt lat="54.485348333333334" lon="10.286186666666667">
                        <ele>0</ele>
                        <time>2022-08-18T23:04:09Z</time>
                                                <extensions>
                            <sog>7.5</sog>
<cog>44.8</cog>
                        </extensions>
                    </trkpt>
                    <trkpt lat="54.485413333333334" lon="10.286325">
                        <ele>0</ele>
                        <time>2022-08-18T23:04:11Z</time>
                                                <extensions>
                            <sog>7.5</sog>
<cog>46.6</cog>
                        </extensions>
                    </trkpt>
                    <trkpt lat="54.48556333333333" lon="10.286660000000001">
                        <ele>0</ele>
                        <time>2022-08-18T23:04:18Z</time>
                                                <extensions>
                            <sog>7.5</sog>
<cog>50.7</cog>
                        </extensions>
                    </trkpt>
                    <trkpt lat="54.485623333333336" lon="10.286810000000001">
                        <ele>0</ele>
                        <time>2022-08-18T23:04:21Z</time>
                                                <extensions>
                            <sog>7.5</sog>
<cog>52.4</cog>
                        </extensions>
                    </trkpt>
                    <trkpt lat="54.48566166666667" lon="10.286911666666667">
                        <ele>0</ele>
                        <time>2022-08-18T23:04:24Z</time>
                                                <extensions>
                            <sog>7.5</sog>
<cog>53.4</cog>
                        </extensions>
                    </trkpt>
                    <trkpt lat="54.485753333333335" lon="10.28717">
                        <ele>0</ele>
                        <time>2022-08-18T23:04:28Z</time>
                                                <extensions>
                            <sog>7.6</sog>
<cog>55.6</cog>
                        </extensions>
                    </trkpt>
                    <trkpt lat="54.48587166666667" lon="10.287548333333332">
                        <ele>0</ele>
                        <time>2022-08-18T23:04:36Z</time>
                                                <extensions>
                            <sog>7.6</sog>
<cog>59.7</cog>
                        </extensions>
                    </trkpt>
                    <trkpt lat="54.48590333333333" lon="10.287658333333333">
                        <ele>0</ele>
                        <time>2022-08-18T23:04:38Z</time>
                                                <extensions>
                            <sog>7.7</sog>
<cog>60.7</cog>
                        </extensions>
                    </trkpt>
                    <trkpt lat="54.48596333333333" lon="10.287883333333333">
                        <ele>0</ele>
                        <time>2022-08-18T23:04:42Z</time>
                                                <extensions>
                            <sog>7.7</sog>
<cog>62.6</cog>
                        </extensions>
                    </trkpt>
                    <trkpt lat="54.48602" lon="10.288111666666667">
                        <ele>0</ele>
                        <time>2022-08-18T23:04:45Z</time>
                                                <extensions>
                            <sog>7.7</sog>
<cog>64.5</cog>
                        </extensions>
                    </trkpt>
                    <trkpt lat="54.48605833333333" lon="10.288285">
                        <ele>0</ele>
                        <time>2022-08-18T23:04:48Z</time>
                                                <extensions>
                            <sog>7.7</sog>
<cog>66.1</cog>
                        </extensions>
                    </trkpt>
                    <trkpt lat="54.486133333333335" lon="10.2887">
                        <ele>0</ele>
                        <time>2022-08-18T23:04:56Z</time>
                                                <extensions>
                            <sog>7.8</sog>
<cog>70.5</cog>
                        </extensions>
                    </trkpt>
                    <trkpt lat="54.48615333333333" lon="10.288821666666667">
                        <ele>0</ele>
                        <time>2022-08-18T23:04:58Z</time>
                                                <extensions>
                            <sog>7.8</sog>
<cog>71.5</cog>
                        </extensions>
                    </trkpt>
                    <trkpt lat="54.48618833333333" lon="10.289063333333333">
                        <ele>0</ele>
                        <time>2022-08-18T23:05:02Z</time>
                                                <extensions>
                            <sog>7.8</sog>
<cog>73.4</cog>
                        </extensions>
                    </trkpt>
                    <trkpt lat="54.486221666666665" lon="10.289308333333334">
                        <ele>0</ele>
                        <time>2022-08-18T23:05:06Z</time>
                                                <extensions>
                            <sog>7.8</sog>
<cog>75.0</cog>
                        </extensions>
                    </trkpt>
                    <trkpt lat="54.48623666666666" lon="10.289431666666667">
                        <ele>0</ele>
                        <time>2022-08-18T23:05:08Z</time>
                                                <extensions>
                            <sog>7.9</sog>
<cog>75.5</cog>
                        </extensions>
                    </trkpt>
                    <trkpt lat="54.48627" lon="10.289681666666667">
                        <ele>0</ele>
                        <time>2022-08-18T23:05:11Z</time>
                                                <extensions>
                            <sog>7.9</sog>
<cog>76.3</cog>
                        </extensions>
                    </trkpt>
                    <trkpt lat="54.486293333333336" lon="10.289868333333335">
                        <ele>0</ele>
                        <time>2022-08-18T23:05:14Z</time>
                                                <extensions>
                            <sog>7.9</sog>
<cog>76.7</cog>
                        </extensions>
                    </trkpt>
                    <trkpt lat="54.48634833333333" lon="10.29031">
                        <ele>0</ele>
                        <time>2022-08-18T23:05:22Z</time>
                                                <extensions>
                            <sog>8.1</sog>
<cog>77.5</cog>
                        </extensions>
                    </trkpt>
                    <trkpt lat="54.48646833333333" lon="10.291208333333334">
                        <ele>0</ele>
                        <time>2022-08-18T23:05:36Z</time>
                                                <extensions>
                            <sog>8.2</sog>
<cog>76.9</cog>
                        </extensions>
                    </trkpt>
                    <trkpt lat="54.48653" lon="10.291591666666667">
                        <ele>0</ele>
                        <time>2022-08-18T23:05:42Z</time>
                                                <extensions>
                            <sog>8.3</sog>
<cog>75.0</cog>
                        </extensions>
                    </trkpt>
                    <trkpt lat="54.486585" lon="10.291841666666667">
                        <ele>0</ele>
                        <time>2022-08-18T23:05:45Z</time>
                                                <extensions>
                            <sog>8.3</sog>
<cog>72.7</cog>
                        </extensions>
                    </trkpt>
                    <trkpt lat="54.486615" lon="10.291965000000001">
                        <ele>0</ele>
                        <time>2022-08-18T23:05:48Z</time>
                                                <extensions>
                            <sog>8.3</sog>
<cog>71.4</cog>
                        </extensions>
                    </trkpt>
                    <trkpt lat="54.48667666666667" lon="10.29221">
                        <ele>0</ele>
                        <time>2022-08-18T23:05:52Z</time>
                                                <extensions>
                            <sog>8.3</sog>
<cog>69.1</cog>
                        </extensions>
                    </trkpt>
                    <trkpt lat="54.48674166666667" lon="10.292453333333333">
                        <ele>0</ele>
                        <time>2022-08-18T23:05:56Z</time>
                                                <extensions>
                            <sog>8.4</sog>
<cog>67.6</cog>
                        </extensions>
                    </trkpt>
                    <trkpt lat="54.48677333333333" lon="10.292576666666667">
                        <ele>0</ele>
                        <time>2022-08-18T23:05:58Z</time>
                                                <extensions>
                            <sog>8.4</sog>
<cog>67.2</cog>
                        </extensions>
                    </trkpt>
                    <trkpt lat="54.48683333333334" lon="10.292826666666667">
                        <ele>0</ele>
                        <time>2022-08-18T23:06:01Z</time>
                                                <extensions>
                            <sog>8.4</sog>
<cog>66.9</cog>
                        </extensions>
                    </trkpt>
                    <trkpt lat="54.486983333333335" lon="10.293458333333332">
                        <ele>0</ele>
                        <time>2022-08-18T23:06:11Z</time>
                                                <extensions>
                            <sog>8.5</sog>
<cog>68.0</cog>
                        </extensions>
                    </trkpt>
                    <trkpt lat="54.487026666666665" lon="10.293650000000001">
                        <ele>0</ele>
                        <time>2022-08-18T23:06:14Z</time>
                                                <extensions>
                            <sog>8.5</sog>
<cog>68.1</cog>
                        </extensions>
                    </trkpt>
                    <trkpt lat="54.48716" lon="10.294228333333333">
                        <ele>0</ele>
                        <time>2022-08-18T23:06:24Z</time>
                                                <extensions>
                            <sog>8.7</sog>
<cog>68.1</cog>
                        </extensions>
                    </trkpt>
                    <trkpt lat="54.48735" lon="10.295013333333333">
                        <ele>0</ele>
                        <time>2022-08-18T23:06:36Z</time>
                                                <extensions>
                            <sog>8.9</sog>
<cog>67.4</cog>
                        </extensions>
                    </trkpt>
                    <trkpt lat="54.487698333333334" lon="10.296356666666666">
                        <ele>0</ele>
                        <time>2022-08-18T23:06:56Z</time>
                                                <extensions>
                            <sog>9.3</sog>
<cog>65.9</cog>
                        </extensions>
                    </trkpt>
                    <trkpt lat="54.48808" lon="10.297756666666666">
                        <ele>0</ele>
                        <time>2022-08-18T23:07:16Z</time>
                                                <extensions>
                            <sog>9.8</sog>
<cog>64.8</cog>
                        </extensions>
                    </trkpt>
                    <trkpt lat="54.488238333333335" lon="10.298333333333334">
                        <ele>0</ele>
                        <time>2022-08-18T23:07:24Z</time>
                                                <extensions>
                            <sog>9.9</sog>
<cog>64.8</cog>
                        </extensions>
                    </trkpt>
                    <trkpt lat="54.48847333333333" lon="10.299216666666666">
                        <ele>0</ele>
                        <time>2022-08-18T23:07:36Z</time>
                                                <extensions>
                            <sog>10.1</sog>
<cog>65.2</cog>
                        </extensions>
                    </trkpt>
                    <trkpt lat="54.48867166666666" lon="10.299968333333334">
                        <ele>0</ele>
                        <time>2022-08-18T23:07:46Z</time>
                                                <extensions>
                            <sog>10.3</sog>
<cog>65.6</cog>
                        </extensions>
                    </trkpt>
                    <trkpt lat="54.48883" lon="10.300578333333334">
                        <ele>0</ele>
                        <time>2022-08-18T23:07:54Z</time>
                                                <extensions>
                            <sog>10.4</sog>
<cog>65.8</cog>
                        </extensions>
                    </trkpt>
                    <trkpt lat="54.489065" lon="10.301508333333334">
                        <ele>0</ele>
                        <time>2022-08-18T23:08:06Z</time>
                                                <extensions>
                            <sog>10.6</sog>
<cog>66.5</cog>
                        </extensions>
                    </trkpt>
                    <trkpt lat="54.489259999999994" lon="10.302294999999999">
                        <ele>0</ele>
                        <time>2022-08-18T23:08:16Z</time>
                                                <extensions>
                            <sog>10.7</sog>
<cog>66.8</cog>
                        </extensions>
                    </trkpt>
                    <trkpt lat="54.489415" lon="10.302933333333334">
                        <ele>0</ele>
                        <time>2022-08-18T23:08:24Z</time>
                                                <extensions>
                            <sog>10.8</sog>
<cog>67.2</cog>
                        </extensions>
                    </trkpt>
                    <trkpt lat="54.489646666666665" lon="10.303901666666667">
                        <ele>0</ele>
                        <time>2022-08-18T23:08:36Z</time>
                                                <extensions>
                            <sog>10.9</sog>
<cog>67.6</cog>
                        </extensions>
                    </trkpt>
                    <trkpt lat="54.48984166666666" lon="10.30472">
                        <ele>0</ele>
                        <time>2022-08-18T23:08:46Z</time>
                                                <extensions>
                            <sog>11.1</sog>
<cog>67.7</cog>
                        </extensions>
                    </trkpt>
                    <trkpt lat="54.49" lon="10.305381666666667">
                        <ele>0</ele>
                        <time>2022-08-18T23:08:54Z</time>
                                                <extensions>
                            <sog>11.2</sog>
<cog>67.6</cog>
                        </extensions>
                    </trkpt>
                    <trkpt lat="54.49024333333333" lon="10.306379999999999">
                        <ele>0</ele>
                        <time>2022-08-18T23:09:06Z</time>
                                                <extensions>
                            <sog>11.3</sog>
<cog>67.3</cog>
                        </extensions>
                    </trkpt>
                    <trkpt lat="54.49045" lon="10.307218333333333">
                        <ele>0</ele>
                        <time>2022-08-18T23:09:16Z</time>
                                                <extensions>
                            <sog>11.4</sog>
<cog>67.0</cog>
                        </extensions>
                    </trkpt>
                    <trkpt lat="54.49061833333334" lon="10.307891666666666">
                        <ele>0</ele>
                        <time>2022-08-18T23:09:24Z</time>
                                                <extensions>
                            <sog>11.5</sog>
<cog>66.8</cog>
                        </extensions>
                    </trkpt>
                    <trkpt lat="54.490853333333334" lon="10.308825">
                        <ele>0</ele>
                        <time>2022-08-18T23:09:34Z</time>
                                                <extensions>
                            <sog>11.6</sog>
<cog>66.7</cog>
                        </extensions>
                    </trkpt>
                    <trkpt lat="54.49109" lon="10.309761666666667">
                        <ele>0</ele>
                        <time>2022-08-18T23:09:46Z</time>
                                                <extensions>
                            <sog>11.7</sog>
<cog>66.5</cog>
                        </extensions>
                    </trkpt>
                    <trkpt lat="54.491265" lon="10.310448333333333">
                        <ele>0</ele>
                        <time>2022-08-18T23:09:54Z</time>
                                                <extensions>
                            <sog>11.7</sog>
<cog>66.4</cog>
                        </extensions>
                    </trkpt>
                    <trkpt lat="54.491526666666665" lon="10.311481666666667">
                        <ele>0</ele>
                        <time>2022-08-18T23:10:06Z</time>
                                                <extensions>
                            <sog>11.8</sog>
<cog>66.4</cog>
                        </extensions>
                    </trkpt>
                    <trkpt lat="54.491745" lon="10.312348333333334">
                        <ele>0</ele>
                        <time>2022-08-18T23:10:16Z</time>
                                                <extensions>
                            <sog>11.8</sog>
<cog>66.5</cog>
                        </extensions>
                    </trkpt>
                    <trkpt lat="54.49216" lon="10.314005">
                        <ele>0</ele>
                        <time>2022-08-18T23:10:34Z</time>
                                                <extensions>
                            <sog>11.9</sog>
<cog>66.6</cog>
                        </extensions>
                    </trkpt>
                    <trkpt lat="54.492401666666666" lon="10.314969999999999">
                        <ele>0</ele>
                        <time>2022-08-18T23:10:46Z</time>
                                                <extensions>
                            <sog>12.0</sog>
<cog>66.6</cog>
                        </extensions>
                    </trkpt>
                    <trkpt lat="54.492578333333334" lon="10.315671666666667">
                        <ele>0</ele>
                        <time>2022-08-18T23:10:54Z</time>
                                                <extensions>
                            <sog>12.0</sog>
<cog>66.6</cog>
                        </extensions>
                    </trkpt>
                    <trkpt lat="54.492846666666665" lon="10.316726666666666">
                        <ele>0</ele>
                        <time>2022-08-18T23:11:06Z</time>
                                                <extensions>
                            <sog>12.0</sog>
<cog>66.3</cog>
                        </extensions>
                    </trkpt>
                    <trkpt lat="54.493073333333335" lon="10.317606666666668">
                        <ele>0</ele>
                        <time>2022-08-18T23:11:16Z</time>
                                                <extensions>
                            <sog>12.1</sog>
<cog>66.3</cog>
                        </extensions>
                    </trkpt>
                    <trkpt lat="54.493498333333335" lon="10.319286666666667">
                        <ele>0</ele>
                        <time>2022-08-18T23:11:34Z</time>
                                                <extensions>
                            <sog>12.1</sog>
<cog>66.4</cog>
                        </extensions>
                    </trkpt>
                    <trkpt lat="54.49372" lon="10.320173333333335">
                        <ele>0</ele>
                        <time>2022-08-18T23:11:45Z</time>
                                                <extensions>
                            <sog>12.1</sog>
<cog>66.6</cog>
                        </extensions>
                    </trkpt>
                    <trkpt lat="54.49392" lon="10.320973333333335">
                        <ele>0</ele>
                        <time>2022-08-18T23:11:54Z</time>
                                                <extensions>
                            <sog>12.1</sog>
<cog>66.7</cog>
                        </extensions>
                    </trkpt>
                    <trkpt lat="54.494146666666666" lon="10.321861666666667">
                        <ele>0</ele>
                        <time>2022-08-18T23:12:04Z</time>
                                                <extensions>
                            <sog>12.2</sog>
<cog>66.3</cog>
                        </extensions>
                    </trkpt>
                    <trkpt lat="54.49442166666667" lon="10.322926666666666">
                        <ele>0</ele>
                        <time>2022-08-18T23:12:16Z</time>
                                                <extensions>
                            <sog>12.2</sog>
<cog>66.0</cog>
                        </extensions>
                    </trkpt>
                    <trkpt lat="54.49462833333334" lon="10.323725">
                        <ele>0</ele>
                        <time>2022-08-18T23:12:25Z</time>
                                                <extensions>
                            <sog>12.2</sog>
<cog>66.0</cog>
                        </extensions>
                    </trkpt>
                    <trkpt lat="54.494855" lon="10.324615">
                        <ele>0</ele>
                        <time>2022-08-18T23:12:34Z</time>
                                                <extensions>
                            <sog>12.2</sog>
<cog>66.2</cog>
                        </extensions>
                    </trkpt>
                    <trkpt lat="54.49507666666667" lon="10.325506666666666">
                        <ele>0</ele>
                        <time>2022-08-18T23:12:45Z</time>
                                                <extensions>
                            <sog>12.2</sog>
<cog>66.6</cog>
                        </extensions>
                    </trkpt>
                    <trkpt lat="54.49527666666667" lon="10.326311666666667">
                        <ele>0</ele>
                        <time>2022-08-18T23:12:54Z</time>
                                                <extensions>
                            <sog>12.2</sog>
<cog>66.9</cog>
                        </extensions>
                    </trkpt>
                    <trkpt lat="54.495493333333336" lon="10.327206666666665">
                        <ele>0</ele>
                        <time>2022-08-18T23:13:04Z</time>
                                                <extensions>
                            <sog>12.2</sog>
<cog>67.1</cog>
                        </extensions>
                    </trkpt>
                    <trkpt lat="54.495760000000004" lon="10.328280000000001">
                        <ele>0</ele>
                        <time>2022-08-18T23:13:15Z</time>
                                                <extensions>
                            <sog>12.2</sog>
<cog>66.8</cog>
                        </extensions>
                    </trkpt>
                    <trkpt lat="54.495965" lon="10.329083333333333">
                        <ele>0</ele>
                        <time>2022-08-18T23:13:25Z</time>
                                                <extensions>
                            <sog>12.2</sog>
<cog>66.4</cog>
                        </extensions>
                    </trkpt>
                    <trkpt lat="54.49619166666666" lon="10.329975">
                        <ele>0</ele>
                        <time>2022-08-18T23:13:34Z</time>
                                                <extensions>
                            <sog>12.2</sog>
<cog>66.4</cog>
                        </extensions>
                    </trkpt>
                    <trkpt lat="54.49641666666666" lon="10.330866666666667">
                        <ele>0</ele>
                        <time>2022-08-18T23:13:45Z</time>
                                                <extensions>
                            <sog>12.2</sog>
<cog>66.6</cog>
                        </extensions>
                    </trkpt>
                    <trkpt lat="54.496833333333335" lon="10.332571666666666">
                        <ele>0</ele>
                        <time>2022-08-18T23:14:04Z</time>
                                                <extensions>
                            <sog>12.2</sog>
<cog>67.2</cog>
                        </extensions>
                    </trkpt>
                    <trkpt lat="54.49708833333333" lon="10.333651666666666">
                        <ele>0</ele>
                        <time>2022-08-18T23:14:15Z</time>
                                                <extensions>
                            <sog>12.2</sog>
<cog>67.7</cog>
                        </extensions>
                    </trkpt>
                    <trkpt lat="54.49728" lon="10.334463333333334">
                        <ele>0</ele>
                        <time>2022-08-18T23:14:25Z</time>
                                                <extensions>
                            <sog>12.2</sog>
<cog>67.9</cog>
                        </extensions>
                    </trkpt>
                    <trkpt lat="54.49749" lon="10.335363333333333">
                        <ele>0</ele>
                        <time>2022-08-18T23:14:34Z</time>
                                                <extensions>
                            <sog>12.2</sog>
<cog>68.0</cog>
                        </extensions>
                    </trkpt>
                    <trkpt lat="54.497703333333334" lon="10.336263333333333">
                        <ele>0</ele>
                        <time>2022-08-18T23:14:45Z</time>
                                                <extensions>
                            <sog>12.2</sog>
<cog>67.7</cog>
                        </extensions>
                    </trkpt>
                    <trkpt lat="54.49794333333333" lon="10.337251666666667">
                        <ele>0</ele>
                        <time>2022-08-18T23:14:56Z</time>
                                                <extensions>
                            <sog>12.2</sog>
<cog>67.4</cog>
                        </extensions>
                    </trkpt>
                    <trkpt lat="54.49837166666667" lon="10.339051666666668">
                        <ele>0</ele>
                        <time>2022-08-18T23:15:15Z</time>
                                                <extensions>
                            <sog>12.2</sog>
<cog>67.8</cog>
                        </extensions>
                    </trkpt>
                    <trkpt lat="54.49856166666667" lon="10.339861666666668">
                        <ele>0</ele>
                        <time>2022-08-18T23:15:25Z</time>
                                                <extensions>
                            <sog>12.2</sog>
<cog>68.0</cog>
                        </extensions>
                    </trkpt>
                    <trkpt lat="54.49877" lon="10.340763333333333">
                        <ele>0</ele>
                        <time>2022-08-18T23:15:34Z</time>
                                                <extensions>
                            <sog>12.2</sog>
<cog>68.1</cog>
                        </extensions>
                    </trkpt>
                    <trkpt lat="54.49897833333333" lon="10.341665">
                        <ele>0</ele>
                        <time>2022-08-18T23:15:45Z</time>
                                                <extensions>
                            <sog>12.2</sog>
<cog>68.4</cog>
                        </extensions>
                    </trkpt>
                    <trkpt lat="54.499201666666664" lon="10.342658333333333">
                        <ele>0</ele>
                        <time>2022-08-18T23:15:56Z</time>
                                                <extensions>
                            <sog>12.2</sog>
<cog>68.7</cog>
                        </extensions>
                    </trkpt>
                    <trkpt lat="54.499363333333335" lon="10.343381666666666">
                        <ele>0</ele>
                        <time>2022-08-18T23:16:04Z</time>
                                                <extensions>
                            <sog>12.2</sog>
<cog>68.9</cog>
                        </extensions>
                    </trkpt>
                    <trkpt lat="54.499608333333335" lon="10.344468333333333">
                        <ele>0</ele>
                        <time>2022-08-18T23:16:15Z</time>
                                                <extensions>
                            <sog>12.2</sog>
<cog>68.8</cog>
                        </extensions>
                    </trkpt>
                    <trkpt lat="54.499795" lon="10.345281666666667">
                        <ele>0</ele>
                        <time>2022-08-18T23:16:25Z</time>
                                                <extensions>
                            <sog>12.2</sog>
<cog>68.4</cog>
                        </extensions>
                    </trkpt>
                    <trkpt lat="54.49998666666667" lon="10.346091666666666">
                        <ele>0</ele>
                        <time>2022-08-18T23:16:34Z</time>
                                                <extensions>
                            <sog>12.2</sog>
<cog>68.1</cog>
                        </extensions>
                    </trkpt>
                    <trkpt lat="54.50044833333333" lon="10.348080000000001">
                        <ele>0</ele>
                        <time>2022-08-18T23:16:56Z</time>
                                                <extensions>
                            <sog>12.2</sog>
<cog>68.4</cog>
                        </extensions>
                    </trkpt>
                    <trkpt lat="54.50085833333333" lon="10.349895">
                        <ele>0</ele>
                        <time>2022-08-18T23:17:15Z</time>
                                                <extensions>
                            <sog>12.2</sog>
<cog>68.6</cog>
                        </extensions>
                    </trkpt>
                    <trkpt lat="54.501045" lon="10.350711666666665">
                        <ele>0</ele>
                        <time>2022-08-18T23:17:25Z</time>
                                                <extensions>
                            <sog>12.2</sog>
<cog>68.7</cog>
                        </extensions>
                    </trkpt>
                    <trkpt lat="54.50123" lon="10.351531666666666">
                        <ele>0</ele>
                        <time>2022-08-18T23:17:34Z</time>
                                                <extensions>
                            <sog>12.2</sog>
<cog>68.7</cog>
                        </extensions>
                    </trkpt>
                    <trkpt lat="54.50145666666666" lon="10.352533333333334">
                        <ele>0</ele>
                        <time>2022-08-18T23:17:45Z</time>
                                                <extensions>
                            <sog>12.3</sog>
<cog>68.6</cog>
                        </extensions>
                    </trkpt>
                    <trkpt lat="54.501665" lon="10.353444999999999">
                        <ele>0</ele>
                        <time>2022-08-18T23:17:55Z</time>
                                                <extensions>
                            <sog>12.3</sog>
<cog>68.6</cog>
                        </extensions>
                    </trkpt>
                    <trkpt lat="54.501848333333335" lon="10.354266666666666">
                        <ele>0</ele>
                        <time>2022-08-18T23:18:04Z</time>
                                                <extensions>
                            <sog>12.3</sog>
<cog>68.8</cog>
                        </extensions>
                    </trkpt>
                    <trkpt lat="54.50209333333333" lon="10.355361666666665">
                        <ele>0</ele>
                        <time>2022-08-18T23:18:15Z</time>
                                                <extensions>
                            <sog>12.3</sog>
<cog>68.9</cog>
                        </extensions>
                    </trkpt>
                    <trkpt lat="54.50227833333334" lon="10.356183333333332">
                        <ele>0</ele>
                        <time>2022-08-18T23:18:25Z</time>
                                                <extensions>
                            <sog>12.3</sog>
<cog>68.7</cog>
                        </extensions>
                    </trkpt>
                    <trkpt lat="54.50246333333334" lon="10.357003333333333">
                        <ele>0</ele>
                        <time>2022-08-18T23:18:34Z</time>
                                                <extensions>
                            <sog>12.3</sog>
<cog>68.7</cog>
                        </extensions>
                    </trkpt>
                    <trkpt lat="54.50269166666667" lon="10.358006666666666">
                        <ele>0</ele>
                        <time>2022-08-18T23:18:44Z</time>
                                                <extensions>
                            <sog>12.3</sog>
<cog>68.7</cog>
                        </extensions>
                    </trkpt>
                    <trkpt lat="54.5035" lon="10.361656666666667">
                        <ele>0</ele>
                        <time>2022-08-18T23:19:25Z</time>
                                                <extensions>
                            <sog>12.3</sog>
<cog>69.1</cog>
                        </extensions>
                    </trkpt>
                    <trkpt lat="54.50391666666667" lon="10.363483333333333">
                        <ele>0</ele>
                        <time>2022-08-18T23:19:44Z</time>
                                                <extensions>
                            <sog>12.3</sog>
<cog>68.7</cog>
                        </extensions>
                    </trkpt>
                    <trkpt lat="54.504125" lon="10.364403333333334">
                        <ele>0</ele>
                        <time>2022-08-18T23:19:55Z</time>
                                                <extensions>
                            <sog>12.4</sog>
<cog>68.6</cog>
                        </extensions>
                    </trkpt>
                    <trkpt lat="54.50475666666667" lon="10.367166666666666">
                        <ele>0</ele>
                        <time>2022-08-18T23:20:25Z</time>
                                                <extensions>
                            <sog>12.4</sog>
<cog>68.5</cog>
                        </extensions>
                    </trkpt>
                    <trkpt lat="54.504945" lon="10.367996666666667">
                        <ele>0</ele>
                        <time>2022-08-18T23:20:34Z</time>
                                                <extensions>
                            <sog>12.4</sog>
<cog>68.6</cog>
                        </extensions>
                    </trkpt>
                    <trkpt lat="54.50517166666667" lon="10.369013333333333">
                        <ele>0</ele>
                        <time>2022-08-18T23:20:44Z</time>
                                                <extensions>
                            <sog>12.4</sog>
<cog>68.8</cog>
                        </extensions>
                    </trkpt>
                    <trkpt lat="54.50537666666666" lon="10.369936666666666">
                        <ele>0</ele>
                        <time>2022-08-18T23:20:55Z</time>
                                                <extensions>
                            <sog>12.4</sog>
<cog>69.1</cog>
                        </extensions>
                    </trkpt>
                    <trkpt lat="54.50559833333333" lon="10.370955">
                        <ele>0</ele>
                        <time>2022-08-18T23:21:05Z</time>
                                                <extensions>
                            <sog>12.4</sog>
<cog>69.2</cog>
                        </extensions>
                    </trkpt>
                    <trkpt lat="54.50599" lon="10.372711666666667">
                        <ele>0</ele>
                        <time>2022-08-18T23:21:25Z</time>
                                                <extensions>
                            <sog>12.4</sog>
<cog>69.1</cog>
                        </extensions>
                    </trkpt>
                    <trkpt lat="54.50617166666667" lon="10.37354">
                        <ele>0</ele>
                        <time>2022-08-18T23:21:34Z</time>
                                                <extensions>
                            <sog>12.4</sog>
<cog>69.0</cog>
                        </extensions>
                    </trkpt>
                    <trkpt lat="54.5064" lon="10.374551666666667">
                        <ele>0</ele>
                        <time>2022-08-18T23:21:44Z</time>
                                                <extensions>
                            <sog>12.4</sog>
<cog>68.9</cog>
                        </extensions>
                    </trkpt>
                    <trkpt lat="54.50660666666667" lon="10.37547">
                        <ele>0</ele>
                        <time>2022-08-18T23:21:55Z</time>
                                                <extensions>
                            <sog>12.3</sog>
<cog>68.9</cog>
                        </extensions>
                    </trkpt>
                    <trkpt lat="54.506835" lon="10.376476666666667">
                        <ele>0</ele>
                        <time>2022-08-18T23:22:05Z</time>
                                                <extensions>
                            <sog>12.3</sog>
<cog>68.6</cog>
                        </extensions>
                    </trkpt>
                    <trkpt lat="54.507045" lon="10.37739">
                        <ele>0</ele>
                        <time>2022-08-18T23:22:15Z</time>
                                                <extensions>
                            <sog>12.3</sog>
<cog>68.5</cog>
                        </extensions>
                    </trkpt>
                    <trkpt lat="54.507235" lon="10.37821">
                        <ele>0</ele>
                        <time>2022-08-18T23:22:25Z</time>
                                                <extensions>
                            <sog>12.3</sog>
<cog>68.3</cog>
                        </extensions>
                    </trkpt>
                    <trkpt lat="54.507465" lon="10.379214999999999">
                        <ele>0</ele>
                        <time>2022-08-18T23:22:36Z</time>
                                                <extensions>
                            <sog>12.3</sog>
<cog>68.3</cog>
                        </extensions>
                    </trkpt>
                    <trkpt lat="54.50765166666667" lon="10.380033333333333">
                        <ele>0</ele>
                        <time>2022-08-18T23:22:44Z</time>
                                                <extensions>
                            <sog>12.3</sog>
<cog>68.3</cog>
                        </extensions>
                    </trkpt>
                    <trkpt lat="54.50786166666667" lon="10.380943333333333">
                        <ele>0</ele>
                        <time>2022-08-18T23:22:55Z</time>
                                                <extensions>
                            <sog>12.3</sog>
<cog>68.3</cog>
                        </extensions>
                    </trkpt>
                    <trkpt lat="54.508305" lon="10.382851666666665">
                        <ele>0</ele>
                        <time>2022-08-18T23:23:15Z</time>
                                                <extensions>
                            <sog>12.3</sog>
<cog>68.2</cog>
                        </extensions>
                    </trkpt>
                    <trkpt lat="54.50872666666667" lon="10.384668333333334">
                        <ele>0</ele>
                        <time>2022-08-18T23:23:36Z</time>
                                                <extensions>
                            <sog>12.3</sog>
<cog>68.1</cog>
                        </extensions>
                    </trkpt>
                    <trkpt lat="54.50913666666667" lon="10.386393333333332">
                        <ele>0</ele>
                        <time>2022-08-18T23:23:55Z</time>
                                                <extensions>
                            <sog>12.3</sog>
<cog>67.7</cog>
                        </extensions>
                    </trkpt>
                    <trkpt lat="54.50938" lon="10.387388333333332">
                        <ele>0</ele>
                        <time>2022-08-18T23:24:06Z</time>
                                                <extensions>
                            <sog>12.3</sog>
<cog>67.1</cog>
                        </extensions>
                    </trkpt>
                    <trkpt lat="54.50960666666666" lon="10.388295">
                        <ele>0</ele>
                        <time>2022-08-18T23:24:15Z</time>
                                                <extensions>
                            <sog>12.4</sog>
<cog>66.8</cog>
                        </extensions>
                    </trkpt>
                    <trkpt lat="54.51006833333334" lon="10.39011">
                        <ele>0</ele>
                        <time>2022-08-18T23:24:36Z</time>
                                                <extensions>
                            <sog>12.4</sog>
<cog>66.4</cog>
                        </extensions>
                    </trkpt>
                    <trkpt lat="54.51027166666667" lon="10.390933333333333">
                        <ele>0</ele>
                        <time>2022-08-18T23:24:44Z</time>
                                                <extensions>
                            <sog>12.4</sog>
<cog>66.9</cog>
                        </extensions>
                    </trkpt>
                    <trkpt lat="54.510488333333335" lon="10.39185">
                        <ele>0</ele>
                        <time>2022-08-18T23:24:54Z</time>
                                                <extensions>
                            <sog>12.4</sog>
<cog>67.6</cog>
                        </extensions>
                    </trkpt>
                    <trkpt lat="54.51071666666667" lon="10.392861666666667">
                        <ele>0</ele>
                        <time>2022-08-18T23:25:06Z</time>
                                                <extensions>
                            <sog>12.4</sog>
<cog>68.5</cog>
                        </extensions>
                    </trkpt>
                    <trkpt lat="54.51092166666667" lon="10.393785000000001">
                        <ele>0</ele>
                        <time>2022-08-18T23:25:15Z</time>
                                                <extensions>
                            <sog>12.4</sog>
<cog>69.1</cog>
                        </extensions>
                    </trkpt>
                    <trkpt lat="54.51110166666667" lon="10.394616666666668">
                        <ele>0</ele>
                        <time>2022-08-18T23:25:24Z</time>
                                                <extensions>
                            <sog>12.4</sog>
<cog>69.4</cog>
                        </extensions>
                    </trkpt>
                    <trkpt lat="54.51132333333333" lon="10.395633333333334">
                        <ele>0</ele>
                        <time>2022-08-18T23:25:36Z</time>
                                                <extensions>
                            <sog>12.4</sog>
<cog>69.3</cog>
                        </extensions>
                    </trkpt>
                    <trkpt lat="54.51151" lon="10.396461666666665">
                        <ele>0</ele>
                        <time>2022-08-18T23:25:45Z</time>
                                                <extensions>
                            <sog>12.4</sog>
<cog>68.9</cog>
                        </extensions>
                    </trkpt>
                    <trkpt lat="54.511725" lon="10.397381666666666">
                        <ele>0</ele>
                        <time>2022-08-18T23:25:54Z</time>
                                                <extensions>
                            <sog>12.4</sog>
<cog>68.1</cog>
                        </extensions>
                    </trkpt>
                    <trkpt lat="54.51218333333334" lon="10.399208333333332">
                        <ele>0</ele>
                        <time>2022-08-18T23:26:15Z</time>
                                                <extensions>
                            <sog>12.5</sog>
<cog>66.5</cog>
                        </extensions>
                    </trkpt>
                    <trkpt lat="54.512415000000004" lon="10.400123333333333">
                        <ele>0</ele>
                        <time>2022-08-18T23:26:24Z</time>
                                                <extensions>
                            <sog>12.5</sog>
<cog>66.3</cog>
                        </extensions>
                    </trkpt>
                    <trkpt lat="54.51266833333333" lon="10.401133333333332">
                        <ele>0</ele>
                        <time>2022-08-18T23:26:36Z</time>
                                                <extensions>
                            <sog>12.5</sog>
<cog>66.6</cog>
                        </extensions>
                    </trkpt>
                    <trkpt lat="54.51286833333334" lon="10.401963333333333">
                        <ele>0</ele>
                        <time>2022-08-18T23:26:45Z</time>
                                                <extensions>
                            <sog>12.5</sog>
<cog>67.3</cog>
                        </extensions>
                    </trkpt>
                    <trkpt lat="54.513083333333334" lon="10.402891666666667">
                        <ele>0</ele>
                        <time>2022-08-18T23:26:54Z</time>
                                                <extensions>
                            <sog>12.5</sog>
<cog>68.0</cog>
                        </extensions>
                    </trkpt>
                    <trkpt lat="54.51331166666667" lon="10.403915000000001">
                        <ele>0</ele>
                        <time>2022-08-18T23:27:06Z</time>
                                                <extensions>
                            <sog>12.5</sog>
<cog>68.8</cog>
                        </extensions>
                    </trkpt>
                    <trkpt lat="54.51349333333334" lon="10.404756666666666">
                        <ele>0</ele>
                        <time>2022-08-18T23:27:15Z</time>
                                                <extensions>
                            <sog>12.5</sog>
<cog>69.3</cog>
                        </extensions>
                    </trkpt>
                    <trkpt lat="54.51391" lon="10.406725">
                        <ele>0</ele>
                        <time>2022-08-18T23:27:36Z</time>
                                                <extensions>
                            <sog>12.5</sog>
<cog>69.8</cog>
                        </extensions>
                    </trkpt>
                    <trkpt lat="54.514540000000004" lon="10.409516666666667">
                        <ele>0</ele>
                        <time>2022-08-18T23:28:06Z</time>
                                                <extensions>
                            <sog>12.6</sog>
<cog>68.0</cog>
                        </extensions>
                    </trkpt>
                    <trkpt lat="54.514745" lon="10.410348333333333">
                        <ele>0</ele>
                        <time>2022-08-18T23:28:15Z</time>
                                                <extensions>
                            <sog>12.6</sog>
<cog>67.3</cog>
                        </extensions>
                    </trkpt>
                    <trkpt lat="54.51497666666667" lon="10.41127">
                        <ele>0</ele>
                        <time>2022-08-18T23:28:24Z</time>
                                                <extensions>
                            <sog>12.6</sog>
<cog>66.7</cog>
                        </extensions>
                    </trkpt>
                    <trkpt lat="54.515233333333335" lon="10.412285">
                        <ele>0</ele>
                        <time>2022-08-18T23:28:35Z</time>
                                                <extensions>
                            <sog>12.6</sog>
<cog>66.6</cog>
                        </extensions>
                    </trkpt>
                    <trkpt lat="54.515438333333336" lon="10.413118333333333">
                        <ele>0</ele>
                        <time>2022-08-18T23:28:45Z</time>
                                                <extensions>
                            <sog>12.6</sog>
<cog>67.0</cog>
                        </extensions>
                    </trkpt>
                    <trkpt lat="54.51589" lon="10.415076666666666">
                        <ele>0</ele>
                        <time>2022-08-18T23:29:06Z</time>
                                                <extensions>
                            <sog>12.6</sog>
<cog>68.3</cog>
                        </extensions>
                    </trkpt>
                    <trkpt lat="54.51608" lon="10.415918333333334">
                        <ele>0</ele>
                        <time>2022-08-18T23:29:15Z</time>
                                                <extensions>
                            <sog>12.6</sog>
<cog>68.7</cog>
                        </extensions>
                    </trkpt>
                    <trkpt lat="54.516290000000005" lon="10.416855">
                        <ele>0</ele>
                        <time>2022-08-18T23:29:24Z</time>
                                                <extensions>
                            <sog>12.6</sog>
<cog>68.8</cog>
                        </extensions>
                    </trkpt>
                    <trkpt lat="54.51651833333334" lon="10.417885">
                        <ele>0</ele>
                        <time>2022-08-18T23:29:35Z</time>
                                                <extensions>
                            <sog>12.6</sog>
<cog>68.9</cog>
                        </extensions>
                    </trkpt>
                    <trkpt lat="54.51692166666667" lon="10.419663333333334">
                        <ele>0</ele>
                        <time>2022-08-18T23:29:54Z</time>
                                                <extensions>
                            <sog>12.6</sog>
<cog>68.6</cog>
                        </extensions>
                    </trkpt>
                    <trkpt lat="54.51716" lon="10.420691666666666">
                        <ele>0</ele>
                        <time>2022-08-18T23:30:06Z</time>
                                                <extensions>
                            <sog>12.6</sog>
<cog>68.2</cog>
                        </extensions>
                    </trkpt>
                    <trkpt lat="54.517356666666664" lon="10.421533333333334">
                        <ele>0</ele>
                        <time>2022-08-18T23:30:15Z</time>
                                                <extensions>
                            <sog>12.6</sog>
<cog>68.0</cog>
                        </extensions>
                    </trkpt>
                    <trkpt lat="54.51757833333333" lon="10.422466666666667">
                        <ele>0</ele>
                        <time>2022-08-18T23:30:24Z</time>
                                                <extensions>
                            <sog>12.6</sog>
<cog>67.9</cog>
                        </extensions>
                    </trkpt>
                    <trkpt lat="54.51782333333333" lon="10.423491666666667">
                        <ele>0</ele>
                        <time>2022-08-18T23:30:35Z</time>
                                                <extensions>
                            <sog>12.7</sog>
<cog>67.7</cog>
                        </extensions>
                    </trkpt>
                    <trkpt lat="54.51802333333333" lon="10.42433">
                        <ele>0</ele>
                        <time>2022-08-18T23:30:45Z</time>
                                                <extensions>
                            <sog>12.7</sog>
<cog>67.6</cog>
                        </extensions>
                    </trkpt>
                    <trkpt lat="54.51824833333333" lon="10.425263333333334">
                        <ele>0</ele>
                        <time>2022-08-18T23:30:54Z</time>
                                                <extensions>
                            <sog>12.7</sog>
<cog>67.4</cog>
                        </extensions>
                    </trkpt>
                    <trkpt lat="54.51849833333333" lon="10.426285">
                        <ele>0</ele>
                        <time>2022-08-18T23:31:06Z</time>
                                                <extensions>
                            <sog>12.7</sog>
<cog>67.3</cog>
                        </extensions>
                    </trkpt>
                    <trkpt lat="54.51916833333333" lon="10.429081666666667">
                        <ele>0</ele>
                        <time>2022-08-18T23:31:35Z</time>
                                                <extensions>
                            <sog>12.6</sog>
<cog>67.6</cog>
                        </extensions>
                    </trkpt>
                    <trkpt lat="54.51958166666667" lon="10.430855000000001">
                        <ele>0</ele>
                        <time>2022-08-18T23:31:54Z</time>
                                                <extensions>
                            <sog>12.6</sog>
<cog>68.2</cog>
                        </extensions>
                    </trkpt>
                    <trkpt lat="54.52000833333333" lon="10.432723333333334">
                        <ele>0</ele>
                        <time>2022-08-18T23:32:15Z</time>
                                                <extensions>
                            <sog>12.6</sog>
<cog>68.5</cog>
                        </extensions>
                    </trkpt>
                    <trkpt lat="54.520653333333335" lon="10.435525">
                        <ele>0</ele>
                        <time>2022-08-18T23:32:45Z</time>
                                                <extensions>
                            <sog>12.6</sog>
<cog>68.2</cog>
                        </extensions>
                    </trkpt>
                    <trkpt lat="54.521301666666666" lon="10.438324999999999">
                        <ele>0</ele>
                        <time>2022-08-18T23:33:15Z</time>
                                                <extensions>
                            <sog>12.6</sog>
<cog>68.2</cog>
                        </extensions>
                    </trkpt>
                    <trkpt lat="54.52175166666667" lon="10.440288333333333">
                        <ele>0</ele>
                        <time>2022-08-18T23:33:35Z</time>
                                                <extensions>
                            <sog>12.6</sog>
<cog>68.4</cog>
                        </extensions>
                    </trkpt>
                    <trkpt lat="54.52216333333333" lon="10.442065000000001">
                        <ele>0</ele>
                        <time>2022-08-18T23:33:54Z</time>
                                                <extensions>
                            <sog>12.6</sog>
<cog>68.3</cog>
                        </extensions>
                    </trkpt>
                    <trkpt lat="54.52259333333333" lon="10.443936666666668">
                        <ele>0</ele>
                        <time>2022-08-18T23:34:15Z</time>
                                                <extensions>
                            <sog>12.6</sog>
<cog>68.3</cog>
                        </extensions>
                    </trkpt>
                    <trkpt lat="54.523048333333335" lon="10.445901666666666">
                        <ele>0</ele>
                        <time>2022-08-18T23:34:35Z</time>
                                                <extensions>
                            <sog>12.6</sog>
<cog>68.2</cog>
                        </extensions>
                    </trkpt>
                    <trkpt lat="54.523455" lon="10.44768">
                        <ele>0</ele>
                        <time>2022-08-18T23:34:54Z</time>
                                                <extensions>
                            <sog>12.6</sog>
<cog>68.5</cog>
                        </extensions>
                    </trkpt>
                    <trkpt lat="54.52369" lon="10.448708333333334">
                        <ele>0</ele>
                        <time>2022-08-18T23:35:06Z</time>
                                                <extensions>
                            <sog>12.6</sog>
<cog>68.4</cog>
                        </extensions>
                    </trkpt>
                    <trkpt lat="54.52388333333333" lon="10.449549999999999">
                        <ele>0</ele>
                        <time>2022-08-18T23:35:15Z</time>
                                                <extensions>
                            <sog>12.6</sog>
<cog>68.4</cog>
                        </extensions>
                    </trkpt>
                    <trkpt lat="54.52433666666666" lon="10.451511666666667">
                        <ele>0</ele>
                        <time>2022-08-18T23:35:35Z</time>
                                                <extensions>
                            <sog>12.6</sog>
<cog>68.3</cog>
                        </extensions>
                    </trkpt>
                    <trkpt lat="54.52455" lon="10.452446666666667">
                        <ele>0</ele>
                        <time>2022-08-18T23:35:46Z</time>
                                                <extensions>
                            <sog>12.6</sog>
<cog>68.4</cog>
                        </extensions>
                    </trkpt>
                    <trkpt lat="54.52498166666667" lon="10.454316666666667">
                        <ele>0</ele>
                        <time>2022-08-18T23:36:06Z</time>
                                                <extensions>
                            <sog>12.6</sog>
<cog>68.2</cog>
                        </extensions>
                    </trkpt>
                    <trkpt lat="54.52517666666667" lon="10.455158333333333">
                        <ele>0</ele>
                        <time>2022-08-18T23:36:15Z</time>
                                                <extensions>
                            <sog>12.6</sog>
<cog>68.2</cog>
                        </extensions>
                    </trkpt>
                    <trkpt lat="54.52541333333333" lon="10.456188333333333">
                        <ele>0</ele>
                        <time>2022-08-18T23:36:26Z</time>
                                                <extensions>
                            <sog>12.6</sog>
<cog>68.2</cog>
                        </extensions>
                    </trkpt>
                    <trkpt lat="54.52561" lon="10.45703">
                        <ele>0</ele>
                        <time>2022-08-18T23:36:35Z</time>
                                                <extensions>
                            <sog>12.6</sog>
<cog>68.2</cog>
                        </extensions>
                    </trkpt>
                    <trkpt lat="54.525848333333336" lon="10.45806">
                        <ele>0</ele>
                        <time>2022-08-18T23:36:46Z</time>
                                                <extensions>
                            <sog>12.6</sog>
<cog>68.1</cog>
                        </extensions>
                    </trkpt>
                    <trkpt lat="54.52628666666667" lon="10.459930000000002">
                        <ele>0</ele>
                        <time>2022-08-18T23:37:06Z</time>
                                                <extensions>
                            <sog>12.7</sog>
<cog>68.0</cog>
                        </extensions>
                    </trkpt>
                    <trkpt lat="54.52648166666667" lon="10.460771666666666">
                        <ele>0</ele>
                        <time>2022-08-18T23:37:15Z</time>
                                                <extensions>
                            <sog>12.7</sog>
<cog>68.0</cog>
                        </extensions>
                    </trkpt>
                    <trkpt lat="54.52672166666667" lon="10.461801666666666">
                        <ele>0</ele>
                        <time>2022-08-18T23:37:26Z</time>
                                                <extensions>
                            <sog>12.6</sog>
<cog>68.1</cog>
                        </extensions>
                    </trkpt>
                    <trkpt lat="54.526915" lon="10.462645">
                        <ele>0</ele>
                        <time>2022-08-18T23:37:35Z</time>
                                                <extensions>
                            <sog>12.6</sog>
<cog>68.2</cog>
                        </extensions>
                    </trkpt>
                    <trkpt lat="54.52715333333333" lon="10.463671666666666">
                        <ele>0</ele>
                        <time>2022-08-18T23:37:46Z</time>
                                                <extensions>
                            <sog>12.6</sog>
<cog>68.2</cog>
                        </extensions>
                    </trkpt>
                    <trkpt lat="54.527593333333336" lon="10.46554">
                        <ele>0</ele>
                        <time>2022-08-18T23:38:06Z</time>
                                                <extensions>
                            <sog>12.6</sog>
<cog>67.7</cog>
                        </extensions>
                    </trkpt>
                    <trkpt lat="54.528929999999995" lon="10.471026666666667">
                        <ele>0</ele>
                        <time>2022-08-18T23:39:05Z</time>
                                                <extensions>
                            <sog>12.7</sog>
<cog>67.1</cog>
                        </extensions>
                    </trkpt>
                    <trkpt lat="54.52960666666667" lon="10.473821666666668">
                        <ele>0</ele>
                        <time>2022-08-18T23:39:35Z</time>
                                                <extensions>
                            <sog>12.7</sog>
<cog>67.4</cog>
                        </extensions>
                    </trkpt>
                    <trkpt lat="54.53092166666667" lon="10.479433333333333">
                        <ele>0</ele>
                        <time>2022-08-18T23:40:35Z</time>
                                                <extensions>
                            <sog>12.7</sog>
<cog>67.8</cog>
                        </extensions>
                    </trkpt>
                    <trkpt lat="54.54284666666667" lon="10.529045">
                        <ele>0</ele>
                        <time>2022-08-18T23:49:25Z</time>
                                                <extensions>
                            <sog>12.7</sog>
<cog>67.8</cog>
                        </extensions>
                    </trkpt>
                    <trkpt lat="54.54302333333333" lon="10.529793333333334">
                        <ele>0</ele>
                        <time>2022-08-18T23:49:34Z</time>
                                                <extensions>
                            <sog>12.6</sog>
<cog>67.9</cog>
                        </extensions>
                    </trkpt>
                    <trkpt lat="54.54367666666667" lon="10.532601666666666">
                        <ele>0</ele>
                        <time>2022-08-18T23:50:04Z</time>
                                                <extensions>
                            <sog>12.6</sog>
<cog>68.2</cog>
                        </extensions>
                    </trkpt>
                    <trkpt lat="54.54393666666667" lon="10.533725">
                        <ele>0</ele>
                        <time>2022-08-18T23:50:15Z</time>
                                                <extensions>
                            <sog>12.6</sog>
<cog>68.3</cog>
                        </extensions>
                    </trkpt>
                    <trkpt lat="54.544538333333335" lon="10.536345">
                        <ele>0</ele>
                        <time>2022-08-18T23:50:44Z</time>
                                                <extensions>
                            <sog>12.6</sog>
<cog>68.5</cog>
                        </extensions>
                    </trkpt>
                    <trkpt lat="54.54544833333333" lon="10.540263333333334">
                        <ele>0</ele>
                        <time>2022-08-18T23:51:25Z</time>
                                                <extensions>
                            <sog>12.6</sog>
<cog>68.1</cog>
                        </extensions>
                    </trkpt>
                    </trkseg>
                </trk>
</gpx>