<?xml version="1.0" encoding="UTF-8"?>
<gpx version="1.1" creator="AIS-to-GPX Converter" xmlns="http://www.topografix.com/GPX/1/1">
                <trk>
                    <name>anon0115</name>
                    <trkseg>
                                            <trkpt lat="54.435950000000005" lon="10.17335">
                        <ele>0</ele>
                        <time>2022-08-18T07:18:15Z</time>
                                                <extensions>
                            <sog>0.0</sog>
<cog>69.0</cog>
                        </extensions>
                    </trkpt>
                    <trkpt lat="54.435955" lon="10.17337">
                        <ele>0</ele>
                        <time>2022-08-18T07:18:23Z</time>
                                                <extensions>
                            <sog>0.0</sog>
<cog>50.2</cog>
                        </extensions>
                    </trkpt>
                    <trkpt lat="54.435950000000005" lon="10.17335">
                        <ele>0</ele>
                        <time>2022-08-18T07:18:34Z</time>
                                                <extensions>
                            <sog>0.0</sog>
<cog>329.1</cog>
                        </extensions>
                    </trkpt>
                    <trkpt lat="54.435950000000005" lon="10.17335">
                        <ele>0</ele>
                        <time>2022-08-18T07:18:44Z</time>
                                                <extensions>
                            <sog>0.0</sog>
<cog>7.1</cog>
                        </extensions>
                    </trkpt>
                    <trkpt lat="54.435955" lon="10.173375">
                        <ele>0</ele>
                        <time>2022-08-18T07:18:54Z</time>
                                                <extensions>
                            <sog>0.0</sog>
<cog>50.2</cog>
                        </extensions>
                    </trkpt>
                    <trkpt lat="54.435950000000005" lon="10.17335">
                        <ele>0</ele>
                        <time>2022-08-18T07:19:04Z</time>
                                                <extensions>
                            <sog>0.0</sog>
<cog>50.2</cog>
                        </extensions>
                    </trkpt>
                    <trkpt lat="54.435950000000005" lon="10.17335">
                        <ele>0</ele>
                        <time>2022-08-18T07:19:15Z</time>
                                                <extensions>
                            <sog>0.0</sog>
<cog>237.6</cog>
                        </extensions>
                    </trkpt>
                    <trkpt lat="54.435950000000005" lon="10.173391666666667">
                        <ele>0</ele>
                        <time>2022-08-18T07:19:23Z</time>
                                                <extensions>
                            <sog>0.0</sog>
<cog>50.2</cog>
                        </extensions>
                    </trkpt>
                    <trkpt lat="54.435950000000005" lon="10.17335">
                        <ele>0</ele>
                        <time>2022-08-18T07:19:34Z</time>
                                                <extensions>
                            <sog>0.0</sog>
<cog>276.1</cog>
                        </extensions>
                    </trkpt>
                    <trkpt lat="54.435966666666666" lon="10.17335">
                        <ele>0</ele>
                        <time>2022-08-18T07:19:44Z</time>
                                                <extensions>
                            <sog>0.0</sog>
<cog>238.4</cog>
                        </extensions>
                    </trkpt>
                    <trkpt lat="54.435948333333336" lon="10.173396666666667">
                        <ele>0</ele>
                        <time>2022-08-18T07:19:54Z</time>
                                                <extensions>
                            <sog>0.0</sog>
<cog>50.2</cog>
                        </extensions>
                    </trkpt>
                    <trkpt lat="54.435966666666666" lon="10.17335">
                        <ele>0</ele>
                        <time>2022-08-18T07:20:04Z</time>
                                                <extensions>
                            <sog>0.0</sog>
<cog>50.2</cog>
                        </extensions>
                    </trkpt>
                    <trkpt lat="54.435945" lon="10.173391666666667">
                        <ele>0</ele>
                        <time>2022-08-18T07:20:15Z</time>
                                                <extensions>
                            <sog>0.0</sog>
<cog>2.6</cog>
                        </extensions>
                    </trkpt>
                    <trkpt lat="54.435950000000005" lon="10.17335">
                        <ele>0</ele>
                        <time>2022-08-18T07:20:23Z</time>
                                                <extensions>
                            <sog>0.0</sog>
<cog>50.2</cog>
                        </extensions>
                    </trkpt>
                    <trkpt lat="54.435950000000005" lon="10.17335">
                        <ele>0</ele>
                        <time>2022-08-18T07:20:44Z</time>
                                                <extensions>
                            <sog>0.0</sog>
<cog>327.9</cog>
                        </extensions>
                    </trkpt>
                    <trkpt lat="54.43594333333333" lon="10.173388333333332">
                        <ele>0</ele>
                        <time>2022-08-18T07:20:54Z</time>
                                                <extensions>
                            <sog>0.0</sog>
<cog>50.2</cog>
                        </extensions>
                    </trkpt>
                    <trkpt lat="54.435950000000005" lon="10.17335">
                        <ele>0</ele>
                        <time>2022-08-18T07:21:04Z</time>
                                                <extensions>
                            <sog>0.0</sog>
<cog>50.2</cog>
                        </extensions>
                    </trkpt>
                    <trkpt lat="54.435945" lon="10.17338">
                        <ele>0</ele>
                        <time>2022-08-18T07:21:15Z</time>
                                                <extensions>
                            <sog>0.0</sog>
<cog>317.6</cog>
                        </extensions>
                    </trkpt>
                    <trkpt lat="54.435950000000005" lon="10.17335">
                        <ele>0</ele>
                        <time>2022-08-18T07:21:23Z</time>
                                                <extensions>
                            <sog>0.0</sog>
<cog>50.2</cog>
                        </extensions>
                    </trkpt>
                    <trkpt lat="54.435950000000005" lon="10.17335">
                        <ele>0</ele>
                        <time>2022-08-18T07:21:34Z</time>
                                                <extensions>
                            <sog>0.0</sog>
<cog>270.2</cog>
                        </extensions>
                    </trkpt>
                    <trkpt lat="54.435950000000005" lon="10.17335">
                        <ele>0</ele>
                        <time>2022-08-18T07:21:44Z</time>
                                                <extensions>
                            <sog>0.0</sog>
<cog>296.3</cog>
                        </extensions>
                    </trkpt>
                    <trkpt lat="54.43595333333334" lon="10.173378333333334">
                        <ele>0</ele>
                        <time>2022-08-18T07:21:54Z</time>
                                                <extensions>
                            <sog>0.0</sog>
<cog>50.2</cog>
                        </extensions>
                    </trkpt>
                    <trkpt lat="54.435966666666666" lon="10.17335">
                        <ele>0</ele>
                        <time>2022-08-18T07:22:04Z</time>
                                                <extensions>
                            <sog>0.0</sog>
<cog>50.2</cog>
                        </extensions>
                    </trkpt>
                    <trkpt lat="54.435950000000005" lon="10.17335">
                        <ele>0</ele>
                        <time>2022-08-18T07:22:23Z</time>
                                                <extensions>
                            <sog>0.0</sog>
<cog>50.2</cog>
                        </extensions>
                    </trkpt>
                    <trkpt lat="54.435950000000005" lon="10.17335">
                        <ele>0</ele>
                        <time>2022-08-18T07:22:34Z</time>
                                                <extensions>
                            <sog>0.0</sog>
<cog>256.0</cog>
                        </extensions>
                    </trkpt>
                    <trkpt lat="54.435950000000005" lon="10.17335">
                        <ele>0</ele>
                        <time>2022-08-18T07:22:44Z</time>
                                                <extensions>
                            <sog>0.0</sog>
<cog>308.1</cog>
                        </extensions>
                    </trkpt>
                    <trkpt lat="54.435950000000005" lon="10.173366666666668">
                        <ele>0</ele>
                        <time>2022-08-18T07:22:55Z</time>
                                                <extensions>
                            <sog>0.0</sog>
<cog>322.0</cog>
                        </extensions>
                    </trkpt>
                    <trkpt lat="54.435950000000005" lon="10.173366666666668">
                        <ele>0</ele>
                        <time>2022-08-18T07:23:04Z</time>
                                                <extensions>
                            <sog>0.0</sog>
<cog>50.2</cog>
                        </extensions>
                    </trkpt>
                    <trkpt lat="54.435955" lon="10.173386666666666">
                        <ele>0</ele>
                        <time>2022-08-18T07:23:15Z</time>
                                                <extensions>
                            <sog>0.0</sog>
<cog>288.2</cog>
                        </extensions>
                    </trkpt>
                    <trkpt lat="54.435950000000005" lon="10.17335">
                        <ele>0</ele>
                        <time>2022-08-18T07:23:23Z</time>
                                                <extensions>
                            <sog>0.0</sog>
<cog>50.2</cog>
                        </extensions>
                    </trkpt>
                    <trkpt lat="54.435950000000005" lon="10.17335">
                        <ele>0</ele>
                        <time>2022-08-18T07:23:34Z</time>
                                                <extensions>
                            <sog>0.0</sog>
<cog>322.1</cog>
                        </extensions>
                    </trkpt>
                    <trkpt lat="54.435950000000005" lon="10.17335">
                        <ele>0</ele>
                        <time>2022-08-18T07:23:44Z</time>
                                                <extensions>
                            <sog>0.0</sog>
<cog>300.5</cog>
                        </extensions>
                    </trkpt>
                    <trkpt lat="54.435950000000005" lon="10.17335">
                        <ele>0</ele>
                        <time>2022-08-18T07:23:55Z</time>
                                                <extensions>
                            <sog>0.0</sog>
<cog>280.3</cog>
                        </extensions>
                    </trkpt>
                    <trkpt lat="54.435950000000005" lon="10.17335">
                        <ele>0</ele>
                        <time>2022-08-18T07:24:04Z</time>
                                                <extensions>
                            <sog>0.0</sog>
<cog>50.2</cog>
                        </extensions>
                    </trkpt>
                    <trkpt lat="54.435955" lon="10.173395">
                        <ele>0</ele>
                        <time>2022-08-18T07:24:15Z</time>
                                                <extensions>
                            <sog>0.0</sog>
<cog>281.3</cog>
                        </extensions>
                    </trkpt>
                    <trkpt lat="54.435950000000005" lon="10.173366666666668">
                        <ele>0</ele>
                        <time>2022-08-18T07:24:23Z</time>
                                                <extensions>
                            <sog>0.0</sog>
<cog>50.2</cog>
                        </extensions>
                    </trkpt>
                    <trkpt lat="54.435950000000005" lon="10.173366666666668">
                        <ele>0</ele>
                        <time>2022-08-18T07:24:34Z</time>
                                                <extensions>
                            <sog>0.0</sog>
<cog>337.1</cog>
                        </extensions>
                    </trkpt>
                    <trkpt lat="54.435950000000005" lon="10.173366666666668">
                        <ele>0</ele>
                        <time>2022-08-18T07:24:44Z</time>
                                                <extensions>
                            <sog>0.0</sog>
<cog>328.3</cog>
                        </extensions>
                    </trkpt>
                    <trkpt lat="54.435950000000005" lon="10.173366666666668">
                        <ele>0</ele>
                        <time>2022-08-18T07:24:55Z</time>
                                                <extensions>
                            <sog>0.0</sog>
<cog>278.3</cog>
                        </extensions>
                    </trkpt>
                    <trkpt lat="54.435950000000005" lon="10.173366666666668">
                        <ele>0</ele>
                        <time>2022-08-18T07:25:04Z</time>
                                                <extensions>
                            <sog>0.0</sog>
<cog>50.2</cog>
                        </extensions>
                    </trkpt>
                    <trkpt lat="54.435950000000005" lon="10.173366666666668">
                        <ele>0</ele>
                        <time>2022-08-18T07:25:15Z</time>
                                                <extensions>
                            <sog>0.0</sog>
<cog>330.9</cog>
                        </extensions>
                    </trkpt>
                    <trkpt lat="54.435950000000005" lon="10.173366666666668">
                        <ele>0</ele>
                        <time>2022-08-18T07:25:23Z</time>
                                                <extensions>
                            <sog>0.0</sog>
<cog>50.2</cog>
                        </extensions>
                    </trkpt>
                    <trkpt lat="54.435950000000005" lon="10.173366666666668">
                        <ele>0</ele>
                        <time>2022-08-18T07:25:34Z</time>
                                                <extensions>
                            <sog>0.0</sog>
<cog>312.8</cog>
                        </extensions>
                    </trkpt>
                    <trkpt lat="54.435950000000005" lon="10.173366666666668">
                        <ele>0</ele>
                        <time>2022-08-18T07:25:44Z</time>
                                                <extensions>
                            <sog>0.0</sog>
<cog>289.7</cog>
                        </extensions>
                    </trkpt>
                    <trkpt lat="54.435950000000005" lon="10.173366666666668">
                        <ele>0</ele>
                        <time>2022-08-18T07:25:55Z</time>
                                                <extensions>
                            <sog>0.0</sog>
<cog>291.4</cog>
                        </extensions>
                    </trkpt>
                    <trkpt lat="54.435950000000005" lon="10.17335">
                        <ele>0</ele>
                        <time>2022-08-18T07:26:04Z</time>
                                                <extensions>
                            <sog>0.0</sog>
<cog>50.2</cog>
                        </extensions>
                    </trkpt>
                    <trkpt lat="54.435950000000005" lon="10.17335">
                        <ele>0</ele>
                        <time>2022-08-18T07:26:15Z</time>
                                                <extensions>
                            <sog>0.0</sog>
<cog>231.9</cog>
                        </extensions>
                    </trkpt>
                    <trkpt lat="54.435950000000005" lon="10.17335">
                        <ele>0</ele>
                        <time>2022-08-18T07:26:23Z</time>
                                                <extensions>
                            <sog>0.0</sog>
<cog>50.2</cog>
                        </extensions>
                    </trkpt>
                    <trkpt lat="54.435950000000005" lon="10.17335">
                        <ele>0</ele>
                        <time>2022-08-18T07:26:34Z</time>
                                                <extensions>
                            <sog>0.0</sog>
<cog>322.3</cog>
                        </extensions>
                    </trkpt>
                    <trkpt lat="54.435950000000005" lon="10.17335">
                        <ele>0</ele>
                        <time>2022-08-18T07:26:55Z</time>
                                                <extensions>
                            <sog>0.0</sog>
<cog>269.5</cog>
                        </extensions>
                    </trkpt>
                    <trkpt lat="54.435950000000005" lon="10.17335">
                        <ele>0</ele>
                        <time>2022-08-18T07:27:04Z</time>
                                                <extensions>
                            <sog>0.0</sog>
<cog>50.2</cog>
                        </extensions>
                    </trkpt>
                    <trkpt lat="54.435950000000005" lon="10.17335">
                        <ele>0</ele>
                        <time>2022-08-18T07:27:15Z</time>
                                                <extensions>
                            <sog>0.0</sog>
<cog>296.9</cog>
                        </extensions>
                    </trkpt>
                    <trkpt lat="54.435950000000005" lon="10.17335">
                        <ele>0</ele>
                        <time>2022-08-18T07:27:23Z</time>
                                                <extensions>
                            <sog>0.0</sog>
<cog>50.2</cog>
                        </extensions>
                    </trkpt>
                    <trkpt lat="54.435950000000005" lon="10.17335">
                        <ele>0</ele>
                        <time>2022-08-18T07:27:34Z</time>
                                                <extensions>
                            <sog>0.0</sog>
<cog>294.2</cog>
                        </extensions>
                    </trkpt>
                    <trkpt lat="54.435950000000005" lon="10.17335">
                        <ele>0</ele>
                        <time>2022-08-18T07:27:44Z</time>
                                                <extensions>
                            <sog>0.0</sog>
<cog>50.2</cog>
                        </extensions>
                    </trkpt>
                    <trkpt lat="54.435950000000005" lon="10.17335">
                        <ele>0</ele>
                        <time>2022-08-18T07:27:54Z</time>
                                                <extensions>
                            <sog>0.0</sog>
<cog>50.2</cog>
                        </extensions>
                    </trkpt>
                    <trkpt lat="54.435950000000005" lon="10.17335">
                        <ele>0</ele>
                        <time>2022-08-18T07:28:04Z</time>
                                                <extensions>
                            <sog>0.0</sog>
<cog>50.2</cog>
                        </extensions>
                    </trkpt>
                    <trkpt lat="54.435950000000005" lon="10.17335">
                        <ele>0</ele>
                        <time>2022-08-18T07:28:15Z</time>
                                                <extensions>
                            <sog>0.0</sog>
<cog>320.0</cog>
                        </extensions>
                    </trkpt>
                    <trkpt lat="54.435950000000005" lon="10.17335">
                        <ele>0</ele>
                        <time>2022-08-18T07:28:23Z</time>
                                                <extensions>
                            <sog>0.0</sog>
<cog>50.2</cog>
                        </extensions>
                    </trkpt>
                    <trkpt lat="54.435950000000005" lon="10.17335">
                        <ele>0</ele>
                        <time>2022-08-18T07:28:34Z</time>
                                                <extensions>
                            <sog>0.0</sog>
<cog>342.6</cog>
                        </extensions>
                    </trkpt>
                    <trkpt lat="54.435950000000005" lon="10.17335">
                        <ele>0</ele>
                        <time>2022-08-18T07:28:44Z</time>
                                                <extensions>
                            <sog>0.0</sog>
<cog>50.2</cog>
                        </extensions>
                    </trkpt>
                    <trkpt lat="54.435950000000005" lon="10.17335">
                        <ele>0</ele>
                        <time>2022-08-18T07:28:54Z</time>
                                                <extensions>
                            <sog>0.0</sog>
<cog>50.2</cog>
                        </extensions>
                    </trkpt>
                    <trkpt lat="54.435950000000005" lon="10.17335">
                        <ele>0</ele>
                        <time>2022-08-18T07:29:03Z</time>
                                                <extensions>
                            <sog>0.0</sog>
<cog>50.2</cog>
                        </extensions>
                    </trkpt>
                    <trkpt lat="54.43593333333333" lon="10.17335">
                        <ele>0</ele>
                        <time>2022-08-18T07:29:15Z</time>
                                                <extensions>
                            <sog>0.0</sog>
<cog>273.0</cog>
                        </extensions>
                    </trkpt>
                    <trkpt lat="54.43593333333333" lon="10.17335">
                        <ele>0</ele>
                        <time>2022-08-18T07:29:23Z</time>
                                                <extensions>
                            <sog>0.0</sog>
<cog>50.2</cog>
                        </extensions>
                    </trkpt>
                    <trkpt lat="54.435950000000005" lon="10.17335">
                        <ele>0</ele>
                        <time>2022-08-18T07:29:34Z</time>
                                                <extensions>
                            <sog>0.0</sog>
<cog>326.1</cog>
                        </extensions>
                    </trkpt>
                    <trkpt lat="54.435950000000005" lon="10.17335">
                        <ele>0</ele>
                        <time>2022-08-18T07:29:44Z</time>
                                                <extensions>
                            <sog>0.0</sog>
<cog>50.2</cog>
                        </extensions>
                    </trkpt>
                    <trkpt lat="54.435950000000005" lon="10.17335">
                        <ele>0</ele>
                        <time>2022-08-18T07:29:54Z</time>
                                                <extensions>
                            <sog>0.0</sog>
<cog>50.2</cog>
                        </extensions>
                    </trkpt>
                    <trkpt lat="54.435950000000005" lon="10.17335">
                        <ele>0</ele>
                        <time>2022-08-18T07:30:03Z</time>
                                                <extensions>
                            <sog>0.0</sog>
<cog>50.2</cog>
                        </extensions>
                    </trkpt>
                    <trkpt lat="54.435950000000005" lon="10.17335">
                        <ele>0</ele>
                        <time>2022-08-18T07:30:15Z</time>
                                                <extensions>
                            <sog>0.0</sog>
<cog>236.4</cog>
                        </extensions>
                    </trkpt>
                    <trkpt lat="54.435950000000005" lon="10.17335">
                        <ele>0</ele>
                        <time>2022-08-18T07:30:23Z</time>
                                                <extensions>
                            <sog>0.0</sog>
<cog>50.2</cog>
                        </extensions>
                    </trkpt>
                    <trkpt lat="54.435950000000005" lon="10.17335">
                        <ele>0</ele>
                        <time>2022-08-18T07:30:34Z</time>
                                                <extensions>
                            <sog>0.0</sog>
<cog>299.3</cog>
                        </extensions>
                    </trkpt>
                    <trkpt lat="54.435950000000005" lon="10.17335">
                        <ele>0</ele>
                        <time>2022-08-18T07:30:44Z</time>
                                                <extensions>
                            <sog>0.0</sog>
<cog>50.2</cog>
                        </extensions>
                    </trkpt>
                    <trkpt lat="54.435950000000005" lon="10.17335">
                        <ele>0</ele>
                        <time>2022-08-18T07:30:54Z</time>
                                                <extensions>
                            <sog>0.0</sog>
<cog>50.2</cog>
                        </extensions>
                    </trkpt>
                    <trkpt lat="54.43593333333333" lon="10.17335">
                        <ele>0</ele>
                        <time>2022-08-18T07:31:15Z</time>
                                                <extensions>
                            <sog>0.0</sog>
<cog>304.3</cog>
                        </extensions>
                    </trkpt>
                    <trkpt lat="54.43593333333333" lon="10.17335">
                        <ele>0</ele>
                        <time>2022-08-18T07:31:23Z</time>
                                                <extensions>
                            <sog>0.0</sog>
<cog>50.2</cog>
                        </extensions>
                    </trkpt>
                    <trkpt lat="54.43593333333333" lon="10.17335">
                        <ele>0</ele>
                        <time>2022-08-18T07:31:34Z</time>
                                                <extensions>
                            <sog>0.0</sog>
<cog>2.5</cog>
                        </extensions>
                    </trkpt>
                    <trkpt lat="54.43593333333333" lon="10.17335">
                        <ele>0</ele>
                        <time>2022-08-18T07:31:44Z</time>
                                                <extensions>
                            <sog>0.0</sog>
<cog>50.2</cog>
                        </extensions>
                    </trkpt>
                    <trkpt lat="54.435950000000005" lon="10.17335">
                        <ele>0</ele>
                        <time>2022-08-18T07:31:54Z</time>
                                                <extensions>
                            <sog>0.0</sog>
<cog>50.2</cog>
                        </extensions>
                    </trkpt>
                    <trkpt lat="54.43593333333333" lon="10.17335">
                        <ele>0</ele>
                        <time>2022-08-18T07:32:03Z</time>
                                                <extensions>
                            <sog>0.0</sog>
<cog>50.2</cog>
                        </extensions>
                    </trkpt>
                    <trkpt lat="54.43593333333333" lon="10.17335">
                        <ele>0</ele>
                        <time>2022-08-18T07:32:15Z</time>
                                                <extensions>
                            <sog>0.0</sog>
<cog>323.1</cog>
                        </extensions>
                    </trkpt>
                    <trkpt lat="54.435950000000005" lon="10.17335">
                        <ele>0</ele>
                        <time>2022-08-18T07:32:23Z</time>
                                                <extensions>
                            <sog>0.0</sog>
<cog>50.2</cog>
                        </extensions>
                    </trkpt>
                    <trkpt lat="54.435950000000005" lon="10.17335">
                        <ele>0</ele>
                        <time>2022-08-18T07:32:34Z</time>
                                                <extensions>
                            <sog>0.0</sog>
<cog>214.2</cog>
                        </extensions>
                    </trkpt>
                    <trkpt lat="54.435950000000005" lon="10.17335">
                        <ele>0</ele>
                        <time>2022-08-18T07:32:44Z</time>
                                                <extensions>
                            <sog>0.0</sog>
<cog>50.2</cog>
                        </extensions>
                    </trkpt>
                    <trkpt lat="54.435950000000005" lon="10.17335">
                        <ele>0</ele>
                        <time>2022-08-18T07:32:54Z</time>
                                                <extensions>
                            <sog>0.0</sog>
<cog>50.2</cog>
                        </extensions>
                    </trkpt>
                    <trkpt lat="54.435950000000005" lon="10.17335">
                        <ele>0</ele>
                        <time>2022-08-18T07:33:03Z</time>
                                                <extensions>
                            <sog>0.0</sog>
<cog>50.2</cog>
                        </extensions>
                    </trkpt>
                    <trkpt lat="54.435950000000005" lon="10.17335">
                        <ele>0</ele>
                        <time>2022-08-18T07:33:14Z</time>
                                                <extensions>
                            <sog>0.0</sog>
<cog>50.2</cog>
                        </extensions>
                    </trkpt>
                    <trkpt lat="54.43593333333333" lon="10.17335">
                        <ele>0</ele>
                        <time>2022-08-18T07:33:23Z</time>
                                                <extensions>
                            <sog>0.0</sog>
<cog>50.2</cog>
                        </extensions>
                    </trkpt>
                    <trkpt lat="54.43593333333333" lon="10.17335">
                        <ele>0</ele>
                        <time>2022-08-18T07:33:34Z</time>
                                                <extensions>
                            <sog>0.0</sog>
<cog>325.3</cog>
                        </extensions>
                    </trkpt>
                    <trkpt lat="54.43593333333333" lon="10.17335">
                        <ele>0</ele>
                        <time>2022-08-18T07:33:44Z</time>
                                                <extensions>
                            <sog>0.0</sog>
<cog>50.2</cog>
                        </extensions>
                    </trkpt>
                    <trkpt lat="54.435950000000005" lon="10.17335">
                        <ele>0</ele>
                        <time>2022-08-18T07:33:54Z</time>
                                                <extensions>
                            <sog>0.0</sog>
<cog>50.2</cog>
                        </extensions>
                    </trkpt>
                    <trkpt lat="54.435950000000005" lon="10.17335">
                        <ele>0</ele>
                        <time>2022-08-18T07:34:03Z</time>
                                                <extensions>
                            <sog>0.0</sog>
<cog>50.2</cog>
                        </extensions>
                    </trkpt>
                    <trkpt lat="54.435950000000005" lon="10.17335">
                        <ele>0</ele>
                        <time>2022-08-18T07:34:14Z</time>
                                                <extensions>
                            <sog>0.0</sog>
<cog>50.2</cog>
                        </extensions>
                    </trkpt>
                    <trkpt lat="54.43593333333333" lon="10.17335">
                        <ele>0</ele>
                        <time>2022-08-18T07:34:23Z</time>
                                                <extensions>
                            <sog>0.0</sog>
<cog>50.2</cog>
                        </extensions>
                    </trkpt>
                    <trkpt lat="54.43593333333333" lon="10.17335">
                        <ele>0</ele>
                        <time>2022-08-18T07:34:34Z</time>
                                                <extensions>
                            <sog>0.0</sog>
<cog>220.9</cog>
                        </extensions>
                    </trkpt>
                    <trkpt lat="54.435950000000005" lon="10.17335">
                        <ele>0</ele>
                        <time>2022-08-18T07:34:44Z</time>
                                                <extensions>
                            <sog>0.0</sog>
<cog>50.2</cog>
                        </extensions>
                    </trkpt>
                    <trkpt lat="54.435950000000005" lon="10.17335">
                        <ele>0</ele>
                        <time>2022-08-18T07:34:55Z</time>
                                                <extensions>
                            <sog>0.0</sog>
<cog>267.8</cog>
                        </extensions>
                    </trkpt>
                    <trkpt lat="54.435950000000005" lon="10.17335">
                        <ele>0</ele>
                        <time>2022-08-18T07:35:03Z</time>
                                                <extensions>
                            <sog>0.0</sog>
<cog>50.2</cog>
                        </extensions>
                    </trkpt>
                    <trkpt lat="54.435950000000005" lon="10.17335">
                        <ele>0</ele>
                        <time>2022-08-18T07:35:14Z</time>
                                                <extensions>
                            <sog>0.1</sog>
<cog>50.2</cog>
                        </extensions>
                    </trkpt>
                    <trkpt lat="54.43598333333333" lon="10.17335">
                        <ele>0</ele>
                        <time>2022-08-18T07:35:23Z</time>
                                                <extensions>
                            <sog>0.5</sog>
<cog>330.2</cog>
                        </extensions>
                    </trkpt>
                    <trkpt lat="54.43598333333333" lon="10.17335">
                        <ele>0</ele>
                        <time>2022-08-18T07:35:25Z</time>
                                                <extensions>
                            <sog>0.5</sog>
<cog>332.2</cog>
                        </extensions>
                    </trkpt>
                    <trkpt lat="54.43598333333333" lon="10.173316666666667">
                        <ele>0</ele>
                        <time>2022-08-18T07:35:31Z</time>
                                                <extensions>
                            <sog>0.4</sog>
<cog>325.6</cog>
                        </extensions>
                    </trkpt>
                    <trkpt lat="54.43598333333333" lon="10.173316666666667">
                        <ele>0</ele>
                        <time>2022-08-18T07:35:34Z</time>
                                                <extensions>
                            <sog>0.4</sog>
<cog>290.9</cog>
                        </extensions>
                    </trkpt>
                    <trkpt lat="54.43598333333333" lon="10.173266666666667">
                        <ele>0</ele>
                        <time>2022-08-18T07:35:44Z</time>
                                                <extensions>
                            <sog>0.4</sog>
<cog>282.2</cog>
                        </extensions>
                    </trkpt>
                    <trkpt lat="54.43598333333333" lon="10.17325">
                        <ele>0</ele>
                        <time>2022-08-18T07:35:47Z</time>
                                                <extensions>
                            <sog>0.4</sog>
<cog>293.9</cog>
                        </extensions>
                    </trkpt>
                    <trkpt lat="54.43598333333333" lon="10.17325">
                        <ele>0</ele>
                        <time>2022-08-18T07:35:50Z</time>
                                                <extensions>
                            <sog>0.4</sog>
<cog>288.5</cog>
                        </extensions>
                    </trkpt>
                    <trkpt lat="54.436" lon="10.173233333333334">
                        <ele>0</ele>
                        <time>2022-08-18T07:35:55Z</time>
                                                <extensions>
                            <sog>0.4</sog>
<cog>300.6</cog>
                        </extensions>
                    </trkpt>
                    <trkpt lat="54.436" lon="10.173216666666667">
                        <ele>0</ele>
                        <time>2022-08-18T07:35:57Z</time>
                                                <extensions>
                            <sog>0.4</sog>
<cog>310.9</cog>
                        </extensions>
                    </trkpt>
                    <trkpt lat="54.436" lon="10.173216666666667">
                        <ele>0</ele>
                        <time>2022-08-18T07:36:00Z</time>
                                                <extensions>
                            <sog>0.5</sog>
<cog>303.2</cog>
                        </extensions>
                    </trkpt>
                    <trkpt lat="54.43601666666667" lon="10.173216666666667">
                        <ele>0</ele>
                        <time>2022-08-18T07:36:03Z</time>
                                                <extensions>
                            <sog>0.5</sog>
<cog>307.6</cog>
                        </extensions>
                    </trkpt>
                    <trkpt lat="54.43601666666667" lon="10.173216666666667">
                        <ele>0</ele>
                        <time>2022-08-18T07:36:05Z</time>
                                                <extensions>
                            <sog>0.5</sog>
<cog>333.5</cog>
                        </extensions>
                    </trkpt>
                    <trkpt lat="54.43603333333333" lon="10.173216666666667">
                        <ele>0</ele>
                        <time>2022-08-18T07:36:07Z</time>
                                                <extensions>
                            <sog>0.5</sog>
<cog>317.4</cog>
                        </extensions>
                    </trkpt>
                    <trkpt lat="54.43603333333333" lon="10.173200000000001">
                        <ele>0</ele>
                        <time>2022-08-18T07:36:11Z</time>
                                                <extensions>
                            <sog>0.4</sog>
<cog>347.3</cog>
                        </extensions>
                    </trkpt>
                    <trkpt lat="54.43603333333333" lon="10.173216666666667">
                        <ele>0</ele>
                        <time>2022-08-18T07:36:14Z</time>
                                                <extensions>
                            <sog>0.4</sog>
<cog>328.8</cog>
                        </extensions>
                    </trkpt>
                    <trkpt lat="54.43603333333333" lon="10.173216666666667">
                        <ele>0</ele>
                        <time>2022-08-18T07:36:15Z</time>
                                                <extensions>
                            <sog>0.4</sog>
<cog>353.7</cog>
                        </extensions>
                    </trkpt>
                    <trkpt lat="54.43604333333334" lon="10.173248333333333">
                        <ele>0</ele>
                        <time>2022-08-18T07:36:18Z</time>
                                                <extensions>
                            <sog>0.3</sog>
<cog>333.5</cog>
                        </extensions>
                    </trkpt>
                    <trkpt lat="54.43605" lon="10.173200000000001">
                        <ele>0</ele>
                        <time>2022-08-18T07:36:21Z</time>
                                                <extensions>
                            <sog>0.2</sog>
<cog>335.8</cog>
                        </extensions>
                    </trkpt>
                    <trkpt lat="54.43605" lon="10.173200000000001">
                        <ele>0</ele>
                        <time>2022-08-18T07:36:24Z</time>
                                                <extensions>
                            <sog>0.2</sog>
<cog>289.7</cog>
                        </extensions>
                    </trkpt>
                    <trkpt lat="54.43603333333333" lon="10.173200000000001">
                        <ele>0</ele>
                        <time>2022-08-18T07:36:27Z</time>
                                                <extensions>
                            <sog>0.3</sog>
<cog>266.8</cog>
                        </extensions>
                    </trkpt>
                    <trkpt lat="54.436040000000006" lon="10.173174999999999">
                        <ele>0</ele>
                        <time>2022-08-18T07:36:31Z</time>
                                                <extensions>
                            <sog>0.4</sog>
<cog>247.6</cog>
                        </extensions>
                    </trkpt>
                    <trkpt lat="54.43603333333333" lon="10.173166666666667">
                        <ele>0</ele>
                        <time>2022-08-18T07:36:34Z</time>
                                                <extensions>
                            <sog>0.4</sog>
<cog>236.8</cog>
                        </extensions>
                    </trkpt>
                    <trkpt lat="54.43603333333333" lon="10.173166666666667">
                        <ele>0</ele>
                        <time>2022-08-18T07:36:37Z</time>
                                                <extensions>
                            <sog>0.3</sog>
<cog>279.7</cog>
                        </extensions>
                    </trkpt>
                    <trkpt lat="54.43603333333333" lon="10.173166666666667">
                        <ele>0</ele>
                        <time>2022-08-18T07:36:41Z</time>
                                                <extensions>
                            <sog>0.2</sog>
<cog>208.9</cog>
                        </extensions>
                    </trkpt>
                    <trkpt lat="54.43601666666667" lon="10.173166666666667">
                        <ele>0</ele>
                        <time>2022-08-18T07:36:44Z</time>
                                                <extensions>
                            <sog>0.2</sog>
<cog>206.2</cog>
                        </extensions>
                    </trkpt>
                    <trkpt lat="54.43601666666667" lon="10.173166666666667">
                        <ele>0</ele>
                        <time>2022-08-18T07:36:47Z</time>
                                                <extensions>
                            <sog>0.2</sog>
<cog>257.9</cog>
                        </extensions>
                    </trkpt>
                    <trkpt lat="54.43601666666667" lon="10.173166666666667">
                        <ele>0</ele>
                        <time>2022-08-18T07:36:50Z</time>
                                                <extensions>
                            <sog>0.2</sog>
<cog>232.0</cog>
                        </extensions>
                    </trkpt>
                    <trkpt lat="54.43603333333333" lon="10.17315">
                        <ele>0</ele>
                        <time>2022-08-18T07:36:55Z</time>
                                                <extensions>
                            <sog>0.2</sog>
<cog>253.2</cog>
                        </extensions>
                    </trkpt>
                    <trkpt lat="54.43603333333333" lon="10.173133333333334">
                        <ele>0</ele>
                        <time>2022-08-18T07:36:57Z</time>
                                                <extensions>
                            <sog>0.3</sog>
<cog>263.1</cog>
                        </extensions>
                    </trkpt>
                    <trkpt lat="54.43602833333333" lon="10.173113333333333">
                        <ele>0</ele>
                        <time>2022-08-18T07:37:01Z</time>
                                                <extensions>
                            <sog>0.3</sog>
<cog>265.9</cog>
                        </extensions>
                    </trkpt>
                    <trkpt lat="54.43603333333333" lon="10.173133333333334">
                        <ele>0</ele>
                        <time>2022-08-18T07:37:05Z</time>
                                                <extensions>
                            <sog>0.2</sog>
<cog>238.3</cog>
                        </extensions>
                    </trkpt>
                    <trkpt lat="54.43601666666667" lon="10.173116666666665">
                        <ele>0</ele>
                        <time>2022-08-18T07:37:08Z</time>
                                                <extensions>
                            <sog>0.3</sog>
<cog>259.6</cog>
                        </extensions>
                    </trkpt>
                    <trkpt lat="54.43601666666667" lon="10.173116666666665">
                        <ele>0</ele>
                        <time>2022-08-18T07:37:11Z</time>
                                                <extensions>
                            <sog>0.5</sog>
<cog>195.7</cog>
                        </extensions>
                    </trkpt>
                    <trkpt lat="54.43598333333333" lon="10.173116666666665">
                        <ele>0</ele>
                        <time>2022-08-18T07:37:14Z</time>
                                                <extensions>
                            <sog>0.7</sog>
<cog>226.9</cog>
                        </extensions>
                    </trkpt>
                    <trkpt lat="54.43593333333333" lon="10.1731">
                        <ele>0</ele>
                        <time>2022-08-18T07:37:21Z</time>
                                                <extensions>
                            <sog>1.4</sog>
<cog>188.7</cog>
                        </extensions>
                    </trkpt>
                    <trkpt lat="54.4359" lon="10.173083333333333">
                        <ele>0</ele>
                        <time>2022-08-18T07:37:24Z</time>
                                                <extensions>
                            <sog>1.8</sog>
<cog>192.0</cog>
                        </extensions>
                    </trkpt>
                    <trkpt lat="54.43586666666667" lon="10.173066666666667">
                        <ele>0</ele>
                        <time>2022-08-18T07:37:27Z</time>
                                                <extensions>
                            <sog>1.9</sog>
<cog>194.5</cog>
                        </extensions>
                    </trkpt>
                    <trkpt lat="54.435833333333335" lon="10.17305">
                        <ele>0</ele>
                        <time>2022-08-18T07:37:30Z</time>
                                                <extensions>
                            <sog>2.3</sog>
<cog>198.1</cog>
                        </extensions>
                    </trkpt>
                    <trkpt lat="54.43576666666667" lon="10.173016666666665">
                        <ele>0</ele>
                        <time>2022-08-18T07:37:34Z</time>
                                                <extensions>
                            <sog>2.6</sog>
<cog>201.7</cog>
                        </extensions>
                    </trkpt>
                    <trkpt lat="54.43573333333333" lon="10.172983333333333">
                        <ele>0</ele>
                        <time>2022-08-18T07:37:37Z</time>
                                                <extensions>
                            <sog>2.8</sog>
<cog>202.4</cog>
                        </extensions>
                    </trkpt>
                    <trkpt lat="54.435633333333335" lon="10.1729">
                        <ele>0</ele>
                        <time>2022-08-18T07:37:44Z</time>
                                                <extensions>
                            <sog>3.4</sog>
<cog>206.6</cog>
                        </extensions>
                    </trkpt>
                    <trkpt lat="54.435583333333334" lon="10.172866666666666">
                        <ele>0</ele>
                        <time>2022-08-18T07:37:47Z</time>
                                                <extensions>
                            <sog>3.5</sog>
<cog>206.9</cog>
                        </extensions>
                    </trkpt>
                    <trkpt lat="54.435516666666665" lon="10.1728">
                        <ele>0</ele>
                        <time>2022-08-18T07:37:51Z</time>
                                                <extensions>
                            <sog>3.7</sog>
<cog>207.4</cog>
                        </extensions>
                    </trkpt>
                    <trkpt lat="54.43546666666667" lon="10.17275">
                        <ele>0</ele>
                        <time>2022-08-18T07:37:55Z</time>
                                                <extensions>
                            <sog>3.9</sog>
<cog>207.5</cog>
                        </extensions>
                    </trkpt>
                    <trkpt lat="54.435399999999994" lon="10.172716666666668">
                        <ele>0</ele>
                        <time>2022-08-18T07:37:57Z</time>
                                                <extensions>
                            <sog>4.0</sog>
<cog>207.3</cog>
                        </extensions>
                    </trkpt>
                    <trkpt lat="54.43521666666666" lon="10.172566666666667">
                        <ele>0</ele>
                        <time>2022-08-18T07:38:07Z</time>
                                                <extensions>
                            <sog>4.3</sog>
<cog>205.6</cog>
                        </extensions>
                    </trkpt>
                    <trkpt lat="54.43513666666667" lon="10.17249">
                        <ele>0</ele>
                        <time>2022-08-18T07:38:11Z</time>
                                                <extensions>
                            <sog>4.4</sog>
<cog>204.8</cog>
                        </extensions>
                    </trkpt>
                    <trkpt lat="54.43508333333333" lon="10.172466666666667">
                        <ele>0</ele>
                        <time>2022-08-18T07:38:14Z</time>
                                                <extensions>
                            <sog>4.5</sog>
<cog>203.5</cog>
                        </extensions>
                    </trkpt>
                    <trkpt lat="54.43501666666667" lon="10.172433333333334">
                        <ele>0</ele>
                        <time>2022-08-18T07:38:17Z</time>
                                                <extensions>
                            <sog>4.6</sog>
<cog>201.4</cog>
                        </extensions>
                    </trkpt>
                    <trkpt lat="54.43495" lon="10.172400000000001">
                        <ele>0</ele>
                        <time>2022-08-18T07:38:20Z</time>
                                                <extensions>
                            <sog>4.6</sog>
<cog>198.1</cog>
                        </extensions>
                    </trkpt>
                    <trkpt lat="54.43486666666667" lon="10.172366666666667">
                        <ele>0</ele>
                        <time>2022-08-18T07:38:24Z</time>
                                                <extensions>
                            <sog>4.6</sog>
<cog>194.1</cog>
                        </extensions>
                    </trkpt>
                    <trkpt lat="54.43481666666666" lon="10.17235">
                        <ele>0</ele>
                        <time>2022-08-18T07:38:27Z</time>
                                                <extensions>
                            <sog>4.6</sog>
<cog>191.0</cog>
                        </extensions>
                    </trkpt>
                    <trkpt lat="54.434733333333334" lon="10.172366666666667">
                        <ele>0</ele>
                        <time>2022-08-18T07:38:31Z</time>
                                                <extensions>
                            <sog>4.5</sog>
<cog>184.8</cog>
                        </extensions>
                    </trkpt>
                    <trkpt lat="54.43461666666667" lon="10.172400000000001">
                        <ele>0</ele>
                        <time>2022-08-18T07:38:37Z</time>
                                                <extensions>
                            <sog>4.4</sog>
<cog>174.4</cog>
                        </extensions>
                    </trkpt>
                    <trkpt lat="54.434549999999994" lon="10.17245">
                        <ele>0</ele>
                        <time>2022-08-18T07:38:41Z</time>
                                                <extensions>
                            <sog>4.2</sog>
<cog>166.0</cog>
                        </extensions>
                    </trkpt>
                    <trkpt lat="54.43448333333333" lon="10.172516666666667">
                        <ele>0</ele>
                        <time>2022-08-18T07:38:44Z</time>
                                                <extensions>
                            <sog>4.2</sog>
<cog>158.1</cog>
                        </extensions>
                    </trkpt>
                    <trkpt lat="54.43443333333333" lon="10.172583333333334">
                        <ele>0</ele>
                        <time>2022-08-18T07:38:47Z</time>
                                                <extensions>
                            <sog>4.1</sog>
<cog>154.1</cog>
                        </extensions>
                    </trkpt>
                    <trkpt lat="54.4344" lon="10.17265">
                        <ele>0</ele>
                        <time>2022-08-18T07:38:50Z</time>
                                                <extensions>
                            <sog>4.0</sog>
<cog>145.2</cog>
                        </extensions>
                    </trkpt>
                    <trkpt lat="54.43435" lon="10.17275">
                        <ele>0</ele>
                        <time>2022-08-18T07:38:55Z</time>
                                                <extensions>
                            <sog>3.9</sog>
<cog>136.2</cog>
                        </extensions>
                    </trkpt>
                    <trkpt lat="54.434333333333335" lon="10.172816666666668">
                        <ele>0</ele>
                        <time>2022-08-18T07:38:57Z</time>
                                                <extensions>
                            <sog>3.8</sog>
<cog>131.8</cog>
                        </extensions>
                    </trkpt>
                    <trkpt lat="54.4343" lon="10.1729">
                        <ele>0</ele>
                        <time>2022-08-18T07:39:00Z</time>
                                                <extensions>
                            <sog>3.8</sog>
<cog>122.8</cog>
                        </extensions>
                    </trkpt>
                    <trkpt lat="54.43428333333333" lon="10.17305">
                        <ele>0</ele>
                        <time>2022-08-18T07:39:05Z</time>
                                                <extensions>
                            <sog>3.7</sog>
<cog>113.8</cog>
                        </extensions>
                    </trkpt>
                    <trkpt lat="54.43428333333333" lon="10.1731">
                        <ele>0</ele>
                        <time>2022-08-18T07:39:07Z</time>
                                                <extensions>
                            <sog>3.7</sog>
<cog>109.4</cog>
                        </extensions>
                    </trkpt>
                    <trkpt lat="54.43428333333333" lon="10.173216666666667">
                        <ele>0</ele>
                        <time>2022-08-18T07:39:11Z</time>
                                                <extensions>
                            <sog>3.6</sog>
<cog>99.9</cog>
                        </extensions>
                    </trkpt>
                    <trkpt lat="54.43427666666666" lon="10.173306666666667">
                        <ele>0</ele>
                        <time>2022-08-18T07:39:14Z</time>
                                                <extensions>
                            <sog>3.6</sog>
<cog>96.5</cog>
                        </extensions>
                    </trkpt>
                    <trkpt lat="54.43432166666666" lon="10.173499999999999">
                        <ele>0</ele>
                        <time>2022-08-18T07:39:21Z</time>
                                                <extensions>
                            <sog>3.6</sog>
<cog>79.0</cog>
                        </extensions>
                    </trkpt>
                    <trkpt lat="54.43435" lon="10.173583333333333">
                        <ele>0</ele>
                        <time>2022-08-18T07:39:24Z</time>
                                                <extensions>
                            <sog>3.7</sog>
<cog>72.7</cog>
                        </extensions>
                    </trkpt>
                    <trkpt lat="54.43438333333334" lon="10.173666666666666">
                        <ele>0</ele>
                        <time>2022-08-18T07:39:27Z</time>
                                                <extensions>
                            <sog>3.7</sog>
<cog>70.9</cog>
                        </extensions>
                    </trkpt>
                    <trkpt lat="54.4344" lon="10.17375">
                        <ele>0</ele>
                        <time>2022-08-18T07:39:30Z</time>
                                                <extensions>
                            <sog>3.8</sog>
<cog>66.5</cog>
                        </extensions>
                    </trkpt>
                    <trkpt lat="54.43443333333333" lon="10.173866666666667">
                        <ele>0</ele>
                        <time>2022-08-18T07:39:34Z</time>
                                                <extensions>
                            <sog>3.9</sog>
<cog>64.4</cog>
                        </extensions>
                    </trkpt>
                    <trkpt lat="54.43446666666667" lon="10.17395">
                        <ele>0</ele>
                        <time>2022-08-18T07:39:37Z</time>
                                                <extensions>
                            <sog>3.9</sog>
<cog>64.7</cog>
                        </extensions>
                    </trkpt>
                    <trkpt lat="54.43448" lon="10.174071666666666">
                        <ele>0</ele>
                        <time>2022-08-18T07:39:41Z</time>
                                                <extensions>
                            <sog>4.1</sog>
<cog>64.4</cog>
                        </extensions>
                    </trkpt>
                    <trkpt lat="54.43451666666667" lon="10.174183333333334">
                        <ele>0</ele>
                        <time>2022-08-18T07:39:44Z</time>
                                                <extensions>
                            <sog>4.2</sog>
<cog>65.9</cog>
                        </extensions>
                    </trkpt>
                    <trkpt lat="54.434533333333334" lon="10.174283333333333">
                        <ele>0</ele>
                        <time>2022-08-18T07:39:48Z</time>
                                                <extensions>
                            <sog>4.3</sog>
<cog>66.9</cog>
                        </extensions>
                    </trkpt>
                    <trkpt lat="54.43456666666667" lon="10.174416666666668">
                        <ele>0</ele>
                        <time>2022-08-18T07:39:51Z</time>
                                                <extensions>
                            <sog>4.3</sog>
<cog>69.4</cog>
                        </extensions>
                    </trkpt>
                    <trkpt lat="54.43458333333333" lon="10.174516666666667">
                        <ele>0</ele>
                        <time>2022-08-18T07:39:55Z</time>
                                                <extensions>
                            <sog>4.4</sog>
<cog>71.1</cog>
                        </extensions>
                    </trkpt>
                    <trkpt lat="54.4346" lon="10.174616666666667">
                        <ele>0</ele>
                        <time>2022-08-18T07:39:57Z</time>
                                                <extensions>
                            <sog>4.4</sog>
<cog>71.4</cog>
                        </extensions>
                    </trkpt>
                    <trkpt lat="54.43461666666667" lon="10.174733333333334">
                        <ele>0</ele>
                        <time>2022-08-18T07:40:00Z</time>
                                                <extensions>
                            <sog>4.5</sog>
<cog>71.0</cog>
                        </extensions>
                    </trkpt>
                    <trkpt lat="54.434666666666665" lon="10.174900000000001">
                        <ele>0</ele>
                        <time>2022-08-18T07:40:05Z</time>
                                                <extensions>
                            <sog>4.6</sog>
<cog>69.6</cog>
                        </extensions>
                    </trkpt>
                    <trkpt lat="54.43468333333333" lon="10.174983333333333">
                        <ele>0</ele>
                        <time>2022-08-18T07:40:07Z</time>
                                                <extensions>
                            <sog>4.7</sog>
<cog>69.0</cog>
                        </extensions>
                    </trkpt>
                    <trkpt lat="54.43471666666667" lon="10.175083333333333">
                        <ele>0</ele>
                        <time>2022-08-18T07:40:11Z</time>
                                                <extensions>
                            <sog>4.9</sog>
<cog>67.6</cog>
                        </extensions>
                    </trkpt>
                    <trkpt lat="54.434733333333334" lon="10.17524">
                        <ele>0</ele>
                        <time>2022-08-18T07:40:14Z</time>
                                                <extensions>
                            <sog>5.0</sog>
<cog>67.5</cog>
                        </extensions>
                    </trkpt>
                    <trkpt lat="54.43476666666666" lon="10.17535">
                        <ele>0</ele>
                        <time>2022-08-18T07:40:17Z</time>
                                                <extensions>
                            <sog>5.1</sog>
<cog>66.9</cog>
                        </extensions>
                    </trkpt>
                    <trkpt lat="54.43481666666666" lon="10.175516666666665">
                        <ele>0</ele>
                        <time>2022-08-18T07:40:21Z</time>
                                                <extensions>
                            <sog>5.3</sog>
<cog>66.7</cog>
                        </extensions>
                    </trkpt>
                    <trkpt lat="54.43485" lon="10.175633333333334">
                        <ele>0</ele>
                        <time>2022-08-18T07:40:24Z</time>
                                                <extensions>
                            <sog>5.4</sog>
<cog>67.0</cog>
                        </extensions>
                    </trkpt>
                    <trkpt lat="54.43487833333334" lon="10.175806666666666">
                        <ele>0</ele>
                        <time>2022-08-18T07:40:28Z</time>
                                                <extensions>
                            <sog>5.5</sog>
<cog>67.2</cog>
                        </extensions>
                    </trkpt>
                    <trkpt lat="54.43495" lon="10.176083333333334">
                        <ele>0</ele>
                        <time>2022-08-18T07:40:34Z</time>
                                                <extensions>
                            <sog>5.9</sog>
<cog>67.4</cog>
                        </extensions>
                    </trkpt>
                    <trkpt lat="54.434999999999995" lon="10.176266666666667">
                        <ele>0</ele>
                        <time>2022-08-18T07:40:38Z</time>
                                                <extensions>
                            <sog>6.1</sog>
<cog>67.3</cog>
                        </extensions>
                    </trkpt>
                    <trkpt lat="54.43501666666667" lon="10.176366666666667">
                        <ele>0</ele>
                        <time>2022-08-18T07:40:40Z</time>
                                                <extensions>
                            <sog>6.3</sog>
<cog>67.5</cog>
                        </extensions>
                    </trkpt>
                    <trkpt lat="54.43508333333333" lon="10.176583333333333">
                        <ele>0</ele>
                        <time>2022-08-18T07:40:44Z</time>
                                                <extensions>
                            <sog>6.8</sog>
<cog>67.6</cog>
                        </extensions>
                    </trkpt>
                    <trkpt lat="54.43521666666666" lon="10.177166666666666">
                        <ele>0</ele>
                        <time>2022-08-18T07:40:55Z</time>
                                                <extensions>
                            <sog>7.9</sog>
<cog>68.1</cog>
                        </extensions>
                    </trkpt>
                    <trkpt lat="54.43536666666667" lon="10.177866666666667">
                        <ele>0</ele>
                        <time>2022-08-18T07:41:05Z</time>
                                                <extensions>
                            <sog>8.5</sog>
<cog>69.6</cog>
                        </extensions>
                    </trkpt>
                    <trkpt lat="54.435471666666665" lon="10.178478333333334">
                        <ele>0</ele>
                        <time>2022-08-18T07:41:14Z</time>
                                                <extensions>
                            <sog>8.7</sog>
<cog>70.2</cog>
                        </extensions>
                    </trkpt>
                    <trkpt lat="54.43565" lon="10.179183333333333">
                        <ele>0</ele>
                        <time>2022-08-18T07:41:25Z</time>
                                                <extensions>
                            <sog>8.7</sog>
<cog>68.6</cog>
                        </extensions>
                    </trkpt>
                    <trkpt lat="54.43578333333333" lon="10.179766666666666">
                        <ele>0</ele>
                        <time>2022-08-18T07:41:34Z</time>
                                                <extensions>
                            <sog>8.7</sog>
<cog>67.6</cog>
                        </extensions>
                    </trkpt>
                    <trkpt lat="54.43593333333333" lon="10.180416666666668">
                        <ele>0</ele>
                        <time>2022-08-18T07:41:44Z</time>
                                                <extensions>
                            <sog>8.8</sog>
<cog>69.6</cog>
                        </extensions>
                    </trkpt>
                    <trkpt lat="54.43598333333333" lon="10.180683333333333">
                        <ele>0</ele>
                        <time>2022-08-18T07:41:48Z</time>
                                                <extensions>
                            <sog>8.8</sog>
<cog>70.6</cog>
                        </extensions>
                    </trkpt>
                    <trkpt lat="54.436" lon="10.180816666666667">
                        <ele>0</ele>
                        <time>2022-08-18T07:41:50Z</time>
                                                <extensions>
                            <sog>8.8</sog>
<cog>71.0</cog>
                        </extensions>
                    </trkpt>
                    <trkpt lat="54.43605" lon="10.181083333333333">
                        <ele>0</ele>
                        <time>2022-08-18T07:41:55Z</time>
                                                <extensions>
                            <sog>8.8</sog>
<cog>71.3</cog>
                        </extensions>
                    </trkpt>
                    <trkpt lat="54.43605" lon="10.181083333333333">
                        <ele>0</ele>
                        <time>2022-08-18T07:41:55Z</time>
                                                <extensions>
                            <sog>8.8</sog>
<cog>71.3</cog>
                        </extensions>
                    </trkpt>
                    <trkpt lat="54.436146666666666" lon="10.181566666666667">
                        <ele>0</ele>
                        <time>2022-08-18T07:42:01Z</time>
                                                <extensions>
                            <sog>8.8</sog>
<cog>70.9</cog>
                        </extensions>
                    </trkpt>
                    <trkpt lat="54.4362" lon="10.181816666666666">
                        <ele>0</ele>
                        <time>2022-08-18T07:42:05Z</time>
                                                <extensions>
                            <sog>8.8</sog>
<cog>70.1</cog>
                        </extensions>
                    </trkpt>
                    <trkpt lat="54.436233333333334" lon="10.18195">
                        <ele>0</ele>
                        <time>2022-08-18T07:42:07Z</time>
                                                <extensions>
                            <sog>8.8</sog>
<cog>69.7</cog>
                        </extensions>
                    </trkpt>
                    <trkpt lat="54.436283333333336" lon="10.18215">
                        <ele>0</ele>
                        <time>2022-08-18T07:42:10Z</time>
                                                <extensions>
                            <sog>8.8</sog>
<cog>68.8</cog>
                        </extensions>
                    </trkpt>
                    <trkpt lat="54.436344999999996" lon="10.182414999999999">
                        <ele>0</ele>
                        <time>2022-08-18T07:42:14Z</time>
                                                <extensions>
                            <sog>8.8</sog>
<cog>68.5</cog>
                        </extensions>
                    </trkpt>
                    <trkpt lat="54.43638333333333" lon="10.1826">
                        <ele>0</ele>
                        <time>2022-08-18T07:42:17Z</time>
                                                <extensions>
                            <sog>8.8</sog>
<cog>68.2</cog>
                        </extensions>
                    </trkpt>
                    <trkpt lat="54.43643333333333" lon="10.182799999999999">
                        <ele>0</ele>
                        <time>2022-08-18T07:42:20Z</time>
                                                <extensions>
                            <sog>8.8</sog>
<cog>68.4</cog>
                        </extensions>
                    </trkpt>
                    <trkpt lat="54.43651666666666" lon="10.183116666666667">
                        <ele>0</ele>
                        <time>2022-08-18T07:42:25Z</time>
                                                <extensions>
                            <sog>8.7</sog>
<cog>68.7</cog>
                        </extensions>
                    </trkpt>
                    <trkpt lat="54.43665" lon="10.183716666666667">
                        <ele>0</ele>
                        <time>2022-08-18T07:42:34Z</time>
                                                <extensions>
                            <sog>8.7</sog>
<cog>68.8</cog>
                        </extensions>
                    </trkpt>
                    <trkpt lat="54.43678333333333" lon="10.184366666666667">
                        <ele>0</ele>
                        <time>2022-08-18T07:42:44Z</time>
                                                <extensions>
                            <sog>8.8</sog>
<cog>69.4</cog>
                        </extensions>
                    </trkpt>
                    <trkpt lat="54.43691666666667" lon="10.185033333333333">
                        <ele>0</ele>
                        <time>2022-08-18T07:42:55Z</time>
                                                <extensions>
                            <sog>8.8</sog>
<cog>70.2</cog>
                        </extensions>
                    </trkpt>
                    <trkpt lat="54.43705" lon="10.185683333333333">
                        <ele>0</ele>
                        <time>2022-08-18T07:43:04Z</time>
                                                <extensions>
                            <sog>8.8</sog>
<cog>70.9</cog>
                        </extensions>
                    </trkpt>
                    <trkpt lat="54.437176666666666" lon="10.186356666666667">
                        <ele>0</ele>
                        <time>2022-08-18T07:43:14Z</time>
                                                <extensions>
                            <sog>8.8</sog>
<cog>71.1</cog>
                        </extensions>
                    </trkpt>
                    <trkpt lat="54.43733333333333" lon="10.187083333333334">
                        <ele>0</ele>
                        <time>2022-08-18T07:43:25Z</time>
                                                <extensions>
                            <sog>8.8</sog>
<cog>70.8</cog>
                        </extensions>
                    </trkpt>
                    <trkpt lat="54.437466666666666" lon="10.187683333333332">
                        <ele>0</ele>
                        <time>2022-08-18T07:43:34Z</time>
                                                <extensions>
                            <sog>8.8</sog>
<cog>70.0</cog>
                        </extensions>
                    </trkpt>
                    <trkpt lat="54.437599999999996" lon="10.188266666666667">
                        <ele>0</ele>
                        <time>2022-08-18T07:43:43Z</time>
                                                <extensions>
                            <sog>8.8</sog>
<cog>69.6</cog>
                        </extensions>
                    </trkpt>
                    <trkpt lat="54.43765" lon="10.188533333333334">
                        <ele>0</ele>
                        <time>2022-08-18T07:43:47Z</time>
                                                <extensions>
                            <sog>8.8</sog>
<cog>69.9</cog>
                        </extensions>
                    </trkpt>
                    <trkpt lat="54.4377" lon="10.188799999999999">
                        <ele>0</ele>
                        <time>2022-08-18T07:43:51Z</time>
                                                <extensions>
                            <sog>8.8</sog>
<cog>70.7</cog>
                        </extensions>
                    </trkpt>
                    <trkpt lat="54.437733333333334" lon="10.189">
                        <ele>0</ele>
                        <time>2022-08-18T07:43:55Z</time>
                                                <extensions>
                            <sog>8.8</sog>
<cog>71.9</cog>
                        </extensions>
                    </trkpt>
                    <trkpt lat="54.4378" lon="10.189400000000001">
                        <ele>0</ele>
                        <time>2022-08-18T07:44:00Z</time>
                                                <extensions>
                            <sog>8.8</sog>
<cog>73.4</cog>
                        </extensions>
                    </trkpt>
                    <trkpt lat="54.437850000000005" lon="10.189683333333333">
                        <ele>0</ele>
                        <time>2022-08-18T07:44:04Z</time>
                                                <extensions>
                            <sog>8.8</sog>
<cog>74.0</cog>
                        </extensions>
                    </trkpt>
                    <trkpt lat="54.43788333333334" lon="10.189883333333334">
                        <ele>0</ele>
                        <time>2022-08-18T07:44:07Z</time>
                                                <extensions>
                            <sog>8.8</sog>
<cog>74.3</cog>
                        </extensions>
                    </trkpt>
                    <trkpt lat="54.437916666666666" lon="10.190158333333333">
                        <ele>0</ele>
                        <time>2022-08-18T07:44:11Z</time>
                                                <extensions>
                            <sog>8.8</sog>
<cog>74.6</cog>
                        </extensions>
                    </trkpt>
                    <trkpt lat="54.43795166666666" lon="10.190363333333332">
                        <ele>0</ele>
                        <time>2022-08-18T07:44:14Z</time>
                                                <extensions>
                            <sog>8.8</sog>
<cog>74.6</cog>
                        </extensions>
                    </trkpt>
                    <trkpt lat="54.43801666666666" lon="10.190766666666667">
                        <ele>0</ele>
                        <time>2022-08-18T07:44:20Z</time>
                                                <extensions>
                            <sog>8.8</sog>
<cog>74.0</cog>
                        </extensions>
                    </trkpt>
                    <trkpt lat="54.43808333333333" lon="10.1911">
                        <ele>0</ele>
                        <time>2022-08-18T07:44:25Z</time>
                                                <extensions>
                            <sog>8.8</sog>
<cog>73.6</cog>
                        </extensions>
                    </trkpt>
                    <trkpt lat="54.4381" lon="10.191233333333335">
                        <ele>0</ele>
                        <time>2022-08-18T07:44:27Z</time>
                                                <extensions>
                            <sog>8.8</sog>
<cog>73.3</cog>
                        </extensions>
                    </trkpt>
                    <trkpt lat="54.4382" lon="10.191699999999999">
                        <ele>0</ele>
                        <time>2022-08-18T07:44:34Z</time>
                                                <extensions>
                            <sog>8.8</sog>
<cog>72.0</cog>
                        </extensions>
                    </trkpt>
                    <trkpt lat="54.438316666666665" lon="10.1923">
                        <ele>0</ele>
                        <time>2022-08-18T07:44:43Z</time>
                                                <extensions>
                            <sog>8.8</sog>
<cog>71.7</cog>
                        </extensions>
                    </trkpt>
                    <trkpt lat="54.438449999999996" lon="10.193033333333334">
                        <ele>0</ele>
                        <time>2022-08-18T07:44:55Z</time>
                                                <extensions>
                            <sog>8.8</sog>
<cog>72.7</cog>
                        </extensions>
                    </trkpt>
                    <trkpt lat="54.43856666666667" lon="10.1937">
                        <ele>0</ele>
                        <time>2022-08-18T07:45:04Z</time>
                                                <extensions>
                            <sog>8.8</sog>
<cog>73.0</cog>
                        </extensions>
                    </trkpt>
                    <trkpt lat="54.43868333333333" lon="10.194363333333333">
                        <ele>0</ele>
                        <time>2022-08-18T07:45:14Z</time>
                                                <extensions>
                            <sog>8.8</sog>
<cog>72.1</cog>
                        </extensions>
                    </trkpt>
                    <trkpt lat="54.43875" lon="10.194633333333334">
                        <ele>0</ele>
                        <time>2022-08-18T07:45:18Z</time>
                                                <extensions>
                            <sog>8.8</sog>
<cog>70.7</cog>
                        </extensions>
                    </trkpt>
                    <trkpt lat="54.43878333333334" lon="10.194833333333333">
                        <ele>0</ele>
                        <time>2022-08-18T07:45:21Z</time>
                                                <extensions>
                            <sog>8.8</sog>
<cog>70.2</cog>
                        </extensions>
                    </trkpt>
                    <trkpt lat="54.43885" lon="10.195083333333335">
                        <ele>0</ele>
                        <time>2022-08-18T07:45:25Z</time>
                                                <extensions>
                            <sog>8.8</sog>
<cog>69.5</cog>
                        </extensions>
                    </trkpt>
                    <trkpt lat="54.43898333333333" lon="10.195683333333333">
                        <ele>0</ele>
                        <time>2022-08-18T07:45:34Z</time>
                                                <extensions>
                            <sog>8.8</sog>
<cog>68.7</cog>
                        </extensions>
                    </trkpt>
                    <trkpt lat="54.439" lon="10.19575">
                        <ele>0</ele>
                        <time>2022-08-18T07:45:35Z</time>
                                                <extensions>
                            <sog>8.8</sog>
<cog>68.7</cog>
                        </extensions>
                    </trkpt>
                    <trkpt lat="54.43908333333333" lon="10.196133333333334">
                        <ele>0</ele>
                        <time>2022-08-18T07:45:41Z</time>
                                                <extensions>
                            <sog>8.8</sog>
<cog>69.2</cog>
                        </extensions>
                    </trkpt>
                    <trkpt lat="54.4391" lon="10.196266666666666">
                        <ele>0</ele>
                        <time>2022-08-18T07:45:43Z</time>
                                                <extensions>
                            <sog>8.8</sog>
<cog>69.4</cog>
                        </extensions>
                    </trkpt>
                    <trkpt lat="54.43915833333333" lon="10.19661">
                        <ele>0</ele>
                        <time>2022-08-18T07:45:48Z</time>
                                                <extensions>
                            <sog>8.8</sog>
<cog>69.5</cog>
                        </extensions>
                    </trkpt>
                    <trkpt lat="54.4394" lon="10.197650000000001">
                        <ele>0</ele>
                        <time>2022-08-18T07:46:04Z</time>
                                                <extensions>
                            <sog>8.8</sog>
<cog>69.3</cog>
                        </extensions>
                    </trkpt>
                    <trkpt lat="54.43953166666667" lon="10.198319999999999">
                        <ele>0</ele>
                        <time>2022-08-18T07:46:14Z</time>
                                                <extensions>
                            <sog>8.8</sog>
<cog>69.8</cog>
                        </extensions>
                    </trkpt>
                    <trkpt lat="54.43968333333333" lon="10.1989">
                        <ele>0</ele>
                        <time>2022-08-18T07:46:23Z</time>
                                                <extensions>
                            <sog>8.8</sog>
<cog>69.3</cog>
                        </extensions>
                    </trkpt>
                    <trkpt lat="54.43985" lon="10.199616666666666">
                        <ele>0</ele>
                        <time>2022-08-18T07:46:34Z</time>
                                                <extensions>
                            <sog>8.8</sog>
<cog>67.0</cog>
                        </extensions>
                    </trkpt>
                    <trkpt lat="54.440000000000005" lon="10.200199999999999">
                        <ele>0</ele>
                        <time>2022-08-18T07:46:43Z</time>
                                                <extensions>
                            <sog>8.8</sog>
<cog>66.1</cog>
                        </extensions>
                    </trkpt>
                    <trkpt lat="54.44025" lon="10.201083333333335">
                        <ele>0</ele>
                        <time>2022-08-18T07:46:57Z</time>
                                                <extensions>
                            <sog>8.8</sog>
<cog>65.7</cog>
                        </extensions>
                    </trkpt>
                    <trkpt lat="54.440349999999995" lon="10.201483333333334">
                        <ele>0</ele>
                        <time>2022-08-18T07:47:03Z</time>
                                                <extensions>
                            <sog>8.8</sog>
<cog>66.1</cog>
                        </extensions>
                    </trkpt>
                    <trkpt lat="54.44036666666667" lon="10.201533333333334">
                        <ele>0</ele>
                        <time>2022-08-18T07:47:04Z</time>
                                                <extensions>
                            <sog>8.8</sog>
<cog>66.3</cog>
                        </extensions>
                    </trkpt>
                    <trkpt lat="54.44051666666667" lon="10.202116666666665">
                        <ele>0</ele>
                        <time>2022-08-18T07:47:13Z</time>
                                                <extensions>
                            <sog>8.8</sog>
<cog>65.9</cog>
                        </extensions>
                    </trkpt>
                    <trkpt lat="54.4407" lon="10.20275">
                        <ele>0</ele>
                        <time>2022-08-18T07:47:23Z</time>
                                                <extensions>
                            <sog>8.8</sog>
<cog>64.0</cog>
                        </extensions>
                    </trkpt>
                    <trkpt lat="54.440900000000006" lon="10.203433333333333">
                        <ele>0</ele>
                        <time>2022-08-18T07:47:34Z</time>
                                                <extensions>
                            <sog>8.8</sog>
<cog>62.2</cog>
                        </extensions>
                    </trkpt>
                    <trkpt lat="54.441066666666664" lon="10.204">
                        <ele>0</ele>
                        <time>2022-08-18T07:47:43Z</time>
                                                <extensions>
                            <sog>8.8</sog>
<cog>62.7</cog>
                        </extensions>
                    </trkpt>
                    <trkpt lat="54.44113333333333" lon="10.204199999999998">
                        <ele>0</ele>
                        <time>2022-08-18T07:47:47Z</time>
                                                <extensions>
                            <sog>8.8</sog>
<cog>63.6</cog>
                        </extensions>
                    </trkpt>
                    <trkpt lat="54.4412" lon="10.204450000000001">
                        <ele>0</ele>
                        <time>2022-08-18T07:47:50Z</time>
                                                <extensions>
                            <sog>8.8</sog>
<cog>64.5</cog>
                        </extensions>
                    </trkpt>
                    <trkpt lat="54.44141666666667" lon="10.205283333333334">
                        <ele>0</ele>
                        <time>2022-08-18T07:48:03Z</time>
                                                <extensions>
                            <sog>8.9</sog>
<cog>66.6</cog>
                        </extensions>
                    </trkpt>
                    <trkpt lat="54.44152" lon="10.205833333333334">
                        <ele>0</ele>
                        <time>2022-08-18T07:48:11Z</time>
                                                <extensions>
                            <sog>8.9</sog>
<cog>66.7</cog>
                        </extensions>
                    </trkpt>
                    <trkpt lat="54.441583333333334" lon="10.205933333333332">
                        <ele>0</ele>
                        <time>2022-08-18T07:48:13Z</time>
                                                <extensions>
                            <sog>8.9</sog>
<cog>66.6</cog>
                        </extensions>
                    </trkpt>
                    <trkpt lat="54.441645" lon="10.206286666666667">
                        <ele>0</ele>
                        <time>2022-08-18T07:48:18Z</time>
                                                <extensions>
                            <sog>8.9</sog>
<cog>66.5</cog>
                        </extensions>
                    </trkpt>
                    <trkpt lat="54.4417" lon="10.2064">
                        <ele>0</ele>
                        <time>2022-08-18T07:48:20Z</time>
                                                <extensions>
                            <sog>8.8</sog>
<cog>66.3</cog>
                        </extensions>
                    </trkpt>
                    <trkpt lat="54.44175" lon="10.206583333333333">
                        <ele>0</ele>
                        <time>2022-08-18T07:48:23Z</time>
                                                <extensions>
                            <sog>8.8</sog>
<cog>66.1</cog>
                        </extensions>
                    </trkpt>
                    <trkpt lat="54.44193333333333" lon="10.2073">
                        <ele>0</ele>
                        <time>2022-08-18T07:48:34Z</time>
                                                <extensions>
                            <sog>8.9</sog>
<cog>65.6</cog>
                        </extensions>
                    </trkpt>
                    <trkpt lat="54.442083333333336" lon="10.207883333333333">
                        <ele>0</ele>
                        <time>2022-08-18T07:48:43Z</time>
                                                <extensions>
                            <sog>8.9</sog>
<cog>66.4</cog>
                        </extensions>
                    </trkpt>
                    <trkpt lat="54.442249999999994" lon="10.208616666666668">
                        <ele>0</ele>
                        <time>2022-08-18T07:48:54Z</time>
                                                <extensions>
                            <sog>8.9</sog>
<cog>67.6</cog>
                        </extensions>
                    </trkpt>
                    <trkpt lat="54.4424" lon="10.209200000000001">
                        <ele>0</ele>
                        <time>2022-08-18T07:49:03Z</time>
                                                <extensions>
                            <sog>8.9</sog>
<cog>66.4</cog>
                        </extensions>
                    </trkpt>
                    <trkpt lat="54.44258333333333" lon="10.209816666666667">
                        <ele>0</ele>
                        <time>2022-08-18T07:49:13Z</time>
                                                <extensions>
                            <sog>8.8</sog>
<cog>63.7</cog>
                        </extensions>
                    </trkpt>
                    <trkpt lat="54.44258333333333" lon="10.209816666666667">
                        <ele>0</ele>
                        <time>2022-08-18T07:49:13Z</time>
                                                <extensions>
                            <sog>8.8</sog>
<cog>63.7</cog>
                        </extensions>
                    </trkpt>
                    <trkpt lat="54.442699999999995" lon="10.210266666666666">
                        <ele>0</ele>
                        <time>2022-08-18T07:49:20Z</time>
                                                <extensions>
                            <sog>8.8</sog>
<cog>62.9</cog>
                        </extensions>
                    </trkpt>
                    <trkpt lat="54.44271666666667" lon="10.210333333333333">
                        <ele>0</ele>
                        <time>2022-08-18T07:49:21Z</time>
                                                <extensions>
                            <sog>8.8</sog>
<cog>63.2</cog>
                        </extensions>
                    </trkpt>
                    <trkpt lat="54.442766666666664" lon="10.21045">
                        <ele>0</ele>
                        <time>2022-08-18T07:49:23Z</time>
                                                <extensions>
                            <sog>8.8</sog>
<cog>63.3</cog>
                        </extensions>
                    </trkpt>
                    <trkpt lat="54.44283333333333" lon="10.210716666666666">
                        <ele>0</ele>
                        <time>2022-08-18T07:49:27Z</time>
                                                <extensions>
                            <sog>8.8</sog>
<cog>64.3</cog>
                        </extensions>
                    </trkpt>
                    <trkpt lat="54.442883333333334" lon="10.2109">
                        <ele>0</ele>
                        <time>2022-08-18T07:49:31Z</time>
                                                <extensions>
                            <sog>8.8</sog>
<cog>65.8</cog>
                        </extensions>
                    </trkpt>
                    <trkpt lat="54.44295" lon="10.211166666666665">
                        <ele>0</ele>
                        <time>2022-08-18T07:49:34Z</time>
                                                <extensions>
                            <sog>8.9</sog>
<cog>67.3</cog>
                        </extensions>
                    </trkpt>
                    <trkpt lat="54.443025" lon="10.211655">
                        <ele>0</ele>
                        <time>2022-08-18T07:49:41Z</time>
                                                <extensions>
                            <sog>8.8</sog>
<cog>69.5</cog>
                        </extensions>
                    </trkpt>
                    <trkpt lat="54.44306666666667" lon="10.211783333333333">
                        <ele>0</ele>
                        <time>2022-08-18T07:49:43Z</time>
                                                <extensions>
                            <sog>8.8</sog>
<cog>69.9</cog>
                        </extensions>
                    </trkpt>
                    <trkpt lat="54.44316666666667" lon="10.212250000000001">
                        <ele>0</ele>
                        <time>2022-08-18T07:49:50Z</time>
                                                <extensions>
                            <sog>8.8</sog>
<cog>70.6</cog>
                        </extensions>
                    </trkpt>
                    <trkpt lat="54.443216666666665" lon="10.212516666666666">
                        <ele>0</ele>
                        <time>2022-08-18T07:49:54Z</time>
                                                <extensions>
                            <sog>8.8</sog>
<cog>71.1</cog>
                        </extensions>
                    </trkpt>
                    <trkpt lat="54.44325" lon="10.212716666666667">
                        <ele>0</ele>
                        <time>2022-08-18T07:49:57Z</time>
                                                <extensions>
                            <sog>8.8</sog>
<cog>71.4</cog>
                        </extensions>
                    </trkpt>
                    <trkpt lat="54.44328333333333" lon="10.212916666666667">
                        <ele>0</ele>
                        <time>2022-08-18T07:50:00Z</time>
                                                <extensions>
                            <sog>8.8</sog>
<cog>71.8</cog>
                        </extensions>
                    </trkpt>
                    <trkpt lat="54.443333333333335" lon="10.213116666666668">
                        <ele>0</ele>
                        <time>2022-08-18T07:50:03Z</time>
                                                <extensions>
                            <sog>8.8</sog>
<cog>71.7</cog>
                        </extensions>
                    </trkpt>
                    <trkpt lat="54.44338333333334" lon="10.213383333333333">
                        <ele>0</ele>
                        <time>2022-08-18T07:50:07Z</time>
                                                <extensions>
                            <sog>8.8</sog>
<cog>71.2</cog>
                        </extensions>
                    </trkpt>
                    <trkpt lat="54.443414999999995" lon="10.21365">
                        <ele>0</ele>
                        <time>2022-08-18T07:50:11Z</time>
                                                <extensions>
                            <sog>8.8</sog>
<cog>70.5</cog>
                        </extensions>
                    </trkpt>
                    <trkpt lat="54.44346666666667" lon="10.213783333333334">
                        <ele>0</ele>
                        <time>2022-08-18T07:50:13Z</time>
                                                <extensions>
                            <sog>8.8</sog>
<cog>70.1</cog>
                        </extensions>
                    </trkpt>
                    <trkpt lat="54.44351833333334" lon="10.214101666666666">
                        <ele>0</ele>
                        <time>2022-08-18T07:50:18Z</time>
                                                <extensions>
                            <sog>8.8</sog>
<cog>69.7</cog>
                        </extensions>
                    </trkpt>
                    <trkpt lat="54.44356666666667" lon="10.214233333333334">
                        <ele>0</ele>
                        <time>2022-08-18T07:50:20Z</time>
                                                <extensions>
                            <sog>8.8</sog>
<cog>69.2</cog>
                        </extensions>
                    </trkpt>
                    <trkpt lat="54.44361666666667" lon="10.214416666666667">
                        <ele>0</ele>
                        <time>2022-08-18T07:50:23Z</time>
                                                <extensions>
                            <sog>8.8</sog>
<cog>68.8</cog>
                        </extensions>
                    </trkpt>
                    <trkpt lat="54.44368333333333" lon="10.214683333333333">
                        <ele>0</ele>
                        <time>2022-08-18T07:50:27Z</time>
                                                <extensions>
                            <sog>8.8</sog>
<cog>68.1</cog>
                        </extensions>
                    </trkpt>
                    <trkpt lat="54.4438" lon="10.215133333333334">
                        <ele>0</ele>
                        <time>2022-08-18T07:50:34Z</time>
                                                <extensions>
                            <sog>8.8</sog>
<cog>65.9</cog>
                        </extensions>
                    </trkpt>
                    <trkpt lat="54.44385" lon="10.215333333333332">
                        <ele>0</ele>
                        <time>2022-08-18T07:50:37Z</time>
                                                <extensions>
                            <sog>8.8</sog>
<cog>65.5</cog>
                        </extensions>
                    </trkpt>
                    <trkpt lat="54.443916666666674" lon="10.215583333333333">
                        <ele>0</ele>
                        <time>2022-08-18T07:50:41Z</time>
                                                <extensions>
                            <sog>8.8</sog>
<cog>64.9</cog>
                        </extensions>
                    </trkpt>
                    <trkpt lat="54.44396666666667" lon="10.215766666666667">
                        <ele>0</ele>
                        <time>2022-08-18T07:50:44Z</time>
                                                <extensions>
                            <sog>8.8</sog>
<cog>64.0</cog>
                        </extensions>
                    </trkpt>
                    <trkpt lat="54.44396666666667" lon="10.215766666666667">
                        <ele>0</ele>
                        <time>2022-08-18T07:50:44Z</time>
                                                <extensions>
                            <sog>8.8</sog>
<cog>64.0</cog>
                        </extensions>
                    </trkpt>
                    <trkpt lat="54.44405" lon="10.216016666666667">
                        <ele>0</ele>
                        <time>2022-08-18T07:50:48Z</time>
                                                <extensions>
                            <sog>8.8</sog>
<cog>63.3</cog>
                        </extensions>
                    </trkpt>
                    <trkpt lat="54.444100000000006" lon="10.216199999999999">
                        <ele>0</ele>
                        <time>2022-08-18T07:50:51Z</time>
                                                <extensions>
                            <sog>8.8</sog>
<cog>62.5</cog>
                        </extensions>
                    </trkpt>
                    <trkpt lat="54.44416666666667" lon="10.216383333333333">
                        <ele>0</ele>
                        <time>2022-08-18T07:50:54Z</time>
                                                <extensions>
                            <sog>8.8</sog>
<cog>62.3</cog>
                        </extensions>
                    </trkpt>
                    <trkpt lat="54.44422333333333" lon="10.216563333333333">
                        <ele>0</ele>
                        <time>2022-08-18T07:50:57Z</time>
                                                <extensions>
                            <sog>8.8</sog>
<cog>62.2</cog>
                        </extensions>
                    </trkpt>
                    <trkpt lat="54.444245" lon="10.216624999999999">
                        <ele>0</ele>
                        <time>2022-08-18T07:50:57Z</time>
                                                <extensions>
                            <sog>8.8</sog>
<cog>62.2</cog>
                        </extensions>
                    </trkpt>
                    <trkpt lat="54.44428333333334" lon="10.216766666666667">
                        <ele>0</ele>
                        <time>2022-08-18T07:51:01Z</time>
                                                <extensions>
                            <sog>8.8</sog>
<cog>62.2</cog>
                        </extensions>
                    </trkpt>
                    <trkpt lat="54.44433333333333" lon="10.21695">
                        <ele>0</ele>
                        <time>2022-08-18T07:51:03Z</time>
                                                <extensions>
                            <sog>8.8</sog>
<cog>62.2</cog>
                        </extensions>
                    </trkpt>
                    <trkpt lat="54.44433333333333" lon="10.21695">
                        <ele>0</ele>
                        <time>2022-08-18T07:51:03Z</time>
                                                <extensions>
                            <sog>8.8</sog>
<cog>62.2</cog>
                        </extensions>
                    </trkpt>
                    <trkpt lat="54.44441666666667" lon="10.2172">
                        <ele>0</ele>
                        <time>2022-08-18T07:51:07Z</time>
                                                <extensions>
                            <sog>8.8</sog>
<cog>62.3</cog>
                        </extensions>
                    </trkpt>
                    <trkpt lat="54.44446666666667" lon="10.217383333333334">
                        <ele>0</ele>
                        <time>2022-08-18T07:51:11Z</time>
                                                <extensions>
                            <sog>8.8</sog>
<cog>62.8</cog>
                        </extensions>
                    </trkpt>
                    <trkpt lat="54.44453333333333" lon="10.217583333333332">
                        <ele>0</ele>
                        <time>2022-08-18T07:51:13Z</time>
                                                <extensions>
                            <sog>8.8</sog>
<cog>63.1</cog>
                        </extensions>
                    </trkpt>
                    <trkpt lat="54.4447" lon="10.218216666666667">
                        <ele>0</ele>
                        <time>2022-08-18T07:51:23Z</time>
                                                <extensions>
                            <sog>8.8</sog>
<cog>64.2</cog>
                        </extensions>
                    </trkpt>
                    <trkpt lat="54.4449" lon="10.218916666666667">
                        <ele>0</ele>
                        <time>2022-08-18T07:51:34Z</time>
                                                <extensions>
                            <sog>8.8</sog>
<cog>65.0</cog>
                        </extensions>
                    </trkpt>
                    <trkpt lat="54.44525" lon="10.220183333333333">
                        <ele>0</ele>
                        <time>2022-08-18T07:51:54Z</time>
                                                <extensions>
                            <sog>8.8</sog>
<cog>63.5</cog>
                        </extensions>
                    </trkpt>
                    <trkpt lat="54.44526666666666" lon="10.22025">
                        <ele>0</ele>
                        <time>2022-08-18T07:51:55Z</time>
                                                <extensions>
                            <sog>8.8</sog>
<cog>63.5</cog>
                        </extensions>
                    </trkpt>
                    <trkpt lat="54.44541666666667" lon="10.220733333333333">
                        <ele>0</ele>
                        <time>2022-08-18T07:52:03Z</time>
                                                <extensions>
                            <sog>8.8</sog>
<cog>62.1</cog>
                        </extensions>
                    </trkpt>
                    <trkpt lat="54.445566666666664" lon="10.221233333333334">
                        <ele>0</ele>
                        <time>2022-08-18T07:52:11Z</time>
                                                <extensions>
                            <sog>8.8</sog>
<cog>61.2</cog>
                        </extensions>
                    </trkpt>
                    <trkpt lat="54.445616666666666" lon="10.221366666666666">
                        <ele>0</ele>
                        <time>2022-08-18T07:52:13Z</time>
                                                <extensions>
                            <sog>8.8</sog>
<cog>61.1</cog>
                        </extensions>
                    </trkpt>
                    <trkpt lat="54.44571333333333" lon="10.221656666666666">
                        <ele>0</ele>
                        <time>2022-08-18T07:52:17Z</time>
                                                <extensions>
                            <sog>8.8</sog>
<cog>61.2</cog>
                        </extensions>
                    </trkpt>
                    <trkpt lat="54.44575" lon="10.2218">
                        <ele>0</ele>
                        <time>2022-08-18T07:52:20Z</time>
                                                <extensions>
                            <sog>8.8</sog>
<cog>61.3</cog>
                        </extensions>
                    </trkpt>
                    <trkpt lat="54.44583333333333" lon="10.22205">
                        <ele>0</ele>
                        <time>2022-08-18T07:52:24Z</time>
                                                <extensions>
                            <sog>8.8</sog>
<cog>61.2</cog>
                        </extensions>
                    </trkpt>
                    <trkpt lat="54.44603333333334" lon="10.222666666666667">
                        <ele>0</ele>
                        <time>2022-08-18T07:52:34Z</time>
                                                <extensions>
                            <sog>8.8</sog>
<cog>60.0</cog>
                        </extensions>
                    </trkpt>
                    <trkpt lat="54.44625" lon="10.22325">
                        <ele>0</ele>
                        <time>2022-08-18T07:52:44Z</time>
                                                <extensions>
                            <sog>8.8</sog>
<cog>58.8</cog>
                        </extensions>
                    </trkpt>
                    <trkpt lat="54.44643333333333" lon="10.2238">
                        <ele>0</ele>
                        <time>2022-08-18T07:52:53Z</time>
                                                <extensions>
                            <sog>8.8</sog>
<cog>59.7</cog>
                        </extensions>
                    </trkpt>
                    <trkpt lat="54.44656666666666" lon="10.224233333333332">
                        <ele>0</ele>
                        <time>2022-08-18T07:53:00Z</time>
                                                <extensions>
                            <sog>8.8</sog>
<cog>61.1</cog>
                        </extensions>
                    </trkpt>
                    <trkpt lat="54.44663333333333" lon="10.224416666666666">
                        <ele>0</ele>
                        <time>2022-08-18T07:53:03Z</time>
                                                <extensions>
                            <sog>8.8</sog>
<cog>61.1</cog>
                        </extensions>
                    </trkpt>
                    <trkpt lat="54.44671666666667" lon="10.224666666666668">
                        <ele>0</ele>
                        <time>2022-08-18T07:53:07Z</time>
                                                <extensions>
                            <sog>8.8</sog>
<cog>60.9</cog>
                        </extensions>
                    </trkpt>
                    <trkpt lat="54.44678333333333" lon="10.22485">
                        <ele>0</ele>
                        <time>2022-08-18T07:53:11Z</time>
                                                <extensions>
                            <sog>8.8</sog>
<cog>60.7</cog>
                        </extensions>
                    </trkpt>
                    <trkpt lat="54.44683333333333" lon="10.225033333333332">
                        <ele>0</ele>
                        <time>2022-08-18T07:53:13Z</time>
                                                <extensions>
                            <sog>8.8</sog>
<cog>60.6</cog>
                        </extensions>
                    </trkpt>
                    <trkpt lat="54.44691666666667" lon="10.225266666666666">
                        <ele>0</ele>
                        <time>2022-08-18T07:53:17Z</time>
                                                <extensions>
                            <sog>8.8</sog>
<cog>60.7</cog>
                        </extensions>
                    </trkpt>
                    <trkpt lat="54.44699333333333" lon="10.225523333333333">
                        <ele>0</ele>
                        <time>2022-08-18T07:53:21Z</time>
                                                <extensions>
                            <sog>8.8</sog>
<cog>60.9</cog>
                        </extensions>
                    </trkpt>
                    <trkpt lat="54.44705" lon="10.2257">
                        <ele>0</ele>
                        <time>2022-08-18T07:53:24Z</time>
                                                <extensions>
                            <sog>8.8</sog>
<cog>61.1</cog>
                        </extensions>
                    </trkpt>
                    <trkpt lat="54.44719" lon="10.226141666666667">
                        <ele>0</ele>
                        <time>2022-08-18T07:53:31Z</time>
                                                <extensions>
                            <sog>8.7</sog>
<cog>61.2</cog>
                        </extensions>
                    </trkpt>
                    <trkpt lat="54.447250000000004" lon="10.226316666666666">
                        <ele>0</ele>
                        <time>2022-08-18T07:53:34Z</time>
                                                <extensions>
                            <sog>8.8</sog>
<cog>61.1</cog>
                        </extensions>
                    </trkpt>
                    <trkpt lat="54.44745" lon="10.226933333333333">
                        <ele>0</ele>
                        <time>2022-08-18T07:53:44Z</time>
                                                <extensions>
                            <sog>8.8</sog>
<cog>60.7</cog>
                        </extensions>
                    </trkpt>
                    <trkpt lat="54.447633333333336" lon="10.227483333333334">
                        <ele>0</ele>
                        <time>2022-08-18T07:53:53Z</time>
                                                <extensions>
                            <sog>8.8</sog>
<cog>61.2</cog>
                        </extensions>
                    </trkpt>
                    <trkpt lat="54.44768333333333" lon="10.227666666666666">
                        <ele>0</ele>
                        <time>2022-08-18T07:53:56Z</time>
                                                <extensions>
                            <sog>8.8</sog>
<cog>61.6</cog>
                        </extensions>
                    </trkpt>
                    <trkpt lat="54.44775" lon="10.227916666666665">
                        <ele>0</ele>
                        <time>2022-08-18T07:54:00Z</time>
                                                <extensions>
                            <sog>8.8</sog>
<cog>62.1</cog>
                        </extensions>
                    </trkpt>
                    <trkpt lat="54.44781666666667" lon="10.228116666666667">
                        <ele>0</ele>
                        <time>2022-08-18T07:54:03Z</time>
                                                <extensions>
                            <sog>8.8</sog>
<cog>63.2</cog>
                        </extensions>
                    </trkpt>
                    <trkpt lat="54.44786666666666" lon="10.228299999999999">
                        <ele>0</ele>
                        <time>2022-08-18T07:54:06Z</time>
                                                <extensions>
                            <sog>8.8</sog>
<cog>64.1</cog>
                        </extensions>
                    </trkpt>
                    <trkpt lat="54.447916666666664" lon="10.228566666666667">
                        <ele>0</ele>
                        <time>2022-08-18T07:54:10Z</time>
                                                <extensions>
                            <sog>8.8</sog>
<cog>65.2</cog>
                        </extensions>
                    </trkpt>
                    <trkpt lat="54.447966666666666" lon="10.228766666666667">
                        <ele>0</ele>
                        <time>2022-08-18T07:54:13Z</time>
                                                <extensions>
                            <sog>8.8</sog>
<cog>65.5</cog>
                        </extensions>
                    </trkpt>
                    <trkpt lat="54.447966666666666" lon="10.228766666666667">
                        <ele>0</ele>
                        <time>2022-08-18T07:54:13Z</time>
                                                <extensions>
                            <sog>8.8</sog>
<cog>65.5</cog>
                        </extensions>
                    </trkpt>
                    <trkpt lat="54.448033333333335" lon="10.229016666666666">
                        <ele>0</ele>
                        <time>2022-08-18T07:54:17Z</time>
                                                <extensions>
                            <sog>8.8</sog>
<cog>66.0</cog>
                        </extensions>
                    </trkpt>
                    <trkpt lat="54.44808333333334" lon="10.229216666666668">
                        <ele>0</ele>
                        <time>2022-08-18T07:54:21Z</time>
                                                <extensions>
                            <sog>8.8</sog>
<cog>66.5</cog>
                        </extensions>
                    </trkpt>
                    <trkpt lat="54.44813333333333" lon="10.229483333333333">
                        <ele>0</ele>
                        <time>2022-08-18T07:54:24Z</time>
                                                <extensions>
                            <sog>8.8</sog>
<cog>67.0</cog>
                        </extensions>
                    </trkpt>
                    <trkpt lat="54.44818333333333" lon="10.229666666666667">
                        <ele>0</ele>
                        <time>2022-08-18T07:54:27Z</time>
                                                <extensions>
                            <sog>8.8</sog>
<cog>67.3</cog>
                        </extensions>
                    </trkpt>
                    <trkpt lat="54.448236666666666" lon="10.22995">
                        <ele>0</ele>
                        <time>2022-08-18T07:54:31Z</time>
                                                <extensions>
                            <sog>8.8</sog>
<cog>68.0</cog>
                        </extensions>
                    </trkpt>
                    <trkpt lat="54.4483" lon="10.230133333333333">
                        <ele>0</ele>
                        <time>2022-08-18T07:54:34Z</time>
                                                <extensions>
                            <sog>8.8</sog>
<cog>68.3</cog>
                        </extensions>
                    </trkpt>
                    <trkpt lat="54.44833333333334" lon="10.230316666666665">
                        <ele>0</ele>
                        <time>2022-08-18T07:54:37Z</time>
                                                <extensions>
                            <sog>8.8</sog>
<cog>68.2</cog>
                        </extensions>
                    </trkpt>
                    <trkpt lat="54.44838333333333" lon="10.230516666666666">
                        <ele>0</ele>
                        <time>2022-08-18T07:54:40Z</time>
                                                <extensions>
                            <sog>8.8</sog>
<cog>68.3</cog>
                        </extensions>
                    </trkpt>
                    <trkpt lat="54.44845" lon="10.230783333333333">
                        <ele>0</ele>
                        <time>2022-08-18T07:54:44Z</time>
                                                <extensions>
                            <sog>8.8</sog>
<cog>68.3</cog>
                        </extensions>
                    </trkpt>
                    <trkpt lat="54.44856666666667" lon="10.231383333333333">
                        <ele>0</ele>
                        <time>2022-08-18T07:54:53Z</time>
                                                <extensions>
                            <sog>8.8</sog>
<cog>70.5</cog>
                        </extensions>
                    </trkpt>
                    <trkpt lat="54.448616666666666" lon="10.23165">
                        <ele>0</ele>
                        <time>2022-08-18T07:54:57Z</time>
                                                <extensions>
                            <sog>8.8</sog>
<cog>72.4</cog>
                        </extensions>
                    </trkpt>
                    <trkpt lat="54.448636666666665" lon="10.231948333333333">
                        <ele>0</ele>
                        <time>2022-08-18T07:55:01Z</time>
                                                <extensions>
                            <sog>8.8</sog>
<cog>74.3</cog>
                        </extensions>
                    </trkpt>
                    <trkpt lat="54.44865" lon="10.231933333333334">
                        <ele>0</ele>
                        <time>2022-08-18T07:55:01Z</time>
                                                <extensions>
                            <sog>8.8</sog>
<cog>74.3</cog>
                        </extensions>
                    </trkpt>
                    <trkpt lat="54.44866666666667" lon="10.232066666666666">
                        <ele>0</ele>
                        <time>2022-08-18T07:55:03Z</time>
                                                <extensions>
                            <sog>8.8</sog>
<cog>75.2</cog>
                        </extensions>
                    </trkpt>
                    <trkpt lat="54.44871666666666" lon="10.23235">
                        <ele>0</ele>
                        <time>2022-08-18T07:55:08Z</time>
                                                <extensions>
                            <sog>8.9</sog>
<cog>76.0</cog>
                        </extensions>
                    </trkpt>
                    <trkpt lat="54.44873333333333" lon="10.23255">
                        <ele>0</ele>
                        <time>2022-08-18T07:55:10Z</time>
                                                <extensions>
                            <sog>8.9</sog>
<cog>76.2</cog>
                        </extensions>
                    </trkpt>
                    <trkpt lat="54.448766666666664" lon="10.232750000000001">
                        <ele>0</ele>
                        <time>2022-08-18T07:55:13Z</time>
                                                <extensions>
                            <sog>8.9</sog>
<cog>76.2</cog>
                        </extensions>
                    </trkpt>
                    <trkpt lat="54.4488" lon="10.233033333333333">
                        <ele>0</ele>
                        <time>2022-08-18T07:55:17Z</time>
                                                <extensions>
                            <sog>8.8</sog>
<cog>76.2</cog>
                        </extensions>
                    </trkpt>
                    <trkpt lat="54.448811666666664" lon="10.233315000000001">
                        <ele>0</ele>
                        <time>2022-08-18T07:55:21Z</time>
                                                <extensions>
                            <sog>8.8</sog>
<cog>76.2</cog>
                        </extensions>
                    </trkpt>
                    <trkpt lat="54.448883333333335" lon="10.233516666666667">
                        <ele>0</ele>
                        <time>2022-08-18T07:55:24Z</time>
                                                <extensions>
                            <sog>8.8</sog>
<cog>75.9</cog>
                        </extensions>
                    </trkpt>
                    <trkpt lat="54.44891666666667" lon="10.233716666666668">
                        <ele>0</ele>
                        <time>2022-08-18T07:55:27Z</time>
                                                <extensions>
                            <sog>8.8</sog>
<cog>75.6</cog>
                        </extensions>
                    </trkpt>
                    <trkpt lat="54.448949999999996" lon="10.233916666666666">
                        <ele>0</ele>
                        <time>2022-08-18T07:55:31Z</time>
                                                <extensions>
                            <sog>8.8</sog>
<cog>74.9</cog>
                        </extensions>
                    </trkpt>
                    <trkpt lat="54.44898333333333" lon="10.234183333333334">
                        <ele>0</ele>
                        <time>2022-08-18T07:55:34Z</time>
                                                <extensions>
                            <sog>8.8</sog>
<cog>74.8</cog>
                        </extensions>
                    </trkpt>
                    <trkpt lat="54.44905000000001" lon="10.234516666666668">
                        <ele>0</ele>
                        <time>2022-08-18T07:55:39Z</time>
                                                <extensions>
                            <sog>8.8</sog>
<cog>74.0</cog>
                        </extensions>
                    </trkpt>
                    <trkpt lat="54.44906666666667" lon="10.234583333333335">
                        <ele>0</ele>
                        <time>2022-08-18T07:55:40Z</time>
                                                <extensions>
                            <sog>8.8</sog>
<cog>73.3</cog>
                        </extensions>
                    </trkpt>
                    <trkpt lat="54.449083333333334" lon="10.234716666666666">
                        <ele>0</ele>
                        <time>2022-08-18T07:55:42Z</time>
                                                <extensions>
                            <sog>8.8</sog>
<cog>72.2</cog>
                        </extensions>
                    </trkpt>
                    <trkpt lat="54.44911666666667" lon="10.23485">
                        <ele>0</ele>
                        <time>2022-08-18T07:55:44Z</time>
                                                <extensions>
                            <sog>8.8</sog>
<cog>71.7</cog>
                        </extensions>
                    </trkpt>
                    <trkpt lat="54.44913333333333" lon="10.234916666666667">
                        <ele>0</ele>
                        <time>2022-08-18T07:55:46Z</time>
                                                <extensions>
                            <sog>8.8</sog>
<cog>71.8</cog>
                        </extensions>
                    </trkpt>
                    <trkpt lat="54.44915" lon="10.23505">
                        <ele>0</ele>
                        <time>2022-08-18T07:55:47Z</time>
                                                <extensions>
                            <sog>8.8</sog>
<cog>71.4</cog>
                        </extensions>
                    </trkpt>
                    <trkpt lat="54.44918333333333" lon="10.23525">
                        <ele>0</ele>
                        <time>2022-08-18T07:55:51Z</time>
                                                <extensions>
                            <sog>8.8</sog>
<cog>72.0</cog>
                        </extensions>
                    </trkpt>
                    <trkpt lat="54.449216666666665" lon="10.235449999999998">
                        <ele>0</ele>
                        <time>2022-08-18T07:55:53Z</time>
                                                <extensions>
                            <sog>8.7</sog>
<cog>72.8</cog>
                        </extensions>
                    </trkpt>
                    <trkpt lat="54.44925" lon="10.23565">
                        <ele>0</ele>
                        <time>2022-08-18T07:55:56Z</time>
                                                <extensions>
                            <sog>8.7</sog>
<cog>74.5</cog>
                        </extensions>
                    </trkpt>
                    <trkpt lat="54.44925" lon="10.235716666666667">
                        <ele>0</ele>
                        <time>2022-08-18T07:55:57Z</time>
                                                <extensions>
                            <sog>8.7</sog>
<cog>74.5</cog>
                        </extensions>
                    </trkpt>
                    <trkpt lat="54.44926666666667" lon="10.235988333333333">
                        <ele>0</ele>
                        <time>2022-08-18T07:56:01Z</time>
                                                <extensions>
                            <sog>8.8</sog>
<cog>75.5</cog>
                        </extensions>
                    </trkpt>
                    <trkpt lat="54.449286666666666" lon="10.236126666666667">
                        <ele>0</ele>
                        <time>2022-08-18T07:56:03Z</time>
                                                <extensions>
                            <sog>8.8</sog>
<cog>75.7</cog>
                        </extensions>
                    </trkpt>
                    <trkpt lat="54.44931666666666" lon="10.236133333333333">
                        <ele>0</ele>
                        <time>2022-08-18T07:56:03Z</time>
                                                <extensions>
                            <sog>8.8</sog>
<cog>75.7</cog>
                        </extensions>
                    </trkpt>
                    <trkpt lat="54.449349999999995" lon="10.2364">
                        <ele>0</ele>
                        <time>2022-08-18T07:56:07Z</time>
                                                <extensions>
                            <sog>8.8</sog>
<cog>75.5</cog>
                        </extensions>
                    </trkpt>
                    <trkpt lat="54.44936833333334" lon="10.236675">
                        <ele>0</ele>
                        <time>2022-08-18T07:56:11Z</time>
                                                <extensions>
                            <sog>8.8</sog>
<cog>74.4</cog>
                        </extensions>
                    </trkpt>
                    <trkpt lat="54.44943333333333" lon="10.236816666666666">
                        <ele>0</ele>
                        <time>2022-08-18T07:56:13Z</time>
                                                <extensions>
                            <sog>8.9</sog>
<cog>73.9</cog>
                        </extensions>
                    </trkpt>
                    <trkpt lat="54.44946166666667" lon="10.237143333333334">
                        <ele>0</ele>
                        <time>2022-08-18T07:56:17Z</time>
                                                <extensions>
                            <sog>8.8</sog>
<cog>72.0</cog>
                        </extensions>
                    </trkpt>
                    <trkpt lat="54.449533333333335" lon="10.237266666666667">
                        <ele>0</ele>
                        <time>2022-08-18T07:56:21Z</time>
                                                <extensions>
                            <sog>8.8</sog>
<cog>69.7</cog>
                        </extensions>
                    </trkpt>
                    <trkpt lat="54.44958333333333" lon="10.237466666666668">
                        <ele>0</ele>
                        <time>2022-08-18T07:56:23Z</time>
                                                <extensions>
                            <sog>8.8</sog>
<cog>68.4</cog>
                        </extensions>
                    </trkpt>
                    <trkpt lat="54.44965" lon="10.237716666666667">
                        <ele>0</ele>
                        <time>2022-08-18T07:56:27Z</time>
                                                <extensions>
                            <sog>8.8</sog>
<cog>65.8</cog>
                        </extensions>
                    </trkpt>
                    <trkpt lat="54.449733333333334" lon="10.237950000000001">
                        <ele>0</ele>
                        <time>2022-08-18T07:56:31Z</time>
                                                <extensions>
                            <sog>8.8</sog>
<cog>63.5</cog>
                        </extensions>
                    </trkpt>
                    <trkpt lat="54.449799999999996" lon="10.23815">
                        <ele>0</ele>
                        <time>2022-08-18T07:56:34Z</time>
                                                <extensions>
                            <sog>8.8</sog>
<cog>62.1</cog>
                        </extensions>
                    </trkpt>
                    <trkpt lat="54.44985166666667" lon="10.238391666666667">
                        <ele>0</ele>
                        <time>2022-08-18T07:56:38Z</time>
                                                <extensions>
                            <sog>8.8</sog>
<cog>60.9</cog>
                        </extensions>
                    </trkpt>
                    <trkpt lat="54.45001666666667" lon="10.238733333333332">
                        <ele>0</ele>
                        <time>2022-08-18T07:56:44Z</time>
                                                <extensions>
                            <sog>8.8</sog>
<cog>58.2</cog>
                        </extensions>
                    </trkpt>
                    <trkpt lat="54.45008333333333" lon="10.238916666666666">
                        <ele>0</ele>
                        <time>2022-08-18T07:56:47Z</time>
                                                <extensions>
                            <sog>8.7</sog>
<cog>57.3</cog>
                        </extensions>
                    </trkpt>
                    <trkpt lat="54.45015" lon="10.239083333333333">
                        <ele>0</ele>
                        <time>2022-08-18T07:56:50Z</time>
                                                <extensions>
                            <sog>8.7</sog>
<cog>55.7</cog>
                        </extensions>
                    </trkpt>
                    <trkpt lat="54.45021666666666" lon="10.23925">
                        <ele>0</ele>
                        <time>2022-08-18T07:56:53Z</time>
                                                <extensions>
                            <sog>8.7</sog>
<cog>54.8</cog>
                        </extensions>
                    </trkpt>
                    <trkpt lat="54.450316666666666" lon="10.239466666666667">
                        <ele>0</ele>
                        <time>2022-08-18T07:56:57Z</time>
                                                <extensions>
                            <sog>8.7</sog>
<cog>53.0</cog>
                        </extensions>
                    </trkpt>
                    <trkpt lat="54.45041166666667" lon="10.239673333333334">
                        <ele>0</ele>
                        <time>2022-08-18T07:57:01Z</time>
                                                <extensions>
                            <sog>8.7</sog>
<cog>51.1</cog>
                        </extensions>
                    </trkpt>
                    <trkpt lat="54.45048333333333" lon="10.239783333333332">
                        <ele>0</ele>
                        <time>2022-08-18T07:57:03Z</time>
                                                <extensions>
                            <sog>8.7</sog>
<cog>50.0</cog>
                        </extensions>
                    </trkpt>
                    <trkpt lat="54.450583333333334" lon="10.239983333333333">
                        <ele>0</ele>
                        <time>2022-08-18T07:57:07Z</time>
                                                <extensions>
                            <sog>8.7</sog>
<cog>47.6</cog>
                        </extensions>
                    </trkpt>
                    <trkpt lat="54.4507" lon="10.240166666666665">
                        <ele>0</ele>
                        <time>2022-08-18T07:57:11Z</time>
                                                <extensions>
                            <sog>8.6</sog>
<cog>46.1</cog>
                        </extensions>
                    </trkpt>
                    <trkpt lat="54.45076666666667" lon="10.240266666666667">
                        <ele>0</ele>
                        <time>2022-08-18T07:57:13Z</time>
                                                <extensions>
                            <sog>8.7</sog>
<cog>46.0</cog>
                        </extensions>
                    </trkpt>
                    <trkpt lat="54.45089333333333" lon="10.24051">
                        <ele>0</ele>
                        <time>2022-08-18T07:57:18Z</time>
                                                <extensions>
                            <sog>8.6</sog>
<cog>46.8</cog>
                        </extensions>
                    </trkpt>
                    <trkpt lat="54.450966666666666" lon="10.240673333333332">
                        <ele>0</ele>
                        <time>2022-08-18T07:57:21Z</time>
                                                <extensions>
                            <sog>8.6</sog>
<cog>49.2</cog>
                        </extensions>
                    </trkpt>
                    <trkpt lat="54.4511" lon="10.24105">
                        <ele>0</ele>
                        <time>2022-08-18T07:57:27Z</time>
                                                <extensions>
                            <sog>8.6</sog>
<cog>54.1</cog>
                        </extensions>
                    </trkpt>
                    <trkpt lat="54.45118333333333" lon="10.241283333333334">
                        <ele>0</ele>
                        <time>2022-08-18T07:57:31Z</time>
                                                <extensions>
                            <sog>8.6</sog>
<cog>57.6</cog>
                        </extensions>
                    </trkpt>
                    <trkpt lat="54.451233333333334" lon="10.241483333333333">
                        <ele>0</ele>
                        <time>2022-08-18T07:57:34Z</time>
                                                <extensions>
                            <sog>8.6</sog>
<cog>58.9</cog>
                        </extensions>
                    </trkpt>
                    <trkpt lat="54.451298333333334" lon="10.241706666666666">
                        <ele>0</ele>
                        <time>2022-08-18T07:57:38Z</time>
                                                <extensions>
                            <sog>8.7</sog>
<cog>60.5</cog>
                        </extensions>
                    </trkpt>
                    <trkpt lat="54.451350000000005" lon="10.24185">
                        <ele>0</ele>
                        <time>2022-08-18T07:57:40Z</time>
                                                <extensions>
                            <sog>8.8</sog>
<cog>62.3</cog>
                        </extensions>
                    </trkpt>
                    <trkpt lat="54.45141666666667" lon="10.242099999999999">
                        <ele>0</ele>
                        <time>2022-08-18T07:57:44Z</time>
                                                <extensions>
                            <sog>8.8</sog>
<cog>63.4</cog>
                        </extensions>
                    </trkpt>
                    <trkpt lat="54.451458333333335" lon="10.242278333333333">
                        <ele>0</ele>
                        <time>2022-08-18T07:57:47Z</time>
                                                <extensions>
                            <sog>8.8</sog>
<cog>63.7</cog>
                        </extensions>
                    </trkpt>
                    <trkpt lat="54.45153333333334" lon="10.242483333333332">
                        <ele>0</ele>
                        <time>2022-08-18T07:57:51Z</time>
                                                <extensions>
                            <sog>8.8</sog>
<cog>64.1</cog>
                        </extensions>
                    </trkpt>
                    <trkpt lat="54.4516" lon="10.242733333333332">
                        <ele>0</ele>
                        <time>2022-08-18T07:57:54Z</time>
                                                <extensions>
                            <sog>8.8</sog>
<cog>64.6</cog>
                        </extensions>
                    </trkpt>
                    <trkpt lat="54.45165" lon="10.242933333333333">
                        <ele>0</ele>
                        <time>2022-08-18T07:57:57Z</time>
                                                <extensions>
                            <sog>8.8</sog>
<cog>64.7</cog>
                        </extensions>
                    </trkpt>
                    <trkpt lat="54.451701666666665" lon="10.243175">
                        <ele>0</ele>
                        <time>2022-08-18T07:58:01Z</time>
                                                <extensions>
                            <sog>8.8</sog>
<cog>65.1</cog>
                        </extensions>
                    </trkpt>
                    <trkpt lat="54.45175" lon="10.243316666666667">
                        <ele>0</ele>
                        <time>2022-08-18T07:58:04Z</time>
                                                <extensions>
                            <sog>8.8</sog>
<cog>65.4</cog>
                        </extensions>
                    </trkpt>
                    <trkpt lat="54.451816666666666" lon="10.243566666666668">
                        <ele>0</ele>
                        <time>2022-08-18T07:58:07Z</time>
                                                <extensions>
                            <sog>8.8</sog>
<cog>66.0</cog>
                        </extensions>
                    </trkpt>
                    <trkpt lat="54.45188333333333" lon="10.243833333333333">
                        <ele>0</ele>
                        <time>2022-08-18T07:58:11Z</time>
                                                <extensions>
                            <sog>8.8</sog>
<cog>66.7</cog>
                        </extensions>
                    </trkpt>
                    <trkpt lat="54.45191666666666" lon="10.243966666666667">
                        <ele>0</ele>
                        <time>2022-08-18T07:58:13Z</time>
                                                <extensions>
                            <sog>8.8</sog>
<cog>67.1</cog>
                        </extensions>
                    </trkpt>
                    <trkpt lat="54.45202" lon="10.24447">
                        <ele>0</ele>
                        <time>2022-08-18T07:58:21Z</time>
                                                <extensions>
                            <sog>8.8</sog>
<cog>67.8</cog>
                        </extensions>
                    </trkpt>
                    <trkpt lat="54.45206666666666" lon="10.244616666666667">
                        <ele>0</ele>
                        <time>2022-08-18T07:58:23Z</time>
                                                <extensions>
                            <sog>8.7</sog>
<cog>67.9</cog>
                        </extensions>
                    </trkpt>
                    <trkpt lat="54.452133333333336" lon="10.244933333333334">
                        <ele>0</ele>
                        <time>2022-08-18T07:58:28Z</time>
                                                <extensions>
                            <sog>8.8</sog>
<cog>67.9</cog>
                        </extensions>
                    </trkpt>
                    <trkpt lat="54.45218333333333" lon="10.245116666666666">
                        <ele>0</ele>
                        <time>2022-08-18T07:58:31Z</time>
                                                <extensions>
                            <sog>8.7</sog>
<cog>67.3</cog>
                        </extensions>
                    </trkpt>
                    <trkpt lat="54.45223333333333" lon="10.245316666666668">
                        <ele>0</ele>
                        <time>2022-08-18T07:58:34Z</time>
                                                <extensions>
                            <sog>8.7</sog>
<cog>67.2</cog>
                        </extensions>
                    </trkpt>
                    <trkpt lat="54.45227166666667" lon="10.245575">
                        <ele>0</ele>
                        <time>2022-08-18T07:58:38Z</time>
                                                <extensions>
                            <sog>8.7</sog>
<cog>67.0</cog>
                        </extensions>
                    </trkpt>
                    <trkpt lat="54.4524" lon="10.245949999999999">
                        <ele>0</ele>
                        <time>2022-08-18T07:58:44Z</time>
                                                <extensions>
                            <sog>8.8</sog>
<cog>67.2</cog>
                        </extensions>
                    </trkpt>
                    <trkpt lat="54.45243333333334" lon="10.246133333333335">
                        <ele>0</ele>
                        <time>2022-08-18T07:58:47Z</time>
                                                <extensions>
                            <sog>8.8</sog>
<cog>67.3</cog>
                        </extensions>
                    </trkpt>
                    <trkpt lat="54.45247666666667" lon="10.246418333333335">
                        <ele>0</ele>
                        <time>2022-08-18T07:58:51Z</time>
                                                <extensions>
                            <sog>8.8</sog>
<cog>67.6</cog>
                        </extensions>
                    </trkpt>
                    <trkpt lat="54.452549999999995" lon="10.2466">
                        <ele>0</ele>
                        <time>2022-08-18T07:58:54Z</time>
                                                <extensions>
                            <sog>8.9</sog>
<cog>67.8</cog>
                        </extensions>
                    </trkpt>
                    <trkpt lat="54.45268333333333" lon="10.2472">
                        <ele>0</ele>
                        <time>2022-08-18T07:59:04Z</time>
                                                <extensions>
                            <sog>8.9</sog>
<cog>68.0</cog>
                        </extensions>
                    </trkpt>
                    <trkpt lat="54.45285" lon="10.247933333333332">
                        <ele>0</ele>
                        <time>2022-08-18T07:59:14Z</time>
                                                <extensions>
                            <sog>8.8</sog>
<cog>68.2</cog>
                        </extensions>
                    </trkpt>
                    <trkpt lat="54.45318333333333" lon="10.249216666666666">
                        <ele>0</ele>
                        <time>2022-08-18T07:59:34Z</time>
                                                <extensions>
                            <sog>8.8</sog>
<cog>65.7</cog>
                        </extensions>
                    </trkpt>
                    <trkpt lat="54.45335" lon="10.24985">
                        <ele>0</ele>
                        <time>2022-08-18T07:59:44Z</time>
                                                <extensions>
                            <sog>8.8</sog>
<cog>66.5</cog>
                        </extensions>
                    </trkpt>
                    <trkpt lat="54.4535" lon="10.250516666666666">
                        <ele>0</ele>
                        <time>2022-08-18T07:59:54Z</time>
                                                <extensions>
                            <sog>8.8</sog>
<cog>67.1</cog>
                        </extensions>
                    </trkpt>
                    <trkpt lat="54.453645" lon="10.251164999999999">
                        <ele>0</ele>
                        <time>2022-08-18T08:00:04Z</time>
                                                <extensions>
                            <sog>8.9</sog>
<cog>67.8</cog>
                        </extensions>
                    </trkpt>
                    <trkpt lat="54.453645" lon="10.251164999999999">
                        <ele>0</ele>
                        <time>2022-08-18T08:00:04Z</time>
                                                <extensions>
                            <sog>8.9</sog>
<cog>67.8</cog>
                        </extensions>
                    </trkpt>
                    <trkpt lat="54.45381666666666" lon="10.251833333333334">
                        <ele>0</ele>
                        <time>2022-08-18T08:00:14Z</time>
                                                <extensions>
                            <sog>8.9</sog>
<cog>67.6</cog>
                        </extensions>
                    </trkpt>
                    <trkpt lat="54.45381666666666" lon="10.251833333333334">
                        <ele>0</ele>
                        <time>2022-08-18T08:00:14Z</time>
                                                <extensions>
                            <sog>8.9</sog>
<cog>67.6</cog>
                        </extensions>
                    </trkpt>
                    <trkpt lat="54.453966666666666" lon="10.252483333333334">
                        <ele>0</ele>
                        <time>2022-08-18T08:00:24Z</time>
                                                <extensions>
                            <sog>8.8</sog>
<cog>67.1</cog>
                        </extensions>
                    </trkpt>
                    <trkpt lat="54.453966666666666" lon="10.252483333333334">
                        <ele>0</ele>
                        <time>2022-08-18T08:00:24Z</time>
                                                <extensions>
                            <sog>8.8</sog>
<cog>67.1</cog>
                        </extensions>
                    </trkpt>
                    <trkpt lat="54.454033333333335" lon="10.252733333333333">
                        <ele>0</ele>
                        <time>2022-08-18T08:00:28Z</time>
                                                <extensions>
                            <sog>8.8</sog>
<cog>66.5</cog>
                        </extensions>
                    </trkpt>
                    <trkpt lat="54.454033333333335" lon="10.252733333333333">
                        <ele>0</ele>
                        <time>2022-08-18T08:00:28Z</time>
                                                <extensions>
                            <sog>8.8</sog>
<cog>66.5</cog>
                        </extensions>
                    </trkpt>
                    <trkpt lat="54.454100000000004" lon="10.252916666666666">
                        <ele>0</ele>
                        <time>2022-08-18T08:00:31Z</time>
                                                <extensions>
                            <sog>8.8</sog>
<cog>65.8</cog>
                        </extensions>
                    </trkpt>
                    <trkpt lat="54.454100000000004" lon="10.252916666666666">
                        <ele>0</ele>
                        <time>2022-08-18T08:00:31Z</time>
                                                <extensions>
                            <sog>8.8</sog>
<cog>65.8</cog>
                        </extensions>
                    </trkpt>
                    <trkpt lat="54.45415" lon="10.253116666666667">
                        <ele>0</ele>
                        <time>2022-08-18T08:00:34Z</time>
                                                <extensions>
                            <sog>8.8</sog>
<cog>64.9</cog>
                        </extensions>
                    </trkpt>
                    <trkpt lat="54.45415" lon="10.253116666666667">
                        <ele>0</ele>
                        <time>2022-08-18T08:00:34Z</time>
                                                <extensions>
                            <sog>8.8</sog>
<cog>64.9</cog>
                        </extensions>
                    </trkpt>
                    <trkpt lat="54.4542" lon="10.2533">
                        <ele>0</ele>
                        <time>2022-08-18T08:00:37Z</time>
                                                <extensions>
                            <sog>8.8</sog>
<cog>63.9</cog>
                        </extensions>
                    </trkpt>
                    <trkpt lat="54.4542" lon="10.2533">
                        <ele>0</ele>
                        <time>2022-08-18T08:00:37Z</time>
                                                <extensions>
                            <sog>8.8</sog>
<cog>63.9</cog>
                        </extensions>
                    </trkpt>
                    <trkpt lat="54.45426666666666" lon="10.253483333333332">
                        <ele>0</ele>
                        <time>2022-08-18T08:00:41Z</time>
                                                <extensions>
                            <sog>8.8</sog>
<cog>63.1</cog>
                        </extensions>
                    </trkpt>
                    <trkpt lat="54.45426666666666" lon="10.253483333333332">
                        <ele>0</ele>
                        <time>2022-08-18T08:00:41Z</time>
                                                <extensions>
                            <sog>8.8</sog>
<cog>63.1</cog>
                        </extensions>
                    </trkpt>
                    <trkpt lat="54.45433333333334" lon="10.253733333333335">
                        <ele>0</ele>
                        <time>2022-08-18T08:00:44Z</time>
                                                <extensions>
                            <sog>8.8</sog>
<cog>62.5</cog>
                        </extensions>
                    </trkpt>
                    <trkpt lat="54.45433333333334" lon="10.253733333333335">
                        <ele>0</ele>
                        <time>2022-08-18T08:00:44Z</time>
                                                <extensions>
                            <sog>8.8</sog>
<cog>62.5</cog>
                        </extensions>
                    </trkpt>
                    <trkpt lat="54.45433333333334" lon="10.253733333333335">
                        <ele>0</ele>
                        <time>2022-08-18T08:00:44Z</time>
                                                <extensions>
                            <sog>8.8</sog>
<cog>62.5</cog>
                        </extensions>
                    </trkpt>
                    <trkpt lat="54.45433333333334" lon="10.253733333333335">
                        <ele>0</ele>
                        <time>2022-08-18T08:00:44Z</time>
                                                <extensions>
                            <sog>8.8</sog>
<cog>62.5</cog>
                        </extensions>
                    </trkpt>
                    <trkpt lat="54.4544" lon="10.253916666666667">
                        <ele>0</ele>
                        <time>2022-08-18T08:00:47Z</time>
                                                <extensions>
                            <sog>8.8</sog>
<cog>62.4</cog>
                        </extensions>
                    </trkpt>
                    <trkpt lat="54.4544" lon="10.253916666666667">
                        <ele>0</ele>
                        <time>2022-08-18T08:00:47Z</time>
                                                <extensions>
                            <sog>8.8</sog>
<cog>62.4</cog>
                        </extensions>
                    </trkpt>
                    <trkpt lat="54.45446666666667" lon="10.254166666666666">
                        <ele>0</ele>
                        <time>2022-08-18T08:00:51Z</time>
                                                <extensions>
                            <sog>8.8</sog>
<cog>62.7</cog>
                        </extensions>
                    </trkpt>
                    <trkpt lat="54.45446666666667" lon="10.254166666666666">
                        <ele>0</ele>
                        <time>2022-08-18T08:00:51Z</time>
                                                <extensions>
                            <sog>8.8</sog>
<cog>62.7</cog>
                        </extensions>
                    </trkpt>
                    <trkpt lat="54.454566666666665" lon="10.25455">
                        <ele>0</ele>
                        <time>2022-08-18T08:00:57Z</time>
                                                <extensions>
                            <sog>8.9</sog>
<cog>63.7</cog>
                        </extensions>
                    </trkpt>
                    <trkpt lat="54.454566666666665" lon="10.25455">
                        <ele>0</ele>
                        <time>2022-08-18T08:00:57Z</time>
                                                <extensions>
                            <sog>8.9</sog>
<cog>63.7</cog>
                        </extensions>
                    </trkpt>
                    <trkpt lat="54.45467333333333" lon="10.255013333333332">
                        <ele>0</ele>
                        <time>2022-08-18T08:01:04Z</time>
                                                <extensions>
                            <sog>8.8</sog>
<cog>65.2</cog>
                        </extensions>
                    </trkpt>
                    <trkpt lat="54.45472333333333" lon="10.255208333333334">
                        <ele>0</ele>
                        <time>2022-08-18T08:01:07Z</time>
                                                <extensions>
                            <sog>8.8</sog>
<cog>66.1</cog>
                        </extensions>
                    </trkpt>
                    <trkpt lat="54.4548" lon="10.255466666666667">
                        <ele>0</ele>
                        <time>2022-08-18T08:01:11Z</time>
                                                <extensions>
                            <sog>8.8</sog>
<cog>67.1</cog>
                        </extensions>
                    </trkpt>
                    <trkpt lat="54.45485" lon="10.255666666666666">
                        <ele>0</ele>
                        <time>2022-08-18T08:01:14Z</time>
                                                <extensions>
                            <sog>8.8</sog>
<cog>67.8</cog>
                        </extensions>
                    </trkpt>
                    <trkpt lat="54.454883333333335" lon="10.255866666666666">
                        <ele>0</ele>
                        <time>2022-08-18T08:01:17Z</time>
                                                <extensions>
                            <sog>8.8</sog>
<cog>68.5</cog>
                        </extensions>
                    </trkpt>
                    <trkpt lat="54.454935" lon="10.256128333333333">
                        <ele>0</ele>
                        <time>2022-08-18T08:01:21Z</time>
                                                <extensions>
                            <sog>8.8</sog>
<cog>68.5</cog>
                        </extensions>
                    </trkpt>
                    <trkpt lat="54.45498333333333" lon="10.256316666666667">
                        <ele>0</ele>
                        <time>2022-08-18T08:01:24Z</time>
                                                <extensions>
                            <sog>8.8</sog>
<cog>68.6</cog>
                        </extensions>
                    </trkpt>
                    <trkpt lat="54.45503333333333" lon="10.256516666666666">
                        <ele>0</ele>
                        <time>2022-08-18T08:01:27Z</time>
                                                <extensions>
                            <sog>8.8</sog>
<cog>68.5</cog>
                        </extensions>
                    </trkpt>
                    <trkpt lat="54.45508333333333" lon="10.256716666666668">
                        <ele>0</ele>
                        <time>2022-08-18T08:01:30Z</time>
                                                <extensions>
                            <sog>8.7</sog>
<cog>68.0</cog>
                        </extensions>
                    </trkpt>
                    <trkpt lat="54.45515" lon="10.256966666666667">
                        <ele>0</ele>
                        <time>2022-08-18T08:01:34Z</time>
                                                <extensions>
                            <sog>8.8</sog>
<cog>67.1</cog>
                        </extensions>
                    </trkpt>
                    <trkpt lat="54.4552" lon="10.25715">
                        <ele>0</ele>
                        <time>2022-08-18T08:01:37Z</time>
                                                <extensions>
                            <sog>8.7</sog>
<cog>66.5</cog>
                        </extensions>
                    </trkpt>
                    <trkpt lat="54.45525" lon="10.25735">
                        <ele>0</ele>
                        <time>2022-08-18T08:01:40Z</time>
                                                <extensions>
                            <sog>8.8</sog>
<cog>65.8</cog>
                        </extensions>
                    </trkpt>
                    <trkpt lat="54.45531666666667" lon="10.2576">
                        <ele>0</ele>
                        <time>2022-08-18T08:01:44Z</time>
                                                <extensions>
                            <sog>8.8</sog>
<cog>64.3</cog>
                        </extensions>
                    </trkpt>
                    <trkpt lat="54.45538333333333" lon="10.257783333333332">
                        <ele>0</ele>
                        <time>2022-08-18T08:01:47Z</time>
                                                <extensions>
                            <sog>8.8</sog>
<cog>63.4</cog>
                        </extensions>
                    </trkpt>
                    <trkpt lat="54.455450000000006" lon="10.257966666666666">
                        <ele>0</ele>
                        <time>2022-08-18T08:01:50Z</time>
                                                <extensions>
                            <sog>8.8</sog>
<cog>62.4</cog>
                        </extensions>
                    </trkpt>
                    <trkpt lat="54.45551666666667" lon="10.258199999999999">
                        <ele>0</ele>
                        <time>2022-08-18T08:01:54Z</time>
                                                <extensions>
                            <sog>8.8</sog>
<cog>61.9</cog>
                        </extensions>
                    </trkpt>
                    <trkpt lat="54.45558333333334" lon="10.2584">
                        <ele>0</ele>
                        <time>2022-08-18T08:01:57Z</time>
                                                <extensions>
                            <sog>8.8</sog>
<cog>61.8</cog>
                        </extensions>
                    </trkpt>
                    <trkpt lat="54.45565166666667" lon="10.258631666666668">
                        <ele>0</ele>
                        <time>2022-08-18T08:02:01Z</time>
                                                <extensions>
                            <sog>8.8</sog>
<cog>61.8</cog>
                        </extensions>
                    </trkpt>
                    <trkpt lat="54.45571666666667" lon="10.258833333333333">
                        <ele>0</ele>
                        <time>2022-08-18T08:02:04Z</time>
                                                <extensions>
                            <sog>8.8</sog>
<cog>61.5</cog>
                        </extensions>
                    </trkpt>
                    <trkpt lat="54.45576666666667" lon="10.259016666666668">
                        <ele>0</ele>
                        <time>2022-08-18T08:02:07Z</time>
                                                <extensions>
                            <sog>8.8</sog>
<cog>61.3</cog>
                        </extensions>
                    </trkpt>
                    <trkpt lat="54.45583333333333" lon="10.2592">
                        <ele>0</ele>
                        <time>2022-08-18T08:02:11Z</time>
                                                <extensions>
                            <sog>8.8</sog>
<cog>61.2</cog>
                        </extensions>
                    </trkpt>
                    <trkpt lat="54.45591666666667" lon="10.25945">
                        <ele>0</ele>
                        <time>2022-08-18T08:02:14Z</time>
                                                <extensions>
                            <sog>8.8</sog>
<cog>61.1</cog>
                        </extensions>
                    </trkpt>
                    <trkpt lat="54.45596666666667" lon="10.259633333333333">
                        <ele>0</ele>
                        <time>2022-08-18T08:02:17Z</time>
                                                <extensions>
                            <sog>8.8</sog>
<cog>61.2</cog>
                        </extensions>
                    </trkpt>
                    <trkpt lat="54.45603666666667" lon="10.259875">
                        <ele>0</ele>
                        <time>2022-08-18T08:02:21Z</time>
                                                <extensions>
                            <sog>8.8</sog>
<cog>62.0</cog>
                        </extensions>
                    </trkpt>
                    <trkpt lat="54.4561" lon="10.260083333333334">
                        <ele>0</ele>
                        <time>2022-08-18T08:02:24Z</time>
                                                <extensions>
                            <sog>8.8</sog>
<cog>62.8</cog>
                        </extensions>
                    </trkpt>
                    <trkpt lat="54.4561" lon="10.260083333333334">
                        <ele>0</ele>
                        <time>2022-08-18T08:02:25Z</time>
                                                <extensions>
                            <sog>8.8</sog>
<cog>62.8</cog>
                        </extensions>
                    </trkpt>
                    <trkpt lat="54.45621666666667" lon="10.260533333333333">
                        <ele>0</ele>
                        <time>2022-08-18T08:02:31Z</time>
                                                <extensions>
                            <sog>8.8</sog>
<cog>64.8</cog>
                        </extensions>
                    </trkpt>
                    <trkpt lat="54.45621666666667" lon="10.260533333333333">
                        <ele>0</ele>
                        <time>2022-08-18T08:02:31Z</time>
                                                <extensions>
                            <sog>8.8</sog>
<cog>64.7</cog>
                        </extensions>
                    </trkpt>
                    <trkpt lat="54.456325" lon="10.260965">
                        <ele>0</ele>
                        <time>2022-08-18T08:02:38Z</time>
                                                <extensions>
                            <sog>8.8</sog>
<cog>66.1</cog>
                        </extensions>
                    </trkpt>
                    <trkpt lat="54.45636666666667" lon="10.261116666666668">
                        <ele>0</ele>
                        <time>2022-08-18T08:02:40Z</time>
                                                <extensions>
                            <sog>8.8</sog>
<cog>67.0</cog>
                        </extensions>
                    </trkpt>
                    <trkpt lat="54.45643333333333" lon="10.261366666666667">
                        <ele>0</ele>
                        <time>2022-08-18T08:02:44Z</time>
                                                <extensions>
                            <sog>8.8</sog>
<cog>66.9</cog>
                        </extensions>
                    </trkpt>
                    <trkpt lat="54.45648333333334" lon="10.26155">
                        <ele>0</ele>
                        <time>2022-08-18T08:02:47Z</time>
                                                <extensions>
                            <sog>8.8</sog>
<cog>66.9</cog>
                        </extensions>
                    </trkpt>
                    <trkpt lat="54.456536666666665" lon="10.261808333333333">
                        <ele>0</ele>
                        <time>2022-08-18T08:02:51Z</time>
                                                <extensions>
                            <sog>8.8</sog>
<cog>66.5</cog>
                        </extensions>
                    </trkpt>
                    <trkpt lat="54.4566" lon="10.262">
                        <ele>0</ele>
                        <time>2022-08-18T08:02:54Z</time>
                                                <extensions>
                            <sog>8.8</sog>
<cog>65.8</cog>
                        </extensions>
                    </trkpt>
                    <trkpt lat="54.456649999999996" lon="10.262183333333333">
                        <ele>0</ele>
                        <time>2022-08-18T08:02:57Z</time>
                                                <extensions>
                            <sog>8.8</sog>
<cog>65.6</cog>
                        </extensions>
                    </trkpt>
                    <trkpt lat="54.45673333333333" lon="10.26245">
                        <ele>0</ele>
                        <time>2022-08-18T08:03:01Z</time>
                                                <extensions>
                            <sog>8.8</sog>
<cog>65.0</cog>
                        </extensions>
                    </trkpt>
                    <trkpt lat="54.456783333333334" lon="10.262633333333333">
                        <ele>0</ele>
                        <time>2022-08-18T08:03:04Z</time>
                                                <extensions>
                            <sog>8.8</sog>
<cog>64.5</cog>
                        </extensions>
                    </trkpt>
                    <trkpt lat="54.456835" lon="10.262894999999999">
                        <ele>0</ele>
                        <time>2022-08-18T08:03:08Z</time>
                                                <extensions>
                            <sog>8.8</sog>
<cog>64.1</cog>
                        </extensions>
                    </trkpt>
                    <trkpt lat="54.45688333333333" lon="10.263016666666665">
                        <ele>0</ele>
                        <time>2022-08-18T08:03:11Z</time>
                                                <extensions>
                            <sog>8.8</sog>
<cog>63.9</cog>
                        </extensions>
                    </trkpt>
                    <trkpt lat="54.456966666666666" lon="10.263266666666668">
                        <ele>0</ele>
                        <time>2022-08-18T08:03:14Z</time>
                                                <extensions>
                            <sog>8.8</sog>
<cog>63.3</cog>
                        </extensions>
                    </trkpt>
                    <trkpt lat="54.45713333333333" lon="10.263883333333332">
                        <ele>0</ele>
                        <time>2022-08-18T08:03:24Z</time>
                                                <extensions>
                            <sog>8.8</sog>
<cog>63.4</cog>
                        </extensions>
                    </trkpt>
                    <trkpt lat="54.45719999999999" lon="10.264083333333334">
                        <ele>0</ele>
                        <time>2022-08-18T08:03:27Z</time>
                                                <extensions>
                            <sog>8.8</sog>
<cog>63.9</cog>
                        </extensions>
                    </trkpt>
                    <trkpt lat="54.45725" lon="10.264266666666666">
                        <ele>0</ele>
                        <time>2022-08-18T08:03:30Z</time>
                                                <extensions>
                            <sog>8.8</sog>
<cog>64.2</cog>
                        </extensions>
                    </trkpt>
                    <trkpt lat="54.457316666666664" lon="10.264533333333333">
                        <ele>0</ele>
                        <time>2022-08-18T08:03:34Z</time>
                                                <extensions>
                            <sog>8.8</sog>
<cog>64.7</cog>
                        </extensions>
                    </trkpt>
                    <trkpt lat="54.45735333333334" lon="10.26475">
                        <ele>0</ele>
                        <time>2022-08-18T08:03:37Z</time>
                                                <extensions>
                            <sog>8.8</sog>
<cog>65.1</cog>
                        </extensions>
                    </trkpt>
                    <trkpt lat="54.457433333333334" lon="10.264983333333333">
                        <ele>0</ele>
                        <time>2022-08-18T08:03:41Z</time>
                                                <extensions>
                            <sog>8.8</sog>
<cog>65.3</cog>
                        </extensions>
                    </trkpt>
                    <trkpt lat="54.457483333333336" lon="10.265166666666666">
                        <ele>0</ele>
                        <time>2022-08-18T08:03:44Z</time>
                                                <extensions>
                            <sog>8.8</sog>
<cog>65.5</cog>
                        </extensions>
                    </trkpt>
                    <trkpt lat="54.45753333333334" lon="10.265350000000002">
                        <ele>0</ele>
                        <time>2022-08-18T08:03:47Z</time>
                                                <extensions>
                            <sog>8.8</sog>
<cog>65.5</cog>
                        </extensions>
                    </trkpt>
                    <trkpt lat="54.45758333333333" lon="10.26555">
                        <ele>0</ele>
                        <time>2022-08-18T08:03:50Z</time>
                                                <extensions>
                            <sog>8.8</sog>
<cog>65.4</cog>
                        </extensions>
                    </trkpt>
                    <trkpt lat="54.45771666666667" lon="10.266">
                        <ele>0</ele>
                        <time>2022-08-18T08:03:57Z</time>
                                                <extensions>
                            <sog>8.8</sog>
<cog>65.0</cog>
                        </extensions>
                    </trkpt>
                    <trkpt lat="54.457766666666664" lon="10.266183333333334">
                        <ele>0</ele>
                        <time>2022-08-18T08:04:01Z</time>
                                                <extensions>
                            <sog>8.8</sog>
<cog>64.9</cog>
                        </extensions>
                    </trkpt>
                    <trkpt lat="54.45783333333333" lon="10.266433333333334">
                        <ele>0</ele>
                        <time>2022-08-18T08:04:04Z</time>
                                                <extensions>
                            <sog>8.8</sog>
<cog>64.3</cog>
                        </extensions>
                    </trkpt>
                    <trkpt lat="54.45801666666667" lon="10.267066666666667">
                        <ele>0</ele>
                        <time>2022-08-18T08:04:14Z</time>
                                                <extensions>
                            <sog>8.7</sog>
<cog>64.4</cog>
                        </extensions>
                    </trkpt>
                    <trkpt lat="54.45801666666667" lon="10.267133333333334">
                        <ele>0</ele>
                        <time>2022-08-18T08:04:15Z</time>
                                                <extensions>
                            <sog>8.8</sog>
<cog>64.9</cog>
                        </extensions>
                    </trkpt>
                    <trkpt lat="54.45811666666667" lon="10.267616666666667">
                        <ele>0</ele>
                        <time>2022-08-18T08:04:22Z</time>
                                                <extensions>
                            <sog>8.8</sog>
<cog>68.4</cog>
                        </extensions>
                    </trkpt>
                    <trkpt lat="54.45815" lon="10.267750000000001">
                        <ele>0</ele>
                        <time>2022-08-18T08:04:24Z</time>
                                                <extensions>
                            <sog>8.8</sog>
<cog>69.1</cog>
                        </extensions>
                    </trkpt>
                    <trkpt lat="54.45831666666666" lon="10.268366666666667">
                        <ele>0</ele>
                        <time>2022-08-18T08:04:34Z</time>
                                                <extensions>
                            <sog>8.8</sog>
<cog>65.9</cog>
                        </extensions>
                    </trkpt>
                    <trkpt lat="54.45851666666667" lon="10.268966666666667">
                        <ele>0</ele>
                        <time>2022-08-18T08:04:44Z</time>
                                                <extensions>
                            <sog>8.7</sog>
<cog>61.1</cog>
                        </extensions>
                    </trkpt>
                    <trkpt lat="54.45856666666667" lon="10.26915">
                        <ele>0</ele>
                        <time>2022-08-18T08:04:47Z</time>
                                                <extensions>
                            <sog>8.7</sog>
<cog>61.5</cog>
                        </extensions>
                    </trkpt>
                    <trkpt lat="54.458666666666666" lon="10.269533333333333">
                        <ele>0</ele>
                        <time>2022-08-18T08:04:53Z</time>
                                                <extensions>
                            <sog>8.7</sog>
<cog>64.7</cog>
                        </extensions>
                    </trkpt>
                    <trkpt lat="54.45872166666666" lon="10.269863333333332">
                        <ele>0</ele>
                        <time>2022-08-18T08:04:57Z</time>
                                                <extensions>
                            <sog>8.6</sog>
<cog>66.5</cog>
                        </extensions>
                    </trkpt>
                    <trkpt lat="54.45876166666667" lon="10.270056666666667">
                        <ele>0</ele>
                        <time>2022-08-18T08:05:01Z</time>
                                                <extensions>
                            <sog>8.6</sog>
<cog>67.3</cog>
                        </extensions>
                    </trkpt>
                    <trkpt lat="54.45883333333334" lon="10.270233333333334">
                        <ele>0</ele>
                        <time>2022-08-18T08:05:04Z</time>
                                                <extensions>
                            <sog>8.4</sog>
<cog>67.2</cog>
                        </extensions>
                    </trkpt>
                    <trkpt lat="54.45886666666667" lon="10.27049">
                        <ele>0</ele>
                        <time>2022-08-18T08:05:08Z</time>
                                                <extensions>
                            <sog>8.4</sog>
<cog>67.0</cog>
                        </extensions>
                    </trkpt>
                    <trkpt lat="54.458975" lon="10.270856666666667">
                        <ele>0</ele>
                        <time>2022-08-18T08:05:13Z</time>
                                                <extensions>
                            <sog>8.5</sog>
<cog>64.7</cog>
                        </extensions>
                    </trkpt>
                    <trkpt lat="54.45906" lon="10.271091666666667">
                        <ele>0</ele>
                        <time>2022-08-18T08:05:17Z</time>
                                                <extensions>
                            <sog>8.5</sog>
<cog>62.9</cog>
                        </extensions>
                    </trkpt>
                    <trkpt lat="54.459266666666664" lon="10.27165">
                        <ele>0</ele>
                        <time>2022-08-18T08:05:28Z</time>
                                                <extensions>
                            <sog>8.7</sog>
<cog>61.8</cog>
                        </extensions>
                    </trkpt>
                    <trkpt lat="54.45933333333333" lon="10.271899999999999">
                        <ele>0</ele>
                        <time>2022-08-18T08:05:31Z</time>
                                                <extensions>
                            <sog>8.7</sog>
<cog>63.0</cog>
                        </extensions>
                    </trkpt>
                    <trkpt lat="54.459383333333335" lon="10.272083333333335">
                        <ele>0</ele>
                        <time>2022-08-18T08:05:34Z</time>
                                                <extensions>
                            <sog>8.6</sog>
<cog>63.7</cog>
                        </extensions>
                    </trkpt>
                    <trkpt lat="54.45943333333333" lon="10.272283333333332">
                        <ele>0</ele>
                        <time>2022-08-18T08:05:37Z</time>
                                                <extensions>
                            <sog>8.6</sog>
<cog>63.8</cog>
                        </extensions>
                    </trkpt>
                    <trkpt lat="54.45948666666666" lon="10.272523333333334">
                        <ele>0</ele>
                        <time>2022-08-18T08:05:41Z</time>
                                                <extensions>
                            <sog>8.6</sog>
<cog>63.4</cog>
                        </extensions>
                    </trkpt>
                    <trkpt lat="54.45956666666667" lon="10.272716666666668">
                        <ele>0</ele>
                        <time>2022-08-18T08:05:44Z</time>
                                                <extensions>
                            <sog>8.7</sog>
<cog>63.2</cog>
                        </extensions>
                    </trkpt>
                    <trkpt lat="54.45973333333333" lon="10.273249999999999">
                        <ele>0</ele>
                        <time>2022-08-18T08:05:53Z</time>
                                                <extensions>
                            <sog>8.7</sog>
<cog>62.5</cog>
                        </extensions>
                    </trkpt>
                    <trkpt lat="54.459781666666665" lon="10.273513333333334">
                        <ele>0</ele>
                        <time>2022-08-18T08:05:57Z</time>
                                                <extensions>
                            <sog>8.6</sog>
<cog>63.9</cog>
                        </extensions>
                    </trkpt>
                    <trkpt lat="54.459849999999996" lon="10.2737">
                        <ele>0</ele>
                        <time>2022-08-18T08:06:00Z</time>
                                                <extensions>
                            <sog>8.6</sog>
<cog>65.5</cog>
                        </extensions>
                    </trkpt>
                    <trkpt lat="54.459916666666665" lon="10.273950000000001">
                        <ele>0</ele>
                        <time>2022-08-18T08:06:04Z</time>
                                                <extensions>
                            <sog>8.6</sog>
<cog>66.5</cog>
                        </extensions>
                    </trkpt>
                    <trkpt lat="54.460010000000004" lon="10.274403333333334">
                        <ele>0</ele>
                        <time>2022-08-18T08:06:11Z</time>
                                                <extensions>
                            <sog>8.6</sog>
<cog>66.1</cog>
                        </extensions>
                    </trkpt>
                    <trkpt lat="54.46006333333333" lon="10.27459">
                        <ele>0</ele>
                        <time>2022-08-18T08:06:13Z</time>
                                                <extensions>
                            <sog>8.6</sog>
<cog>65.4</cog>
                        </extensions>
                    </trkpt>
                    <trkpt lat="54.46013333333334" lon="10.274766666666666">
                        <ele>0</ele>
                        <time>2022-08-18T08:06:17Z</time>
                                                <extensions>
                            <sog>8.6</sog>
<cog>64.0</cog>
                        </extensions>
                    </trkpt>
                    <trkpt lat="54.4602" lon="10.274966666666668">
                        <ele>0</ele>
                        <time>2022-08-18T08:06:20Z</time>
                                                <extensions>
                            <sog>8.7</sog>
<cog>63.3</cog>
                        </extensions>
                    </trkpt>
                    <trkpt lat="54.46026833333334" lon="10.275274999999999">
                        <ele>0</ele>
                        <time>2022-08-18T08:06:25Z</time>
                                                <extensions>
                            <sog>8.7</sog>
<cog>63.4</cog>
                        </extensions>
                    </trkpt>
                    <trkpt lat="54.46031666666667" lon="10.2754">
                        <ele>0</ele>
                        <time>2022-08-18T08:06:27Z</time>
                                                <extensions>
                            <sog>8.7</sog>
<cog>63.5</cog>
                        </extensions>
                    </trkpt>
                    <trkpt lat="54.460366666666665" lon="10.275583333333334">
                        <ele>0</ele>
                        <time>2022-08-18T08:06:30Z</time>
                                                <extensions>
                            <sog>8.8</sog>
<cog>64.6</cog>
                        </extensions>
                    </trkpt>
                    <trkpt lat="54.460433333333334" lon="10.27585">
                        <ele>0</ele>
                        <time>2022-08-18T08:06:34Z</time>
                                                <extensions>
                            <sog>8.6</sog>
<cog>65.5</cog>
                        </extensions>
                    </trkpt>
                    <trkpt lat="54.46046833333333" lon="10.276035">
                        <ele>0</ele>
                        <time>2022-08-18T08:06:37Z</time>
                                                <extensions>
                            <sog>8.6</sog>
<cog>65.7</cog>
                        </extensions>
                    </trkpt>
                    <trkpt lat="54.46055" lon="10.276283333333334">
                        <ele>0</ele>
                        <time>2022-08-18T08:06:41Z</time>
                                                <extensions>
                            <sog>8.6</sog>
<cog>65.8</cog>
                        </extensions>
                    </trkpt>
                    <trkpt lat="54.4606" lon="10.276483333333335">
                        <ele>0</ele>
                        <time>2022-08-18T08:06:44Z</time>
                                                <extensions>
                            <sog>8.6</sog>
<cog>65.5</cog>
                        </extensions>
                    </trkpt>
                    <trkpt lat="54.46066666666666" lon="10.276716666666665">
                        <ele>0</ele>
                        <time>2022-08-18T08:06:48Z</time>
                                                <extensions>
                            <sog>8.6</sog>
<cog>63.7</cog>
                        </extensions>
                    </trkpt>
                    <trkpt lat="54.46073333333333" lon="10.276900000000001">
                        <ele>0</ele>
                        <time>2022-08-18T08:06:51Z</time>
                                                <extensions>
                            <sog>8.6</sog>
<cog>61.9</cog>
                        </extensions>
                    </trkpt>
                    <trkpt lat="54.46076666666667" lon="10.277016666666666">
                        <ele>0</ele>
                        <time>2022-08-18T08:06:53Z</time>
                                                <extensions>
                            <sog>8.6</sog>
<cog>61.4</cog>
                        </extensions>
                    </trkpt>
                    <trkpt lat="54.46088333333333" lon="10.277316666666668">
                        <ele>0</ele>
                        <time>2022-08-18T08:06:58Z</time>
                                                <extensions>
                            <sog>8.6</sog>
<cog>60.0</cog>
                        </extensions>
                    </trkpt>
                    <trkpt lat="54.46098333333334" lon="10.277616666666667">
                        <ele>0</ele>
                        <time>2022-08-18T08:07:03Z</time>
                                                <extensions>
                            <sog>8.6</sog>
<cog>60.7</cog>
                        </extensions>
                    </trkpt>
                    <trkpt lat="54.4611" lon="10.278066666666666">
                        <ele>0</ele>
                        <time>2022-08-18T08:07:10Z</time>
                                                <extensions>
                            <sog>8.6</sog>
<cog>64.6</cog>
                        </extensions>
                    </trkpt>
                    <trkpt lat="54.46113666666667" lon="10.27833">
                        <ele>0</ele>
                        <time>2022-08-18T08:07:13Z</time>
                                                <extensions>
                            <sog>8.6</sog>
<cog>65.5</cog>
                        </extensions>
                    </trkpt>
                    <trkpt lat="54.4612" lon="10.278500000000001">
                        <ele>0</ele>
                        <time>2022-08-18T08:07:17Z</time>
                                                <extensions>
                            <sog>8.6</sog>
<cog>66.8</cog>
                        </extensions>
                    </trkpt>
                    <trkpt lat="54.46125" lon="10.278766666666666">
                        <ele>0</ele>
                        <time>2022-08-18T08:07:21Z</time>
                                                <extensions>
                            <sog>8.6</sog>
<cog>68.1</cog>
                        </extensions>
                    </trkpt>
                    <trkpt lat="54.46129833333334" lon="10.27904">
                        <ele>0</ele>
                        <time>2022-08-18T08:07:25Z</time>
                                                <extensions>
                            <sog>8.6</sog>
<cog>68.4</cog>
                        </extensions>
                    </trkpt>
                    <trkpt lat="54.46134166666666" lon="10.279238333333332">
                        <ele>0</ele>
                        <time>2022-08-18T08:07:28Z</time>
                                                <extensions>
                            <sog>8.6</sog>
<cog>68.4</cog>
                        </extensions>
                    </trkpt>
                    <trkpt lat="54.461400000000005" lon="10.279416666666666">
                        <ele>0</ele>
                        <time>2022-08-18T08:07:31Z</time>
                                                <extensions>
                            <sog>8.6</sog>
<cog>68.6</cog>
                        </extensions>
                    </trkpt>
                    <trkpt lat="54.46145" lon="10.279616666666668">
                        <ele>0</ele>
                        <time>2022-08-18T08:07:34Z</time>
                                                <extensions>
                            <sog>8.7</sog>
<cog>68.6</cog>
                        </extensions>
                    </trkpt>
                    <trkpt lat="54.461483333333334" lon="10.2798">
                        <ele>0</ele>
                        <time>2022-08-18T08:07:37Z</time>
                                                <extensions>
                            <sog>8.7</sog>
<cog>68.6</cog>
                        </extensions>
                    </trkpt>
                    <trkpt lat="54.4616" lon="10.280266666666668">
                        <ele>0</ele>
                        <time>2022-08-18T08:07:44Z</time>
                                                <extensions>
                            <sog>8.6</sog>
<cog>68.6</cog>
                        </extensions>
                    </trkpt>
                    <trkpt lat="54.46164" lon="10.280526666666667">
                        <ele>0</ele>
                        <time>2022-08-18T08:07:48Z</time>
                                                <extensions>
                            <sog>8.7</sog>
<cog>69.0</cog>
                        </extensions>
                    </trkpt>
                    <trkpt lat="54.46168333333333" lon="10.280714999999999">
                        <ele>0</ele>
                        <time>2022-08-18T08:07:51Z</time>
                                                <extensions>
                            <sog>8.6</sog>
<cog>69.6</cog>
                        </extensions>
                    </trkpt>
                    <trkpt lat="54.46171666666667" lon="10.280866666666666">
                        <ele>0</ele>
                        <time>2022-08-18T08:07:53Z</time>
                                                <extensions>
                            <sog>8.6</sog>
<cog>70.0</cog>
                        </extensions>
                    </trkpt>
                    <trkpt lat="54.461800000000004" lon="10.281333333333333">
                        <ele>0</ele>
                        <time>2022-08-18T08:08:00Z</time>
                                                <extensions>
                            <sog>8.6</sog>
<cog>72.4</cog>
                        </extensions>
                    </trkpt>
                    <trkpt lat="54.46183333333333" lon="10.281533333333334">
                        <ele>0</ele>
                        <time>2022-08-18T08:08:03Z</time>
                                                <extensions>
                            <sog>8.6</sog>
<cog>73.1</cog>
                        </extensions>
                    </trkpt>
                    <trkpt lat="54.46188333333334" lon="10.2818">
                        <ele>0</ele>
                        <time>2022-08-18T08:08:07Z</time>
                                                <extensions>
                            <sog>8.6</sog>
<cog>73.8</cog>
                        </extensions>
                    </trkpt>
                    <trkpt lat="54.46190166666667" lon="10.28205">
                        <ele>0</ele>
                        <time>2022-08-18T08:08:11Z</time>
                                                <extensions>
                            <sog>8.6</sog>
<cog>74.1</cog>
                        </extensions>
                    </trkpt>
                    <trkpt lat="54.461936666666666" lon="10.282253333333333">
                        <ele>0</ele>
                        <time>2022-08-18T08:08:13Z</time>
                                                <extensions>
                            <sog>8.6</sog>
<cog>74.2</cog>
                        </extensions>
                    </trkpt>
                    <trkpt lat="54.461983333333336" lon="10.28245">
                        <ele>0</ele>
                        <time>2022-08-18T08:08:17Z</time>
                                                <extensions>
                            <sog>8.7</sog>
<cog>73.9</cog>
                        </extensions>
                    </trkpt>
                    <trkpt lat="54.46203333333334" lon="10.282716666666666">
                        <ele>0</ele>
                        <time>2022-08-18T08:08:21Z</time>
                                                <extensions>
                            <sog>8.7</sog>
<cog>73.4</cog>
                        </extensions>
                    </trkpt>
                    <trkpt lat="54.46211666666667" lon="10.283116666666666">
                        <ele>0</ele>
                        <time>2022-08-18T08:08:27Z</time>
                                                <extensions>
                            <sog>8.6</sog>
<cog>72.6</cog>
                        </extensions>
                    </trkpt>
                    <trkpt lat="54.462149999999994" lon="10.283316666666668">
                        <ele>0</ele>
                        <time>2022-08-18T08:08:30Z</time>
                                                <extensions>
                            <sog>8.6</sog>
<cog>72.2</cog>
                        </extensions>
                    </trkpt>
                    <trkpt lat="54.4622" lon="10.283583333333333">
                        <ele>0</ele>
                        <time>2022-08-18T08:08:34Z</time>
                                                <extensions>
                            <sog>8.6</sog>
<cog>72.1</cog>
                        </extensions>
                    </trkpt>
                    <trkpt lat="54.46228333333333" lon="10.28405">
                        <ele>0</ele>
                        <time>2022-08-18T08:08:41Z</time>
                                                <extensions>
                            <sog>8.7</sog>
<cog>72.6</cog>
                        </extensions>
                    </trkpt>
                    <trkpt lat="54.46243333333334" lon="10.28485">
                        <ele>0</ele>
                        <time>2022-08-18T08:08:53Z</time>
                                                <extensions>
                            <sog>8.8</sog>
<cog>71.6</cog>
                        </extensions>
                    </trkpt>
                    <trkpt lat="54.462466666666664" lon="10.284966666666666">
                        <ele>0</ele>
                        <time>2022-08-18T08:08:55Z</time>
                                                <extensions>
                            <sog>8.8</sog>
<cog>71.2</cog>
                        </extensions>
                    </trkpt>
                    <trkpt lat="54.462583333333335" lon="10.2855">
                        <ele>0</ele>
                        <time>2022-08-18T08:09:03Z</time>
                                                <extensions>
                            <sog>8.8</sog>
<cog>68.4</cog>
                        </extensions>
                    </trkpt>
                    <trkpt lat="54.46270833333333" lon="10.286023333333333">
                        <ele>0</ele>
                        <time>2022-08-18T08:09:11Z</time>
                                                <extensions>
                            <sog>8.8</sog>
<cog>65.9</cog>
                        </extensions>
                    </trkpt>
                    <trkpt lat="54.46275666666667" lon="10.286215">
                        <ele>0</ele>
                        <time>2022-08-18T08:09:13Z</time>
                                                <extensions>
                            <sog>8.8</sog>
<cog>64.9</cog>
                        </extensions>
                    </trkpt>
                    <trkpt lat="54.462833333333336" lon="10.286383333333333">
                        <ele>0</ele>
                        <time>2022-08-18T08:09:17Z</time>
                                                <extensions>
                            <sog>8.8</sog>
<cog>64.4</cog>
                        </extensions>
                    </trkpt>
                    <trkpt lat="54.46288333333334" lon="10.286583333333335">
                        <ele>0</ele>
                        <time>2022-08-18T08:09:20Z</time>
                                                <extensions>
                            <sog>8.8</sog>
<cog>64.5</cog>
                        </extensions>
                    </trkpt>
                    <trkpt lat="54.463" lon="10.287016666666666">
                        <ele>0</ele>
                        <time>2022-08-18T08:09:27Z</time>
                                                <extensions>
                            <sog>8.8</sog>
<cog>64.7</cog>
                        </extensions>
                    </trkpt>
                    <trkpt lat="54.46313333333333" lon="10.28745">
                        <ele>0</ele>
                        <time>2022-08-18T08:09:34Z</time>
                                                <extensions>
                            <sog>8.8</sog>
<cog>64.7</cog>
                        </extensions>
                    </trkpt>
                    <trkpt lat="54.46318333333333" lon="10.287650000000001">
                        <ele>0</ele>
                        <time>2022-08-18T08:09:37Z</time>
                                                <extensions>
                            <sog>8.8</sog>
<cog>64.5</cog>
                        </extensions>
                    </trkpt>
                    <trkpt lat="54.463235000000005" lon="10.287926666666667">
                        <ele>0</ele>
                        <time>2022-08-18T08:09:41Z</time>
                                                <extensions>
                            <sog>8.8</sog>
<cog>64.3</cog>
                        </extensions>
                    </trkpt>
                    <trkpt lat="54.463316666666664" lon="10.288083333333333">
                        <ele>0</ele>
                        <time>2022-08-18T08:09:44Z</time>
                                                <extensions>
                            <sog>8.8</sog>
<cog>64.0</cog>
                        </extensions>
                    </trkpt>
                    <trkpt lat="54.46341666666667" lon="10.288450000000001">
                        <ele>0</ele>
                        <time>2022-08-18T08:09:50Z</time>
                                                <extensions>
                            <sog>8.8</sog>
<cog>63.9</cog>
                        </extensions>
                    </trkpt>
                    <trkpt lat="54.46366666666667" lon="10.289266666666666">
                        <ele>0</ele>
                        <time>2022-08-18T08:10:03Z</time>
                                                <extensions>
                            <sog>8.8</sog>
<cog>63.2</cog>
                        </extensions>
                    </trkpt>
                    <trkpt lat="54.46385166666666" lon="10.289996666666667">
                        <ele>0</ele>
                        <time>2022-08-18T08:10:13Z</time>
                                                <extensions>
                            <sog>8.8</sog>
<cog>62.4</cog>
                        </extensions>
                    </trkpt>
                    <trkpt lat="54.46403833333333" lon="10.290696666666665">
                        <ele>0</ele>
                        <time>2022-08-18T08:10:25Z</time>
                                                <extensions>
                            <sog>8.7</sog>
<cog>62.3</cog>
                        </extensions>
                    </trkpt>
                    <trkpt lat="54.46443333333333" lon="10.291833333333333">
                        <ele>0</ele>
                        <time>2022-08-18T08:10:44Z</time>
                                                <extensions>
                            <sog>8.8</sog>
<cog>63.3</cog>
                        </extensions>
                    </trkpt>
                    <trkpt lat="54.46463333333334" lon="10.292533333333333">
                        <ele>0</ele>
                        <time>2022-08-18T08:10:55Z</time>
                                                <extensions>
                            <sog>8.8</sog>
<cog>63.2</cog>
                        </extensions>
                    </trkpt>
                    <trkpt lat="54.46476666666667" lon="10.292966666666667">
                        <ele>0</ele>
                        <time>2022-08-18T08:11:03Z</time>
                                                <extensions>
                            <sog>8.8</sog>
<cog>62.9</cog>
                        </extensions>
                    </trkpt>
                    <trkpt lat="54.46478333333334" lon="10.293033333333334">
                        <ele>0</ele>
                        <time>2022-08-18T08:11:03Z</time>
                                                <extensions>
                            <sog>8.8</sog>
<cog>62.7</cog>
                        </extensions>
                    </trkpt>
                    <trkpt lat="54.464974999999995" lon="10.293831666666668">
                        <ele>0</ele>
                        <time>2022-08-18T08:11:15Z</time>
                                                <extensions>
                            <sog>8.8</sog>
<cog>63.2</cog>
                        </extensions>
                    </trkpt>
                    <trkpt lat="54.46503333333333" lon="10.293866666666666">
                        <ele>0</ele>
                        <time>2022-08-18T08:11:16Z</time>
                                                <extensions>
                            <sog>8.8</sog>
<cog>63.3</cog>
                        </extensions>
                    </trkpt>
                    <trkpt lat="54.46514333333334" lon="10.294459999999999">
                        <ele>0</ele>
                        <time>2022-08-18T08:11:25Z</time>
                                                <extensions>
                            <sog>8.8</sog>
<cog>64.4</cog>
                        </extensions>
                    </trkpt>
                    <trkpt lat="54.465199999999996" lon="10.2945">
                        <ele>0</ele>
                        <time>2022-08-18T08:11:26Z</time>
                                                <extensions>
                            <sog>8.8</sog>
<cog>64.6</cog>
                        </extensions>
                    </trkpt>
                    <trkpt lat="54.46524333333333" lon="10.294839999999999">
                        <ele>0</ele>
                        <time>2022-08-18T08:11:31Z</time>
                                                <extensions>
                            <sog>8.8</sog>
<cog>64.9</cog>
                        </extensions>
                    </trkpt>
                    <trkpt lat="54.46527833333334" lon="10.294963333333333">
                        <ele>0</ele>
                        <time>2022-08-18T08:11:33Z</time>
                                                <extensions>
                            <sog>8.8</sog>
<cog>65.3</cog>
                        </extensions>
                    </trkpt>
                    <trkpt lat="54.465333333333334" lon="10.295016666666667">
                        <ele>0</ele>
                        <time>2022-08-18T08:11:34Z</time>
                                                <extensions>
                            <sog>8.8</sog>
<cog>65.1</cog>
                        </extensions>
                    </trkpt>
                    <trkpt lat="54.46538333333333" lon="10.2952">
                        <ele>0</ele>
                        <time>2022-08-18T08:11:37Z</time>
                                                <extensions>
                            <sog>8.8</sog>
<cog>65.6</cog>
                        </extensions>
                    </trkpt>
                    <trkpt lat="54.46568333333333" lon="10.296349999999999">
                        <ele>0</ele>
                        <time>2022-08-18T08:11:55Z</time>
                                                <extensions>
                            <sog>8.8</sog>
<cog>65.0</cog>
                        </extensions>
                    </trkpt>
                    <trkpt lat="54.46573333333333" lon="10.296483333333333">
                        <ele>0</ele>
                        <time>2022-08-18T08:11:57Z</time>
                                                <extensions>
                            <sog>8.8</sog>
<cog>64.5</cog>
                        </extensions>
                    </trkpt>
                    <trkpt lat="54.46575" lon="10.29655">
                        <ele>0</ele>
                        <time>2022-08-18T08:11:59Z</time>
                                                <extensions>
                            <sog>8.8</sog>
<cog>64.5</cog>
                        </extensions>
                    </trkpt>
                    <trkpt lat="54.46583333333333" lon="10.296850000000001">
                        <ele>0</ele>
                        <time>2022-08-18T08:12:03Z</time>
                                                <extensions>
                            <sog>8.8</sog>
<cog>63.7</cog>
                        </extensions>
                    </trkpt>
                    <trkpt lat="54.46588333333333" lon="10.296966666666666">
                        <ele>0</ele>
                        <time>2022-08-18T08:12:05Z</time>
                                                <extensions>
                            <sog>8.8</sog>
<cog>63.0</cog>
                        </extensions>
                    </trkpt>
                    <trkpt lat="54.466028333333334" lon="10.297631666666666">
                        <ele>0</ele>
                        <time>2022-08-18T08:12:15Z</time>
                                                <extensions>
                            <sog>8.8</sog>
<cog>61.8</cog>
                        </extensions>
                    </trkpt>
                    <trkpt lat="54.46624" lon="10.29824">
                        <ele>0</ele>
                        <time>2022-08-18T08:12:25Z</time>
                                                <extensions>
                            <sog>8.8</sog>
<cog>61.3</cog>
                        </extensions>
                    </trkpt>
                    <trkpt lat="54.46646666666666" lon="10.298766666666667">
                        <ele>0</ele>
                        <time>2022-08-18T08:12:34Z</time>
                                                <extensions>
                            <sog>8.9</sog>
<cog>60.3</cog>
                        </extensions>
                    </trkpt>
                    <trkpt lat="54.46646833333333" lon="10.298903333333334">
                        <ele>0</ele>
                        <time>2022-08-18T08:12:36Z</time>
                                                <extensions>
                            <sog>8.8</sog>
<cog>59.7</cog>
                        </extensions>
                    </trkpt>
                    <trkpt lat="54.46656666666667" lon="10.29905">
                        <ele>0</ele>
                        <time>2022-08-18T08:12:39Z</time>
                                                <extensions>
                            <sog>8.7</sog>
<cog>58.7</cog>
                        </extensions>
                    </trkpt>
                    <trkpt lat="54.466683333333336" lon="10.29935">
                        <ele>0</ele>
                        <time>2022-08-18T08:12:44Z</time>
                                                <extensions>
                            <sog>8.7</sog>
<cog>58.0</cog>
                        </extensions>
                    </trkpt>
                    <trkpt lat="54.466816666666666" lon="10.2997">
                        <ele>0</ele>
                        <time>2022-08-18T08:12:50Z</time>
                                                <extensions>
                            <sog>8.8</sog>
<cog>57.8</cog>
                        </extensions>
                    </trkpt>
                    <trkpt lat="54.46685" lon="10.299816666666667">
                        <ele>0</ele>
                        <time>2022-08-18T08:12:52Z</time>
                                                <extensions>
                            <sog>8.8</sog>
<cog>58.2</cog>
                        </extensions>
                    </trkpt>
                    <trkpt lat="54.466966666666664" lon="10.300116666666666">
                        <ele>0</ele>
                        <time>2022-08-18T08:12:57Z</time>
                                                <extensions>
                            <sog>8.8</sog>
<cog>58.8</cog>
                        </extensions>
                    </trkpt>
                    <trkpt lat="54.467083333333335" lon="10.300483333333334">
                        <ele>0</ele>
                        <time>2022-08-18T08:13:03Z</time>
                                                <extensions>
                            <sog>8.8</sog>
<cog>59.1</cog>
                        </extensions>
                    </trkpt>
                    <trkpt lat="54.46756666666667" lon="10.301806666666666">
                        <ele>0</ele>
                        <time>2022-08-18T08:13:25Z</time>
                                                <extensions>
                            <sog>8.8</sog>
<cog>55.2</cog>
                        </extensions>
                    </trkpt>
                    <trkpt lat="54.46803333333333" lon="10.302883333333334">
                        <ele>0</ele>
                        <time>2022-08-18T08:13:44Z</time>
                                                <extensions>
                            <sog>8.8</sog>
<cog>55.6</cog>
                        </extensions>
                    </trkpt>
                    <trkpt lat="54.46818333333333" lon="10.303283333333333">
                        <ele>0</ele>
                        <time>2022-08-18T08:13:52Z</time>
                                                <extensions>
                            <sog>8.8</sog>
<cog>56.4</cog>
                        </extensions>
                    </trkpt>
                    <trkpt lat="54.468399999999995" lon="10.303883333333333">
                        <ele>0</ele>
                        <time>2022-08-18T08:14:01Z</time>
                                                <extensions>
                            <sog>8.7</sog>
<cog>57.0</cog>
                        </extensions>
                    </trkpt>
                    <trkpt lat="54.46845" lon="10.304">
                        <ele>0</ele>
                        <time>2022-08-18T08:14:03Z</time>
                                                <extensions>
                            <sog>8.7</sog>
<cog>57.5</cog>
                        </extensions>
                    </trkpt>
                    <trkpt lat="54.46853333333333" lon="10.304233333333334">
                        <ele>0</ele>
                        <time>2022-08-18T08:14:07Z</time>
                                                <extensions>
                            <sog>8.7</sog>
<cog>57.4</cog>
                        </extensions>
                    </trkpt>
                    <trkpt lat="54.468615" lon="10.304476666666666">
                        <ele>0</ele>
                        <time>2022-08-18T08:14:11Z</time>
                                                <extensions>
                            <sog>8.8</sog>
<cog>57.3</cog>
                        </extensions>
                    </trkpt>
                    <trkpt lat="54.468705" lon="10.304715">
                        <ele>0</ele>
                        <time>2022-08-18T08:14:15Z</time>
                                                <extensions>
                            <sog>8.8</sog>
<cog>57.1</cog>
                        </extensions>
                    </trkpt>
                    <trkpt lat="54.46881666666666" lon="10.305016666666667">
                        <ele>0</ele>
                        <time>2022-08-18T08:14:20Z</time>
                                                <extensions>
                            <sog>8.8</sog>
<cog>56.4</cog>
                        </extensions>
                    </trkpt>
                    <trkpt lat="54.46892833333333" lon="10.305309999999999">
                        <ele>0</ele>
                        <time>2022-08-18T08:14:25Z</time>
                                                <extensions>
                            <sog>8.8</sog>
<cog>56.1</cog>
                        </extensions>
                    </trkpt>
                    <trkpt lat="54.46915" lon="10.305816666666667">
                        <ele>0</ele>
                        <time>2022-08-18T08:14:34Z</time>
                                                <extensions>
                            <sog>8.8</sog>
<cog>55.4</cog>
                        </extensions>
                    </trkpt>
                    <trkpt lat="54.46938333333333" lon="10.306383333333335">
                        <ele>0</ele>
                        <time>2022-08-18T08:14:44Z</time>
                                                <extensions>
                            <sog>8.8</sog>
<cog>55.8</cog>
                        </extensions>
                    </trkpt>
                    <trkpt lat="54.46965" lon="10.307016666666668">
                        <ele>0</ele>
                        <time>2022-08-18T08:14:55Z</time>
                                                <extensions>
                            <sog>8.8</sog>
<cog>55.2</cog>
                        </extensions>
                    </trkpt>
                    <trkpt lat="54.469833333333334" lon="10.307466666666667">
                        <ele>0</ele>
                        <time>2022-08-18T08:15:03Z</time>
                                                <extensions>
                            <sog>8.7</sog>
<cog>53.8</cog>
                        </extensions>
                    </trkpt>
                    <trkpt lat="54.470389999999995" lon="10.308741666666666">
                        <ele>0</ele>
                        <time>2022-08-18T08:15:24Z</time>
                                                <extensions>
                            <sog>8.8</sog>
<cog>54.4</cog>
                        </extensions>
                    </trkpt>
                    <trkpt lat="54.47056666666666" lon="10.309249999999999">
                        <ele>0</ele>
                        <time>2022-08-18T08:15:34Z</time>
                                                <extensions>
                            <sog>8.8</sog>
<cog>54.6</cog>
                        </extensions>
                    </trkpt>
                    <trkpt lat="54.47108333333333" lon="10.31045">
                        <ele>0</ele>
                        <time>2022-08-18T08:15:55Z</time>
                                                <extensions>
                            <sog>8.9</sog>
<cog>53.9</cog>
                        </extensions>
                    </trkpt>
                    <trkpt lat="54.47128333333333" lon="10.310916666666666">
                        <ele>0</ele>
                        <time>2022-08-18T08:16:03Z</time>
                                                <extensions>
                            <sog>8.9</sog>
<cog>54.4</cog>
                        </extensions>
                    </trkpt>
                    <trkpt lat="54.4718" lon="10.312083333333334">
                        <ele>0</ele>
                        <time>2022-08-18T08:16:24Z</time>
                                                <extensions>
                            <sog>8.8</sog>
<cog>52.1</cog>
                        </extensions>
                    </trkpt>
                    <trkpt lat="54.47188333333334" lon="10.31225">
                        <ele>0</ele>
                        <time>2022-08-18T08:16:27Z</time>
                                                <extensions>
                            <sog>8.8</sog>
<cog>51.7</cog>
                        </extensions>
                    </trkpt>
                    <trkpt lat="54.471983333333334" lon="10.312483333333335">
                        <ele>0</ele>
                        <time>2022-08-18T08:16:31Z</time>
                                                <extensions>
                            <sog>8.8</sog>
<cog>51.4</cog>
                        </extensions>
                    </trkpt>
                    <trkpt lat="54.472033333333336" lon="10.312583333333333">
                        <ele>0</ele>
                        <time>2022-08-18T08:16:33Z</time>
                                                <extensions>
                            <sog>8.8</sog>
<cog>51.1</cog>
                        </extensions>
                    </trkpt>
                    <trkpt lat="54.47206666666667" lon="10.31265">
                        <ele>0</ele>
                        <time>2022-08-18T08:16:34Z</time>
                                                <extensions>
                            <sog>8.8</sog>
<cog>51.1</cog>
                        </extensions>
                    </trkpt>
                    <trkpt lat="54.47213333333333" lon="10.312816666666667">
                        <ele>0</ele>
                        <time>2022-08-18T08:16:37Z</time>
                                                <extensions>
                            <sog>8.8</sog>
<cog>51.2</cog>
                        </extensions>
                    </trkpt>
                    <trkpt lat="54.47221666666667" lon="10.312983333333333">
                        <ele>0</ele>
                        <time>2022-08-18T08:16:41Z</time>
                                                <extensions>
                            <sog>8.8</sog>
<cog>51.4</cog>
                        </extensions>
                    </trkpt>
                    <trkpt lat="54.47238333333333" lon="10.313383333333332">
                        <ele>0</ele>
                        <time>2022-08-18T08:16:47Z</time>
                                                <extensions>
                            <sog>8.8</sog>
<cog>52.4</cog>
                        </extensions>
                    </trkpt>
                    <trkpt lat="54.47258333333333" lon="10.313833333333333">
                        <ele>0</ele>
                        <time>2022-08-18T08:16:55Z</time>
                                                <extensions>
                            <sog>8.8</sog>
<cog>53.5</cog>
                        </extensions>
                    </trkpt>
                    <trkpt lat="54.47265" lon="10.314016666666667">
                        <ele>0</ele>
                        <time>2022-08-18T08:16:58Z</time>
                                                <extensions>
                            <sog>8.8</sog>
<cog>54.0</cog>
                        </extensions>
                    </trkpt>
                    <trkpt lat="54.47278333333334" lon="10.314366666666666">
                        <ele>0</ele>
                        <time>2022-08-18T08:17:04Z</time>
                                                <extensions>
                            <sog>8.8</sog>
<cog>54.7</cog>
                        </extensions>
                    </trkpt>
                    <trkpt lat="54.473016666666666" lon="10.314933333333332">
                        <ele>0</ele>
                        <time>2022-08-18T08:17:14Z</time>
                                                <extensions>
                            <sog>8.8</sog>
<cog>55.0</cog>
                        </extensions>
                    </trkpt>
                    <trkpt lat="54.47328666666667" lon="10.315556666666668">
                        <ele>0</ele>
                        <time>2022-08-18T08:17:24Z</time>
                                                <extensions>
                            <sog>8.8</sog>
<cog>53.9</cog>
                        </extensions>
                    </trkpt>
                    <trkpt lat="54.473499999999994" lon="10.316066666666668">
                        <ele>0</ele>
                        <time>2022-08-18T08:17:34Z</time>
                                                <extensions>
                            <sog>8.8</sog>
<cog>52.1</cog>
                        </extensions>
                    </trkpt>
                    <trkpt lat="54.47378666666667" lon="10.316673333333334">
                        <ele>0</ele>
                        <time>2022-08-18T08:17:45Z</time>
                                                <extensions>
                            <sog>8.8</sog>
<cog>52.0</cog>
                        </extensions>
                    </trkpt>
                    <trkpt lat="54.474000000000004" lon="10.317183333333332">
                        <ele>0</ele>
                        <time>2022-08-18T08:17:54Z</time>
                                                <extensions>
                            <sog>8.9</sog>
<cog>52.4</cog>
                        </extensions>
                    </trkpt>
                    <trkpt lat="54.47426666666667" lon="10.317733333333333">
                        <ele>0</ele>
                        <time>2022-08-18T08:18:04Z</time>
                                                <extensions>
                            <sog>8.9</sog>
<cog>50.9</cog>
                        </extensions>
                    </trkpt>
                    <trkpt lat="54.474349999999994" lon="10.3179">
                        <ele>0</ele>
                        <time>2022-08-18T08:18:07Z</time>
                                                <extensions>
                            <sog>8.9</sog>
<cog>50.2</cog>
                        </extensions>
                    </trkpt>
                    <trkpt lat="54.474466666666665" lon="10.3181">
                        <ele>0</ele>
                        <time>2022-08-18T08:18:11Z</time>
                                                <extensions>
                            <sog>8.9</sog>
<cog>49.2</cog>
                        </extensions>
                    </trkpt>
                    <trkpt lat="54.47455" lon="10.31825">
                        <ele>0</ele>
                        <time>2022-08-18T08:18:14Z</time>
                                                <extensions>
                            <sog>8.8</sog>
<cog>48.3</cog>
                        </extensions>
                    </trkpt>
                    <trkpt lat="54.47455" lon="10.31825">
                        <ele>0</ele>
                        <time>2022-08-18T08:18:14Z</time>
                                                <extensions>
                            <sog>8.8</sog>
<cog>47.9</cog>
                        </extensions>
                    </trkpt>
                    <trkpt lat="54.474666666666664" lon="10.31845">
                        <ele>0</ele>
                        <time>2022-08-18T08:18:18Z</time>
                                                <extensions>
                            <sog>8.8</sog>
<cog>47.2</cog>
                        </extensions>
                    </trkpt>
                    <trkpt lat="54.47473333333333" lon="10.31855">
                        <ele>0</ele>
                        <time>2022-08-18T08:18:20Z</time>
                                                <extensions>
                            <sog>8.8</sog>
<cog>46.8</cog>
                        </extensions>
                    </trkpt>
                    <trkpt lat="54.474865" lon="10.318826666666666">
                        <ele>0</ele>
                        <time>2022-08-18T08:18:24Z</time>
                                                <extensions>
                            <sog>8.8</sog>
<cog>47.3</cog>
                        </extensions>
                    </trkpt>
                    <trkpt lat="54.474916666666665" lon="10.318916666666667">
                        <ele>0</ele>
                        <time>2022-08-18T08:18:27Z</time>
                                                <extensions>
                            <sog>8.8</sog>
<cog>48.0</cog>
                        </extensions>
                    </trkpt>
                    <trkpt lat="54.475" lon="10.319083333333333">
                        <ele>0</ele>
                        <time>2022-08-18T08:18:30Z</time>
                                                <extensions>
                            <sog>8.8</sog>
<cog>49.0</cog>
                        </extensions>
                    </trkpt>
                    <trkpt lat="54.47514" lon="10.319381666666667">
                        <ele>0</ele>
                        <time>2022-08-18T08:18:34Z</time>
                                                <extensions>
                            <sog>8.8</sog>
<cog>50.7</cog>
                        </extensions>
                    </trkpt>
                    <trkpt lat="54.475166666666674" lon="10.319483333333332">
                        <ele>0</ele>
                        <time>2022-08-18T08:18:37Z</time>
                                                <extensions>
                            <sog>8.8</sog>
<cog>52.2</cog>
                        </extensions>
                    </trkpt>
                    <trkpt lat="54.475256666666674" lon="10.319736666666667">
                        <ele>0</ele>
                        <time>2022-08-18T08:18:40Z</time>
                                                <extensions>
                            <sog>8.8</sog>
<cog>53.5</cog>
                        </extensions>
                    </trkpt>
                    <trkpt lat="54.47539166666666" lon="10.320141666666666">
                        <ele>0</ele>
                        <time>2022-08-18T08:18:47Z</time>
                                                <extensions>
                            <sog>8.7</sog>
<cog>57.7</cog>
                        </extensions>
                    </trkpt>
                    <trkpt lat="54.47545" lon="10.320266666666667">
                        <ele>0</ele>
                        <time>2022-08-18T08:18:50Z</time>
                                                <extensions>
                            <sog>8.7</sog>
<cog>59.4</cog>
                        </extensions>
                    </trkpt>
                    <trkpt lat="54.475566666666666" lon="10.320699999999999">
                        <ele>0</ele>
                        <time>2022-08-18T08:18:57Z</time>
                                                <extensions>
                            <sog>8.7</sog>
<cog>62.7</cog>
                        </extensions>
                    </trkpt>
                    <trkpt lat="54.475608333333334" lon="10.320948333333332">
                        <ele>0</ele>
                        <time>2022-08-18T08:19:01Z</time>
                                                <extensions>
                            <sog>8.7</sog>
<cog>64.5</cog>
                        </extensions>
                    </trkpt>
                    <trkpt lat="54.475683333333336" lon="10.321166666666667">
                        <ele>0</ele>
                        <time>2022-08-18T08:19:04Z</time>
                                                <extensions>
                            <sog>8.7</sog>
<cog>65.5</cog>
                        </extensions>
                    </trkpt>
                    <trkpt lat="54.47571666666667" lon="10.321349999999999">
                        <ele>0</ele>
                        <time>2022-08-18T08:19:07Z</time>
                                                <extensions>
                            <sog>8.7</sog>
<cog>66.0</cog>
                        </extensions>
                    </trkpt>
                    <trkpt lat="54.475766666666665" lon="10.32155">
                        <ele>0</ele>
                        <time>2022-08-18T08:19:10Z</time>
                                                <extensions>
                            <sog>8.7</sog>
<cog>66.1</cog>
                        </extensions>
                    </trkpt>
                    <trkpt lat="54.475833333333334" lon="10.3218">
                        <ele>0</ele>
                        <time>2022-08-18T08:19:14Z</time>
                                                <extensions>
                            <sog>8.7</sog>
<cog>65.9</cog>
                        </extensions>
                    </trkpt>
                    <trkpt lat="54.47588333333333" lon="10.322000000000001">
                        <ele>0</ele>
                        <time>2022-08-18T08:19:17Z</time>
                                                <extensions>
                            <sog>8.6</sog>
<cog>65.7</cog>
                        </extensions>
                    </trkpt>
                    <trkpt lat="54.47593333333334" lon="10.322183333333333">
                        <ele>0</ele>
                        <time>2022-08-18T08:19:20Z</time>
                                                <extensions>
                            <sog>8.7</sog>
<cog>65.1</cog>
                        </extensions>
                    </trkpt>
                    <trkpt lat="54.47602" lon="10.322451666666666">
                        <ele>0</ele>
                        <time>2022-08-18T08:19:24Z</time>
                                                <extensions>
                            <sog>8.6</sog>
<cog>64.5</cog>
                        </extensions>
                    </trkpt>
                    <trkpt lat="54.47606666666666" lon="10.322616666666667">
                        <ele>0</ele>
                        <time>2022-08-18T08:19:27Z</time>
                                                <extensions>
                            <sog>8.7</sog>
<cog>63.8</cog>
                        </extensions>
                    </trkpt>
                    <trkpt lat="54.476218333333335" lon="10.323078333333333">
                        <ele>0</ele>
                        <time>2022-08-18T08:19:34Z</time>
                                                <extensions>
                            <sog>8.7</sog>
<cog>62.0</cog>
                        </extensions>
                    </trkpt>
                    <trkpt lat="54.476279999999996" lon="10.323265">
                        <ele>0</ele>
                        <time>2022-08-18T08:19:38Z</time>
                                                <extensions>
                            <sog>8.7</sog>
<cog>61.2</cog>
                        </extensions>
                    </trkpt>
                    <trkpt lat="54.47631666666667" lon="10.3234">
                        <ele>0</ele>
                        <time>2022-08-18T08:19:40Z</time>
                                                <extensions>
                            <sog>8.7</sog>
<cog>60.4</cog>
                        </extensions>
                    </trkpt>
                    <trkpt lat="54.47646666666667" lon="10.323833333333333">
                        <ele>0</ele>
                        <time>2022-08-18T08:19:47Z</time>
                                                <extensions>
                            <sog>8.8</sog>
<cog>59.0</cog>
                        </extensions>
                    </trkpt>
                    <trkpt lat="54.47661666666667" lon="10.324250000000001">
                        <ele>0</ele>
                        <time>2022-08-18T08:19:54Z</time>
                                                <extensions>
                            <sog>8.7</sog>
<cog>58.5</cog>
                        </extensions>
                    </trkpt>
                    <trkpt lat="54.476683333333334" lon="10.324433333333333">
                        <ele>0</ele>
                        <time>2022-08-18T08:19:57Z</time>
                                                <extensions>
                            <sog>8.7</sog>
<cog>58.5</cog>
                        </extensions>
                    </trkpt>
                    <trkpt lat="54.47675" lon="10.3246">
                        <ele>0</ele>
                        <time>2022-08-18T08:20:00Z</time>
                                                <extensions>
                            <sog>8.7</sog>
<cog>58.6</cog>
                        </extensions>
                    </trkpt>
                    <trkpt lat="54.47688333333333" lon="10.325033333333332">
                        <ele>0</ele>
                        <time>2022-08-18T08:20:07Z</time>
                                                <extensions>
                            <sog>8.8</sog>
<cog>59.4</cog>
                        </extensions>
                    </trkpt>
                    <trkpt lat="54.47695" lon="10.325216666666668">
                        <ele>0</ele>
                        <time>2022-08-18T08:20:10Z</time>
                                                <extensions>
                            <sog>8.8</sog>
<cog>59.7</cog>
                        </extensions>
                    </trkpt>
                    <trkpt lat="54.47703333333333" lon="10.32545">
                        <ele>0</ele>
                        <time>2022-08-18T08:20:14Z</time>
                                                <extensions>
                            <sog>8.8</sog>
<cog>60.0</cog>
                        </extensions>
                    </trkpt>
                    <trkpt lat="54.47718333333333" lon="10.325883333333334">
                        <ele>0</ele>
                        <time>2022-08-18T08:20:21Z</time>
                                                <extensions>
                            <sog>8.8</sog>
<cog>60.1</cog>
                        </extensions>
                    </trkpt>
                    <trkpt lat="54.477235" lon="10.3261">
                        <ele>0</ele>
                        <time>2022-08-18T08:20:24Z</time>
                                                <extensions>
                            <sog>8.8</sog>
<cog>59.9</cog>
                        </extensions>
                    </trkpt>
                    <trkpt lat="54.47745333333333" lon="10.326698333333333">
                        <ele>0</ele>
                        <time>2022-08-18T08:20:34Z</time>
                                                <extensions>
                            <sog>8.8</sog>
<cog>58.4</cog>
                        </extensions>
                    </trkpt>
                    <trkpt lat="54.477666666666664" lon="10.327166666666667">
                        <ele>0</ele>
                        <time>2022-08-18T08:20:43Z</time>
                                                <extensions>
                            <sog>8.8</sog>
<cog>56.7</cog>
                        </extensions>
                    </trkpt>
                    <trkpt lat="54.477666666666664" lon="10.327166666666667">
                        <ele>0</ele>
                        <time>2022-08-18T08:20:43Z</time>
                                                <extensions>
                            <sog>8.8</sog>
<cog>56.7</cog>
                        </extensions>
                    </trkpt>
                    <trkpt lat="54.477833333333336" lon="10.327566666666666">
                        <ele>0</ele>
                        <time>2022-08-18T08:20:50Z</time>
                                                <extensions>
                            <sog>8.8</sog>
<cog>54.9</cog>
                        </extensions>
                    </trkpt>
                    <trkpt lat="54.477999999999994" lon="10.327966666666667">
                        <ele>0</ele>
                        <time>2022-08-18T08:20:57Z</time>
                                                <extensions>
                            <sog>8.9</sog>
<cog>53.2</cog>
                        </extensions>
                    </trkpt>
                    <trkpt lat="54.47818333333333" lon="10.32835">
                        <ele>0</ele>
                        <time>2022-08-18T08:21:04Z</time>
                                                <extensions>
                            <sog>8.8</sog>
<cog>52.1</cog>
                        </extensions>
                    </trkpt>
                    <trkpt lat="54.478343333333335" lon="10.328763333333335">
                        <ele>0</ele>
                        <time>2022-08-18T08:21:11Z</time>
                                                <extensions>
                            <sog>8.9</sog>
<cog>52.3</cog>
                        </extensions>
                    </trkpt>
                    <trkpt lat="54.478433333333335" lon="10.328916666666666">
                        <ele>0</ele>
                        <time>2022-08-18T08:21:14Z</time>
                                                <extensions>
                            <sog>8.9</sog>
<cog>52.5</cog>
                        </extensions>
                    </trkpt>
                    <trkpt lat="54.478516666666664" lon="10.329066666666668">
                        <ele>0</ele>
                        <time>2022-08-18T08:21:17Z</time>
                                                <extensions>
                            <sog>8.9</sog>
<cog>52.9</cog>
                        </extensions>
                    </trkpt>
                    <trkpt lat="54.47859666666667" lon="10.329323333333333">
                        <ele>0</ele>
                        <time>2022-08-18T08:21:21Z</time>
                                                <extensions>
                            <sog>8.9</sog>
<cog>53.0</cog>
                        </extensions>
                    </trkpt>
                    <trkpt lat="54.47869333333333" lon="10.329550000000001">
                        <ele>0</ele>
                        <time>2022-08-18T08:21:24Z</time>
                                                <extensions>
                            <sog>8.8</sog>
<cog>53.2</cog>
                        </extensions>
                    </trkpt>
                    <trkpt lat="54.478833333333334" lon="10.329816666666666">
                        <ele>0</ele>
                        <time>2022-08-18T08:21:30Z</time>
                                                <extensions>
                            <sog>8.8</sog>
<cog>53.5</cog>
                        </extensions>
                    </trkpt>
                    <trkpt lat="54.478946666666666" lon="10.330116666666667">
                        <ele>0</ele>
                        <time>2022-08-18T08:21:34Z</time>
                                                <extensions>
                            <sog>8.8</sog>
<cog>53.7</cog>
                        </extensions>
                    </trkpt>
                    <trkpt lat="54.47915" lon="10.330549999999999">
                        <ele>0</ele>
                        <time>2022-08-18T08:21:43Z</time>
                                                <extensions>
                            <sog>8.8</sog>
<cog>54.0</cog>
                        </extensions>
                    </trkpt>
                    <trkpt lat="54.479416666666665" lon="10.331166666666666">
                        <ele>0</ele>
                        <time>2022-08-18T08:21:54Z</time>
                                                <extensions>
                            <sog>8.8</sog>
<cog>53.4</cog>
                        </extensions>
                    </trkpt>
                    <trkpt lat="54.47966666666667" lon="10.331733333333334">
                        <ele>0</ele>
                        <time>2022-08-18T08:22:04Z</time>
                                                <extensions>
                            <sog>8.8</sog>
<cog>53.3</cog>
                        </extensions>
                    </trkpt>
                    <trkpt lat="54.4799" lon="10.3323">
                        <ele>0</ele>
                        <time>2022-08-18T08:22:14Z</time>
                                                <extensions>
                            <sog>8.8</sog>
<cog>54.2</cog>
                        </extensions>
                    </trkpt>
                    <trkpt lat="54.480133333333335" lon="10.3329">
                        <ele>0</ele>
                        <time>2022-08-18T08:22:24Z</time>
                                                <extensions>
                            <sog>8.8</sog>
<cog>55.3</cog>
                        </extensions>
                    </trkpt>
                    <trkpt lat="54.48035" lon="10.333483333333334">
                        <ele>0</ele>
                        <time>2022-08-18T08:22:34Z</time>
                                                <extensions>
                            <sog>8.8</sog>
<cog>57.0</cog>
                        </extensions>
                    </trkpt>
                    <trkpt lat="54.4804" lon="10.333599999999999">
                        <ele>0</ele>
                        <time>2022-08-18T08:22:36Z</time>
                                                <extensions>
                            <sog>8.8</sog>
<cog>57.5</cog>
                        </extensions>
                    </trkpt>
                    <trkpt lat="54.480533333333334" lon="10.33395">
                        <ele>0</ele>
                        <time>2022-08-18T08:22:42Z</time>
                                                <extensions>
                            <sog>8.8</sog>
<cog>59.0</cog>
                        </extensions>
                    </trkpt>
                    <trkpt lat="54.48055" lon="10.334016666666667">
                        <ele>0</ele>
                        <time>2022-08-18T08:22:43Z</time>
                                                <extensions>
                            <sog>8.8</sog>
<cog>59.1</cog>
                        </extensions>
                    </trkpt>
                    <trkpt lat="54.48065" lon="10.334316666666666">
                        <ele>0</ele>
                        <time>2022-08-18T08:22:48Z</time>
                                                <extensions>
                            <sog>8.7</sog>
<cog>59.6</cog>
                        </extensions>
                    </trkpt>
                    <trkpt lat="54.48068333333333" lon="10.33445">
                        <ele>0</ele>
                        <time>2022-08-18T08:22:50Z</time>
                                                <extensions>
                            <sog>8.7</sog>
<cog>59.8</cog>
                        </extensions>
                    </trkpt>
                    <trkpt lat="54.48076666666667" lon="10.334683333333334">
                        <ele>0</ele>
                        <time>2022-08-18T08:22:54Z</time>
                                                <extensions>
                            <sog>8.6</sog>
<cog>60.1</cog>
                        </extensions>
                    </trkpt>
                    <trkpt lat="54.48083333333333" lon="10.334866666666667">
                        <ele>0</ele>
                        <time>2022-08-18T08:22:57Z</time>
                                                <extensions>
                            <sog>8.7</sog>
<cog>60.1</cog>
                        </extensions>
                    </trkpt>
                    <trkpt lat="54.48088333333333" lon="10.335049999999999">
                        <ele>0</ele>
                        <time>2022-08-18T08:23:00Z</time>
                                                <extensions>
                            <sog>8.7</sog>
<cog>60.2</cog>
                        </extensions>
                    </trkpt>
                    <trkpt lat="54.48095" lon="10.335233333333333">
                        <ele>0</ele>
                        <time>2022-08-18T08:23:03Z</time>
                                                <extensions>
                            <sog>8.8</sog>
<cog>60.3</cog>
                        </extensions>
                    </trkpt>
                    <trkpt lat="54.481033333333336" lon="10.335466666666667">
                        <ele>0</ele>
                        <time>2022-08-18T08:23:07Z</time>
                                                <extensions>
                            <sog>8.7</sog>
<cog>60.2</cog>
                        </extensions>
                    </trkpt>
                    <trkpt lat="54.4811" lon="10.33565">
                        <ele>0</ele>
                        <time>2022-08-18T08:23:11Z</time>
                                                <extensions>
                            <sog>8.8</sog>
<cog>59.8</cog>
                        </extensions>
                    </trkpt>
                    <trkpt lat="54.481300000000005" lon="10.336266666666667">
                        <ele>0</ele>
                        <time>2022-08-18T08:23:20Z</time>
                                                <extensions>
                            <sog>8.8</sog>
<cog>58.0</cog>
                        </extensions>
                    </trkpt>
                    <trkpt lat="54.4814" lon="10.336500000000001">
                        <ele>0</ele>
                        <time>2022-08-18T08:23:24Z</time>
                                                <extensions>
                            <sog>8.8</sog>
<cog>57.0</cog>
                        </extensions>
                    </trkpt>
                    <trkpt lat="54.4814" lon="10.336500000000001">
                        <ele>0</ele>
                        <time>2022-08-18T08:23:24Z</time>
                                                <extensions>
                            <sog>8.8</sog>
<cog>57.0</cog>
                        </extensions>
                    </trkpt>
                    <trkpt lat="54.48153333333333" lon="10.33685">
                        <ele>0</ele>
                        <time>2022-08-18T08:23:30Z</time>
                                                <extensions>
                            <sog>8.8</sog>
<cog>55.3</cog>
                        </extensions>
                    </trkpt>
                    <trkpt lat="54.48153666666666" lon="10.336896666666666">
                        <ele>0</ele>
                        <time>2022-08-18T08:23:31Z</time>
                                                <extensions>
                            <sog>8.8</sog>
<cog>55.3</cog>
                        </extensions>
                    </trkpt>
                    <trkpt lat="54.481633333333335" lon="10.337066666666667">
                        <ele>0</ele>
                        <time>2022-08-18T08:23:34Z</time>
                                                <extensions>
                            <sog>8.8</sog>
<cog>54.3</cog>
                        </extensions>
                    </trkpt>
                    <trkpt lat="54.48169333333333" lon="10.337233333333334">
                        <ele>0</ele>
                        <time>2022-08-18T08:23:37Z</time>
                                                <extensions>
                            <sog>8.8</sog>
<cog>53.9</cog>
                        </extensions>
                    </trkpt>
                    <trkpt lat="54.48185" lon="10.337566666666667">
                        <ele>0</ele>
                        <time>2022-08-18T08:23:43Z</time>
                                                <extensions>
                            <sog>8.8</sog>
<cog>53.2</cog>
                        </extensions>
                    </trkpt>
                    <trkpt lat="54.48195" lon="10.337783333333334">
                        <ele>0</ele>
                        <time>2022-08-18T08:23:47Z</time>
                                                <extensions>
                            <sog>8.8</sog>
<cog>52.7</cog>
                        </extensions>
                    </trkpt>
                    <trkpt lat="54.482033333333334" lon="10.337950000000001">
                        <ele>0</ele>
                        <time>2022-08-18T08:23:50Z</time>
                                                <extensions>
                            <sog>8.8</sog>
<cog>52.2</cog>
                        </extensions>
                    </trkpt>
                    <trkpt lat="54.48213333333333" lon="10.338166666666666">
                        <ele>0</ele>
                        <time>2022-08-18T08:23:54Z</time>
                                                <extensions>
                            <sog>8.8</sog>
<cog>51.5</cog>
                        </extensions>
                    </trkpt>
                    <trkpt lat="54.482216666666666" lon="10.338333333333333">
                        <ele>0</ele>
                        <time>2022-08-18T08:23:57Z</time>
                                                <extensions>
                            <sog>8.8</sog>
<cog>51.0</cog>
                        </extensions>
                    </trkpt>
                    <trkpt lat="54.4823" lon="10.3385">
                        <ele>0</ele>
                        <time>2022-08-18T08:24:00Z</time>
                                                <extensions>
                            <sog>8.8</sog>
<cog>50.4</cog>
                        </extensions>
                    </trkpt>
                    <trkpt lat="54.48238333333334" lon="10.33865">
                        <ele>0</ele>
                        <time>2022-08-18T08:24:03Z</time>
                                                <extensions>
                            <sog>8.8</sog>
<cog>49.8</cog>
                        </extensions>
                    </trkpt>
                    <trkpt lat="54.482483333333334" lon="10.338866666666666">
                        <ele>0</ele>
                        <time>2022-08-18T08:24:07Z</time>
                                                <extensions>
                            <sog>8.8</sog>
<cog>49.0</cog>
                        </extensions>
                    </trkpt>
                    <trkpt lat="54.48257833333333" lon="10.339118333333333">
                        <ele>0</ele>
                        <time>2022-08-18T08:24:11Z</time>
                                                <extensions>
                            <sog>8.8</sog>
<cog>48.6</cog>
                        </extensions>
                    </trkpt>
                    <trkpt lat="54.482661666666665" lon="10.339276666666667">
                        <ele>0</ele>
                        <time>2022-08-18T08:24:14Z</time>
                                                <extensions>
                            <sog>8.9</sog>
<cog>48.3</cog>
                        </extensions>
                    </trkpt>
                    <trkpt lat="54.48276666666666" lon="10.339400000000001">
                        <ele>0</ele>
                        <time>2022-08-18T08:24:17Z</time>
                                                <extensions>
                            <sog>8.9</sog>
<cog>47.7</cog>
                        </extensions>
                    </trkpt>
                    <trkpt lat="54.48285" lon="10.339566666666666">
                        <ele>0</ele>
                        <time>2022-08-18T08:24:20Z</time>
                                                <extensions>
                            <sog>8.9</sog>
<cog>47.6</cog>
                        </extensions>
                    </trkpt>
                    <trkpt lat="54.482949999999995" lon="10.339766666666666">
                        <ele>0</ele>
                        <time>2022-08-18T08:24:24Z</time>
                                                <extensions>
                            <sog>8.9</sog>
<cog>47.7</cog>
                        </extensions>
                    </trkpt>
                    <trkpt lat="54.483041666666665" lon="10.339955">
                        <ele>0</ele>
                        <time>2022-08-18T08:24:27Z</time>
                                                <extensions>
                            <sog>8.8</sog>
<cog>47.9</cog>
                        </extensions>
                    </trkpt>
                    <trkpt lat="54.48315" lon="10.34015">
                        <ele>0</ele>
                        <time>2022-08-18T08:24:31Z</time>
                                                <extensions>
                            <sog>8.9</sog>
<cog>48.2</cog>
                        </extensions>
                    </trkpt>
                    <trkpt lat="54.48352333333333" lon="10.34092">
                        <ele>0</ele>
                        <time>2022-08-18T08:24:45Z</time>
                                                <extensions>
                            <sog>8.9</sog>
<cog>49.7</cog>
                        </extensions>
                    </trkpt>
                    <trkpt lat="54.48376666666666" lon="10.3414">
                        <ele>0</ele>
                        <time>2022-08-18T08:24:54Z</time>
                                                <extensions>
                            <sog>8.9</sog>
<cog>50.2</cog>
                        </extensions>
                    </trkpt>
                    <trkpt lat="54.484" lon="10.341883333333334">
                        <ele>0</ele>
                        <time>2022-08-18T08:25:03Z</time>
                                                <extensions>
                            <sog>8.9</sog>
<cog>50.0</cog>
                        </extensions>
                    </trkpt>
                    <trkpt lat="54.484116666666665" lon="10.342099999999999">
                        <ele>0</ele>
                        <time>2022-08-18T08:25:07Z</time>
                                                <extensions>
                            <sog>8.9</sog>
<cog>49.3</cog>
                        </extensions>
                    </trkpt>
                    <trkpt lat="54.4842" lon="10.342266666666665">
                        <ele>0</ele>
                        <time>2022-08-18T08:25:10Z</time>
                                                <extensions>
                            <sog>8.9</sog>
<cog>48.3</cog>
                        </extensions>
                    </trkpt>
                    <trkpt lat="54.48432833333333" lon="10.342466666666667">
                        <ele>0</ele>
                        <time>2022-08-18T08:25:14Z</time>
                                                <extensions>
                            <sog>8.9</sog>
<cog>47.5</cog>
                        </extensions>
                    </trkpt>
                    <trkpt lat="54.484500000000004" lon="10.342766666666668">
                        <ele>0</ele>
                        <time>2022-08-18T08:25:20Z</time>
                                                <extensions>
                            <sog>8.9</sog>
<cog>45.9</cog>
                        </extensions>
                    </trkpt>
                    <trkpt lat="54.48461333333333" lon="10.342966666666666">
                        <ele>0</ele>
                        <time>2022-08-18T08:25:24Z</time>
                                                <extensions>
                            <sog>8.9</sog>
<cog>45.5</cog>
                        </extensions>
                    </trkpt>
                    <trkpt lat="54.48461666666667" lon="10.342966666666666">
                        <ele>0</ele>
                        <time>2022-08-18T08:25:24Z</time>
                                                <extensions>
                            <sog>8.9</sog>
<cog>45.6</cog>
                        </extensions>
                    </trkpt>
                    <trkpt lat="54.4847" lon="10.343116666666667">
                        <ele>0</ele>
                        <time>2022-08-18T08:25:27Z</time>
                                                <extensions>
                            <sog>8.9</sog>
<cog>45.6</cog>
                        </extensions>
                    </trkpt>
                    <trkpt lat="54.4849" lon="10.343483333333333">
                        <ele>0</ele>
                        <time>2022-08-18T08:25:34Z</time>
                                                <extensions>
                            <sog>8.9</sog>
<cog>45.8</cog>
                        </extensions>
                    </trkpt>
                    <trkpt lat="54.48498333333334" lon="10.343633333333335">
                        <ele>0</ele>
                        <time>2022-08-18T08:25:37Z</time>
                                                <extensions>
                            <sog>8.9</sog>
<cog>45.7</cog>
                        </extensions>
                    </trkpt>
                    <trkpt lat="54.48511" lon="10.343831666666667">
                        <ele>0</ele>
                        <time>2022-08-18T08:25:41Z</time>
                                                <extensions>
                            <sog>8.9</sog>
<cog>45.4</cog>
                        </extensions>
                    </trkpt>
                    <trkpt lat="54.485231666666664" lon="10.344031666666666">
                        <ele>0</ele>
                        <time>2022-08-18T08:25:45Z</time>
                                                <extensions>
                            <sog>8.9</sog>
<cog>45.0</cog>
                        </extensions>
                    </trkpt>
                    <trkpt lat="54.4854" lon="10.344333333333333">
                        <ele>0</ele>
                        <time>2022-08-18T08:25:51Z</time>
                                                <extensions>
                            <sog>9.0</sog>
<cog>43.9</cog>
                        </extensions>
                    </trkpt>
                    <trkpt lat="54.4855" lon="10.344483333333333">
                        <ele>0</ele>
                        <time>2022-08-18T08:25:54Z</time>
                                                <extensions>
                            <sog>9.0</sog>
<cog>42.8</cog>
                        </extensions>
                    </trkpt>
                    <trkpt lat="54.485731666666666" lon="10.34479">
                        <ele>0</ele>
                        <time>2022-08-18T08:26:01Z</time>
                                                <extensions>
                            <sog>9.0</sog>
<cog>41.0</cog>
                        </extensions>
                    </trkpt>
                    <trkpt lat="54.48578333333333" lon="10.344899999999999">
                        <ele>0</ele>
                        <time>2022-08-18T08:26:03Z</time>
                                                <extensions>
                            <sog>9.0</sog>
<cog>39.8</cog>
                        </extensions>
                    </trkpt>
                    <trkpt lat="54.48591666666667" lon="10.345066666666666">
                        <ele>0</ele>
                        <time>2022-08-18T08:26:07Z</time>
                                                <extensions>
                            <sog>9.0</sog>
<cog>38.3</cog>
                        </extensions>
                    </trkpt>
                    <trkpt lat="54.486016666666664" lon="10.3452">
                        <ele>0</ele>
                        <time>2022-08-18T08:26:10Z</time>
                                                <extensions>
                            <sog>9.0</sog>
<cog>37.3</cog>
                        </extensions>
                    </trkpt>
                    <trkpt lat="54.486165" lon="10.34535">
                        <ele>0</ele>
                        <time>2022-08-18T08:26:14Z</time>
                                                <extensions>
                            <sog>9.1</sog>
<cog>35.8</cog>
                        </extensions>
                    </trkpt>
                    <trkpt lat="54.486268333333335" lon="10.34547">
                        <ele>0</ele>
                        <time>2022-08-18T08:26:17Z</time>
                                                <extensions>
                            <sog>9.1</sog>
<cog>35.0</cog>
                        </extensions>
                    </trkpt>
                    <trkpt lat="54.48636666666666" lon="10.345583333333334">
                        <ele>0</ele>
                        <time>2022-08-18T08:26:20Z</time>
                                                <extensions>
                            <sog>9.1</sog>
<cog>33.9</cog>
                        </extensions>
                    </trkpt>
                    <trkpt lat="54.48651666666667" lon="10.34575">
                        <ele>0</ele>
                        <time>2022-08-18T08:26:24Z</time>
                                                <extensions>
                            <sog>9.1</sog>
<cog>34.1</cog>
                        </extensions>
                    </trkpt>
                    <trkpt lat="54.48661666666667" lon="10.345883333333335">
                        <ele>0</ele>
                        <time>2022-08-18T08:26:27Z</time>
                                                <extensions>
                            <sog>9.1</sog>
<cog>34.4</cog>
                        </extensions>
                    </trkpt>
                    <trkpt lat="54.486716666666666" lon="10.346">
                        <ele>0</ele>
                        <time>2022-08-18T08:26:30Z</time>
                                                <extensions>
                            <sog>9.1</sog>
<cog>34.9</cog>
                        </extensions>
                    </trkpt>
                    <trkpt lat="54.48685" lon="10.346183333333332">
                        <ele>0</ele>
                        <time>2022-08-18T08:26:35Z</time>
                                                <extensions>
                            <sog>9.0</sog>
<cog>35.8</cog>
                        </extensions>
                    </trkpt>
                    <trkpt lat="54.48695" lon="10.346316666666667">
                        <ele>0</ele>
                        <time>2022-08-18T08:26:37Z</time>
                                                <extensions>
                            <sog>9.0</sog>
<cog>36.6</cog>
                        </extensions>
                    </trkpt>
                    <trkpt lat="54.487049999999996" lon="10.34645">
                        <ele>0</ele>
                        <time>2022-08-18T08:26:40Z</time>
                                                <extensions>
                            <sog>9.0</sog>
<cog>37.5</cog>
                        </extensions>
                    </trkpt>
                    <trkpt lat="54.48726666666666" lon="10.346766666666667">
                        <ele>0</ele>
                        <time>2022-08-18T08:26:47Z</time>
                                                <extensions>
                            <sog>8.9</sog>
<cog>39.0</cog>
                        </extensions>
                    </trkpt>
                    <trkpt lat="54.4874" lon="10.34695">
                        <ele>0</ele>
                        <time>2022-08-18T08:26:51Z</time>
                                                <extensions>
                            <sog>8.9</sog>
<cog>39.8</cog>
                        </extensions>
                    </trkpt>
                    <trkpt lat="54.48761833333333" lon="10.347281666666667">
                        <ele>0</ele>
                        <time>2022-08-18T08:26:57Z</time>
                                                <extensions>
                            <sog>8.9</sog>
<cog>40.5</cog>
                        </extensions>
                    </trkpt>
                    <trkpt lat="54.48768333333333" lon="10.347383333333333">
                        <ele>0</ele>
                        <time>2022-08-18T08:27:00Z</time>
                                                <extensions>
                            <sog>9.0</sog>
<cog>40.8</cog>
                        </extensions>
                    </trkpt>
                    <trkpt lat="54.48778333333333" lon="10.347516666666667">
                        <ele>0</ele>
                        <time>2022-08-18T08:27:03Z</time>
                                                <extensions>
                            <sog>8.9</sog>
<cog>41.0</cog>
                        </extensions>
                    </trkpt>
                    <trkpt lat="54.487899999999996" lon="10.3477">
                        <ele>0</ele>
                        <time>2022-08-18T08:27:07Z</time>
                                                <extensions>
                            <sog>8.9</sog>
<cog>40.9</cog>
                        </extensions>
                    </trkpt>
                    <trkpt lat="54.48802666666666" lon="10.347861666666667">
                        <ele>0</ele>
                        <time>2022-08-18T08:27:11Z</time>
                                                <extensions>
                            <sog>8.7</sog>
<cog>40.9</cog>
                        </extensions>
                    </trkpt>
                    <trkpt lat="54.48811166666667" lon="10.34798">
                        <ele>0</ele>
                        <time>2022-08-18T08:27:14Z</time>
                                                <extensions>
                            <sog>8.3</sog>
<cog>41.0</cog>
                        </extensions>
                    </trkpt>
                    <trkpt lat="54.488166666666665" lon="10.348116666666666">
                        <ele>0</ele>
                        <time>2022-08-18T08:27:17Z</time>
                                                <extensions>
                            <sog>7.8</sog>
<cog>41.0</cog>
                        </extensions>
                    </trkpt>
                    <trkpt lat="54.48833333333334" lon="10.34835">
                        <ele>0</ele>
                        <time>2022-08-18T08:27:24Z</time>
                                                <extensions>
                            <sog>6.9</sog>
<cog>41.6</cog>
                        </extensions>
                    </trkpt>
                    <trkpt lat="54.4884" lon="10.348450000000001">
                        <ele>0</ele>
                        <time>2022-08-18T08:27:27Z</time>
                                                <extensions>
                            <sog>6.5</sog>
<cog>42.1</cog>
                        </extensions>
                    </trkpt>
                    <trkpt lat="54.48844999999999" lon="10.34855">
                        <ele>0</ele>
                        <time>2022-08-18T08:27:30Z</time>
                                                <extensions>
                            <sog>6.1</sog>
<cog>43.4</cog>
                        </extensions>
                    </trkpt>
                    <trkpt lat="54.4885" lon="10.348666666666666">
                        <ele>0</ele>
                        <time>2022-08-18T08:27:35Z</time>
                                                <extensions>
                            <sog>5.5</sog>
<cog>46.9</cog>
                        </extensions>
                    </trkpt>
                    <trkpt lat="54.48853333333333" lon="10.348766666666668">
                        <ele>0</ele>
                        <time>2022-08-18T08:27:37Z</time>
                                                <extensions>
                            <sog>5.0</sog>
<cog>50.9</cog>
                        </extensions>
                    </trkpt>
                    <trkpt lat="54.488605" lon="10.348916666666666">
                        <ele>0</ele>
                        <time>2022-08-18T08:27:45Z</time>
                                                <extensions>
                            <sog>3.7</sog>
<cog>63.7</cog>
                        </extensions>
                    </trkpt>
                    <trkpt lat="54.48858333333333" lon="10.349">
                        <ele>0</ele>
                        <time>2022-08-18T08:27:47Z</time>
                                                <extensions>
                            <sog>3.1</sog>
<cog>69.6</cog>
                        </extensions>
                    </trkpt>
                    <trkpt lat="54.48860166666667" lon="10.349028333333333">
                        <ele>0</ele>
                        <time>2022-08-18T08:27:51Z</time>
                                                <extensions>
                            <sog>2.6</sog>
<cog>75.1</cog>
                        </extensions>
                    </trkpt>
                    <trkpt lat="54.48858333333333" lon="10.3491">
                        <ele>0</ele>
                        <time>2022-08-18T08:27:54Z</time>
                                                <extensions>
                            <sog>2.0</sog>
<cog>81.9</cog>
                        </extensions>
                    </trkpt>
                    <trkpt lat="54.488593333333334" lon="10.349113333333333">
                        <ele>0</ele>
                        <time>2022-08-18T08:27:57Z</time>
                                                <extensions>
                            <sog>1.7</sog>
<cog>87.4</cog>
                        </extensions>
                    </trkpt>
                    <trkpt lat="54.48858333333333" lon="10.34915">
                        <ele>0</ele>
                        <time>2022-08-18T08:28:01Z</time>
                                                <extensions>
                            <sog>1.4</sog>
<cog>90.2</cog>
                        </extensions>
                    </trkpt>
                    <trkpt lat="54.48858333333333" lon="10.349166666666667">
                        <ele>0</ele>
                        <time>2022-08-18T08:28:03Z</time>
                                                <extensions>
                            <sog>1.1</sog>
<cog>93.8</cog>
                        </extensions>
                    </trkpt>
                    <trkpt lat="54.48858333333333" lon="10.349183333333334">
                        <ele>0</ele>
                        <time>2022-08-18T08:28:07Z</time>
                                                <extensions>
                            <sog>0.8</sog>
<cog>97.5</cog>
                        </extensions>
                    </trkpt>
                    <trkpt lat="54.48858333333333" lon="10.3492">
                        <ele>0</ele>
                        <time>2022-08-18T08:28:10Z</time>
                                                <extensions>
                            <sog>0.5</sog>
<cog>102.9</cog>
                        </extensions>
                    </trkpt>
                    <trkpt lat="54.48858333333333" lon="10.3492">
                        <ele>0</ele>
                        <time>2022-08-18T08:28:15Z</time>
                                                <extensions>
                            <sog>0.4</sog>
<cog>105.4</cog>
                        </extensions>
                    </trkpt>
                    <trkpt lat="54.48858333333333" lon="10.3492">
                        <ele>0</ele>
                        <time>2022-08-18T08:28:21Z</time>
                                                <extensions>
                            <sog>0.2</sog>
<cog>121.8</cog>
                        </extensions>
                    </trkpt>
                    <trkpt lat="54.48858333333333" lon="10.349216666666667">
                        <ele>0</ele>
                        <time>2022-08-18T08:28:24Z</time>
                                                <extensions>
                            <sog>0.2</sog>
<cog>111.9</cog>
                        </extensions>
                    </trkpt>
                    <trkpt lat="54.48858333333333" lon="10.3492">
                        <ele>0</ele>
                        <time>2022-08-18T08:28:28Z</time>
                                                <extensions>
                            <sog>0.2</sog>
<cog>342.8</cog>
                        </extensions>
                    </trkpt>
                    <trkpt lat="54.48858333333333" lon="10.3492">
                        <ele>0</ele>
                        <time>2022-08-18T08:28:35Z</time>
                                                <extensions>
                            <sog>0.2</sog>
<cog>295.5</cog>
                        </extensions>
                    </trkpt>
                    <trkpt lat="54.48858333333333" lon="10.349183333333334">
                        <ele>0</ele>
                        <time>2022-08-18T08:28:37Z</time>
                                                <extensions>
                            <sog>0.2</sog>
<cog>295.0</cog>
                        </extensions>
                    </trkpt>
                    <trkpt lat="54.4886" lon="10.349183333333334">
                        <ele>0</ele>
                        <time>2022-08-18T08:28:40Z</time>
                                                <extensions>
                            <sog>0.2</sog>
<cog>299.7</cog>
                        </extensions>
                    </trkpt>
                    <trkpt lat="54.488605" lon="10.349163333333333">
                        <ele>0</ele>
                        <time>2022-08-18T08:28:45Z</time>
                                                <extensions>
                            <sog>0.3</sog>
<cog>302.9</cog>
                        </extensions>
                    </trkpt>
                    <trkpt lat="54.4886" lon="10.34915">
                        <ele>0</ele>
                        <time>2022-08-18T08:28:47Z</time>
                                                <extensions>
                            <sog>0.3</sog>
<cog>306.8</cog>
                        </extensions>
                    </trkpt>
                    <trkpt lat="54.4886" lon="10.349133333333333">
                        <ele>0</ele>
                        <time>2022-08-18T08:28:51Z</time>
                                                <extensions>
                            <sog>0.4</sog>
<cog>304.4</cog>
                        </extensions>
                    </trkpt>
                    <trkpt lat="54.4886" lon="10.349116666666667">
                        <ele>0</ele>
                        <time>2022-08-18T08:28:54Z</time>
                                                <extensions>
                            <sog>0.4</sog>
<cog>300.9</cog>
                        </extensions>
                    </trkpt>
                    <trkpt lat="54.4886" lon="10.3491">
                        <ele>0</ele>
                        <time>2022-08-18T08:28:57Z</time>
                                                <extensions>
                            <sog>0.4</sog>
<cog>297.9</cog>
                        </extensions>
                    </trkpt>
                    <trkpt lat="54.4886" lon="10.3491">
                        <ele>0</ele>
                        <time>2022-08-18T08:28:57Z</time>
                                                <extensions>
                            <sog>0.4</sog>
<cog>297.9</cog>
                        </extensions>
                    </trkpt>
                    <trkpt lat="54.488616666666665" lon="10.349066666666666">
                        <ele>0</ele>
                        <time>2022-08-18T08:29:07Z</time>
                                                <extensions>
                            <sog>0.6</sog>
<cog>301.2</cog>
                        </extensions>
                    </trkpt>
                    <trkpt lat="54.488616666666665" lon="10.34905">
                        <ele>0</ele>
                        <time>2022-08-18T08:29:10Z</time>
                                                <extensions>
                            <sog>0.6</sog>
<cog>302.5</cog>
                        </extensions>
                    </trkpt>
                    <trkpt lat="54.48863333333334" lon="10.349016666666667">
                        <ele>0</ele>
                        <time>2022-08-18T08:29:17Z</time>
                                                <extensions>
                            <sog>0.7</sog>
<cog>300.7</cog>
                        </extensions>
                    </trkpt>
                    <trkpt lat="54.48863333333334" lon="10.349">
                        <ele>0</ele>
                        <time>2022-08-18T08:29:20Z</time>
                                                <extensions>
                            <sog>0.7</sog>
<cog>300.5</cog>
                        </extensions>
                    </trkpt>
                    <trkpt lat="54.48871166666667" lon="10.348880000000001">
                        <ele>0</ele>
                        <time>2022-08-18T08:29:45Z</time>
                                                <extensions>
                            <sog>0.8</sog>
<cog>305.2</cog>
                        </extensions>
                    </trkpt>
                    <trkpt lat="54.4887" lon="10.348866666666668">
                        <ele>0</ele>
                        <time>2022-08-18T08:29:47Z</time>
                                                <extensions>
                            <sog>0.7</sog>
<cog>305.3</cog>
                        </extensions>
                    </trkpt>
                    <trkpt lat="54.488719999999994" lon="10.34885">
                        <ele>0</ele>
                        <time>2022-08-18T08:29:51Z</time>
                                                <extensions>
                            <sog>0.7</sog>
<cog>306.3</cog>
                        </extensions>
                    </trkpt>
                    <trkpt lat="54.4887" lon="10.348833333333333">
                        <ele>0</ele>
                        <time>2022-08-18T08:29:54Z</time>
                                                <extensions>
                            <sog>0.8</sog>
<cog>306.7</cog>
                        </extensions>
                    </trkpt>
                    <trkpt lat="54.48871666666666" lon="10.3488">
                        <ele>0</ele>
                        <time>2022-08-18T08:30:01Z</time>
                                                <extensions>
                            <sog>0.7</sog>
<cog>307.5</cog>
                        </extensions>
                    </trkpt>
                    <trkpt lat="54.488733333333336" lon="10.348783333333333">
                        <ele>0</ele>
                        <time>2022-08-18T08:30:03Z</time>
                                                <extensions>
                            <sog>0.8</sog>
<cog>308.2</cog>
                        </extensions>
                    </trkpt>
                    <trkpt lat="54.48881666666667" lon="10.348616666666667">
                        <ele>0</ele>
                        <time>2022-08-18T08:30:36Z</time>
                                                <extensions>
                            <sog>0.7</sog>
<cog>308.4</cog>
                        </extensions>
                    </trkpt>
                    <trkpt lat="54.488809999999994" lon="10.348595">
                        <ele>0</ele>
                        <time>2022-08-18T08:30:39Z</time>
                                                <extensions>
                            <sog>0.7</sog>
<cog>310.5</cog>
                        </extensions>
                    </trkpt>
                    <trkpt lat="54.48883333333333" lon="10.348583333333332">
                        <ele>0</ele>
                        <time>2022-08-18T08:30:43Z</time>
                                                <extensions>
                            <sog>0.8</sog>
<cog>312.7</cog>
                        </extensions>
                    </trkpt>
                    <trkpt lat="54.48885" lon="10.348566666666667">
                        <ele>0</ele>
                        <time>2022-08-18T08:30:46Z</time>
                                                <extensions>
                            <sog>0.8</sog>
<cog>312.1</cog>
                        </extensions>
                    </trkpt>
                    <trkpt lat="54.48885" lon="10.34855">
                        <ele>0</ele>
                        <time>2022-08-18T08:30:50Z</time>
                                                <extensions>
                            <sog>0.8</sog>
<cog>311.9</cog>
                        </extensions>
                    </trkpt>
                    <trkpt lat="54.488845" lon="10.348536666666666">
                        <ele>0</ele>
                        <time>2022-08-18T08:30:53Z</time>
                                                <extensions>
                            <sog>0.8</sog>
<cog>315.4</cog>
                        </extensions>
                    </trkpt>
                    <trkpt lat="54.48885166666666" lon="10.348526666666666">
                        <ele>0</ele>
                        <time>2022-08-18T08:30:54Z</time>
                                                <extensions>
                            <sog>0.8</sog>
<cog>312.9</cog>
                        </extensions>
                    </trkpt>
                    <trkpt lat="54.48886666666667" lon="10.348533333333334">
                        <ele>0</ele>
                        <time>2022-08-18T08:30:57Z</time>
                                                <extensions>
                            <sog>0.8</sog>
<cog>315.5</cog>
                        </extensions>
                    </trkpt>
                    <trkpt lat="54.488883333333334" lon="10.3485">
                        <ele>0</ele>
                        <time>2022-08-18T08:31:03Z</time>
                                                <extensions>
                            <sog>0.8</sog>
<cog>313.5</cog>
                        </extensions>
                    </trkpt>
                    <trkpt lat="54.488899999999994" lon="10.348466666666667">
                        <ele>0</ele>
                        <time>2022-08-18T08:31:10Z</time>
                                                <extensions>
                            <sog>0.8</sog>
<cog>312.3</cog>
                        </extensions>
                    </trkpt>
                    <trkpt lat="54.48891666666667" lon="10.348450000000001">
                        <ele>0</ele>
                        <time>2022-08-18T08:31:17Z</time>
                                                <extensions>
                            <sog>0.8</sog>
<cog>315.2</cog>
                        </extensions>
                    </trkpt>
                    <trkpt lat="54.48893333333333" lon="10.348433333333332">
                        <ele>0</ele>
                        <time>2022-08-18T08:31:20Z</time>
                                                <extensions>
                            <sog>0.8</sog>
<cog>317.1</cog>
                        </extensions>
                    </trkpt>
                    <trkpt lat="54.488925" lon="10.348398333333334">
                        <ele>0</ele>
                        <time>2022-08-18T08:31:23Z</time>
                                                <extensions>
                            <sog>0.8</sog>
<cog>315.4</cog>
                        </extensions>
                    </trkpt>
                    <trkpt lat="54.48895" lon="10.3484">
                        <ele>0</ele>
                        <time>2022-08-18T08:31:27Z</time>
                                                <extensions>
                            <sog>0.8</sog>
<cog>313.9</cog>
                        </extensions>
                    </trkpt>
                    <trkpt lat="54.48895" lon="10.348383333333334">
                        <ele>0</ele>
                        <time>2022-08-18T08:31:30Z</time>
                                                <extensions>
                            <sog>0.8</sog>
<cog>312.8</cog>
                        </extensions>
                    </trkpt>
                    <trkpt lat="54.488955000000004" lon="10.348356666666666">
                        <ele>0</ele>
                        <time>2022-08-18T08:31:33Z</time>
                                                <extensions>
                            <sog>0.8</sog>
<cog>316.3</cog>
                        </extensions>
                    </trkpt>
                    <trkpt lat="54.48896666666667" lon="10.348366666666667">
                        <ele>0</ele>
                        <time>2022-08-18T08:31:37Z</time>
                                                <extensions>
                            <sog>0.7</sog>
<cog>315.9</cog>
                        </extensions>
                    </trkpt>
                    <trkpt lat="54.489000000000004" lon="10.348316666666667">
                        <ele>0</ele>
                        <time>2022-08-18T08:31:43Z</time>
                                                <extensions>
                            <sog>0.8</sog>
<cog>313.3</cog>
                        </extensions>
                    </trkpt>
                    <trkpt lat="54.489000000000004" lon="10.3483">
                        <ele>0</ele>
                        <time>2022-08-18T08:31:47Z</time>
                                                <extensions>
                            <sog>0.8</sog>
<cog>314.2</cog>
                        </extensions>
                    </trkpt>
                    <trkpt lat="54.489016666666664" lon="10.3483">
                        <ele>0</ele>
                        <time>2022-08-18T08:31:50Z</time>
                                                <extensions>
                            <sog>0.7</sog>
<cog>315.5</cog>
                        </extensions>
                    </trkpt>
                    <trkpt lat="54.489016666666664" lon="10.348283333333335">
                        <ele>0</ele>
                        <time>2022-08-18T08:31:53Z</time>
                                                <extensions>
                            <sog>0.8</sog>
<cog>316.7</cog>
                        </extensions>
                    </trkpt>
                    <trkpt lat="54.48903333333333" lon="10.348266666666666">
                        <ele>0</ele>
                        <time>2022-08-18T08:31:57Z</time>
                                                <extensions>
                            <sog>0.8</sog>
<cog>317.4</cog>
                        </extensions>
                    </trkpt>
                    <trkpt lat="54.48903333333333" lon="10.348266666666666">
                        <ele>0</ele>
                        <time>2022-08-18T08:32:00Z</time>
                                                <extensions>
                            <sog>0.8</sog>
<cog>316.2</cog>
                        </extensions>
                    </trkpt>
                    <trkpt lat="54.48905" lon="10.34825">
                        <ele>0</ele>
                        <time>2022-08-18T08:32:03Z</time>
                                                <extensions>
                            <sog>0.8</sog>
<cog>316.3</cog>
                        </extensions>
                    </trkpt>
                    <trkpt lat="54.48909166666667" lon="10.348135000000001">
                        <ele>0</ele>
                        <time>2022-08-18T08:32:23Z</time>
                                                <extensions>
                            <sog>0.7</sog>
<cog>319.8</cog>
                        </extensions>
                    </trkpt>
                    <trkpt lat="54.489111666666666" lon="10.348091666666667">
                        <ele>0</ele>
                        <time>2022-08-18T08:32:33Z</time>
                                                <extensions>
                            <sog>0.8</sog>
<cog>312.1</cog>
                        </extensions>
                    </trkpt>
                    <trkpt lat="54.48915" lon="10.34805">
                        <ele>0</ele>
                        <time>2022-08-18T08:32:43Z</time>
                                                <extensions>
                            <sog>0.7</sog>
<cog>317.5</cog>
                        </extensions>
                    </trkpt>
                    <trkpt lat="54.48916666666666" lon="10.348016666666666">
                        <ele>0</ele>
                        <time>2022-08-18T08:32:53Z</time>
                                                <extensions>
                            <sog>0.7</sog>
<cog>318.2</cog>
                        </extensions>
                    </trkpt>
                    <trkpt lat="54.4892" lon="10.347966666666668">
                        <ele>0</ele>
                        <time>2022-08-18T08:33:03Z</time>
                                                <extensions>
                            <sog>0.7</sog>
<cog>315.2</cog>
                        </extensions>
                    </trkpt>
                    <trkpt lat="54.48920666666667" lon="10.347926666666666">
                        <ele>0</ele>
                        <time>2022-08-18T08:33:14Z</time>
                                                <extensions>
                            <sog>0.7</sog>
<cog>314.6</cog>
                        </extensions>
                    </trkpt>
                    <trkpt lat="54.48923166666667" lon="10.34788">
                        <ele>0</ele>
                        <time>2022-08-18T08:33:23Z</time>
                                                <extensions>
                            <sog>0.7</sog>
<cog>319.1</cog>
                        </extensions>
                    </trkpt>
                    <trkpt lat="54.489265" lon="10.347838333333334">
                        <ele>0</ele>
                        <time>2022-08-18T08:33:33Z</time>
                                                <extensions>
                            <sog>0.7</sog>
<cog>316.3</cog>
                        </extensions>
                    </trkpt>
                    <trkpt lat="54.4893" lon="10.347800000000001">
                        <ele>0</ele>
                        <time>2022-08-18T08:33:43Z</time>
                                                <extensions>
                            <sog>0.7</sog>
<cog>317.1</cog>
                        </extensions>
                    </trkpt>
                    <trkpt lat="54.48931666666667" lon="10.347766666666667">
                        <ele>0</ele>
                        <time>2022-08-18T08:33:53Z</time>
                                                <extensions>
                            <sog>0.7</sog>
<cog>317.7</cog>
                        </extensions>
                    </trkpt>
                    <trkpt lat="54.489349999999995" lon="10.347733333333334">
                        <ele>0</ele>
                        <time>2022-08-18T08:34:03Z</time>
                                                <extensions>
                            <sog>0.7</sog>
<cog>314.9</cog>
                        </extensions>
                    </trkpt>
                    <trkpt lat="54.489345" lon="10.347691666666666">
                        <ele>0</ele>
                        <time>2022-08-18T08:34:14Z</time>
                                                <extensions>
                            <sog>0.6</sog>
<cog>317.4</cog>
                        </extensions>
                    </trkpt>
                    <trkpt lat="54.48936333333334" lon="10.347651666666668">
                        <ele>0</ele>
                        <time>2022-08-18T08:34:23Z</time>
                                                <extensions>
                            <sog>0.6</sog>
<cog>317.0</cog>
                        </extensions>
                    </trkpt>
                    <trkpt lat="54.48938833333333" lon="10.347616666666665">
                        <ele>0</ele>
                        <time>2022-08-18T08:34:33Z</time>
                                                <extensions>
                            <sog>0.7</sog>
<cog>312.4</cog>
                        </extensions>
                    </trkpt>
                    <trkpt lat="54.48943333333333" lon="10.347566666666667">
                        <ele>0</ele>
                        <time>2022-08-18T08:34:43Z</time>
                                                <extensions>
                            <sog>0.6</sog>
<cog>311.0</cog>
                        </extensions>
                    </trkpt>
                    <trkpt lat="54.48943333333333" lon="10.34755">
                        <ele>0</ele>
                        <time>2022-08-18T08:34:46Z</time>
                                                <extensions>
                            <sog>0.7</sog>
<cog>304.8</cog>
                        </extensions>
                    </trkpt>
                    <trkpt lat="54.48943333333333" lon="10.347533333333333">
                        <ele>0</ele>
                        <time>2022-08-18T08:34:50Z</time>
                                                <extensions>
                            <sog>0.6</sog>
<cog>286.0</cog>
                        </extensions>
                    </trkpt>
                    <trkpt lat="54.48938833333333" lon="10.347503333333332">
                        <ele>0</ele>
                        <time>2022-08-18T08:35:01Z</time>
                                                <extensions>
                            <sog>0.8</sog>
<cog>246.3</cog>
                        </extensions>
                    </trkpt>
                    <trkpt lat="54.4894" lon="10.347433333333333">
                        <ele>0</ele>
                        <time>2022-08-18T08:35:03Z</time>
                                                <extensions>
                            <sog>1.0</sog>
<cog>255.5</cog>
                        </extensions>
                    </trkpt>
                    <trkpt lat="54.48936666666667" lon="10.347366666666666">
                        <ele>0</ele>
                        <time>2022-08-18T08:35:10Z</time>
                                                <extensions>
                            <sog>1.3</sog>
<cog>243.4</cog>
                        </extensions>
                    </trkpt>
                    <trkpt lat="54.48936666666667" lon="10.347268333333334">
                        <ele>0</ele>
                        <time>2022-08-18T08:35:17Z</time>
                                                <extensions>
                            <sog>1.7</sog>
<cog>255.7</cog>
                        </extensions>
                    </trkpt>
                    <trkpt lat="54.48955" lon="10.346716666666667">
                        <ele>0</ele>
                        <time>2022-08-18T08:35:50Z</time>
                                                <extensions>
                            <sog>2.7</sog>
<cog>317.6</cog>
                        </extensions>
                    </trkpt>
                    <trkpt lat="54.48963333333334" lon="10.346633333333333">
                        <ele>0</ele>
                        <time>2022-08-18T08:35:57Z</time>
                                                <extensions>
                            <sog>3.0</sog>
<cog>325.7</cog>
                        </extensions>
                    </trkpt>
                    <trkpt lat="54.489716666666666" lon="10.346566666666666">
                        <ele>0</ele>
                        <time>2022-08-18T08:36:03Z</time>
                                                <extensions>
                            <sog>3.2</sog>
<cog>331.5</cog>
                        </extensions>
                    </trkpt>
                    <trkpt lat="54.489783333333335" lon="10.346516666666668">
                        <ele>0</ele>
                        <time>2022-08-18T08:36:07Z</time>
                                                <extensions>
                            <sog>3.3</sog>
<cog>338.1</cog>
                        </extensions>
                    </trkpt>
                    <trkpt lat="54.48983333333333" lon="10.346483333333333">
                        <ele>0</ele>
                        <time>2022-08-18T08:36:11Z</time>
                                                <extensions>
                            <sog>3.5</sog>
<cog>337.4</cog>
                        </extensions>
                    </trkpt>
                    <trkpt lat="54.48989166666667" lon="10.346475">
                        <ele>0</ele>
                        <time>2022-08-18T08:36:14Z</time>
                                                <extensions>
                            <sog>3.5</sog>
<cog>333.8</cog>
                        </extensions>
                    </trkpt>
                    <trkpt lat="54.49071666666667" lon="10.345916666666666">
                        <ele>0</ele>
                        <time>2022-08-18T08:36:57Z</time>
                                                <extensions>
                            <sog>4.9</sog>
<cog>335.3</cog>
                        </extensions>
                    </trkpt>
                    <trkpt lat="54.49093333333334" lon="10.345716666666668">
                        <ele>0</ele>
                        <time>2022-08-18T08:37:07Z</time>
                                                <extensions>
                            <sog>5.3</sog>
<cog>334.0</cog>
                        </extensions>
                    </trkpt>
                    <trkpt lat="54.491" lon="10.345650000000001">
                        <ele>0</ele>
                        <time>2022-08-18T08:37:10Z</time>
                                                <extensions>
                            <sog>5.3</sog>
<cog>331.9</cog>
                        </extensions>
                    </trkpt>
                    <trkpt lat="54.491166666666665" lon="10.3455">
                        <ele>0</ele>
                        <time>2022-08-18T08:37:17Z</time>
                                                <extensions>
                            <sog>5.6</sog>
<cog>330.3</cog>
                        </extensions>
                    </trkpt>
                    <trkpt lat="54.4913" lon="10.345366666666667">
                        <ele>0</ele>
                        <time>2022-08-18T08:37:23Z</time>
                                                <extensions>
                            <sog>5.7</sog>
<cog>332.9</cog>
                        </extensions>
                    </trkpt>
                    <trkpt lat="54.491753333333335" lon="10.345011666666666">
                        <ele>0</ele>
                        <time>2022-08-18T08:37:41Z</time>
                                                <extensions>
                            <sog>5.9</sog>
<cog>333.5</cog>
                        </extensions>
                    </trkpt>
                    <trkpt lat="54.4918" lon="10.344933333333334">
                        <ele>0</ele>
                        <time>2022-08-18T08:37:43Z</time>
                                                <extensions>
                            <sog>5.9</sog>
<cog>334.0</cog>
                        </extensions>
                    </trkpt>
                    <trkpt lat="54.49187833333334" lon="10.344901666666667">
                        <ele>0</ele>
                        <time>2022-08-18T08:37:45Z</time>
                                                <extensions>
                            <sog>6.0</sog>
<cog>333.4</cog>
                        </extensions>
                    </trkpt>
                    <trkpt lat="54.491949999999996" lon="10.344816666666667">
                        <ele>0</ele>
                        <time>2022-08-18T08:37:49Z</time>
                                                <extensions>
                            <sog>6.0</sog>
<cog>334.3</cog>
                        </extensions>
                    </trkpt>
                    <trkpt lat="54.4925" lon="10.344383333333333">
                        <ele>0</ele>
                        <time>2022-08-18T08:38:10Z</time>
                                                <extensions>
                            <sog>6.2</sog>
<cog>335.1</cog>
                        </extensions>
                    </trkpt>
                    <trkpt lat="54.49301666666667" lon="10.34395">
                        <ele>0</ele>
                        <time>2022-08-18T08:38:30Z</time>
                                                <extensions>
                            <sog>6.2</sog>
<cog>333.1</cog>
                        </extensions>
                    </trkpt>
                    <trkpt lat="54.49312166666667" lon="10.343876666666667">
                        <ele>0</ele>
                        <time>2022-08-18T08:38:33Z</time>
                                                <extensions>
                            <sog>6.2</sog>
<cog>334.2</cog>
                        </extensions>
                    </trkpt>
                    <trkpt lat="54.49335" lon="10.34365">
                        <ele>0</ele>
                        <time>2022-08-18T08:38:43Z</time>
                                                <extensions>
                            <sog>6.2</sog>
<cog>332.7</cog>
                        </extensions>
                    </trkpt>
                    <trkpt lat="54.49403333333333" lon="10.343033333333333">
                        <ele>0</ele>
                        <time>2022-08-18T08:39:10Z</time>
                                                <extensions>
                            <sog>6.2</sog>
<cog>333.4</cog>
                        </extensions>
                    </trkpt>
                    <trkpt lat="54.49411666666666" lon="10.342966666666666">
                        <ele>0</ele>
                        <time>2022-08-18T08:39:13Z</time>
                                                <extensions>
                            <sog>6.2</sog>
<cog>334.5</cog>
                        </extensions>
                    </trkpt>
                    <trkpt lat="54.49421666666667" lon="10.342883333333333">
                        <ele>0</ele>
                        <time>2022-08-18T08:39:17Z</time>
                                                <extensions>
                            <sog>6.2</sog>
<cog>333.1</cog>
                        </extensions>
                    </trkpt>
                    <trkpt lat="54.494366666666664" lon="10.34275">
                        <ele>0</ele>
                        <time>2022-08-18T08:39:23Z</time>
                                                <extensions>
                            <sog>6.2</sog>
<cog>334.3</cog>
                        </extensions>
                    </trkpt>
                    <trkpt lat="54.494883333333334" lon="10.342283333333334">
                        <ele>0</ele>
                        <time>2022-08-18T08:39:43Z</time>
                                                <extensions>
                            <sog>6.2</sog>
<cog>331.8</cog>
                        </extensions>
                    </trkpt>
                    <trkpt lat="54.49541333333333" lon="10.341808333333335">
                        <ele>0</ele>
                        <time>2022-08-18T08:40:03Z</time>
                                                <extensions>
                            <sog>6.2</sog>
<cog>330.0</cog>
                        </extensions>
                    </trkpt>
                    <trkpt lat="54.49563333333333" lon="10.341566666666667">
                        <ele>0</ele>
                        <time>2022-08-18T08:40:13Z</time>
                                                <extensions>
                            <sog>6.2</sog>
<cog>331.2</cog>
                        </extensions>
                    </trkpt>
                    <trkpt lat="54.49620166666667" lon="10.341088333333333">
                        <ele>0</ele>
                        <time>2022-08-18T08:40:34Z</time>
                                                <extensions>
                            <sog>6.6</sog>
<cog>334.6</cog>
                        </extensions>
                    </trkpt>
                    <trkpt lat="54.496431666666666" lon="10.34099">
                        <ele>0</ele>
                        <time>2022-08-18T08:40:40Z</time>
                                                <extensions>
                            <sog>7.1</sog>
<cog>342.4</cog>
                        </extensions>
                    </trkpt>
                    <trkpt lat="54.49646666666667" lon="10.340933333333334">
                        <ele>0</ele>
                        <time>2022-08-18T08:40:42Z</time>
                                                <extensions>
                            <sog>7.3</sog>
<cog>346.4</cog>
                        </extensions>
                    </trkpt>
                    <trkpt lat="54.4965" lon="10.340933333333334">
                        <ele>0</ele>
                        <time>2022-08-18T08:40:43Z</time>
                                                <extensions>
                            <sog>7.5</sog>
<cog>349.2</cog>
                        </extensions>
                    </trkpt>
                    <trkpt lat="54.49665" lon="10.340966666666667">
                        <ele>0</ele>
                        <time>2022-08-18T08:40:47Z</time>
                                                <extensions>
                            <sog>7.6</sog>
<cog>357.6</cog>
                        </extensions>
                    </trkpt>
                    <trkpt lat="54.496766666666666" lon="10.341000000000001">
                        <ele>0</ele>
                        <time>2022-08-18T08:40:50Z</time>
                                                <extensions>
                            <sog>7.8</sog>
<cog>3.7</cog>
                        </extensions>
                    </trkpt>
                    <trkpt lat="54.49695666666666" lon="10.341154999999999">
                        <ele>0</ele>
                        <time>2022-08-18T08:40:55Z</time>
                                                <extensions>
                            <sog>8.0</sog>
<cog>11.3</cog>
                        </extensions>
                    </trkpt>
                    <trkpt lat="54.49699666666667" lon="10.341178333333334">
                        <ele>0</ele>
                        <time>2022-08-18T08:40:55Z</time>
                                                <extensions>
                            <sog>8.2</sog>
<cog>12.6</cog>
                        </extensions>
                    </trkpt>
                    <trkpt lat="54.497033333333334" lon="10.34115">
                        <ele>0</ele>
                        <time>2022-08-18T08:40:57Z</time>
                                                <extensions>
                            <sog>8.3</sog>
<cog>15.0</cog>
                        </extensions>
                    </trkpt>
                    <trkpt lat="54.49718333333333" lon="10.34125">
                        <ele>0</ele>
                        <time>2022-08-18T08:41:01Z</time>
                                                <extensions>
                            <sog>8.5</sog>
<cog>16.9</cog>
                        </extensions>
                    </trkpt>
                    <trkpt lat="54.49721666666667" lon="10.341283333333333">
                        <ele>0</ele>
                        <time>2022-08-18T08:41:02Z</time>
                                                <extensions>
                            <sog>8.6</sog>
<cog>17.7</cog>
                        </extensions>
                    </trkpt>
                    <trkpt lat="54.49743333333333" lon="10.341383333333333">
                        <ele>0</ele>
                        <time>2022-08-18T08:41:07Z</time>
                                                <extensions>
                            <sog>9.0</sog>
<cog>17.5</cog>
                        </extensions>
                    </trkpt>
                    <trkpt lat="54.49771833333333" lon="10.341551666666668">
                        <ele>0</ele>
                        <time>2022-08-18T08:41:13Z</time>
                                                <extensions>
                            <sog>9.2</sog>
<cog>15.6</cog>
                        </extensions>
                    </trkpt>
                    <trkpt lat="54.49796666666667" lon="10.341633333333334">
                        <ele>0</ele>
                        <time>2022-08-18T08:41:20Z</time>
                                                <extensions>
                            <sog>9.3</sog>
<cog>13.5</cog>
                        </extensions>
                    </trkpt>
                    <trkpt lat="54.4981" lon="10.341666666666667">
                        <ele>0</ele>
                        <time>2022-08-18T08:41:23Z</time>
                                                <extensions>
                            <sog>9.3</sog>
<cog>12.4</cog>
                        </extensions>
                    </trkpt>
                    <trkpt lat="54.498450000000005" lon="10.341783333333332">
                        <ele>0</ele>
                        <time>2022-08-18T08:41:31Z</time>
                                                <extensions>
                            <sog>9.4</sog>
<cog>10.8</cog>
                        </extensions>
                    </trkpt>
                    <trkpt lat="54.49857" lon="10.34187">
                        <ele>0</ele>
                        <time>2022-08-18T08:41:34Z</time>
                                                <extensions>
                            <sog>9.4</sog>
<cog>10.6</cog>
                        </extensions>
                    </trkpt>
                    <trkpt lat="54.4987" lon="10.341866666666666">
                        <ele>0</ele>
                        <time>2022-08-18T08:41:37Z</time>
                                                <extensions>
                            <sog>9.5</sog>
<cog>10.7</cog>
                        </extensions>
                    </trkpt>
                    <trkpt lat="54.498870000000004" lon="10.341966666666668">
                        <ele>0</ele>
                        <time>2022-08-18T08:41:40Z</time>
                                                <extensions>
                            <sog>9.5</sog>
<cog>10.4</cog>
                        </extensions>
                    </trkpt>
                    <trkpt lat="54.49895" lon="10.341933333333333">
                        <ele>0</ele>
                        <time>2022-08-18T08:41:43Z</time>
                                                <extensions>
                            <sog>9.3</sog>
<cog>10.2</cog>
                        </extensions>
                    </trkpt>
                    <trkpt lat="54.50043333333333" lon="10.3424">
                        <ele>0</ele>
                        <time>2022-08-18T08:42:17Z</time>
                                                <extensions>
                            <sog>9.3</sog>
<cog>10.7</cog>
                        </extensions>
                    </trkpt>
                    <trkpt lat="54.50055" lon="10.342450000000001">
                        <ele>0</ele>
                        <time>2022-08-18T08:42:20Z</time>
                                                <extensions>
                            <sog>9.3</sog>
<cog>11.6</cog>
                        </extensions>
                    </trkpt>
                    <trkpt lat="54.500683333333335" lon="10.3425">
                        <ele>0</ele>
                        <time>2022-08-18T08:42:23Z</time>
                                                <extensions>
                            <sog>9.3</sog>
<cog>12.5</cog>
                        </extensions>
                    </trkpt>
                    <trkpt lat="54.50082833333333" lon="10.34264">
                        <ele>0</ele>
                        <time>2022-08-18T08:42:27Z</time>
                                                <extensions>
                            <sog>9.3</sog>
<cog>13.4</cog>
                        </extensions>
                    </trkpt>
                    <trkpt lat="54.50099" lon="10.342725">
                        <ele>0</ele>
                        <time>2022-08-18T08:42:31Z</time>
                                                <extensions>
                            <sog>9.3</sog>
<cog>15.3</cog>
                        </extensions>
                    </trkpt>
                    <trkpt lat="54.50111166666667" lon="10.342793333333333">
                        <ele>0</ele>
                        <time>2022-08-18T08:42:33Z</time>
                                                <extensions>
                            <sog>9.2</sog>
<cog>16.8</cog>
                        </extensions>
                    </trkpt>
                    <trkpt lat="54.50111166666667" lon="10.342793333333333">
                        <ele>0</ele>
                        <time>2022-08-18T08:42:34Z</time>
                                                <extensions>
                            <sog>9.2</sog>
<cog>16.8</cog>
                        </extensions>
                    </trkpt>
                    <trkpt lat="54.50127166666667" lon="10.342901666666668">
                        <ele>0</ele>
                        <time>2022-08-18T08:42:37Z</time>
                                                <extensions>
                            <sog>9.2</sog>
<cog>19.0</cog>
                        </extensions>
                    </trkpt>
                    <trkpt lat="54.50138833333333" lon="10.342988333333333">
                        <ele>0</ele>
                        <time>2022-08-18T08:42:41Z</time>
                                                <extensions>
                            <sog>9.1</sog>
<cog>20.6</cog>
                        </extensions>
                    </trkpt>
                    <trkpt lat="54.50148333333333" lon="10.343">
                        <ele>0</ele>
                        <time>2022-08-18T08:42:43Z</time>
                                                <extensions>
                            <sog>9.2</sog>
<cog>22.2</cog>
                        </extensions>
                    </trkpt>
                    <trkpt lat="54.50163333333333" lon="10.343116666666667">
                        <ele>0</ele>
                        <time>2022-08-18T08:42:47Z</time>
                                                <extensions>
                            <sog>9.0</sog>
<cog>23.7</cog>
                        </extensions>
                    </trkpt>
                    <trkpt lat="54.50176666666667" lon="10.343216666666667">
                        <ele>0</ele>
                        <time>2022-08-18T08:42:50Z</time>
                                                <extensions>
                            <sog>9.1</sog>
<cog>24.4</cog>
                        </extensions>
                    </trkpt>
                    <trkpt lat="54.50192833333333" lon="10.343406666666668">
                        <ele>0</ele>
                        <time>2022-08-18T08:42:55Z</time>
                                                <extensions>
                            <sog>9.1</sog>
<cog>24.2</cog>
                        </extensions>
                    </trkpt>
                    <trkpt lat="54.50203333333333" lon="10.343416666666666">
                        <ele>0</ele>
                        <time>2022-08-18T08:42:57Z</time>
                                                <extensions>
                            <sog>9.1</sog>
<cog>23.8</cog>
                        </extensions>
                    </trkpt>
                    <trkpt lat="54.50311666666666" lon="10.343783333333333">
                        <ele>0</ele>
                        <time>2022-08-18T08:43:23Z</time>
                                                <extensions>
                            <sog>9.3</sog>
<cog>3.5</cog>
                        </extensions>
                    </trkpt>
                    <trkpt lat="54.503283333333336" lon="10.343783333333333">
                        <ele>0</ele>
                        <time>2022-08-18T08:43:27Z</time>
                                                <extensions>
                            <sog>9.3</sog>
<cog>1.4</cog>
                        </extensions>
                    </trkpt>
                    <trkpt lat="54.50346666666667" lon="10.343766666666665">
                        <ele>0</ele>
                        <time>2022-08-18T08:43:31Z</time>
                                                <extensions>
                            <sog>9.3</sog>
<cog>0.2</cog>
                        </extensions>
                    </trkpt>
                    <trkpt lat="54.503591666666665" lon="10.343798333333332">
                        <ele>0</ele>
                        <time>2022-08-18T08:43:34Z</time>
                                                <extensions>
                            <sog>9.4</sog>
<cog>359.3</cog>
                        </extensions>
                    </trkpt>
                    <trkpt lat="54.50376666666667" lon="10.343774999999999">
                        <ele>0</ele>
                        <time>2022-08-18T08:43:38Z</time>
                                                <extensions>
                            <sog>9.5</sog>
<cog>358.1</cog>
                        </extensions>
                    </trkpt>
                    <trkpt lat="54.504333333333335" lon="10.343633333333335">
                        <ele>0</ele>
                        <time>2022-08-18T08:43:51Z</time>
                                                <extensions>
                            <sog>9.5</sog>
<cog>353.8</cog>
                        </extensions>
                    </trkpt>
                    <trkpt lat="54.504599999999996" lon="10.343566666666668">
                        <ele>0</ele>
                        <time>2022-08-18T08:43:57Z</time>
                                                <extensions>
                            <sog>9.5</sog>
<cog>352.7</cog>
                        </extensions>
                    </trkpt>
                    <trkpt lat="54.506033333333335" lon="10.343166666666667">
                        <ele>0</ele>
                        <time>2022-08-18T08:44:30Z</time>
                                                <extensions>
                            <sog>9.5</sog>
<cog>349.0</cog>
                        </extensions>
                    </trkpt>
                    <trkpt lat="54.50691666666667" lon="10.342666666666666">
                        <ele>0</ele>
                        <time>2022-08-18T08:44:51Z</time>
                                                <extensions>
                            <sog>9.5</sog>
<cog>340.2</cog>
                        </extensions>
                    </trkpt>
                    <trkpt lat="54.507034999999995" lon="10.342618333333332">
                        <ele>0</ele>
                        <time>2022-08-18T08:44:54Z</time>
                                                <extensions>
                            <sog>9.4</sog>
<cog>337.6</cog>
                        </extensions>
                    </trkpt>
                    <trkpt lat="54.50785" lon="10.341566666666667">
                        <ele>0</ele>
                        <time>2022-08-18T08:45:17Z</time>
                                                <extensions>
                            <sog>9.3</sog>
<cog>322.7</cog>
                        </extensions>
                    </trkpt>
                    <trkpt lat="54.50825" lon="10.341103333333333">
                        <ele>0</ele>
                        <time>2022-08-18T08:45:28Z</time>
                                                <extensions>
                            <sog>9.5</sog>
<cog>321.6</cog>
                        </extensions>
                    </trkpt>
                    <trkpt lat="54.50833333333333" lon="10.340916666666667">
                        <ele>0</ele>
                        <time>2022-08-18T08:45:31Z</time>
                                                <extensions>
                            <sog>9.3</sog>
<cog>321.3</cog>
                        </extensions>
                    </trkpt>
                    <trkpt lat="54.50885" lon="10.34015">
                        <ele>0</ele>
                        <time>2022-08-18T08:45:47Z</time>
                                                <extensions>
                            <sog>9.3</sog>
<cog>319.6</cog>
                        </extensions>
                    </trkpt>
                    <trkpt lat="54.509008333333334" lon="10.339993333333332">
                        <ele>0</ele>
                        <time>2022-08-18T08:45:51Z</time>
                                                <extensions>
                            <sog>9.3</sog>
<cog>319.8</cog>
                        </extensions>
                    </trkpt>
                    <trkpt lat="54.50911" lon="10.339855">
                        <ele>0</ele>
                        <time>2022-08-18T08:45:54Z</time>
                                                <extensions>
                            <sog>9.3</sog>
<cog>320.6</cog>
                        </extensions>
                    </trkpt>
                    <trkpt lat="54.509245" lon="10.339675">
                        <ele>0</ele>
                        <time>2022-08-18T08:45:57Z</time>
                                                <extensions>
                            <sog>9.3</sog>
<cog>321.9</cog>
                        </extensions>
                    </trkpt>
                    <trkpt lat="54.51233333333333" lon="10.33615">
                        <ele>0</ele>
                        <time>2022-08-18T08:47:23Z</time>
                                                <extensions>
                            <sog>9.4</sog>
<cog>322.6</cog>
                        </extensions>
                    </trkpt>
                    <trkpt lat="54.51275" lon="10.3356">
                        <ele>0</ele>
                        <time>2022-08-18T08:47:35Z</time>
                                                <extensions>
                            <sog>9.3</sog>
<cog>321.7</cog>
                        </extensions>
                    </trkpt>
                    <trkpt lat="54.513416666666664" lon="10.334750000000001">
                        <ele>0</ele>
                        <time>2022-08-18T08:47:54Z</time>
                                                <extensions>
                            <sog>9.4</sog>
<cog>323.9</cog>
                        </extensions>
                    </trkpt>
                    <trkpt lat="54.51351666666667" lon="10.334616666666667">
                        <ele>0</ele>
                        <time>2022-08-18T08:47:57Z</time>
                                                <extensions>
                            <sog>9.3</sog>
<cog>322.8</cog>
                        </extensions>
                    </trkpt>
                    <trkpt lat="54.513616666666664" lon="10.334483333333333">
                        <ele>0</ele>
                        <time>2022-08-18T08:48:00Z</time>
                                                <extensions>
                            <sog>9.3</sog>
<cog>323.5</cog>
                        </extensions>
                    </trkpt>
                    <trkpt lat="54.51408333333333" lon="10.333916666666665">
                        <ele>0</ele>
                        <time>2022-08-18T08:48:13Z</time>
                                                <extensions>
                            <sog>9.4</sog>
<cog>324.7</cog>
                        </extensions>
                    </trkpt>
                    <trkpt lat="54.51433333333333" lon="10.333616666666668">
                        <ele>0</ele>
                        <time>2022-08-18T08:48:20Z</time>
                                                <extensions>
                            <sog>9.5</sog>
<cog>325.3</cog>
                        </extensions>
                    </trkpt>
                    <trkpt lat="54.514450000000004" lon="10.333483333333334">
                        <ele>0</ele>
                        <time>2022-08-18T08:48:23Z</time>
                                                <extensions>
                            <sog>9.5</sog>
<cog>326.1</cog>
                        </extensions>
                    </trkpt>
                    <trkpt lat="54.5149" lon="10.333">
                        <ele>0</ele>
                        <time>2022-08-18T08:48:35Z</time>
                                                <extensions>
                            <sog>9.5</sog>
<cog>327.0</cog>
                        </extensions>
                    </trkpt>
                    <trkpt lat="54.514966666666666" lon="10.332916666666668">
                        <ele>0</ele>
                        <time>2022-08-18T08:48:37Z</time>
                                                <extensions>
                            <sog>9.4</sog>
<cog>327.6</cog>
                        </extensions>
                    </trkpt>
                    <trkpt lat="54.51508333333334" lon="10.332799999999999">
                        <ele>0</ele>
                        <time>2022-08-18T08:48:40Z</time>
                                                <extensions>
                            <sog>9.5</sog>
<cog>327.8</cog>
                        </extensions>
                    </trkpt>
                    <trkpt lat="54.51574166666667" lon="10.33205">
                        <ele>0</ele>
                        <time>2022-08-18T08:48:58Z</time>
                                                <extensions>
                            <sog>9.4</sog>
<cog>325.3</cog>
                        </extensions>
                    </trkpt>
                    <trkpt lat="54.5158" lon="10.331933333333334">
                        <ele>0</ele>
                        <time>2022-08-18T08:49:00Z</time>
                                                <extensions>
                            <sog>9.4</sog>
<cog>324.5</cog>
                        </extensions>
                    </trkpt>
                    <trkpt lat="54.516385" lon="10.33103">
                        <ele>0</ele>
                        <time>2022-08-18T08:49:18Z</time>
                                                <extensions>
                            <sog>9.3</sog>
<cog>315.7</cog>
                        </extensions>
                    </trkpt>
                    <trkpt lat="54.519549999999995" lon="10.327466666666668">
                        <ele>0</ele>
                        <time>2022-08-18T08:50:45Z</time>
                                                <extensions>
                            <sog>9.5</sog>
<cog>337.5</cog>
                        </extensions>
                    </trkpt>
                    <trkpt lat="54.52055" lon="10.326683333333333">
                        <ele>0</ele>
                        <time>2022-08-18T08:51:10Z</time>
                                                <extensions>
                            <sog>9.5</sog>
<cog>334.6</cog>
                        </extensions>
                    </trkpt>
                    <trkpt lat="54.522625" lon="10.324726666666667">
                        <ele>0</ele>
                        <time>2022-08-18T08:52:04Z</time>
                                                <extensions>
                            <sog>9.4</sog>
<cog>328.3</cog>
                        </extensions>
                    </trkpt>
                    <trkpt lat="54.53893333333333" lon="10.301433333333334">
                        <ele>0</ele>
                        <time>2022-08-18T09:00:07Z</time>
                                                <extensions>
                            <sog>9.3</sog>
<cog>313.2</cog>
                        </extensions>
                    </trkpt>
                    <trkpt lat="54.53893333333333" lon="10.301433333333334">
                        <ele>0</ele>
                        <time>2022-08-18T09:00:07Z</time>
                                                <extensions>
                            <sog>9.3</sog>
<cog>313.2</cog>
                        </extensions>
                    </trkpt>
                    <trkpt lat="54.544149999999995" lon="10.29362">
                        <ele>0</ele>
                        <time>2022-08-18T09:02:44Z</time>
                                                <extensions>
                            <sog>9.5</sog>
<cog>318.7</cog>
                        </extensions>
                    </trkpt>
                    <trkpt lat="54.547565" lon="10.288720000000001">
                        <ele>0</ele>
                        <time>2022-08-18T09:04:25Z</time>
                                                <extensions>
                            <sog>9.5</sog>
<cog>320.4</cog>
                        </extensions>
                    </trkpt>
                    <trkpt lat="54.554203333333334" lon="10.278371666666667">
                        <ele>0</ele>
                        <time>2022-08-18T09:07:48Z</time>
                                                <extensions>
                            <sog>9.5</sog>
<cog>316.3</cog>
                        </extensions>
                    </trkpt>
                    <trkpt lat="54.554296666666666" lon="10.278213333333333">
                        <ele>0</ele>
                        <time>2022-08-18T09:07:51Z</time>
                                                <extensions>
                            <sog>9.5</sog>
<cog>315.9</cog>
                        </extensions>
                    </trkpt>
                    <trkpt lat="54.55801666666667" lon="10.273333333333333">
                        <ele>0</ele>
                        <time>2022-08-18T09:09:37Z</time>
                                                <extensions>
                            <sog>9.5</sog>
<cog>337.8</cog>
                        </extensions>
                    </trkpt>
                    <trkpt lat="54.567083333333336" lon="10.26265">
                        <ele>0</ele>
                        <time>2022-08-18T09:13:48Z</time>
                                                <extensions>
                            <sog>9.5</sog>
<cog>322.8</cog>
                        </extensions>
                    </trkpt>
                    <trkpt lat="54.57127666666667" lon="10.254998333333333">
                        <ele>0</ele>
                        <time>2022-08-18T09:16:11Z</time>
                                                <extensions>
                            <sog>9.2</sog>
<cog>304.4</cog>
                        </extensions>
                    </trkpt>
                    <trkpt lat="54.573701666666665" lon="10.250891666666666">
                        <ele>0</ele>
                        <time>2022-08-18T09:17:31Z</time>
                                                <extensions>
                            <sog>9.1</sog>
<cog>321.5</cog>
                        </extensions>
                    </trkpt>
                    <trkpt lat="54.57437166666667" lon="10.249996666666668">
                        <ele>0</ele>
                        <time>2022-08-18T09:17:51Z</time>
                                                <extensions>
                            <sog>9.1</sog>
<cog>323.3</cog>
                        </extensions>
                    </trkpt>
                    <trkpt lat="54.57855" lon="10.245149999999999">
                        <ele>0</ele>
                        <time>2022-08-18T09:19:51Z</time>
                                                <extensions>
                            <sog>9.1</sog>
<cog>333.1</cog>
                        </extensions>
                    </trkpt>
                    <trkpt lat="54.58313333333333" lon="10.239466666666667">
                        <ele>0</ele>
                        <time>2022-08-18T09:22:05Z</time>
                                                <extensions>
                            <sog>9.1</sog>
<cog>317.8</cog>
                        </extensions>
                    </trkpt>
                    <trkpt lat="54.58758833333333" lon="10.233345000000002">
                        <ele>0</ele>
                        <time>2022-08-18T09:24:21Z</time>
                                                <extensions>
                            <sog>8.9</sog>
<cog>329.6</cog>
                        </extensions>
                    </trkpt>
                    <trkpt lat="54.587700000000005" lon="10.233233333333335">
                        <ele>0</ele>
                        <time>2022-08-18T09:24:24Z</time>
                                                <extensions>
                            <sog>8.9</sog>
<cog>330.0</cog>
                        </extensions>
                    </trkpt>
                    <trkpt lat="54.58886666666667" lon="10.23205">
                        <ele>0</ele>
                        <time>2022-08-18T09:24:57Z</time>
                                                <extensions>
                            <sog>9.0</sog>
<cog>329.1</cog>
                        </extensions>
                    </trkpt>
                    <trkpt lat="54.59003666666667" lon="10.230595">
                        <ele>0</ele>
                        <time>2022-08-18T09:25:31Z</time>
                                                <extensions>
                            <sog>9.0</sog>
<cog>320.1</cog>
                        </extensions>
                    </trkpt>
                    <trkpt lat="54.59113333333333" lon="10.22915">
                        <ele>0</ele>
                        <time>2022-08-18T09:26:05Z</time>
                                                <extensions>
                            <sog>8.8</sog>
<cog>324.9</cog>
                        </extensions>
                    </trkpt>
                    <trkpt lat="54.59136" lon="10.228866666666667">
                        <ele>0</ele>
                        <time>2022-08-18T09:26:11Z</time>
                                                <extensions>
                            <sog>8.7</sog>
<cog>326.0</cog>
                        </extensions>
                    </trkpt>
                    <trkpt lat="54.591458333333335" lon="10.228753333333334">
                        <ele>0</ele>
                        <time>2022-08-18T09:26:14Z</time>
                                                <extensions>
                            <sog>8.6</sog>
<cog>325.2</cog>
                        </extensions>
                    </trkpt>
                    <trkpt lat="54.59231666666667" lon="10.227716666666668">
                        <ele>0</ele>
                        <time>2022-08-18T09:26:41Z</time>
                                                <extensions>
                            <sog>8.6</sog>
<cog>323.6</cog>
                        </extensions>
                    </trkpt>
                    <trkpt lat="54.59335" lon="10.226316666666666">
                        <ele>0</ele>
                        <time>2022-08-18T09:27:13Z</time>
                                                <extensions>
                            <sog>8.6</sog>
<cog>323.6</cog>
                        </extensions>
                    </trkpt>
                    <trkpt lat="54.59393333333333" lon="10.225666666666665">
                        <ele>0</ele>
                        <time>2022-08-18T09:27:30Z</time>
                                                <extensions>
                            <sog>8.6</sog>
<cog>326.9</cog>
                        </extensions>
                    </trkpt>
                    <trkpt lat="54.59416" lon="10.225403333333333">
                        <ele>0</ele>
                        <time>2022-08-18T09:27:37Z</time>
                                                <extensions>
                            <sog>8.6</sog>
<cog>327.7</cog>
                        </extensions>
                    </trkpt>
                    <trkpt lat="54.610699999999994" lon="10.205250000000001">
                        <ele>0</ele>
                        <time>2022-08-18T09:35:57Z</time>
                                                <extensions>
                            <sog>8.8</sog>
<cog>322.5</cog>
                        </extensions>
                    </trkpt>
                    </trkseg>
                </trk>
</gpx>