<?xml version="1.0" encoding="UTF-8"?>
<gpx version="1.1" creator="AIS-to-GPX Converter" xmlns="http://www.topografix.com/GPX/1/1">
                <trk>
                    <name>anon0160</name>
                    <trkseg>
                                            <trkpt lat="54.51737" lon="10.30524">
                        <ele>0</ele>
                        <time>2022-08-18T00:02:39Z</time>
                                                <extensions>
                            <sog>0.1</sog>
<cog>225.1</cog>
                        </extensions>
                    </trkpt>
                    <trkpt lat="53.51222" lon="9.947965">
                        <ele>0</ele>
                        <time>2022-08-18T00:05:10Z</time>
                                                <extensions>
                            <sog>5.2</sog>
<cog>144.7</cog>
                        </extensions>
                    </trkpt>
                    <trkpt lat="54.517354999999995" lon="10.305185">
                        <ele>0</ele>
                        <time>2022-08-18T00:05:38Z</time>
                                                <extensions>
                            <sog>0.0</sog>
<cog>254.2</cog>
                        </extensions>
                    </trkpt>
                    <trkpt lat="54.51734833333333" lon="10.305158333333333">
                        <ele>0</ele>
                        <time>2022-08-18T00:11:39Z</time>
                                                <extensions>
                            <sog>0.0</sog>
<cog>0.4</cog>
                        </extensions>
                    </trkpt>
                    <trkpt lat="54.517266666666664" lon="10.305148333333333">
                        <ele>0</ele>
                        <time>2022-08-18T00:23:38Z</time>
                                                <extensions>
                            <sog>0.1</sog>
<cog>191.1</cog>
                        </extensions>
                    </trkpt>
                    <trkpt lat="54.517174999999995" lon="10.30507">
                        <ele>0</ele>
                        <time>2022-08-18T00:26:38Z</time>
                                                <extensions>
                            <sog>0.0</sog>
<cog>219.6</cog>
                        </extensions>
                    </trkpt>
                    <trkpt lat="54.517115" lon="10.305011666666667">
                        <ele>0</ele>
                        <time>2022-08-18T00:29:39Z</time>
                                                <extensions>
                            <sog>0.1</sog>
<cog>211.3</cog>
                        </extensions>
                    </trkpt>
                    <trkpt lat="54.51705666666667" lon="10.30498">
                        <ele>0</ele>
                        <time>2022-08-18T00:32:39Z</time>
                                                <extensions>
                            <sog>0.0</sog>
<cog>200.5</cog>
                        </extensions>
                    </trkpt>
                    <trkpt lat="52.46839" lon="4.531753333333333">
                        <ele>0</ele>
                        <time>2022-08-18T00:33:15Z</time>
                                                <extensions>
                            <sog>13.2</sog>
<cog>291.9</cog>
                        </extensions>
                    </trkpt>
                    <trkpt lat="54.51701833333333" lon="10.304905">
                        <ele>0</ele>
                        <time>2022-08-18T00:35:39Z</time>
                                                <extensions>
                            <sog>0.0</sog>
<cog>220.0</cog>
                        </extensions>
                    </trkpt>
                    <trkpt lat="54.51702833333333" lon="10.304966666666667">
                        <ele>0</ele>
                        <time>2022-08-18T00:38:38Z</time>
                                                <extensions>
                            <sog>0.0</sog>
<cog>36.4</cog>
                        </extensions>
                    </trkpt>
                    <trkpt lat="54.06271666666667" lon="7.781116666666667">
                        <ele>0</ele>
                        <time>2022-08-18T00:41:18Z</time>
                                                <extensions>
                            <sog>0.3</sog>
<cog>140.9</cog>
                        </extensions>
                    </trkpt>
                    <trkpt lat="54.517026666666666" lon="10.304908333333334">
                        <ele>0</ele>
                        <time>2022-08-18T00:41:38Z</time>
                                                <extensions>
                            <sog>0.1</sog>
<cog>234.6</cog>
                        </extensions>
                    </trkpt>
                    <trkpt lat="54.5158" lon="10.306366666666666">
                        <ele>0</ele>
                        <time>2022-08-18T00:43:48Z</time>
                                                <extensions>
                            <sog>0.0</sog>
<cog>95.0</cog>
                        </extensions>
                    </trkpt>
                    <trkpt lat="54.516953333333326" lon="10.304924999999999">
                        <ele>0</ele>
                        <time>2022-08-18T00:44:39Z</time>
                                                <extensions>
                            <sog>0.0</sog>
<cog>174.2</cog>
                        </extensions>
                    </trkpt>
                    <trkpt lat="54.515883333333335" lon="10.306333333333333">
                        <ele>0</ele>
                        <time>2022-08-18T00:44:52Z</time>
                                                <extensions>
                            <sog>0.0</sog>
<cog>119.0</cog>
                        </extensions>
                    </trkpt>
                    <trkpt lat="54.516891666666666" lon="10.304893333333332">
                        <ele>0</ele>
                        <time>2022-08-18T00:47:38Z</time>
                                                <extensions>
                            <sog>0.0</sog>
<cog>212.8</cog>
                        </extensions>
                    </trkpt>
                    <trkpt lat="54.516886666666664" lon="10.304878333333333">
                        <ele>0</ele>
                        <time>2022-08-18T00:50:39Z</time>
                                                <extensions>
                            <sog>0.0</sog>
<cog>129.8</cog>
                        </extensions>
                    </trkpt>
                    <trkpt lat="54.51686333333334" lon="10.304843333333334">
                        <ele>0</ele>
                        <time>2022-08-18T00:53:40Z</time>
                                                <extensions>
                            <sog>0.0</sog>
<cog>286.3</cog>
                        </extensions>
                    </trkpt>
                    <trkpt lat="54.516906666666664" lon="10.304846666666666">
                        <ele>0</ele>
                        <time>2022-08-18T00:56:38Z</time>
                                                <extensions>
                            <sog>0.0</sog>
<cog>23.8</cog>
                        </extensions>
                    </trkpt>
                    <trkpt lat="54.516985" lon="10.304896666666668">
                        <ele>0</ele>
                        <time>2022-08-18T00:59:38Z</time>
                                                <extensions>
                            <sog>0.1</sog>
<cog>29.6</cog>
                        </extensions>
                    </trkpt>
                    <trkpt lat="54.51711" lon="10.305010000000001">
                        <ele>0</ele>
                        <time>2022-08-18T01:02:40Z</time>
                                                <extensions>
                            <sog>0.1</sog>
<cog>28.3</cog>
                        </extensions>
                    </trkpt>
                    <trkpt lat="54.51725833333333" lon="10.305163333333333">
                        <ele>0</ele>
                        <time>2022-08-18T01:05:39Z</time>
                                                <extensions>
                            <sog>0.2</sog>
<cog>32.6</cog>
                        </extensions>
                    </trkpt>
                    <trkpt lat="54.51737666666667" lon="10.30539">
                        <ele>0</ele>
                        <time>2022-08-18T01:08:38Z</time>
                                                <extensions>
                            <sog>0.2</sog>
<cog>53.6</cog>
                        </extensions>
                    </trkpt>
                    <trkpt lat="54.515816666666666" lon="10.306116666666666">
                        <ele>0</ele>
                        <time>2022-08-18T01:12:43Z</time>
                                                <extensions>
                            <sog>0.0</sog>
<cog>124.0</cog>
                        </extensions>
                    </trkpt>
                    <trkpt lat="54.51761333333333" lon="10.305991666666667">
                        <ele>0</ele>
                        <time>2022-08-18T01:14:38Z</time>
                                                <extensions>
                            <sog>0.2</sog>
<cog>55.9</cog>
                        </extensions>
                    </trkpt>
                    <trkpt lat="54.517735" lon="10.30616">
                        <ele>0</ele>
                        <time>2022-08-18T01:17:39Z</time>
                                                <extensions>
                            <sog>0.1</sog>
<cog>18.8</cog>
                        </extensions>
                    </trkpt>
                    <trkpt lat="54.517783333333334" lon="10.305941666666666">
                        <ele>0</ele>
                        <time>2022-08-18T01:20:38Z</time>
                                                <extensions>
                            <sog>0.3</sog>
<cog>274.5</cog>
                        </extensions>
                    </trkpt>
                    <trkpt lat="54.515750000000004" lon="10.306216666666668">
                        <ele>0</ele>
                        <time>2022-08-18T01:22:50Z</time>
                                                <extensions>
                            <sog>0.0</sog>
<cog>127.0</cog>
                        </extensions>
                    </trkpt>
                    <trkpt lat="54.517605" lon="10.305606666666668">
                        <ele>0</ele>
                        <time>2022-08-18T01:23:39Z</time>
                                                <extensions>
                            <sog>0.3</sog>
<cog>203.0</cog>
                        </extensions>
                    </trkpt>
                    <trkpt lat="54.51747" lon="10.30546">
                        <ele>0</ele>
                        <time>2022-08-18T01:26:39Z</time>
                                                <extensions>
                            <sog>0.2</sog>
<cog>226.1</cog>
                        </extensions>
                    </trkpt>
                    <trkpt lat="54.517335" lon="10.305141666666666">
                        <ele>0</ele>
                        <time>2022-08-18T01:29:39Z</time>
                                                <extensions>
                            <sog>0.2</sog>
<cog>231.6</cog>
                        </extensions>
                    </trkpt>
                    <trkpt lat="54.51727" lon="10.305035">
                        <ele>0</ele>
                        <time>2022-08-18T01:32:39Z</time>
                                                <extensions>
                            <sog>0.1</sog>
<cog>221.9</cog>
                        </extensions>
                    </trkpt>
                    <trkpt lat="54.517183333333335" lon="10.304991666666666">
                        <ele>0</ele>
                        <time>2022-08-18T01:35:39Z</time>
                                                <extensions>
                            <sog>0.0</sog>
<cog>240.3</cog>
                        </extensions>
                    </trkpt>
                    <trkpt lat="54.51718833333334" lon="10.304986666666668">
                        <ele>0</ele>
                        <time>2022-08-18T01:38:38Z</time>
                                                <extensions>
                            <sog>0.0</sog>
<cog>87.7</cog>
                        </extensions>
                    </trkpt>
                    <trkpt lat="54.51734833333333" lon="10.305119999999999">
                        <ele>0</ele>
                        <time>2022-08-18T01:47:38Z</time>
                                                <extensions>
                            <sog>0.0</sog>
<cog>49.8</cog>
                        </extensions>
                    </trkpt>
                    <trkpt lat="54.517336666666665" lon="10.305153333333333">
                        <ele>0</ele>
                        <time>2022-08-18T01:50:39Z</time>
                                                <extensions>
                            <sog>0.0</sog>
<cog>346.4</cog>
                        </extensions>
                    </trkpt>
                    <trkpt lat="54.517399999999995" lon="10.305164999999999">
                        <ele>0</ele>
                        <time>2022-08-18T01:53:39Z</time>
                                                <extensions>
                            <sog>0.0</sog>
<cog>132.6</cog>
                        </extensions>
                    </trkpt>
                    <trkpt lat="54.51734833333333" lon="10.30509">
                        <ele>0</ele>
                        <time>2022-08-18T01:56:38Z</time>
                                                <extensions>
                            <sog>0.0</sog>
<cog>229.1</cog>
                        </extensions>
                    </trkpt>
                    <trkpt lat="54.51727666666667" lon="10.305055000000001">
                        <ele>0</ele>
                        <time>2022-08-18T01:59:39Z</time>
                                                <extensions>
                            <sog>0.1</sog>
<cog>212.2</cog>
                        </extensions>
                    </trkpt>
                    <trkpt lat="54.517135" lon="10.304945">
                        <ele>0</ele>
                        <time>2022-08-18T02:05:38Z</time>
                                                <extensions>
                            <sog>0.0</sog>
<cog>209.7</cog>
                        </extensions>
                    </trkpt>
                    <trkpt lat="54.515883333333335" lon="10.306333333333333">
                        <ele>0</ele>
                        <time>2022-08-18T02:05:52Z</time>
                                                <extensions>
                            <sog>0.0</sog>
<cog>119.0</cog>
                        </extensions>
                    </trkpt>
                    <trkpt lat="54.517201666666665" lon="10.304893333333332">
                        <ele>0</ele>
                        <time>2022-08-18T02:08:38Z</time>
                                                <extensions>
                            <sog>0.0</sog>
<cog>173.1</cog>
                        </extensions>
                    </trkpt>
                    <trkpt lat="60.02021666666667" lon="29.387516666666667">
                        <ele>0</ele>
                        <time>2022-08-18T02:09:57Z</time>
                                                <extensions>
                            <sog>0.3</sog>
<cog>144.0</cog>
                        </extensions>
                    </trkpt>
                    <trkpt lat="54.51721333333333" lon="10.304956666666667">
                        <ele>0</ele>
                        <time>2022-08-18T02:11:38Z</time>
                                                <extensions>
                            <sog>0.0</sog>
<cog>6.9</cog>
                        </extensions>
                    </trkpt>
                    <trkpt lat="54.51725666666667" lon="10.30495">
                        <ele>0</ele>
                        <time>2022-08-18T02:14:38Z</time>
                                                <extensions>
                            <sog>0.0</sog>
<cog>105.5</cog>
                        </extensions>
                    </trkpt>
                    <trkpt lat="54.517203333333335" lon="10.30491">
                        <ele>0</ele>
                        <time>2022-08-18T02:17:39Z</time>
                                                <extensions>
                            <sog>0.1</sog>
<cog>215.7</cog>
                        </extensions>
                    </trkpt>
                    <trkpt lat="54.51717166666666" lon="10.304905">
                        <ele>0</ele>
                        <time>2022-08-18T02:20:39Z</time>
                                                <extensions>
                            <sog>0.0</sog>
<cog>259.8</cog>
                        </extensions>
                    </trkpt>
                    <trkpt lat="54.51593333333334" lon="10.30625">
                        <ele>0</ele>
                        <time>2022-08-18T02:21:09Z</time>
                                                <extensions>
                            <sog>0.0</sog>
<cog>130.0</cog>
                        </extensions>
                    </trkpt>
                    <trkpt lat="54.517145" lon="10.304898333333334">
                        <ele>0</ele>
                        <time>2022-08-18T02:23:38Z</time>
                                                <extensions>
                            <sog>0.1</sog>
<cog>125.0</cog>
                        </extensions>
                    </trkpt>
                    <trkpt lat="54.517248333333335" lon="10.305016666666667">
                        <ele>0</ele>
                        <time>2022-08-18T02:29:38Z</time>
                                                <extensions>
                            <sog>0.0</sog>
<cog>49.6</cog>
                        </extensions>
                    </trkpt>
                    <trkpt lat="54.51727" lon="10.305011666666667">
                        <ele>0</ele>
                        <time>2022-08-18T02:32:38Z</time>
                                                <extensions>
                            <sog>0.0</sog>
<cog>219.6</cog>
                        </extensions>
                    </trkpt>
                    <trkpt lat="54.51719" lon="10.304893333333332">
                        <ele>0</ele>
                        <time>2022-08-18T02:35:38Z</time>
                                                <extensions>
                            <sog>0.1</sog>
<cog>212.1</cog>
                        </extensions>
                    </trkpt>
                    <trkpt lat="54.51708166666666" lon="10.304805">
                        <ele>0</ele>
                        <time>2022-08-18T02:38:37Z</time>
                                                <extensions>
                            <sog>0.1</sog>
<cog>217.0</cog>
                        </extensions>
                    </trkpt>
                    <trkpt lat="54.51714166666667" lon="10.304863333333333">
                        <ele>0</ele>
                        <time>2022-08-18T02:41:38Z</time>
                                                <extensions>
                            <sog>0.1</sog>
<cog>10.5</cog>
                        </extensions>
                    </trkpt>
                    <trkpt lat="54.51727" lon="10.304986666666668">
                        <ele>0</ele>
                        <time>2022-08-18T02:44:39Z</time>
                                                <extensions>
                            <sog>0.2</sog>
<cog>36.7</cog>
                        </extensions>
                    </trkpt>
                    <trkpt lat="54.51732333333334" lon="10.305083333333332">
                        <ele>0</ele>
                        <time>2022-08-18T02:47:38Z</time>
                                                <extensions>
                            <sog>0.1</sog>
<cog>118.8</cog>
                        </extensions>
                    </trkpt>
                    <trkpt lat="54.51728" lon="10.30502">
                        <ele>0</ele>
                        <time>2022-08-18T02:53:39Z</time>
                                                <extensions>
                            <sog>0.0</sog>
<cog>206.6</cog>
                        </extensions>
                    </trkpt>
                    <trkpt lat="54.51727666666667" lon="10.305025">
                        <ele>0</ele>
                        <time>2022-08-18T02:59:38Z</time>
                                                <extensions>
                            <sog>0.0</sog>
<cog>14.3</cog>
                        </extensions>
                    </trkpt>
                    <trkpt lat="54.51591666666666" lon="10.306383333333335">
                        <ele>0</ele>
                        <time>2022-08-18T02:59:53Z</time>
                                                <extensions>
                            <sog>0.0</sog>
<cog>121.0</cog>
                        </extensions>
                    </trkpt>
                    <trkpt lat="54.515816666666666" lon="10.306433333333333">
                        <ele>0</ele>
                        <time>2022-08-18T03:01:47Z</time>
                                                <extensions>
                            <sog>0.0</sog>
<cog>96.0</cog>
                        </extensions>
                    </trkpt>
                    <trkpt lat="54.517305" lon="10.305074999999999">
                        <ele>0</ele>
                        <time>2022-08-18T03:02:39Z</time>
                                                <extensions>
                            <sog>0.0</sog>
<cog>56.5</cog>
                        </extensions>
                    </trkpt>
                    <trkpt lat="54.517311666666664" lon="10.30506">
                        <ele>0</ele>
                        <time>2022-08-18T03:05:39Z</time>
                                                <extensions>
                            <sog>0.0</sog>
<cog>5.6</cog>
                        </extensions>
                    </trkpt>
                    <trkpt lat="52.50658333333333" lon="3.710375">
                        <ele>0</ele>
                        <time>2022-08-18T03:06:11Z</time>
                                                <extensions>
                            <sog>13.6</sog>
<cog>153.1</cog>
                        </extensions>
                    </trkpt>
                    <trkpt lat="54.517309999999995" lon="10.305041666666666">
                        <ele>0</ele>
                        <time>2022-08-18T03:08:39Z</time>
                                                <extensions>
                            <sog>0.1</sog>
<cog>197.0</cog>
                        </extensions>
                    </trkpt>
                    <trkpt lat="54.51723333333334" lon="10.304941666666668">
                        <ele>0</ele>
                        <time>2022-08-18T03:11:38Z</time>
                                                <extensions>
                            <sog>0.0</sog>
<cog>226.4</cog>
                        </extensions>
                    </trkpt>
                    <trkpt lat="54.51593333333334" lon="10.306233333333333">
                        <ele>0</ele>
                        <time>2022-08-18T03:13:15Z</time>
                                                <extensions>
                            <sog>0.0</sog>
<cog>123.0</cog>
                        </extensions>
                    </trkpt>
                    <trkpt lat="54.517155" lon="10.304943333333334">
                        <ele>0</ele>
                        <time>2022-08-18T03:14:38Z</time>
                                                <extensions>
                            <sog>0.0</sog>
<cog>218.6</cog>
                        </extensions>
                    </trkpt>
                    <trkpt lat="54.51717833333333" lon="10.304893333333332">
                        <ele>0</ele>
                        <time>2022-08-18T03:17:39Z</time>
                                                <extensions>
                            <sog>0.0</sog>
<cog>63.1</cog>
                        </extensions>
                    </trkpt>
                    <trkpt lat="54.51719833333333" lon="10.304963333333335">
                        <ele>0</ele>
                        <time>2022-08-18T03:20:39Z</time>
                                                <extensions>
                            <sog>0.1</sog>
<cog>1.8</cog>
                        </extensions>
                    </trkpt>
                    <trkpt lat="54.51727833333334" lon="10.305038333333332">
                        <ele>0</ele>
                        <time>2022-08-18T03:23:38Z</time>
                                                <extensions>
                            <sog>0.1</sog>
<cog>46.8</cog>
                        </extensions>
                    </trkpt>
                    <trkpt lat="54.51727666666667" lon="10.305093333333334">
                        <ele>0</ele>
                        <time>2022-08-18T03:35:38Z</time>
                                                <extensions>
                            <sog>0.0</sog>
<cog>90.5</cog>
                        </extensions>
                    </trkpt>
                    <trkpt lat="54.51738666666667" lon="10.305181666666666">
                        <ele>0</ele>
                        <time>2022-08-18T03:41:39Z</time>
                                                <extensions>
                            <sog>0.0</sog>
<cog>39.5</cog>
                        </extensions>
                    </trkpt>
                    <trkpt lat="54.517383333333335" lon="10.30514">
                        <ele>0</ele>
                        <time>2022-08-18T03:44:38Z</time>
                                                <extensions>
                            <sog>0.0</sog>
<cog>216.9</cog>
                        </extensions>
                    </trkpt>
                    <trkpt lat="54.517264999999995" lon="10.30502">
                        <ele>0</ele>
                        <time>2022-08-18T03:50:38Z</time>
                                                <extensions>
                            <sog>0.1</sog>
<cog>228.3</cog>
                        </extensions>
                    </trkpt>
                    <trkpt lat="54.51728333333333" lon="10.305076666666668">
                        <ele>0</ele>
                        <time>2022-08-18T03:53:39Z</time>
                                                <extensions>
                            <sog>0.0</sog>
<cog>48.8</cog>
                        </extensions>
                    </trkpt>
                    <trkpt lat="54.515766666666664" lon="10.306316666666667">
                        <ele>0</ele>
                        <time>2022-08-18T03:54:27Z</time>
                                                <extensions>
                            <sog>0.0</sog>
<cog>95.0</cog>
                        </extensions>
                    </trkpt>
                    <trkpt lat="54.51735166666666" lon="10.305141666666666">
                        <ele>0</ele>
                        <time>2022-08-18T03:56:38Z</time>
                                                <extensions>
                            <sog>0.0</sog>
<cog>35.1</cog>
                        </extensions>
                    </trkpt>
                    <trkpt lat="54.51739666666666" lon="10.305145000000001">
                        <ele>0</ele>
                        <time>2022-08-18T03:59:39Z</time>
                                                <extensions>
                            <sog>0.0</sog>
<cog>93.6</cog>
                        </extensions>
                    </trkpt>
                    <trkpt lat="54.51737" lon="10.305156666666667">
                        <ele>0</ele>
                        <time>2022-08-18T04:05:38Z</time>
                                                <extensions>
                            <sog>0.0</sog>
<cog>350.6</cog>
                        </extensions>
                    </trkpt>
                    <trkpt lat="54.51739166666667" lon="10.305161666666667">
                        <ele>0</ele>
                        <time>2022-08-18T04:11:39Z</time>
                                                <extensions>
                            <sog>0.0</sog>
<cog>127.4</cog>
                        </extensions>
                    </trkpt>
                    <trkpt lat="54.51737666666667" lon="10.305183333333334">
                        <ele>0</ele>
                        <time>2022-08-18T04:14:38Z</time>
                                                <extensions>
                            <sog>0.0</sog>
<cog>31.7</cog>
                        </extensions>
                    </trkpt>
                    <trkpt lat="54.51741666666667" lon="10.305225">
                        <ele>0</ele>
                        <time>2022-08-18T04:17:38Z</time>
                                                <extensions>
                            <sog>0.1</sog>
<cog>56.8</cog>
                        </extensions>
                    </trkpt>
                    <trkpt lat="54.517485" lon="10.305268333333334">
                        <ele>0</ele>
                        <time>2022-08-18T04:20:38Z</time>
                                                <extensions>
                            <sog>0.1</sog>
<cog>32.0</cog>
                        </extensions>
                    </trkpt>
                    <trkpt lat="54.515750000000004" lon="10.306099999999999">
                        <ele>0</ele>
                        <time>2022-08-18T04:20:52Z</time>
                                                <extensions>
                            <sog>0.0</sog>
<cog>108.0</cog>
                        </extensions>
                    </trkpt>
                    <trkpt lat="54.51753166666666" lon="10.305393333333335">
                        <ele>0</ele>
                        <time>2022-08-18T04:23:39Z</time>
                                                <extensions>
                            <sog>0.0</sog>
<cog>68.1</cog>
                        </extensions>
                    </trkpt>
                    <trkpt lat="54.51751333333333" lon="10.305353333333333">
                        <ele>0</ele>
                        <time>2022-08-18T04:26:38Z</time>
                                                <extensions>
                            <sog>0.0</sog>
<cog>250.1</cog>
                        </extensions>
                    </trkpt>
                    <trkpt lat="54.51748833333333" lon="10.305275">
                        <ele>0</ele>
                        <time>2022-08-18T04:29:39Z</time>
                                                <extensions>
                            <sog>0.0</sog>
<cog>186.4</cog>
                        </extensions>
                    </trkpt>
                    <trkpt lat="54.517606666666666" lon="10.305603333333332">
                        <ele>0</ele>
                        <time>2022-08-18T04:38:38Z</time>
                                                <extensions>
                            <sog>0.1</sog>
<cog>48.2</cog>
                        </extensions>
                    </trkpt>
                    <trkpt lat="54.51765666666667" lon="10.305613333333334">
                        <ele>0</ele>
                        <time>2022-08-18T04:41:39Z</time>
                                                <extensions>
                            <sog>0.1</sog>
<cog>62.3</cog>
                        </extensions>
                    </trkpt>
                    <trkpt lat="54.517645" lon="10.305696666666668">
                        <ele>0</ele>
                        <time>2022-08-18T04:44:38Z</time>
                                                <extensions>
                            <sog>0.0</sog>
<cog>348.4</cog>
                        </extensions>
                    </trkpt>
                    <trkpt lat="54.51763833333334" lon="10.30563">
                        <ele>0</ele>
                        <time>2022-08-18T04:47:39Z</time>
                                                <extensions>
                            <sog>0.0</sog>
<cog>212.9</cog>
                        </extensions>
                    </trkpt>
                    <trkpt lat="54.51763166666667" lon="10.305566666666666">
                        <ele>0</ele>
                        <time>2022-08-18T04:50:39Z</time>
                                                <extensions>
                            <sog>0.0</sog>
<cog>238.3</cog>
                        </extensions>
                    </trkpt>
                    <trkpt lat="54.517630000000004" lon="10.305551666666666">
                        <ele>0</ele>
                        <time>2022-08-18T04:53:38Z</time>
                                                <extensions>
                            <sog>0.1</sog>
<cog>21.5</cog>
                        </extensions>
                    </trkpt>
                    <trkpt lat="54.517671666666665" lon="10.305636666666667">
                        <ele>0</ele>
                        <time>2022-08-18T04:56:39Z</time>
                                                <extensions>
                            <sog>0.0</sog>
<cog>66.0</cog>
                        </extensions>
                    </trkpt>
                    <trkpt lat="52.43737" lon="3.9547833333333333">
                        <ele>0</ele>
                        <time>2022-08-18T04:59:31Z</time>
                                                <extensions>
                            <sog>0.1</sog>
<cog>239.4</cog>
                        </extensions>
                    </trkpt>
                    <trkpt lat="54.51767333333333" lon="10.305678333333333">
                        <ele>0</ele>
                        <time>2022-08-18T04:59:38Z</time>
                                                <extensions>
                            <sog>0.0</sog>
<cog>313.0</cog>
                        </extensions>
                    </trkpt>
                    <trkpt lat="54.51766333333333" lon="10.305665">
                        <ele>0</ele>
                        <time>2022-08-18T05:02:38Z</time>
                                                <extensions>
                            <sog>0.0</sog>
<cog>217.5</cog>
                        </extensions>
                    </trkpt>
                    <trkpt lat="54.517671666666665" lon="10.305613333333334">
                        <ele>0</ele>
                        <time>2022-08-18T05:05:39Z</time>
                                                <extensions>
                            <sog>0.0</sog>
<cog>294.5</cog>
                        </extensions>
                    </trkpt>
                    <trkpt lat="54.517651666666666" lon="10.305676666666667">
                        <ele>0</ele>
                        <time>2022-08-18T05:08:39Z</time>
                                                <extensions>
                            <sog>0.1</sog>
<cog>55.3</cog>
                        </extensions>
                    </trkpt>
                    <trkpt lat="54.51769" lon="10.305716666666665">
                        <ele>0</ele>
                        <time>2022-08-18T05:11:39Z</time>
                                                <extensions>
                            <sog>0.0</sog>
<cog>306.3</cog>
                        </extensions>
                    </trkpt>
                    <trkpt lat="54.51762166666666" lon="10.305675">
                        <ele>0</ele>
                        <time>2022-08-18T05:14:38Z</time>
                                                <extensions>
                            <sog>0.0</sog>
<cog>235.5</cog>
                        </extensions>
                    </trkpt>
                    <trkpt lat="54.517585000000004" lon="10.305553333333334">
                        <ele>0</ele>
                        <time>2022-08-18T05:17:39Z</time>
                                                <extensions>
                            <sog>0.0</sog>
<cog>228.0</cog>
                        </extensions>
                    </trkpt>
                    <trkpt lat="54.51767666666667" lon="10.305806666666665">
                        <ele>0</ele>
                        <time>2022-08-18T05:26:39Z</time>
                                                <extensions>
                            <sog>0.0</sog>
<cog>79.5</cog>
                        </extensions>
                    </trkpt>
                    <trkpt lat="54.517626666666665" lon="10.305978333333334">
                        <ele>0</ele>
                        <time>2022-08-18T05:29:39Z</time>
                                                <extensions>
                            <sog>0.1</sog>
<cog>117.0</cog>
                        </extensions>
                    </trkpt>
                    <trkpt lat="54.51757333333333" lon="10.306154999999999">
                        <ele>0</ele>
                        <time>2022-08-18T05:32:40Z</time>
                                                <extensions>
                            <sog>0.1</sog>
<cog>123.9</cog>
                        </extensions>
                    </trkpt>
                    <trkpt lat="54.51749333333333" lon="10.306391666666666">
                        <ele>0</ele>
                        <time>2022-08-18T05:35:39Z</time>
                                                <extensions>
                            <sog>0.2</sog>
<cog>113.9</cog>
                        </extensions>
                    </trkpt>
                    <trkpt lat="54.517428333333335" lon="10.306735">
                        <ele>0</ele>
                        <time>2022-08-18T05:38:39Z</time>
                                                <extensions>
                            <sog>0.2</sog>
<cog>118.4</cog>
                        </extensions>
                    </trkpt>
                    <trkpt lat="54.517345" lon="10.306856666666667">
                        <ele>0</ele>
                        <time>2022-08-18T05:41:38Z</time>
                                                <extensions>
                            <sog>0.1</sog>
<cog>158.1</cog>
                        </extensions>
                    </trkpt>
                    <trkpt lat="54.517095000000005" lon="10.307021666666666">
                        <ele>0</ele>
                        <time>2022-08-18T05:47:39Z</time>
                                                <extensions>
                            <sog>0.1</sog>
<cog>149.3</cog>
                        </extensions>
                    </trkpt>
                    <trkpt lat="54.51698666666667" lon="10.307179999999999">
                        <ele>0</ele>
                        <time>2022-08-18T05:50:38Z</time>
                                                <extensions>
                            <sog>0.1</sog>
<cog>141.3</cog>
                        </extensions>
                    </trkpt>
                    <trkpt lat="54.51690833333334" lon="10.307296666666668">
                        <ele>0</ele>
                        <time>2022-08-18T05:53:38Z</time>
                                                <extensions>
                            <sog>0.2</sog>
<cog>137.2</cog>
                        </extensions>
                    </trkpt>
                    <trkpt lat="54.51673666666667" lon="10.307491666666666">
                        <ele>0</ele>
                        <time>2022-08-18T05:56:39Z</time>
                                                <extensions>
                            <sog>0.2</sog>
<cog>142.7</cog>
                        </extensions>
                    </trkpt>
                    <trkpt lat="54.51614333333334" lon="10.307761666666666">
                        <ele>0</ele>
                        <time>2022-08-18T06:02:09Z</time>
                                                <extensions>
                            <sog>1.7</sog>
<cog>176.6</cog>
                        </extensions>
                    </trkpt>
                    <trkpt lat="54.51604833333333" lon="10.307786666666667">
                        <ele>0</ele>
                        <time>2022-08-18T06:02:18Z</time>
                                                <extensions>
                            <sog>1.8</sog>
<cog>177.2</cog>
                        </extensions>
                    </trkpt>
                    <trkpt lat="54.51595" lon="10.307799999999999">
                        <ele>0</ele>
                        <time>2022-08-18T06:02:29Z</time>
                                                <extensions>
                            <sog>1.9</sog>
<cog>174.6</cog>
                        </extensions>
                    </trkpt>
                    <trkpt lat="54.51586666666667" lon="10.307816666666668">
                        <ele>0</ele>
                        <time>2022-08-18T06:02:38Z</time>
                                                <extensions>
                            <sog>2.1</sog>
<cog>171.8</cog>
                        </extensions>
                    </trkpt>
                    <trkpt lat="54.515855" lon="10.307815">
                        <ele>0</ele>
                        <time>2022-08-18T06:02:38Z</time>
                                                <extensions>
                            <sog>2.1</sog>
<cog>173.4</cog>
                        </extensions>
                    </trkpt>
                    <trkpt lat="54.51576166666667" lon="10.307838333333333">
                        <ele>0</ele>
                        <time>2022-08-18T06:02:49Z</time>
                                                <extensions>
                            <sog>2.3</sog>
<cog>167.8</cog>
                        </extensions>
                    </trkpt>
                    <trkpt lat="54.515660000000004" lon="10.307871666666667">
                        <ele>0</ele>
                        <time>2022-08-18T06:02:58Z</time>
                                                <extensions>
                            <sog>2.4</sog>
<cog>164.9</cog>
                        </extensions>
                    </trkpt>
                    <trkpt lat="54.51562" lon="10.3079">
                        <ele>0</ele>
                        <time>2022-08-18T06:03:02Z</time>
                                                <extensions>
                            <sog>2.5</sog>
<cog>163.9</cog>
                        </extensions>
                    </trkpt>
                    <trkpt lat="54.515585" lon="10.307921666666665">
                        <ele>0</ele>
                        <time>2022-08-18T06:03:05Z</time>
                                                <extensions>
                            <sog>2.5</sog>
<cog>160.6</cog>
                        </extensions>
                    </trkpt>
                    <trkpt lat="54.51554" lon="10.307945">
                        <ele>0</ele>
                        <time>2022-08-18T06:03:09Z</time>
                                                <extensions>
                            <sog>2.6</sog>
<cog>158.5</cog>
                        </extensions>
                    </trkpt>
                    <trkpt lat="54.515499999999996" lon="10.307965">
                        <ele>0</ele>
                        <time>2022-08-18T06:03:12Z</time>
                                                <extensions>
                            <sog>2.6</sog>
<cog>156.1</cog>
                        </extensions>
                    </trkpt>
                    <trkpt lat="54.515465" lon="10.30799">
                        <ele>0</ele>
                        <time>2022-08-18T06:03:15Z</time>
                                                <extensions>
                            <sog>2.6</sog>
<cog>152.2</cog>
                        </extensions>
                    </trkpt>
                    <trkpt lat="54.51542333333334" lon="10.308038333333334">
                        <ele>0</ele>
                        <time>2022-08-18T06:03:18Z</time>
                                                <extensions>
                            <sog>2.6</sog>
<cog>147.2</cog>
                        </extensions>
                    </trkpt>
                    <trkpt lat="54.515395" lon="10.308076666666667">
                        <ele>0</ele>
                        <time>2022-08-18T06:03:22Z</time>
                                                <extensions>
                            <sog>2.7</sog>
<cog>145.1</cog>
                        </extensions>
                    </trkpt>
                    <trkpt lat="54.515366666666665" lon="10.308114999999999">
                        <ele>0</ele>
                        <time>2022-08-18T06:03:25Z</time>
                                                <extensions>
                            <sog>2.8</sog>
<cog>142.3</cog>
                        </extensions>
                    </trkpt>
                    <trkpt lat="54.51532666666667" lon="10.308166666666667">
                        <ele>0</ele>
                        <time>2022-08-18T06:03:29Z</time>
                                                <extensions>
                            <sog>2.9</sog>
<cog>137.9</cog>
                        </extensions>
                    </trkpt>
                    <trkpt lat="54.51529333333334" lon="10.308216666666668">
                        <ele>0</ele>
                        <time>2022-08-18T06:03:32Z</time>
                                                <extensions>
                            <sog>2.9</sog>
<cog>136.0</cog>
                        </extensions>
                    </trkpt>
                    <trkpt lat="54.515265" lon="10.308276666666666">
                        <ele>0</ele>
                        <time>2022-08-18T06:03:35Z</time>
                                                <extensions>
                            <sog>3.0</sog>
<cog>134.7</cog>
                        </extensions>
                    </trkpt>
                    <trkpt lat="54.515235" lon="10.308343333333333">
                        <ele>0</ele>
                        <time>2022-08-18T06:03:38Z</time>
                                                <extensions>
                            <sog>3.1</sog>
<cog>131.8</cog>
                        </extensions>
                    </trkpt>
                    <trkpt lat="54.51519833333334" lon="10.308421666666668">
                        <ele>0</ele>
                        <time>2022-08-18T06:03:42Z</time>
                                                <extensions>
                            <sog>3.2</sog>
<cog>129.7</cog>
                        </extensions>
                    </trkpt>
                    <trkpt lat="54.51517" lon="10.308481666666667">
                        <ele>0</ele>
                        <time>2022-08-18T06:03:45Z</time>
                                                <extensions>
                            <sog>3.4</sog>
<cog>128.1</cog>
                        </extensions>
                    </trkpt>
                    <trkpt lat="54.51513166666667" lon="10.308568333333334">
                        <ele>0</ele>
                        <time>2022-08-18T06:03:49Z</time>
                                                <extensions>
                            <sog>3.4</sog>
<cog>124.4</cog>
                        </extensions>
                    </trkpt>
                    <trkpt lat="54.51510333333333" lon="10.308636666666667">
                        <ele>0</ele>
                        <time>2022-08-18T06:03:52Z</time>
                                                <extensions>
                            <sog>3.5</sog>
<cog>121.6</cog>
                        </extensions>
                    </trkpt>
                    <trkpt lat="54.515078333333335" lon="10.308713333333333">
                        <ele>0</ele>
                        <time>2022-08-18T06:03:55Z</time>
                                                <extensions>
                            <sog>3.6</sog>
<cog>119.6</cog>
                        </extensions>
                    </trkpt>
                    <trkpt lat="54.515049999999995" lon="10.308791666666668">
                        <ele>0</ele>
                        <time>2022-08-18T06:03:58Z</time>
                                                <extensions>
                            <sog>3.6</sog>
<cog>117.5</cog>
                        </extensions>
                    </trkpt>
                    <trkpt lat="54.51501833333334" lon="10.308891666666666">
                        <ele>0</ele>
                        <time>2022-08-18T06:04:02Z</time>
                                                <extensions>
                            <sog>3.7</sog>
<cog>114.7</cog>
                        </extensions>
                    </trkpt>
                    <trkpt lat="54.51499" lon="10.308965">
                        <ele>0</ele>
                        <time>2022-08-18T06:04:05Z</time>
                                                <extensions>
                            <sog>3.8</sog>
<cog>113.2</cog>
                        </extensions>
                    </trkpt>
                    <trkpt lat="54.51496833333333" lon="10.309076666666666">
                        <ele>0</ele>
                        <time>2022-08-18T06:04:09Z</time>
                                                <extensions>
                            <sog>3.9</sog>
<cog>111.9</cog>
                        </extensions>
                    </trkpt>
                    <trkpt lat="54.51495" lon="10.309171666666666">
                        <ele>0</ele>
                        <time>2022-08-18T06:04:12Z</time>
                                                <extensions>
                            <sog>4.1</sog>
<cog>110.1</cog>
                        </extensions>
                    </trkpt>
                    <trkpt lat="54.51492833333334" lon="10.309263333333332">
                        <ele>0</ele>
                        <time>2022-08-18T06:04:15Z</time>
                                                <extensions>
                            <sog>4.2</sog>
<cog>108.7</cog>
                        </extensions>
                    </trkpt>
                    <trkpt lat="54.51490166666667" lon="10.309403333333334">
                        <ele>0</ele>
                        <time>2022-08-18T06:04:18Z</time>
                                                <extensions>
                            <sog>4.3</sog>
<cog>106.8</cog>
                        </extensions>
                    </trkpt>
                    <trkpt lat="54.51488333333334" lon="10.309516666666667">
                        <ele>0</ele>
                        <time>2022-08-18T06:04:22Z</time>
                                                <extensions>
                            <sog>4.3</sog>
<cog>104.5</cog>
                        </extensions>
                    </trkpt>
                    <trkpt lat="54.51486666666666" lon="10.309616666666667">
                        <ele>0</ele>
                        <time>2022-08-18T06:04:25Z</time>
                                                <extensions>
                            <sog>4.4</sog>
<cog>102.0</cog>
                        </extensions>
                    </trkpt>
                    <trkpt lat="54.514851666666665" lon="10.309761666666667">
                        <ele>0</ele>
                        <time>2022-08-18T06:04:29Z</time>
                                                <extensions>
                            <sog>4.5</sog>
<cog>99.9</cog>
                        </extensions>
                    </trkpt>
                    <trkpt lat="54.51482166666666" lon="10.310103333333332">
                        <ele>0</ele>
                        <time>2022-08-18T06:04:38Z</time>
                                                <extensions>
                            <sog>5.0</sog>
<cog>96.7</cog>
                        </extensions>
                    </trkpt>
                    <trkpt lat="54.51479333333334" lon="10.310536666666668">
                        <ele>0</ele>
                        <time>2022-08-18T06:04:49Z</time>
                                                <extensions>
                            <sog>5.4</sog>
<cog>98.3</cog>
                        </extensions>
                    </trkpt>
                    <trkpt lat="54.51475666666667" lon="10.31093">
                        <ele>0</ele>
                        <time>2022-08-18T06:04:58Z</time>
                                                <extensions>
                            <sog>5.7</sog>
<cog>100.0</cog>
                        </extensions>
                    </trkpt>
                    <trkpt lat="54.5147" lon="10.311446666666665">
                        <ele>0</ele>
                        <time>2022-08-18T06:05:09Z</time>
                                                <extensions>
                            <sog>6.1</sog>
<cog>100.4</cog>
                        </extensions>
                    </trkpt>
                    <trkpt lat="54.514648333333334" lon="10.311926666666666">
                        <ele>0</ele>
                        <time>2022-08-18T06:05:18Z</time>
                                                <extensions>
                            <sog>6.4</sog>
<cog>100.0</cog>
                        </extensions>
                    </trkpt>
                    <trkpt lat="54.51459333333333" lon="10.312441666666667">
                        <ele>0</ele>
                        <time>2022-08-18T06:05:29Z</time>
                                                <extensions>
                            <sog>6.8</sog>
<cog>99.7</cog>
                        </extensions>
                    </trkpt>
                    <trkpt lat="54.51454666666667" lon="10.312993333333333">
                        <ele>0</ele>
                        <time>2022-08-18T06:05:39Z</time>
                                                <extensions>
                            <sog>7.0</sog>
<cog>100.2</cog>
                        </extensions>
                    </trkpt>
                    <trkpt lat="54.514493333333334" lon="10.313566666666667">
                        <ele>0</ele>
                        <time>2022-08-18T06:05:49Z</time>
                                                <extensions>
                            <sog>7.3</sog>
<cog>100.7</cog>
                        </extensions>
                    </trkpt>
                    <trkpt lat="54.51443833333334" lon="10.314091666666666">
                        <ele>0</ele>
                        <time>2022-08-18T06:05:58Z</time>
                                                <extensions>
                            <sog>7.6</sog>
<cog>99.9</cog>
                        </extensions>
                    </trkpt>
                    <trkpt lat="54.514365" lon="10.314765">
                        <ele>0</ele>
                        <time>2022-08-18T06:06:09Z</time>
                                                <extensions>
                            <sog>7.8</sog>
<cog>100.7</cog>
                        </extensions>
                    </trkpt>
                    <trkpt lat="54.514296666666674" lon="10.31535">
                        <ele>0</ele>
                        <time>2022-08-18T06:06:18Z</time>
                                                <extensions>
                            <sog>8.0</sog>
<cog>101.8</cog>
                        </extensions>
                    </trkpt>
                    <trkpt lat="54.514205" lon="10.316046666666667">
                        <ele>0</ele>
                        <time>2022-08-18T06:06:29Z</time>
                                                <extensions>
                            <sog>8.2</sog>
<cog>103.2</cog>
                        </extensions>
                    </trkpt>
                    <trkpt lat="54.51413166666667" lon="10.316609999999999">
                        <ele>0</ele>
                        <time>2022-08-18T06:06:38Z</time>
                                                <extensions>
                            <sog>8.4</sog>
<cog>103.7</cog>
                        </extensions>
                    </trkpt>
                    <trkpt lat="54.51393333333333" lon="10.317923333333333">
                        <ele>0</ele>
                        <time>2022-08-18T06:06:58Z</time>
                                                <extensions>
                            <sog>8.9</sog>
<cog>105.3</cog>
                        </extensions>
                    </trkpt>
                    <trkpt lat="54.513821666666665" lon="10.318605">
                        <ele>0</ele>
                        <time>2022-08-18T06:07:09Z</time>
                                                <extensions>
                            <sog>9.1</sog>
<cog>105.6</cog>
                        </extensions>
                    </trkpt>
                    <trkpt lat="54.513706666666664" lon="10.31931">
                        <ele>0</ele>
                        <time>2022-08-18T06:07:18Z</time>
                                                <extensions>
                            <sog>9.4</sog>
<cog>106.2</cog>
                        </extensions>
                    </trkpt>
                    <trkpt lat="54.51356833333333" lon="10.320116666666667">
                        <ele>0</ele>
                        <time>2022-08-18T06:07:29Z</time>
                                                <extensions>
                            <sog>9.6</sog>
<cog>106.6</cog>
                        </extensions>
                    </trkpt>
                    <trkpt lat="54.513455" lon="10.320795">
                        <ele>0</ele>
                        <time>2022-08-18T06:07:38Z</time>
                                                <extensions>
                            <sog>9.8</sog>
<cog>106.2</cog>
                        </extensions>
                    </trkpt>
                    <trkpt lat="54.513315" lon="10.321631666666667">
                        <ele>0</ele>
                        <time>2022-08-18T06:07:49Z</time>
                                                <extensions>
                            <sog>10.0</sog>
<cog>106.6</cog>
                        </extensions>
                    </trkpt>
                    <trkpt lat="54.513195" lon="10.322333333333335">
                        <ele>0</ele>
                        <time>2022-08-18T06:07:58Z</time>
                                                <extensions>
                            <sog>10.2</sog>
<cog>107.0</cog>
                        </extensions>
                    </trkpt>
                    <trkpt lat="54.513055" lon="10.323131666666665">
                        <ele>0</ele>
                        <time>2022-08-18T06:08:09Z</time>
                                                <extensions>
                            <sog>10.4</sog>
<cog>106.8</cog>
                        </extensions>
                    </trkpt>
                    <trkpt lat="54.51292" lon="10.323941666666666">
                        <ele>0</ele>
                        <time>2022-08-18T06:08:18Z</time>
                                                <extensions>
                            <sog>10.6</sog>
<cog>106.6</cog>
                        </extensions>
                    </trkpt>
                    <trkpt lat="54.51276" lon="10.32484">
                        <ele>0</ele>
                        <time>2022-08-18T06:08:29Z</time>
                                                <extensions>
                            <sog>10.8</sog>
<cog>106.7</cog>
                        </extensions>
                    </trkpt>
                    <trkpt lat="54.512625" lon="10.325595">
                        <ele>0</ele>
                        <time>2022-08-18T06:08:38Z</time>
                                                <extensions>
                            <sog>11.0</sog>
<cog>108.2</cog>
                        </extensions>
                    </trkpt>
                    <trkpt lat="54.512425" lon="10.326501666666667">
                        <ele>0</ele>
                        <time>2022-08-18T06:08:49Z</time>
                                                <extensions>
                            <sog>11.1</sog>
<cog>110.2</cog>
                        </extensions>
                    </trkpt>
                    <trkpt lat="54.51228166666667" lon="10.32725">
                        <ele>0</ele>
                        <time>2022-08-18T06:08:58Z</time>
                                                <extensions>
                            <sog>11.2</sog>
<cog>105.1</cog>
                        </extensions>
                    </trkpt>
                    <trkpt lat="54.51217333333333" lon="10.328123333333334">
                        <ele>0</ele>
                        <time>2022-08-18T06:09:09Z</time>
                                                <extensions>
                            <sog>11.2</sog>
<cog>100.5</cog>
                        </extensions>
                    </trkpt>
                    <trkpt lat="54.512085" lon="10.329011666666666">
                        <ele>0</ele>
                        <time>2022-08-18T06:09:18Z</time>
                                                <extensions>
                            <sog>11.3</sog>
<cog>100.4</cog>
                        </extensions>
                    </trkpt>
                    <trkpt lat="54.511965000000004" lon="10.329981666666667">
                        <ele>0</ele>
                        <time>2022-08-18T06:09:29Z</time>
                                                <extensions>
                            <sog>11.5</sog>
<cog>101.6</cog>
                        </extensions>
                    </trkpt>
                    <trkpt lat="54.51186833333334" lon="10.330796666666666">
                        <ele>0</ele>
                        <time>2022-08-18T06:09:38Z</time>
                                                <extensions>
                            <sog>11.5</sog>
<cog>100.5</cog>
                        </extensions>
                    </trkpt>
                    <trkpt lat="54.511761666666665" lon="10.331798333333333">
                        <ele>0</ele>
                        <time>2022-08-18T06:09:49Z</time>
                                                <extensions>
                            <sog>11.6</sog>
<cog>98.4</cog>
                        </extensions>
                    </trkpt>
                    <trkpt lat="54.51169" lon="10.332625">
                        <ele>0</ele>
                        <time>2022-08-18T06:09:58Z</time>
                                                <extensions>
                            <sog>11.6</sog>
<cog>97.6</cog>
                        </extensions>
                    </trkpt>
                    <trkpt lat="54.51161666666667" lon="10.333548333333333">
                        <ele>0</ele>
                        <time>2022-08-18T06:10:09Z</time>
                                                <extensions>
                            <sog>11.7</sog>
<cog>97.6</cog>
                        </extensions>
                    </trkpt>
                    <trkpt lat="54.51154333333333" lon="10.334471666666667">
                        <ele>0</ele>
                        <time>2022-08-18T06:10:19Z</time>
                                                <extensions>
                            <sog>11.8</sog>
<cog>97.6</cog>
                        </extensions>
                    </trkpt>
                    <trkpt lat="54.511478333333336" lon="10.335495">
                        <ele>0</ele>
                        <time>2022-08-18T06:10:29Z</time>
                                                <extensions>
                            <sog>11.8</sog>
<cog>97.5</cog>
                        </extensions>
                    </trkpt>
                    <trkpt lat="54.511433333333336" lon="10.336343333333334">
                        <ele>0</ele>
                        <time>2022-08-18T06:10:38Z</time>
                                                <extensions>
                            <sog>11.9</sog>
<cog>97.0</cog>
                        </extensions>
                    </trkpt>
                    <trkpt lat="54.51136833333333" lon="10.337388333333333">
                        <ele>0</ele>
                        <time>2022-08-18T06:10:49Z</time>
                                                <extensions>
                            <sog>12.0</sog>
<cog>96.3</cog>
                        </extensions>
                    </trkpt>
                    <trkpt lat="54.511311666666664" lon="10.338255">
                        <ele>0</ele>
                        <time>2022-08-18T06:10:58Z</time>
                                                <extensions>
                            <sog>12.1</sog>
<cog>96.5</cog>
                        </extensions>
                    </trkpt>
                    <trkpt lat="54.511176666666664" lon="10.340191666666668">
                        <ele>0</ele>
                        <time>2022-08-18T06:11:19Z</time>
                                                <extensions>
                            <sog>12.2</sog>
<cog>96.9</cog>
                        </extensions>
                    </trkpt>
                    <trkpt lat="54.51110333333334" lon="10.341246666666667">
                        <ele>0</ele>
                        <time>2022-08-18T06:11:29Z</time>
                                                <extensions>
                            <sog>12.3</sog>
<cog>96.3</cog>
                        </extensions>
                    </trkpt>
                    <trkpt lat="54.51105" lon="10.342128333333333">
                        <ele>0</ele>
                        <time>2022-08-18T06:11:38Z</time>
                                                <extensions>
                            <sog>12.3</sog>
<cog>96.1</cog>
                        </extensions>
                    </trkpt>
                    <trkpt lat="54.51096833333334" lon="10.34322">
                        <ele>0</ele>
                        <time>2022-08-18T06:11:49Z</time>
                                                <extensions>
                            <sog>12.5</sog>
<cog>96.5</cog>
                        </extensions>
                    </trkpt>
                    <trkpt lat="54.510911666666665" lon="10.344015">
                        <ele>0</ele>
                        <time>2022-08-18T06:11:58Z</time>
                                                <extensions>
                            <sog>12.5</sog>
<cog>96.6</cog>
                        </extensions>
                    </trkpt>
                    <trkpt lat="54.51082833333333" lon="10.345115">
                        <ele>0</ele>
                        <time>2022-08-18T06:12:09Z</time>
                                                <extensions>
                            <sog>12.6</sog>
<cog>96.6</cog>
                        </extensions>
                    </trkpt>
                    <trkpt lat="54.510753333333334" lon="10.346118333333333">
                        <ele>0</ele>
                        <time>2022-08-18T06:12:19Z</time>
                                                <extensions>
                            <sog>12.7</sog>
<cog>96.6</cog>
                        </extensions>
                    </trkpt>
                    <trkpt lat="54.51068333333333" lon="10.347226666666668">
                        <ele>0</ele>
                        <time>2022-08-18T06:12:29Z</time>
                                                <extensions>
                            <sog>12.8</sog>
<cog>96.5</cog>
                        </extensions>
                    </trkpt>
                    <trkpt lat="54.510621666666665" lon="10.348144999999999">
                        <ele>0</ele>
                        <time>2022-08-18T06:12:38Z</time>
                                                <extensions>
                            <sog>12.9</sog>
<cog>96.1</cog>
                        </extensions>
                    </trkpt>
                    <trkpt lat="54.51053666666667" lon="10.34926">
                        <ele>0</ele>
                        <time>2022-08-18T06:12:49Z</time>
                                                <extensions>
                            <sog>12.9</sog>
<cog>96.5</cog>
                        </extensions>
                    </trkpt>
                    <trkpt lat="54.510470000000005" lon="10.350171666666666">
                        <ele>0</ele>
                        <time>2022-08-18T06:12:58Z</time>
                                                <extensions>
                            <sog>12.9</sog>
<cog>96.7</cog>
                        </extensions>
                    </trkpt>
                    <trkpt lat="54.510403333333336" lon="10.351185">
                        <ele>0</ele>
                        <time>2022-08-18T06:13:09Z</time>
                                                <extensions>
                            <sog>12.9</sog>
<cog>96.6</cog>
                        </extensions>
                    </trkpt>
                    <trkpt lat="54.510335000000005" lon="10.3522">
                        <ele>0</ele>
                        <time>2022-08-18T06:13:19Z</time>
                                                <extensions>
                            <sog>12.9</sog>
<cog>96.2</cog>
                        </extensions>
                    </trkpt>
                    <trkpt lat="54.510261666666665" lon="10.35332">
                        <ele>0</ele>
                        <time>2022-08-18T06:13:29Z</time>
                                                <extensions>
                            <sog>13.0</sog>
<cog>96.3</cog>
                        </extensions>
                    </trkpt>
                    <trkpt lat="54.51021" lon="10.354243333333333">
                        <ele>0</ele>
                        <time>2022-08-18T06:13:38Z</time>
                                                <extensions>
                            <sog>13.0</sog>
<cog>96.4</cog>
                        </extensions>
                    </trkpt>
                    <trkpt lat="54.510146666666664" lon="10.355373333333334">
                        <ele>0</ele>
                        <time>2022-08-18T06:13:49Z</time>
                                                <extensions>
                            <sog>13.0</sog>
<cog>96.8</cog>
                        </extensions>
                    </trkpt>
                    <trkpt lat="54.510085000000004" lon="10.356291666666667">
                        <ele>0</ele>
                        <time>2022-08-18T06:13:58Z</time>
                                                <extensions>
                            <sog>13.0</sog>
<cog>96.8</cog>
                        </extensions>
                    </trkpt>
                    <trkpt lat="54.510016666666665" lon="10.357311666666668">
                        <ele>0</ele>
                        <time>2022-08-18T06:14:09Z</time>
                                                <extensions>
                            <sog>13.0</sog>
<cog>96.5</cog>
                        </extensions>
                    </trkpt>
                    <trkpt lat="54.50995" lon="10.358341666666666">
                        <ele>0</ele>
                        <time>2022-08-18T06:14:18Z</time>
                                                <extensions>
                            <sog>13.0</sog>
<cog>96.4</cog>
                        </extensions>
                    </trkpt>
                    <trkpt lat="54.50987666666666" lon="10.359483333333333">
                        <ele>0</ele>
                        <time>2022-08-18T06:14:29Z</time>
                                                <extensions>
                            <sog>13.0</sog>
<cog>96.8</cog>
                        </extensions>
                    </trkpt>
                    <trkpt lat="54.50980333333334" lon="10.360505">
                        <ele>0</ele>
                        <time>2022-08-18T06:14:39Z</time>
                                                <extensions>
                            <sog>13.0</sog>
<cog>97.0</cog>
                        </extensions>
                    </trkpt>
                    <trkpt lat="54.50973333333333" lon="10.361526666666666">
                        <ele>0</ele>
                        <time>2022-08-18T06:14:49Z</time>
                                                <extensions>
                            <sog>12.9</sog>
<cog>96.7</cog>
                        </extensions>
                    </trkpt>
                    <trkpt lat="54.509675" lon="10.362443333333333">
                        <ele>0</ele>
                        <time>2022-08-18T06:14:58Z</time>
                                                <extensions>
                            <sog>12.9</sog>
<cog>96.3</cog>
                        </extensions>
                    </trkpt>
                    <trkpt lat="54.509609999999995" lon="10.363466666666666">
                        <ele>0</ele>
                        <time>2022-08-18T06:15:08Z</time>
                                                <extensions>
                            <sog>12.9</sog>
<cog>96.7</cog>
                        </extensions>
                    </trkpt>
                    <trkpt lat="54.50954166666667" lon="10.364485">
                        <ele>0</ele>
                        <time>2022-08-18T06:15:18Z</time>
                                                <extensions>
                            <sog>12.9</sog>
<cog>97.1</cog>
                        </extensions>
                    </trkpt>
                    <trkpt lat="54.509386666666664" lon="10.366601666666666">
                        <ele>0</ele>
                        <time>2022-08-18T06:15:39Z</time>
                                                <extensions>
                            <sog>12.8</sog>
<cog>96.6</cog>
                        </extensions>
                    </trkpt>
                    <trkpt lat="54.50932666666667" lon="10.367626666666666">
                        <ele>0</ele>
                        <time>2022-08-18T06:15:49Z</time>
                                                <extensions>
                            <sog>12.8</sog>
<cog>96.4</cog>
                        </extensions>
                    </trkpt>
                    <trkpt lat="54.50926666666667" lon="10.368553333333333">
                        <ele>0</ele>
                        <time>2022-08-18T06:15:58Z</time>
                                                <extensions>
                            <sog>12.8</sog>
<cog>97.0</cog>
                        </extensions>
                    </trkpt>
                    <trkpt lat="54.509185" lon="10.36956">
                        <ele>0</ele>
                        <time>2022-08-18T06:16:08Z</time>
                                                <extensions>
                            <sog>12.8</sog>
<cog>97.5</cog>
                        </extensions>
                    </trkpt>
                    <trkpt lat="54.50911166666666" lon="10.370566666666667">
                        <ele>0</ele>
                        <time>2022-08-18T06:16:18Z</time>
                                                <extensions>
                            <sog>12.8</sog>
<cog>97.2</cog>
                        </extensions>
                    </trkpt>
                    <trkpt lat="54.508975" lon="10.3726">
                        <ele>0</ele>
                        <time>2022-08-18T06:16:39Z</time>
                                                <extensions>
                            <sog>12.9</sog>
<cog>96.5</cog>
                        </extensions>
                    </trkpt>
                    <trkpt lat="54.50888666666666" lon="10.373723333333334">
                        <ele>0</ele>
                        <time>2022-08-18T06:16:49Z</time>
                                                <extensions>
                            <sog>12.9</sog>
<cog>97.0</cog>
                        </extensions>
                    </trkpt>
                    <trkpt lat="54.508808333333334" lon="10.374628333333334">
                        <ele>0</ele>
                        <time>2022-08-18T06:16:58Z</time>
                                                <extensions>
                            <sog>12.8</sog>
<cog>97.6</cog>
                        </extensions>
                    </trkpt>
                    <trkpt lat="54.508736666666664" lon="10.375644999999999">
                        <ele>0</ele>
                        <time>2022-08-18T06:17:08Z</time>
                                                <extensions>
                            <sog>12.8</sog>
<cog>97.3</cog>
                        </extensions>
                    </trkpt>
                    <trkpt lat="54.50867166666667" lon="10.376668333333333">
                        <ele>0</ele>
                        <time>2022-08-18T06:17:18Z</time>
                                                <extensions>
                            <sog>12.8</sog>
<cog>96.9</cog>
                        </extensions>
                    </trkpt>
                    <trkpt lat="54.508448333333334" lon="10.379683333333332">
                        <ele>0</ele>
                        <time>2022-08-18T06:17:49Z</time>
                                                <extensions>
                            <sog>12.7</sog>
<cog>97.3</cog>
                        </extensions>
                    </trkpt>
                    <trkpt lat="54.50836833333334" lon="10.380696666666667">
                        <ele>0</ele>
                        <time>2022-08-18T06:17:58Z</time>
                                                <extensions>
                            <sog>12.7</sog>
<cog>97.5</cog>
                        </extensions>
                    </trkpt>
                    <trkpt lat="54.50828833333333" lon="10.38171">
                        <ele>0</ele>
                        <time>2022-08-18T06:18:08Z</time>
                                                <extensions>
                            <sog>12.7</sog>
<cog>97.2</cog>
                        </extensions>
                    </trkpt>
                    <trkpt lat="54.50821166666666" lon="10.382716666666665">
                        <ele>0</ele>
                        <time>2022-08-18T06:18:18Z</time>
                                                <extensions>
                            <sog>12.7</sog>
<cog>96.5</cog>
                        </extensions>
                    </trkpt>
                    <trkpt lat="54.508066666666664" lon="10.384711666666668">
                        <ele>0</ele>
                        <time>2022-08-18T06:18:39Z</time>
                                                <extensions>
                            <sog>12.7</sog>
<cog>98.0</cog>
                        </extensions>
                    </trkpt>
                    <trkpt lat="54.508003333333335" lon="10.38584">
                        <ele>0</ele>
                        <time>2022-08-18T06:18:49Z</time>
                                                <extensions>
                            <sog>12.6</sog>
<cog>93.9</cog>
                        </extensions>
                    </trkpt>
                    <trkpt lat="54.50796666666667" lon="10.386826666666668">
                        <ele>0</ele>
                        <time>2022-08-18T06:18:58Z</time>
                                                <extensions>
                            <sog>12.6</sog>
<cog>90.8</cog>
                        </extensions>
                    </trkpt>
                    <trkpt lat="54.507963333333336" lon="10.387806666666668">
                        <ele>0</ele>
                        <time>2022-08-18T06:19:08Z</time>
                                                <extensions>
                            <sog>12.6</sog>
<cog>89.5</cog>
                        </extensions>
                    </trkpt>
                    <trkpt lat="54.50796666666667" lon="10.388821666666667">
                        <ele>0</ele>
                        <time>2022-08-18T06:19:18Z</time>
                                                <extensions>
                            <sog>12.6</sog>
<cog>90.8</cog>
                        </extensions>
                    </trkpt>
                    <trkpt lat="54.50796833333333" lon="10.390853333333332">
                        <ele>0</ele>
                        <time>2022-08-18T06:19:39Z</time>
                                                <extensions>
                            <sog>12.6</sog>
<cog>87.6</cog>
                        </extensions>
                    </trkpt>
                    <trkpt lat="54.50801333333333" lon="10.391856666666666">
                        <ele>0</ele>
                        <time>2022-08-18T06:19:49Z</time>
                                                <extensions>
                            <sog>12.5</sog>
<cog>82.9</cog>
                        </extensions>
                    </trkpt>
                    <trkpt lat="54.515883333333335" lon="10.306283333333333">
                        <ele>0</ele>
                        <time>2022-08-18T06:19:52Z</time>
                                                <extensions>
                            <sog>0.0</sog>
<cog>123.0</cog>
                        </extensions>
                    </trkpt>
                    <trkpt lat="54.508105" lon="10.392851666666667">
                        <ele>0</ele>
                        <time>2022-08-18T06:19:58Z</time>
                                                <extensions>
                            <sog>12.5</sog>
<cog>80.6</cog>
                        </extensions>
                    </trkpt>
                    <trkpt lat="54.50819833333333" lon="10.393821666666666">
                        <ele>0</ele>
                        <time>2022-08-18T06:20:08Z</time>
                                                <extensions>
                            <sog>12.6</sog>
<cog>82.0</cog>
                        </extensions>
                    </trkpt>
                    <trkpt lat="54.508285" lon="10.394820000000001">
                        <ele>0</ele>
                        <time>2022-08-18T06:20:18Z</time>
                                                <extensions>
                            <sog>12.6</sog>
<cog>80.5</cog>
                        </extensions>
                    </trkpt>
                    <trkpt lat="54.508585000000004" lon="10.396756666666667">
                        <ele>0</ele>
                        <time>2022-08-18T06:20:39Z</time>
                                                <extensions>
                            <sog>12.5</sog>
<cog>71.6</cog>
                        </extensions>
                    </trkpt>
                    <trkpt lat="54.50876166666667" lon="10.397683333333333">
                        <ele>0</ele>
                        <time>2022-08-18T06:20:49Z</time>
                                                <extensions>
                            <sog>12.5</sog>
<cog>70.4</cog>
                        </extensions>
                    </trkpt>
                    <trkpt lat="54.508943333333335" lon="10.398605">
                        <ele>0</ele>
                        <time>2022-08-18T06:20:59Z</time>
                                                <extensions>
                            <sog>12.5</sog>
<cog>71.3</cog>
                        </extensions>
                    </trkpt>
                    <trkpt lat="54.50913333333333" lon="10.399558333333333">
                        <ele>0</ele>
                        <time>2022-08-18T06:21:08Z</time>
                                                <extensions>
                            <sog>12.6</sog>
<cog>70.2</cog>
                        </extensions>
                    </trkpt>
                    <trkpt lat="54.50986666666667" lon="10.402358333333332">
                        <ele>0</ele>
                        <time>2022-08-18T06:21:39Z</time>
                                                <extensions>
                            <sog>12.7</sog>
<cog>64.4</cog>
                        </extensions>
                    </trkpt>
                    <trkpt lat="54.51038166666667" lon="10.40419">
                        <ele>0</ele>
                        <time>2022-08-18T06:21:59Z</time>
                                                <extensions>
                            <sog>12.7</sog>
<cog>64.3</cog>
                        </extensions>
                    </trkpt>
                    <trkpt lat="54.510643333333334" lon="10.405086666666667">
                        <ele>0</ele>
                        <time>2022-08-18T06:22:08Z</time>
                                                <extensions>
                            <sog>12.7</sog>
<cog>63.5</cog>
                        </extensions>
                    </trkpt>
                    <trkpt lat="54.5109" lon="10.405965">
                        <ele>0</ele>
                        <time>2022-08-18T06:22:19Z</time>
                                                <extensions>
                            <sog>12.6</sog>
<cog>62.7</cog>
                        </extensions>
                    </trkpt>
                    <trkpt lat="54.51116833333333" lon="10.406858333333334">
                        <ele>0</ele>
                        <time>2022-08-18T06:22:29Z</time>
                                                <extensions>
                            <sog>12.6</sog>
<cog>62.3</cog>
                        </extensions>
                    </trkpt>
                    <trkpt lat="54.51141333333333" lon="10.407663333333334">
                        <ele>0</ele>
                        <time>2022-08-18T06:22:38Z</time>
                                                <extensions>
                            <sog>12.6</sog>
<cog>62.7</cog>
                        </extensions>
                    </trkpt>
                    <trkpt lat="54.511968333333336" lon="10.409553333333333">
                        <ele>0</ele>
                        <time>2022-08-18T06:22:59Z</time>
                                                <extensions>
                            <sog>12.5</sog>
<cog>62.2</cog>
                        </extensions>
                    </trkpt>
                    <trkpt lat="54.51224333333333" lon="10.410431666666666">
                        <ele>0</ele>
                        <time>2022-08-18T06:23:08Z</time>
                                                <extensions>
                            <sog>12.5</sog>
<cog>61.7</cog>
                        </extensions>
                    </trkpt>
                    <trkpt lat="54.51251833333333" lon="10.411291666666667">
                        <ele>0</ele>
                        <time>2022-08-18T06:23:19Z</time>
                                                <extensions>
                            <sog>12.4</sog>
<cog>61.9</cog>
                        </extensions>
                    </trkpt>
                    <trkpt lat="54.51278666666666" lon="10.41217">
                        <ele>0</ele>
                        <time>2022-08-18T06:23:29Z</time>
                                                <extensions>
                            <sog>12.4</sog>
<cog>62.2</cog>
                        </extensions>
                    </trkpt>
                    <trkpt lat="54.51302333333333" lon="10.412958333333334">
                        <ele>0</ele>
                        <time>2022-08-18T06:23:38Z</time>
                                                <extensions>
                            <sog>12.4</sog>
<cog>61.9</cog>
                        </extensions>
                    </trkpt>
                    <trkpt lat="54.513603333333336" lon="10.414781666666666">
                        <ele>0</ele>
                        <time>2022-08-18T06:23:59Z</time>
                                                <extensions>
                            <sog>12.3</sog>
<cog>61.7</cog>
                        </extensions>
                    </trkpt>
                    <trkpt lat="54.51387666666667" lon="10.415651666666667">
                        <ele>0</ele>
                        <time>2022-08-18T06:24:08Z</time>
                                                <extensions>
                            <sog>12.3</sog>
<cog>62.0</cog>
                        </extensions>
                    </trkpt>
                    <trkpt lat="54.514145" lon="10.41652">
                        <ele>0</ele>
                        <time>2022-08-18T06:24:19Z</time>
                                                <extensions>
                            <sog>12.3</sog>
<cog>62.2</cog>
                        </extensions>
                    </trkpt>
                    <trkpt lat="54.514406666666666" lon="10.417383333333333">
                        <ele>0</ele>
                        <time>2022-08-18T06:24:29Z</time>
                                                <extensions>
                            <sog>12.3</sog>
<cog>61.9</cog>
                        </extensions>
                    </trkpt>
                    <trkpt lat="54.514651666666666" lon="10.41816">
                        <ele>0</ele>
                        <time>2022-08-18T06:24:38Z</time>
                                                <extensions>
                            <sog>12.2</sog>
<cog>61.7</cog>
                        </extensions>
                    </trkpt>
                    <trkpt lat="54.51522833333333" lon="10.419953333333332">
                        <ele>0</ele>
                        <time>2022-08-18T06:24:59Z</time>
                                                <extensions>
                            <sog>12.2</sog>
<cog>62.3</cog>
                        </extensions>
                    </trkpt>
                    <trkpt lat="54.51545833333333" lon="10.420733333333335">
                        <ele>0</ele>
                        <time>2022-08-18T06:25:08Z</time>
                                                <extensions>
                            <sog>12.2</sog>
<cog>62.3</cog>
                        </extensions>
                    </trkpt>
                    <trkpt lat="54.515715" lon="10.421605">
                        <ele>0</ele>
                        <time>2022-08-18T06:25:18Z</time>
                                                <extensions>
                            <sog>12.2</sog>
<cog>62.0</cog>
                        </extensions>
                    </trkpt>
                    <trkpt lat="54.51600333333333" lon="10.42253">
                        <ele>0</ele>
                        <time>2022-08-18T06:25:29Z</time>
                                                <extensions>
                            <sog>12.2</sog>
<cog>61.8</cog>
                        </extensions>
                    </trkpt>
                    <trkpt lat="54.516243333333335" lon="10.423271666666666">
                        <ele>0</ele>
                        <time>2022-08-18T06:25:38Z</time>
                                                <extensions>
                            <sog>12.1</sog>
<cog>62.2</cog>
                        </extensions>
                    </trkpt>
                    <trkpt lat="54.51652333333333" lon="10.424203333333333">
                        <ele>0</ele>
                        <time>2022-08-18T06:25:49Z</time>
                                                <extensions>
                            <sog>12.1</sog>
<cog>62.6</cog>
                        </extensions>
                    </trkpt>
                    <trkpt lat="54.516778333333335" lon="10.425078333333333">
                        <ele>0</ele>
                        <time>2022-08-18T06:25:59Z</time>
                                                <extensions>
                            <sog>12.0</sog>
<cog>62.4</cog>
                        </extensions>
                    </trkpt>
                    <trkpt lat="54.51701333333333" lon="10.425858333333334">
                        <ele>0</ele>
                        <time>2022-08-18T06:26:08Z</time>
                                                <extensions>
                            <sog>12.0</sog>
<cog>62.0</cog>
                        </extensions>
                    </trkpt>
                    <trkpt lat="54.51727666666667" lon="10.426696666666667">
                        <ele>0</ele>
                        <time>2022-08-18T06:26:18Z</time>
                                                <extensions>
                            <sog>12.0</sog>
<cog>61.9</cog>
                        </extensions>
                    </trkpt>
                    <trkpt lat="54.517563333333335" lon="10.427608333333334">
                        <ele>0</ele>
                        <time>2022-08-18T06:26:29Z</time>
                                                <extensions>
                            <sog>12.0</sog>
<cog>62.3</cog>
                        </extensions>
                    </trkpt>
                    <trkpt lat="54.517795" lon="10.42837">
                        <ele>0</ele>
                        <time>2022-08-18T06:26:38Z</time>
                                                <extensions>
                            <sog>12.0</sog>
<cog>62.3</cog>
                        </extensions>
                    </trkpt>
                    <trkpt lat="54.518076666666666" lon="10.429296666666666">
                        <ele>0</ele>
                        <time>2022-08-18T06:26:49Z</time>
                                                <extensions>
                            <sog>11.9</sog>
<cog>62.0</cog>
                        </extensions>
                    </trkpt>
                    <trkpt lat="54.518345" lon="10.430141666666666">
                        <ele>0</ele>
                        <time>2022-08-18T06:26:59Z</time>
                                                <extensions>
                            <sog>11.9</sog>
<cog>61.9</cog>
                        </extensions>
                    </trkpt>
                    <trkpt lat="54.518585" lon="10.430906666666667">
                        <ele>0</ele>
                        <time>2022-08-18T06:27:08Z</time>
                                                <extensions>
                            <sog>11.9</sog>
<cog>62.2</cog>
                        </extensions>
                    </trkpt>
                    <trkpt lat="54.51884166666667" lon="10.43174">
                        <ele>0</ele>
                        <time>2022-08-18T06:27:18Z</time>
                                                <extensions>
                            <sog>11.9</sog>
<cog>62.7</cog>
                        </extensions>
                    </trkpt>
                    <trkpt lat="54.519125" lon="10.43268">
                        <ele>0</ele>
                        <time>2022-08-18T06:27:29Z</time>
                                                <extensions>
                            <sog>11.9</sog>
<cog>62.4</cog>
                        </extensions>
                    </trkpt>
                    <trkpt lat="54.51936166666667" lon="10.43344">
                        <ele>0</ele>
                        <time>2022-08-18T06:27:38Z</time>
                                                <extensions>
                            <sog>11.9</sog>
<cog>62.0</cog>
                        </extensions>
                    </trkpt>
                    <trkpt lat="54.51964666666667" lon="10.434346666666666">
                        <ele>0</ele>
                        <time>2022-08-18T06:27:49Z</time>
                                                <extensions>
                            <sog>11.8</sog>
<cog>62.3</cog>
                        </extensions>
                    </trkpt>
                    <trkpt lat="54.51987333333333" lon="10.435081666666667">
                        <ele>0</ele>
                        <time>2022-08-18T06:27:58Z</time>
                                                <extensions>
                            <sog>11.9</sog>
<cog>62.6</cog>
                        </extensions>
                    </trkpt>
                    <trkpt lat="54.52012" lon="10.435906666666666">
                        <ele>0</ele>
                        <time>2022-08-18T06:28:08Z</time>
                                                <extensions>
                            <sog>11.9</sog>
<cog>62.7</cog>
                        </extensions>
                    </trkpt>
                    <trkpt lat="54.52036833333333" lon="10.43675">
                        <ele>0</ele>
                        <time>2022-08-18T06:28:18Z</time>
                                                <extensions>
                            <sog>11.9</sog>
<cog>62.7</cog>
                        </extensions>
                    </trkpt>
                    <trkpt lat="54.52064" lon="10.437685">
                        <ele>0</ele>
                        <time>2022-08-18T06:28:29Z</time>
                                                <extensions>
                            <sog>11.9</sog>
<cog>62.6</cog>
                        </extensions>
                    </trkpt>
                    <trkpt lat="54.52086" lon="10.438446666666666">
                        <ele>0</ele>
                        <time>2022-08-18T06:28:38Z</time>
                                                <extensions>
                            <sog>11.8</sog>
<cog>62.6</cog>
                        </extensions>
                    </trkpt>
                    <trkpt lat="54.52113166666666" lon="10.43938">
                        <ele>0</ele>
                        <time>2022-08-18T06:28:49Z</time>
                                                <extensions>
                            <sog>11.9</sog>
<cog>62.6</cog>
                        </extensions>
                    </trkpt>
                    <trkpt lat="54.521355" lon="10.440146666666667">
                        <ele>0</ele>
                        <time>2022-08-18T06:28:58Z</time>
                                                <extensions>
                            <sog>11.8</sog>
<cog>62.5</cog>
                        </extensions>
                    </trkpt>
                    <trkpt lat="54.52160666666667" lon="10.44098">
                        <ele>0</ele>
                        <time>2022-08-18T06:29:08Z</time>
                                                <extensions>
                            <sog>11.9</sog>
<cog>62.7</cog>
                        </extensions>
                    </trkpt>
                    <trkpt lat="54.52185833333333" lon="10.441823333333334">
                        <ele>0</ele>
                        <time>2022-08-18T06:29:18Z</time>
                                                <extensions>
                            <sog>11.9</sog>
<cog>62.8</cog>
                        </extensions>
                    </trkpt>
                    <trkpt lat="54.522133333333336" lon="10.442761666666666">
                        <ele>0</ele>
                        <time>2022-08-18T06:29:29Z</time>
                                                <extensions>
                            <sog>11.9</sog>
<cog>62.6</cog>
                        </extensions>
                    </trkpt>
                    <trkpt lat="54.522365" lon="10.443523333333333">
                        <ele>0</ele>
                        <time>2022-08-18T06:29:38Z</time>
                                                <extensions>
                            <sog>11.9</sog>
<cog>62.3</cog>
                        </extensions>
                    </trkpt>
                    <trkpt lat="54.52265166666667" lon="10.444435">
                        <ele>0</ele>
                        <time>2022-08-18T06:29:49Z</time>
                                                <extensions>
                            <sog>11.8</sog>
<cog>62.7</cog>
                        </extensions>
                    </trkpt>
                    <trkpt lat="54.52288" lon="10.445181666666667">
                        <ele>0</ele>
                        <time>2022-08-18T06:29:58Z</time>
                                                <extensions>
                            <sog>11.8</sog>
<cog>62.9</cog>
                        </extensions>
                    </trkpt>
                    <trkpt lat="54.523133333333334" lon="10.446021666666667">
                        <ele>0</ele>
                        <time>2022-08-18T06:30:08Z</time>
                                                <extensions>
                            <sog>11.8</sog>
<cog>63.0</cog>
                        </extensions>
                    </trkpt>
                    <trkpt lat="54.52338666666667" lon="10.446861666666667">
                        <ele>0</ele>
                        <time>2022-08-18T06:30:18Z</time>
                                                <extensions>
                            <sog>11.8</sog>
<cog>62.8</cog>
                        </extensions>
                    </trkpt>
                    <trkpt lat="54.52366666666667" lon="10.447781666666666">
                        <ele>0</ele>
                        <time>2022-08-18T06:30:29Z</time>
                                                <extensions>
                            <sog>11.8</sog>
<cog>63.0</cog>
                        </extensions>
                    </trkpt>
                    <trkpt lat="54.52389333333333" lon="10.448535">
                        <ele>0</ele>
                        <time>2022-08-18T06:30:38Z</time>
                                                <extensions>
                            <sog>11.8</sog>
<cog>62.9</cog>
                        </extensions>
                    </trkpt>
                    <trkpt lat="54.52417166666667" lon="10.449453333333334">
                        <ele>0</ele>
                        <time>2022-08-18T06:30:49Z</time>
                                                <extensions>
                            <sog>11.8</sog>
<cog>62.9</cog>
                        </extensions>
                    </trkpt>
                    <trkpt lat="54.52439666666667" lon="10.450199999999999">
                        <ele>0</ele>
                        <time>2022-08-18T06:30:58Z</time>
                                                <extensions>
                            <sog>11.8</sog>
<cog>62.9</cog>
                        </extensions>
                    </trkpt>
                    <trkpt lat="54.52465333333334" lon="10.451035">
                        <ele>0</ele>
                        <time>2022-08-18T06:31:08Z</time>
                                                <extensions>
                            <sog>11.8</sog>
<cog>62.7</cog>
                        </extensions>
                    </trkpt>
                    <trkpt lat="54.524903333333334" lon="10.451883333333335">
                        <ele>0</ele>
                        <time>2022-08-18T06:31:18Z</time>
                                                <extensions>
                            <sog>11.8</sog>
<cog>63.2</cog>
                        </extensions>
                    </trkpt>
                    <trkpt lat="54.525173333333335" lon="10.452815">
                        <ele>0</ele>
                        <time>2022-08-18T06:31:29Z</time>
                                                <extensions>
                            <sog>11.8</sog>
<cog>63.2</cog>
                        </extensions>
                    </trkpt>
                    <trkpt lat="54.525391666666664" lon="10.453581666666667">
                        <ele>0</ele>
                        <time>2022-08-18T06:31:38Z</time>
                                                <extensions>
                            <sog>11.8</sog>
<cog>62.5</cog>
                        </extensions>
                    </trkpt>
                    <trkpt lat="54.52567" lon="10.454513333333333">
                        <ele>0</ele>
                        <time>2022-08-18T06:31:49Z</time>
                                                <extensions>
                            <sog>11.8</sog>
<cog>62.8</cog>
                        </extensions>
                    </trkpt>
                    <trkpt lat="54.52589833333333" lon="10.455276666666666">
                        <ele>0</ele>
                        <time>2022-08-18T06:31:58Z</time>
                                                <extensions>
                            <sog>11.8</sog>
<cog>63.3</cog>
                        </extensions>
                    </trkpt>
                    <trkpt lat="54.526136666666666" lon="10.456116666666667">
                        <ele>0</ele>
                        <time>2022-08-18T06:32:08Z</time>
                                                <extensions>
                            <sog>11.8</sog>
<cog>63.1</cog>
                        </extensions>
                    </trkpt>
                    <trkpt lat="54.526381666666666" lon="10.456961666666666">
                        <ele>0</ele>
                        <time>2022-08-18T06:32:18Z</time>
                                                <extensions>
                            <sog>11.8</sog>
<cog>62.9</cog>
                        </extensions>
                    </trkpt>
                    <trkpt lat="54.526878333333336" lon="10.458653333333332">
                        <ele>0</ele>
                        <time>2022-08-18T06:32:38Z</time>
                                                <extensions>
                            <sog>11.8</sog>
<cog>63.5</cog>
                        </extensions>
                    </trkpt>
                    <trkpt lat="54.52714" lon="10.459568333333333">
                        <ele>0</ele>
                        <time>2022-08-18T06:32:49Z</time>
                                                <extensions>
                            <sog>11.8</sog>
<cog>63.0</cog>
                        </extensions>
                    </trkpt>
                    <trkpt lat="54.527363333333334" lon="10.460315000000001">
                        <ele>0</ele>
                        <time>2022-08-18T06:32:58Z</time>
                                                <extensions>
                            <sog>11.8</sog>
<cog>62.0</cog>
                        </extensions>
                    </trkpt>
                    <trkpt lat="54.52761666666667" lon="10.46115">
                        <ele>0</ele>
                        <time>2022-08-18T06:33:08Z</time>
                                                <extensions>
                            <sog>11.8</sog>
<cog>62.6</cog>
                        </extensions>
                    </trkpt>
                    <trkpt lat="54.527865" lon="10.461981666666667">
                        <ele>0</ele>
                        <time>2022-08-18T06:33:18Z</time>
                                                <extensions>
                            <sog>11.8</sog>
<cog>63.3</cog>
                        </extensions>
                    </trkpt>
                    <trkpt lat="54.528101666666664" lon="10.462816666666667">
                        <ele>0</ele>
                        <time>2022-08-18T06:33:29Z</time>
                                                <extensions>
                            <sog>11.7</sog>
<cog>62.9</cog>
                        </extensions>
                    </trkpt>
                    <trkpt lat="54.528344999999995" lon="10.463658333333333">
                        <ele>0</ele>
                        <time>2022-08-18T06:33:38Z</time>
                                                <extensions>
                            <sog>11.7</sog>
<cog>62.6</cog>
                        </extensions>
                    </trkpt>
                    <trkpt lat="54.528623333333336" lon="10.464573333333334">
                        <ele>0</ele>
                        <time>2022-08-18T06:33:49Z</time>
                                                <extensions>
                            <sog>11.7</sog>
<cog>62.4</cog>
                        </extensions>
                    </trkpt>
                    <trkpt lat="54.528848333333336" lon="10.465306666666667">
                        <ele>0</ele>
                        <time>2022-08-18T06:33:58Z</time>
                                                <extensions>
                            <sog>11.8</sog>
<cog>62.6</cog>
                        </extensions>
                    </trkpt>
                    <trkpt lat="54.52909" lon="10.466111666666666">
                        <ele>0</ele>
                        <time>2022-08-18T06:34:08Z</time>
                                                <extensions>
                            <sog>11.7</sog>
<cog>63.4</cog>
                        </extensions>
                    </trkpt>
                    <trkpt lat="54.529305" lon="10.466855">
                        <ele>0</ele>
                        <time>2022-08-18T06:34:18Z</time>
                                                <extensions>
                            <sog>11.7</sog>
<cog>63.6</cog>
                        </extensions>
                    </trkpt>
                    <trkpt lat="54.52957833333333" lon="10.46779">
                        <ele>0</ele>
                        <time>2022-08-18T06:34:29Z</time>
                                                <extensions>
                            <sog>11.7</sog>
<cog>63.3</cog>
                        </extensions>
                    </trkpt>
                    <trkpt lat="54.53010166666666" lon="10.469541666666666">
                        <ele>0</ele>
                        <time>2022-08-18T06:34:49Z</time>
                                                <extensions>
                            <sog>11.7</sog>
<cog>63.1</cog>
                        </extensions>
                    </trkpt>
                    <trkpt lat="54.53057333333334" lon="10.471138333333332">
                        <ele>0</ele>
                        <time>2022-08-18T06:35:08Z</time>
                                                <extensions>
                            <sog>11.7</sog>
<cog>63.5</cog>
                        </extensions>
                    </trkpt>
                    <trkpt lat="54.530795" lon="10.471898333333334">
                        <ele>0</ele>
                        <time>2022-08-18T06:35:18Z</time>
                                                <extensions>
                            <sog>11.7</sog>
<cog>63.4</cog>
                        </extensions>
                    </trkpt>
                    <trkpt lat="54.53132" lon="10.473641666666667">
                        <ele>0</ele>
                        <time>2022-08-18T06:35:38Z</time>
                                                <extensions>
                            <sog>11.7</sog>
<cog>63.3</cog>
                        </extensions>
                    </trkpt>
                    <trkpt lat="54.53158833333334" lon="10.47456">
                        <ele>0</ele>
                        <time>2022-08-18T06:35:49Z</time>
                                                <extensions>
                            <sog>11.7</sog>
<cog>63.6</cog>
                        </extensions>
                    </trkpt>
                    <trkpt lat="54.532061666666664" lon="10.476123333333334">
                        <ele>0</ele>
                        <time>2022-08-18T06:36:08Z</time>
                                                <extensions>
                            <sog>11.7</sog>
<cog>62.8</cog>
                        </extensions>
                    </trkpt>
                    <trkpt lat="54.532289999999996" lon="10.476871666666666">
                        <ele>0</ele>
                        <time>2022-08-18T06:36:18Z</time>
                                                <extensions>
                            <sog>11.7</sog>
<cog>62.7</cog>
                        </extensions>
                    </trkpt>
                    <trkpt lat="54.532556666666665" lon="10.477796666666668">
                        <ele>0</ele>
                        <time>2022-08-18T06:36:29Z</time>
                                                <extensions>
                            <sog>11.7</sog>
<cog>63.2</cog>
                        </extensions>
                    </trkpt>
                    <trkpt lat="54.53277" lon="10.47854">
                        <ele>0</ele>
                        <time>2022-08-18T06:36:38Z</time>
                                                <extensions>
                            <sog>11.7</sog>
<cog>63.5</cog>
                        </extensions>
                    </trkpt>
                    <trkpt lat="54.53308166666667" lon="10.479605">
                        <ele>0</ele>
                        <time>2022-08-18T06:36:49Z</time>
                                                <extensions>
                            <sog>11.7</sog>
<cog>62.8</cog>
                        </extensions>
                    </trkpt>
                    <trkpt lat="54.533564999999996" lon="10.481191666666666">
                        <ele>0</ele>
                        <time>2022-08-18T06:37:08Z</time>
                                                <extensions>
                            <sog>11.7</sog>
<cog>63.0</cog>
                        </extensions>
                    </trkpt>
                    <trkpt lat="54.53404166666667" lon="10.482859999999999">
                        <ele>0</ele>
                        <time>2022-08-18T06:37:29Z</time>
                                                <extensions>
                            <sog>11.7</sog>
<cog>63.5</cog>
                        </extensions>
                    </trkpt>
                    <trkpt lat="54.534261666666666" lon="10.48361">
                        <ele>0</ele>
                        <time>2022-08-18T06:37:38Z</time>
                                                <extensions>
                            <sog>11.6</sog>
<cog>63.2</cog>
                        </extensions>
                    </trkpt>
                    <trkpt lat="54.53455333333333" lon="10.484604999999998">
                        <ele>0</ele>
                        <time>2022-08-18T06:37:49Z</time>
                                                <extensions>
                            <sog>11.6</sog>
<cog>63.0</cog>
                        </extensions>
                    </trkpt>
                    <trkpt lat="54.53502" lon="10.486163333333334">
                        <ele>0</ele>
                        <time>2022-08-18T06:38:08Z</time>
                                                <extensions>
                            <sog>11.6</sog>
<cog>63.2</cog>
                        </extensions>
                    </trkpt>
                    <trkpt lat="54.535243333333334" lon="10.486898333333333">
                        <ele>0</ele>
                        <time>2022-08-18T06:38:18Z</time>
                                                <extensions>
                            <sog>11.6</sog>
<cog>63.3</cog>
                        </extensions>
                    </trkpt>
                    <trkpt lat="54.535513333333334" lon="10.487813333333333">
                        <ele>0</ele>
                        <time>2022-08-18T06:38:29Z</time>
                                                <extensions>
                            <sog>11.6</sog>
<cog>63.5</cog>
                        </extensions>
                    </trkpt>
                    <trkpt lat="54.535735" lon="10.488574999999999">
                        <ele>0</ele>
                        <time>2022-08-18T06:38:38Z</time>
                                                <extensions>
                            <sog>11.6</sog>
<cog>63.5</cog>
                        </extensions>
                    </trkpt>
                    <trkpt lat="54.53600333333333" lon="10.489495">
                        <ele>0</ele>
                        <time>2022-08-18T06:38:49Z</time>
                                                <extensions>
                            <sog>11.6</sog>
<cog>63.7</cog>
                        </extensions>
                    </trkpt>
                    <trkpt lat="54.53648166666667" lon="10.491155">
                        <ele>0</ele>
                        <time>2022-08-18T06:39:08Z</time>
                                                <extensions>
                            <sog>11.6</sog>
<cog>63.4</cog>
                        </extensions>
                    </trkpt>
                    <trkpt lat="54.536701666666666" lon="10.491901666666667">
                        <ele>0</ele>
                        <time>2022-08-18T06:39:18Z</time>
                                                <extensions>
                            <sog>11.6</sog>
<cog>63.3</cog>
                        </extensions>
                    </trkpt>
                    <trkpt lat="54.536971666666666" lon="10.492821666666666">
                        <ele>0</ele>
                        <time>2022-08-18T06:39:29Z</time>
                                                <extensions>
                            <sog>11.6</sog>
<cog>63.6</cog>
                        </extensions>
                    </trkpt>
                    <trkpt lat="54.537443333333336" lon="10.494498333333333">
                        <ele>0</ele>
                        <time>2022-08-18T06:39:49Z</time>
                                                <extensions>
                            <sog>11.6</sog>
<cog>63.6</cog>
                        </extensions>
                    </trkpt>
                    <trkpt lat="54.537905" lon="10.496163333333334">
                        <ele>0</ele>
                        <time>2022-08-18T06:40:08Z</time>
                                                <extensions>
                            <sog>11.6</sog>
<cog>63.5</cog>
                        </extensions>
                    </trkpt>
                    <trkpt lat="54.538115" lon="10.496916666666667">
                        <ele>0</ele>
                        <time>2022-08-18T06:40:18Z</time>
                                                <extensions>
                            <sog>11.6</sog>
<cog>63.7</cog>
                        </extensions>
                    </trkpt>
                    <trkpt lat="54.538374999999995" lon="10.497833333333334">
                        <ele>0</ele>
                        <time>2022-08-18T06:40:29Z</time>
                                                <extensions>
                            <sog>11.6</sog>
<cog>63.8</cog>
                        </extensions>
                    </trkpt>
                    <trkpt lat="54.51585" lon="10.30655">
                        <ele>0</ele>
                        <time>2022-08-18T06:40:32Z</time>
                                                <extensions>
                            <sog>0.0</sog>
<cog>98.0</cog>
                        </extensions>
                    </trkpt>
                    <trkpt lat="54.53858666666667" lon="10.498583333333332">
                        <ele>0</ele>
                        <time>2022-08-18T06:40:38Z</time>
                                                <extensions>
                            <sog>11.6</sog>
<cog>63.8</cog>
                        </extensions>
                    </trkpt>
                    <trkpt lat="54.538850000000004" lon="10.499498333333333">
                        <ele>0</ele>
                        <time>2022-08-18T06:40:49Z</time>
                                                <extensions>
                            <sog>11.7</sog>
<cog>63.7</cog>
                        </extensions>
                    </trkpt>
                    <trkpt lat="54.53932666666666" lon="10.501158333333333">
                        <ele>0</ele>
                        <time>2022-08-18T06:41:08Z</time>
                                                <extensions>
                            <sog>11.7</sog>
<cog>63.9</cog>
                        </extensions>
                    </trkpt>
                    <trkpt lat="54.53956166666667" lon="10.501986666666665">
                        <ele>0</ele>
                        <time>2022-08-18T06:41:19Z</time>
                                                <extensions>
                            <sog>11.7</sog>
<cog>63.9</cog>
                        </extensions>
                    </trkpt>
                    <trkpt lat="54.539795000000005" lon="10.502818333333332">
                        <ele>0</ele>
                        <time>2022-08-18T06:41:29Z</time>
                                                <extensions>
                            <sog>11.7</sog>
<cog>63.8</cog>
                        </extensions>
                    </trkpt>
                    <trkpt lat="54.54001166666667" lon="10.503563333333334">
                        <ele>0</ele>
                        <time>2022-08-18T06:41:38Z</time>
                                                <extensions>
                            <sog>11.7</sog>
<cog>63.8</cog>
                        </extensions>
                    </trkpt>
                    <trkpt lat="54.540274999999994" lon="10.504475000000001">
                        <ele>0</ele>
                        <time>2022-08-18T06:41:49Z</time>
                                                <extensions>
                            <sog>11.7</sog>
<cog>64.3</cog>
                        </extensions>
                    </trkpt>
                    <trkpt lat="54.540745" lon="10.506151666666666">
                        <ele>0</ele>
                        <time>2022-08-18T06:42:08Z</time>
                                                <extensions>
                            <sog>11.7</sog>
<cog>64.6</cog>
                        </extensions>
                    </trkpt>
                    <trkpt lat="54.540985" lon="10.506996666666668">
                        <ele>0</ele>
                        <time>2022-08-18T06:42:19Z</time>
                                                <extensions>
                            <sog>11.7</sog>
<cog>64.3</cog>
                        </extensions>
                    </trkpt>
                    <trkpt lat="54.541225000000004" lon="10.507855000000001">
                        <ele>0</ele>
                        <time>2022-08-18T06:42:29Z</time>
                                                <extensions>
                            <sog>11.7</sog>
<cog>64.5</cog>
                        </extensions>
                    </trkpt>
                    <trkpt lat="54.541441666666664" lon="10.508626666666666">
                        <ele>0</ele>
                        <time>2022-08-18T06:42:38Z</time>
                                                <extensions>
                            <sog>11.7</sog>
<cog>64.9</cog>
                        </extensions>
                    </trkpt>
                    <trkpt lat="54.541698333333336" lon="10.509556666666667">
                        <ele>0</ele>
                        <time>2022-08-18T06:42:49Z</time>
                                                <extensions>
                            <sog>11.7</sog>
<cog>65.2</cog>
                        </extensions>
                    </trkpt>
                    <trkpt lat="54.542159999999996" lon="10.511239999999999">
                        <ele>0</ele>
                        <time>2022-08-18T06:43:08Z</time>
                                                <extensions>
                            <sog>11.7</sog>
<cog>64.6</cog>
                        </extensions>
                    </trkpt>
                    <trkpt lat="54.54238833333333" lon="10.512083333333333">
                        <ele>0</ele>
                        <time>2022-08-18T06:43:19Z</time>
                                                <extensions>
                            <sog>11.7</sog>
<cog>65.0</cog>
                        </extensions>
                    </trkpt>
                    <trkpt lat="54.542606666666664" lon="10.512920000000001">
                        <ele>0</ele>
                        <time>2022-08-18T06:43:29Z</time>
                                                <extensions>
                            <sog>11.7</sog>
<cog>65.4</cog>
                        </extensions>
                    </trkpt>
                    <trkpt lat="54.542813333333335" lon="10.51369">
                        <ele>0</ele>
                        <time>2022-08-18T06:43:38Z</time>
                                                <extensions>
                            <sog>11.7</sog>
<cog>65.1</cog>
                        </extensions>
                    </trkpt>
                    <trkpt lat="54.543065" lon="10.514623333333333">
                        <ele>0</ele>
                        <time>2022-08-18T06:43:49Z</time>
                                                <extensions>
                            <sog>11.7</sog>
<cog>64.9</cog>
                        </extensions>
                    </trkpt>
                    <trkpt lat="54.543485000000004" lon="10.516198333333334">
                        <ele>0</ele>
                        <time>2022-08-18T06:44:08Z</time>
                                                <extensions>
                            <sog>11.7</sog>
<cog>65.2</cog>
                        </extensions>
                    </trkpt>
                    <trkpt lat="54.543575000000004" lon="10.516535000000001">
                        <ele>0</ele>
                        <time>2022-08-18T06:44:12Z</time>
                                                <extensions>
                            <sog>11.7</sog>
<cog>65.4</cog>
                        </extensions>
                    </trkpt>
                    <trkpt lat="54.543575000000004" lon="10.516535000000001">
                        <ele>0</ele>
                        <time>2022-08-18T06:44:19Z</time>
                                                <extensions>
                            <sog>11.7</sog>
<cog>65.4</cog>
                        </extensions>
                    </trkpt>
                    <trkpt lat="54.543800000000005" lon="10.517383333333333">
                        <ele>0</ele>
                        <time>2022-08-18T06:44:22Z</time>
                                                <extensions>
                            <sog>11.7</sog>
<cog>65.2</cog>
                        </extensions>
                    </trkpt>
                    <trkpt lat="54.54396" lon="10.517975">
                        <ele>0</ele>
                        <time>2022-08-18T06:44:29Z</time>
                                                <extensions>
                            <sog>11.7</sog>
<cog>65.0</cog>
                        </extensions>
                    </trkpt>
                    <trkpt lat="54.54441666666666" lon="10.51966">
                        <ele>0</ele>
                        <time>2022-08-18T06:44:49Z</time>
                                                <extensions>
                            <sog>11.7</sog>
<cog>65.0</cog>
                        </extensions>
                    </trkpt>
                    <trkpt lat="54.54485666666667" lon="10.521279999999999">
                        <ele>0</ele>
                        <time>2022-08-18T06:45:08Z</time>
                                                <extensions>
                            <sog>11.7</sog>
<cog>65.1</cog>
                        </extensions>
                    </trkpt>
                    <trkpt lat="54.54518333333333" lon="10.522473333333332">
                        <ele>0</ele>
                        <time>2022-08-18T06:45:22Z</time>
                                                <extensions>
                            <sog>11.7</sog>
<cog>65.2</cog>
                        </extensions>
                    </trkpt>
                    <trkpt lat="54.54534666666667" lon="10.523069999999999">
                        <ele>0</ele>
                        <time>2022-08-18T06:45:29Z</time>
                                                <extensions>
                            <sog>11.7</sog>
<cog>65.3</cog>
                        </extensions>
                    </trkpt>
                    <trkpt lat="54.54541833333334" lon="10.523326666666666">
                        <ele>0</ele>
                        <time>2022-08-18T06:45:33Z</time>
                                                <extensions>
                            <sog>11.7</sog>
<cog>65.3</cog>
                        </extensions>
                    </trkpt>
                    <trkpt lat="54.54556" lon="10.52384">
                        <ele>0</ele>
                        <time>2022-08-18T06:45:38Z</time>
                                                <extensions>
                            <sog>11.7</sog>
<cog>65.4</cog>
                        </extensions>
                    </trkpt>
                    <trkpt lat="54.545815" lon="10.524773333333334">
                        <ele>0</ele>
                        <time>2022-08-18T06:45:49Z</time>
                                                <extensions>
                            <sog>11.7</sog>
<cog>65.9</cog>
                        </extensions>
                    </trkpt>
                    <trkpt lat="54.54623" lon="10.526386666666667">
                        <ele>0</ele>
                        <time>2022-08-18T06:46:08Z</time>
                                                <extensions>
                            <sog>11.7</sog>
<cog>66.2</cog>
                        </extensions>
                    </trkpt>
                    <trkpt lat="54.54631833333334" lon="10.526731666666667">
                        <ele>0</ele>
                        <time>2022-08-18T06:46:12Z</time>
                                                <extensions>
                            <sog>11.7</sog>
<cog>66.0</cog>
                        </extensions>
                    </trkpt>
                    <trkpt lat="54.54654" lon="10.52758">
                        <ele>0</ele>
                        <time>2022-08-18T06:46:22Z</time>
                                                <extensions>
                            <sog>11.7</sog>
<cog>65.7</cog>
                        </extensions>
                    </trkpt>
                    <trkpt lat="54.54669166666667" lon="10.528176666666667">
                        <ele>0</ele>
                        <time>2022-08-18T06:46:29Z</time>
                                                <extensions>
                            <sog>11.7</sog>
<cog>66.1</cog>
                        </extensions>
                    </trkpt>
                    <trkpt lat="54.546755" lon="10.528433333333334">
                        <ele>0</ele>
                        <time>2022-08-18T06:46:33Z</time>
                                                <extensions>
                            <sog>11.7</sog>
<cog>66.4</cog>
                        </extensions>
                    </trkpt>
                    <trkpt lat="54.546881666666664" lon="10.52895">
                        <ele>0</ele>
                        <time>2022-08-18T06:46:38Z</time>
                                                <extensions>
                            <sog>11.7</sog>
<cog>66.7</cog>
                        </extensions>
                    </trkpt>
                    <trkpt lat="54.54712333333334" lon="10.529888333333334">
                        <ele>0</ele>
                        <time>2022-08-18T06:46:49Z</time>
                                                <extensions>
                            <sog>11.7</sog>
<cog>66.5</cog>
                        </extensions>
                    </trkpt>
                    <trkpt lat="54.547538333333335" lon="10.53152">
                        <ele>0</ele>
                        <time>2022-08-18T06:47:08Z</time>
                                                <extensions>
                            <sog>11.7</sog>
<cog>65.8</cog>
                        </extensions>
                    </trkpt>
                    <trkpt lat="54.547623333333334" lon="10.531865">
                        <ele>0</ele>
                        <time>2022-08-18T06:47:12Z</time>
                                                <extensions>
                            <sog>11.7</sog>
<cog>66.0</cog>
                        </extensions>
                    </trkpt>
                    <trkpt lat="54.547988333333336" lon="10.533328333333333">
                        <ele>0</ele>
                        <time>2022-08-18T06:47:29Z</time>
                                                <extensions>
                            <sog>11.7</sog>
<cog>66.5</cog>
                        </extensions>
                    </trkpt>
                    <trkpt lat="54.548055" lon="10.533584999999999">
                        <ele>0</ele>
                        <time>2022-08-18T06:47:33Z</time>
                                                <extensions>
                            <sog>11.7</sog>
<cog>66.4</cog>
                        </extensions>
                    </trkpt>
                    <trkpt lat="54.54819" lon="10.534095">
                        <ele>0</ele>
                        <time>2022-08-18T06:47:38Z</time>
                                                <extensions>
                            <sog>11.7</sog>
<cog>65.8</cog>
                        </extensions>
                    </trkpt>
                    <trkpt lat="54.54843666666667" lon="10.535036666666667">
                        <ele>0</ele>
                        <time>2022-08-18T06:47:49Z</time>
                                                <extensions>
                            <sog>11.7</sog>
<cog>65.8</cog>
                        </extensions>
                    </trkpt>
                    <trkpt lat="54.548855" lon="10.536669999999999">
                        <ele>0</ele>
                        <time>2022-08-18T06:48:08Z</time>
                                                <extensions>
                            <sog>11.7</sog>
<cog>66.5</cog>
                        </extensions>
                    </trkpt>
                    <trkpt lat="54.548941666666664" lon="10.537011666666666">
                        <ele>0</ele>
                        <time>2022-08-18T06:48:12Z</time>
                                                <extensions>
                            <sog>11.7</sog>
<cog>66.3</cog>
                        </extensions>
                    </trkpt>
                    <trkpt lat="54.549165" lon="10.537865">
                        <ele>0</ele>
                        <time>2022-08-18T06:48:22Z</time>
                                                <extensions>
                            <sog>11.7</sog>
<cog>65.8</cog>
                        </extensions>
                    </trkpt>
                    <trkpt lat="54.549324999999996" lon="10.538461666666667">
                        <ele>0</ele>
                        <time>2022-08-18T06:48:29Z</time>
                                                <extensions>
                            <sog>11.7</sog>
<cog>65.7</cog>
                        </extensions>
                    </trkpt>
                    <trkpt lat="54.549393333333335" lon="10.538715">
                        <ele>0</ele>
                        <time>2022-08-18T06:48:32Z</time>
                                                <extensions>
                            <sog>11.7</sog>
<cog>65.8</cog>
                        </extensions>
                    </trkpt>
                    <trkpt lat="54.54953" lon="10.53922">
                        <ele>0</ele>
                        <time>2022-08-18T06:48:38Z</time>
                                                <extensions>
                            <sog>11.7</sog>
<cog>66.2</cog>
                        </extensions>
                    </trkpt>
                    <trkpt lat="54.55018333333333" lon="10.541778333333333">
                        <ele>0</ele>
                        <time>2022-08-18T06:49:08Z</time>
                                                <extensions>
                            <sog>11.7</sog>
<cog>66.2</cog>
                        </extensions>
                    </trkpt>
                    <trkpt lat="54.550466666666665" lon="10.542893333333334">
                        <ele>0</ele>
                        <time>2022-08-18T06:49:22Z</time>
                                                <extensions>
                            <sog>11.7</sog>
<cog>66.3</cog>
                        </extensions>
                    </trkpt>
                    <trkpt lat="54.550615" lon="10.543485">
                        <ele>0</ele>
                        <time>2022-08-18T06:49:29Z</time>
                                                <extensions>
                            <sog>11.7</sog>
<cog>66.4</cog>
                        </extensions>
                    </trkpt>
                    <trkpt lat="54.55065666666667" lon="10.543655">
                        <ele>0</ele>
                        <time>2022-08-18T06:49:30Z</time>
                                                <extensions>
                            <sog>11.7</sog>
<cog>66.5</cog>
                        </extensions>
                    </trkpt>
                    <trkpt lat="54.5507" lon="10.543823333333334">
                        <ele>0</ele>
                        <time>2022-08-18T06:49:32Z</time>
                                                <extensions>
                            <sog>11.7</sog>
<cog>66.5</cog>
                        </extensions>
                    </trkpt>
                    <trkpt lat="54.550828333333335" lon="10.544335">
                        <ele>0</ele>
                        <time>2022-08-18T06:49:38Z</time>
                                                <extensions>
                            <sog>11.7</sog>
<cog>66.5</cog>
                        </extensions>
                    </trkpt>
                    <trkpt lat="54.551066666666664" lon="10.545265">
                        <ele>0</ele>
                        <time>2022-08-18T06:49:49Z</time>
                                                <extensions>
                            <sog>11.7</sog>
<cog>66.6</cog>
                        </extensions>
                    </trkpt>
                    <trkpt lat="54.551471666666664" lon="10.546876666666666">
                        <ele>0</ele>
                        <time>2022-08-18T06:50:08Z</time>
                                                <extensions>
                            <sog>11.7</sog>
<cog>65.9</cog>
                        </extensions>
                    </trkpt>
                    <trkpt lat="54.551743333333334" lon="10.547985">
                        <ele>0</ele>
                        <time>2022-08-18T06:50:22Z</time>
                                                <extensions>
                            <sog>11.7</sog>
<cog>66.2</cog>
                        </extensions>
                    </trkpt>
                    <trkpt lat="54.551894999999995" lon="10.548581666666667">
                        <ele>0</ele>
                        <time>2022-08-18T06:50:29Z</time>
                                                <extensions>
                            <sog>11.7</sog>
<cog>66.0</cog>
                        </extensions>
                    </trkpt>
                    <trkpt lat="54.55194166666667" lon="10.548755">
                        <ele>0</ele>
                        <time>2022-08-18T06:50:30Z</time>
                                                <extensions>
                            <sog>11.7</sog>
<cog>66.0</cog>
                        </extensions>
                    </trkpt>
                    <trkpt lat="54.55199" lon="10.548925">
                        <ele>0</ele>
                        <time>2022-08-18T06:50:32Z</time>
                                                <extensions>
                            <sog>11.7</sog>
<cog>66.0</cog>
                        </extensions>
                    </trkpt>
                    <trkpt lat="54.552126666666666" lon="10.54944">
                        <ele>0</ele>
                        <time>2022-08-18T06:50:38Z</time>
                                                <extensions>
                            <sog>11.7</sog>
<cog>66.1</cog>
                        </extensions>
                    </trkpt>
                    <trkpt lat="54.552366666666664" lon="10.550398333333334">
                        <ele>0</ele>
                        <time>2022-08-18T06:50:49Z</time>
                                                <extensions>
                            <sog>11.7</sog>
<cog>66.6</cog>
                        </extensions>
                    </trkpt>
                    <trkpt lat="54.552765" lon="10.552036666666668">
                        <ele>0</ele>
                        <time>2022-08-18T06:51:08Z</time>
                                                <extensions>
                            <sog>11.7</sog>
<cog>67.8</cog>
                        </extensions>
                    </trkpt>
                    <trkpt lat="54.55302833333334" lon="10.553136666666667">
                        <ele>0</ele>
                        <time>2022-08-18T06:51:22Z</time>
                                                <extensions>
                            <sog>11.6</sog>
<cog>68.0</cog>
                        </extensions>
                    </trkpt>
                    <trkpt lat="54.55319333333333" lon="10.553818333333334">
                        <ele>0</ele>
                        <time>2022-08-18T06:51:29Z</time>
                                                <extensions>
                            <sog>11.7</sog>
<cog>68.3</cog>
                        </extensions>
                    </trkpt>
                    <trkpt lat="54.55321333333333" lon="10.553903333333333">
                        <ele>0</ele>
                        <time>2022-08-18T06:51:30Z</time>
                                                <extensions>
                            <sog>11.6</sog>
<cog>68.4</cog>
                        </extensions>
                    </trkpt>
                    <trkpt lat="54.55325333333334" lon="10.554073333333333">
                        <ele>0</ele>
                        <time>2022-08-18T06:51:32Z</time>
                                                <extensions>
                            <sog>11.7</sog>
<cog>68.3</cog>
                        </extensions>
                    </trkpt>
                    <trkpt lat="54.553395" lon="10.554673333333334">
                        <ele>0</ele>
                        <time>2022-08-18T06:51:39Z</time>
                                                <extensions>
                            <sog>11.7</sog>
<cog>68.4</cog>
                        </extensions>
                    </trkpt>
                    <trkpt lat="54.55359" lon="10.555534999999999">
                        <ele>0</ele>
                        <time>2022-08-18T06:51:49Z</time>
                                                <extensions>
                            <sog>11.7</sog>
<cog>68.8</cog>
                        </extensions>
                    </trkpt>
                    <trkpt lat="54.553956666666664" lon="10.557183333333334">
                        <ele>0</ele>
                        <time>2022-08-18T06:52:08Z</time>
                                                <extensions>
                            <sog>11.7</sog>
<cog>69.1</cog>
                        </extensions>
                    </trkpt>
                    <trkpt lat="54.55421" lon="10.558313333333333">
                        <ele>0</ele>
                        <time>2022-08-18T06:52:22Z</time>
                                                <extensions>
                            <sog>11.7</sog>
<cog>68.7</cog>
                        </extensions>
                    </trkpt>
                    <trkpt lat="54.55436833333333" lon="10.559014999999999">
                        <ele>0</ele>
                        <time>2022-08-18T06:52:29Z</time>
                                                <extensions>
                            <sog>11.7</sog>
<cog>69.0</cog>
                        </extensions>
                    </trkpt>
                    <trkpt lat="54.554388333333335" lon="10.559101666666667">
                        <ele>0</ele>
                        <time>2022-08-18T06:52:30Z</time>
                                                <extensions>
                            <sog>11.8</sog>
<cog>69.0</cog>
                        </extensions>
                    </trkpt>
                    <trkpt lat="54.554428333333334" lon="10.559278333333333">
                        <ele>0</ele>
                        <time>2022-08-18T06:52:32Z</time>
                                                <extensions>
                            <sog>11.7</sog>
<cog>69.1</cog>
                        </extensions>
                    </trkpt>
                    <trkpt lat="54.554565000000004" lon="10.559895000000001">
                        <ele>0</ele>
                        <time>2022-08-18T06:52:39Z</time>
                                                <extensions>
                            <sog>11.8</sog>
<cog>69.3</cog>
                        </extensions>
                    </trkpt>
                    <trkpt lat="54.554761666666664" lon="10.560785000000001">
                        <ele>0</ele>
                        <time>2022-08-18T06:52:49Z</time>
                                                <extensions>
                            <sog>11.8</sog>
<cog>69.3</cog>
                        </extensions>
                    </trkpt>
                    <trkpt lat="54.55513" lon="10.562458333333332">
                        <ele>0</ele>
                        <time>2022-08-18T06:53:08Z</time>
                                                <extensions>
                            <sog>11.8</sog>
<cog>69.0</cog>
                        </extensions>
                    </trkpt>
                    <trkpt lat="54.555526666666665" lon="10.564314999999999">
                        <ele>0</ele>
                        <time>2022-08-18T06:53:29Z</time>
                                                <extensions>
                            <sog>11.8</sog>
<cog>69.7</cog>
                        </extensions>
                    </trkpt>
                    <trkpt lat="54.555545" lon="10.564403333333333">
                        <ele>0</ele>
                        <time>2022-08-18T06:53:30Z</time>
                                                <extensions>
                            <sog>11.8</sog>
<cog>69.6</cog>
                        </extensions>
                    </trkpt>
                    <trkpt lat="54.55571833333333" lon="10.565204999999999">
                        <ele>0</ele>
                        <time>2022-08-18T06:53:39Z</time>
                                                <extensions>
                            <sog>11.8</sog>
<cog>69.3</cog>
                        </extensions>
                    </trkpt>
                    <trkpt lat="54.55591166666667" lon="10.566091666666667">
                        <ele>0</ele>
                        <time>2022-08-18T06:53:49Z</time>
                                                <extensions>
                            <sog>11.8</sog>
<cog>69.0</cog>
                        </extensions>
                    </trkpt>
                    <trkpt lat="54.556270000000005" lon="10.567763333333334">
                        <ele>0</ele>
                        <time>2022-08-18T06:54:08Z</time>
                                                <extensions>
                            <sog>11.8</sog>
<cog>69.8</cog>
                        </extensions>
                    </trkpt>
                    <trkpt lat="54.556555" lon="10.569088333333333">
                        <ele>0</ele>
                        <time>2022-08-18T06:54:23Z</time>
                                                <extensions>
                            <sog>11.8</sog>
<cog>69.5</cog>
                        </extensions>
                    </trkpt>
                    <trkpt lat="54.55667166666667" lon="10.569618333333333">
                        <ele>0</ele>
                        <time>2022-08-18T06:54:29Z</time>
                                                <extensions>
                            <sog>11.8</sog>
<cog>69.2</cog>
                        </extensions>
                    </trkpt>
                    <trkpt lat="54.556691666666666" lon="10.569705">
                        <ele>0</ele>
                        <time>2022-08-18T06:54:30Z</time>
                                                <extensions>
                            <sog>11.9</sog>
<cog>69.3</cog>
                        </extensions>
                    </trkpt>
                    <trkpt lat="54.55687" lon="10.570501666666667">
                        <ele>0</ele>
                        <time>2022-08-18T06:54:39Z</time>
                                                <extensions>
                            <sog>11.9</sog>
<cog>69.4</cog>
                        </extensions>
                    </trkpt>
                    <trkpt lat="54.557064999999994" lon="10.571390000000001">
                        <ele>0</ele>
                        <time>2022-08-18T06:54:49Z</time>
                                                <extensions>
                            <sog>11.9</sog>
<cog>69.6</cog>
                        </extensions>
                    </trkpt>
                    <trkpt lat="54.55742166666666" lon="10.573081666666667">
                        <ele>0</ele>
                        <time>2022-08-18T06:55:07Z</time>
                                                <extensions>
                            <sog>11.9</sog>
<cog>70.0</cog>
                        </extensions>
                    </trkpt>
                    <trkpt lat="54.557725" lon="10.574504999999998">
                        <ele>0</ele>
                        <time>2022-08-18T06:55:23Z</time>
                                                <extensions>
                            <sog>11.9</sog>
<cog>69.2</cog>
                        </extensions>
                    </trkpt>
                    <trkpt lat="54.55786666666667" lon="10.575135">
                        <ele>0</ele>
                        <time>2022-08-18T06:55:30Z</time>
                                                <extensions>
                            <sog>11.9</sog>
<cog>69.5</cog>
                        </extensions>
                    </trkpt>
                    <trkpt lat="54.55802166666667" lon="10.575851666666667">
                        <ele>0</ele>
                        <time>2022-08-18T06:55:38Z</time>
                                                <extensions>
                            <sog>11.9</sog>
<cog>69.9</cog>
                        </extensions>
                    </trkpt>
                    <trkpt lat="54.558213333333335" lon="10.576751666666667">
                        <ele>0</ele>
                        <time>2022-08-18T06:55:49Z</time>
                                                <extensions>
                            <sog>11.9</sog>
<cog>70.0</cog>
                        </extensions>
                    </trkpt>
                    <trkpt lat="54.55857666666667" lon="10.578421666666666">
                        <ele>0</ele>
                        <time>2022-08-18T06:56:07Z</time>
                                                <extensions>
                            <sog>11.9</sog>
<cog>69.6</cog>
                        </extensions>
                    </trkpt>
                    <trkpt lat="54.55896333333333" lon="10.580276666666666">
                        <ele>0</ele>
                        <time>2022-08-18T06:56:29Z</time>
                                                <extensions>
                            <sog>11.8</sog>
<cog>70.6</cog>
                        </extensions>
                    </trkpt>
                    <trkpt lat="54.559" lon="10.580453333333333">
                        <ele>0</ele>
                        <time>2022-08-18T06:56:30Z</time>
                                                <extensions>
                            <sog>11.8</sog>
<cog>70.5</cog>
                        </extensions>
                    </trkpt>
                    <trkpt lat="54.55915166666667" lon="10.581165">
                        <ele>0</ele>
                        <time>2022-08-18T06:56:38Z</time>
                                                <extensions>
                            <sog>11.8</sog>
<cog>70.2</cog>
                        </extensions>
                    </trkpt>
                    <trkpt lat="54.559338333333336" lon="10.582055">
                        <ele>0</ele>
                        <time>2022-08-18T06:56:49Z</time>
                                                <extensions>
                            <sog>11.8</sog>
<cog>70.2</cog>
                        </extensions>
                    </trkpt>
                    <trkpt lat="54.55968666666667" lon="10.583775000000001">
                        <ele>0</ele>
                        <time>2022-08-18T06:57:07Z</time>
                                                <extensions>
                            <sog>11.8</sog>
<cog>71.1</cog>
                        </extensions>
                    </trkpt>
                    <trkpt lat="54.55995666666667" lon="10.585123333333334">
                        <ele>0</ele>
                        <time>2022-08-18T06:57:23Z</time>
                                                <extensions>
                            <sog>11.8</sog>
<cog>71.1</cog>
                        </extensions>
                    </trkpt>
                    <trkpt lat="54.560065" lon="10.585659999999999">
                        <ele>0</ele>
                        <time>2022-08-18T06:57:29Z</time>
                                                <extensions>
                            <sog>11.8</sog>
<cog>71.2</cog>
                        </extensions>
                    </trkpt>
                    <trkpt lat="54.56008333333333" lon="10.585748333333333">
                        <ele>0</ele>
                        <time>2022-08-18T06:57:30Z</time>
                                                <extensions>
                            <sog>11.8</sog>
<cog>71.1</cog>
                        </extensions>
                    </trkpt>
                    <trkpt lat="54.56012" lon="10.585926666666667">
                        <ele>0</ele>
                        <time>2022-08-18T06:57:32Z</time>
                                                <extensions>
                            <sog>11.8</sog>
<cog>71.0</cog>
                        </extensions>
                    </trkpt>
                    <trkpt lat="54.560251666666666" lon="10.586551666666667">
                        <ele>0</ele>
                        <time>2022-08-18T06:57:38Z</time>
                                                <extensions>
                            <sog>11.8</sog>
<cog>70.8</cog>
                        </extensions>
                    </trkpt>
                    <trkpt lat="54.56101833333333" lon="10.59051">
                        <ele>0</ele>
                        <time>2022-08-18T06:58:23Z</time>
                                                <extensions>
                            <sog>11.8</sog>
<cog>71.2</cog>
                        </extensions>
                    </trkpt>
                    <trkpt lat="54.561121666666665" lon="10.591045000000001">
                        <ele>0</ele>
                        <time>2022-08-18T06:58:29Z</time>
                                                <extensions>
                            <sog>11.8</sog>
<cog>70.9</cog>
                        </extensions>
                    </trkpt>
                    <trkpt lat="54.56113833333333" lon="10.591135000000001">
                        <ele>0</ele>
                        <time>2022-08-18T06:58:30Z</time>
                                                <extensions>
                            <sog>11.8</sog>
<cog>70.8</cog>
                        </extensions>
                    </trkpt>
                    <trkpt lat="54.561171666666674" lon="10.591311666666666">
                        <ele>0</ele>
                        <time>2022-08-18T06:58:32Z</time>
                                                <extensions>
                            <sog>11.8</sog>
<cog>70.4</cog>
                        </extensions>
                    </trkpt>
                    <trkpt lat="54.561285" lon="10.591838333333333">
                        <ele>0</ele>
                        <time>2022-08-18T06:58:38Z</time>
                                                <extensions>
                            <sog>11.7</sog>
<cog>69.3</cog>
                        </extensions>
                    </trkpt>
                    <trkpt lat="54.561975" lon="10.595773333333334">
                        <ele>0</ele>
                        <time>2022-08-18T06:59:23Z</time>
                                                <extensions>
                            <sog>11.2</sog>
<cog>81.6</cog>
                        </extensions>
                    </trkpt>
                    <trkpt lat="54.562016666666665" lon="10.596308333333333">
                        <ele>0</ele>
                        <time>2022-08-18T06:59:29Z</time>
                                                <extensions>
                            <sog>11.2</sog>
<cog>83.7</cog>
                        </extensions>
                    </trkpt>
                    <trkpt lat="54.56202" lon="10.596398333333333">
                        <ele>0</ele>
                        <time>2022-08-18T06:59:30Z</time>
                                                <extensions>
                            <sog>11.2</sog>
<cog>84.2</cog>
                        </extensions>
                    </trkpt>
                    <trkpt lat="54.56212666666667" lon="10.59807">
                        <ele>0</ele>
                        <time>2022-08-18T06:59:49Z</time>
                                                <extensions>
                            <sog>11.1</sog>
<cog>84.0</cog>
                        </extensions>
                    </trkpt>
                    <trkpt lat="54.562223333333336" lon="10.600248333333333">
                        <ele>0</ele>
                        <time>2022-08-18T07:00:14Z</time>
                                                <extensions>
                            <sog>10.7</sog>
<cog>93.4</cog>
                        </extensions>
                    </trkpt>
                    <trkpt lat="54.562223333333336" lon="10.600248333333333">
                        <ele>0</ele>
                        <time>2022-08-18T07:00:14Z</time>
                                                <extensions>
                            <sog>10.7</sog>
<cog>93.4</cog>
                        </extensions>
                    </trkpt>
                    <trkpt lat="54.562175" lon="10.600845">
                        <ele>0</ele>
                        <time>2022-08-18T07:00:21Z</time>
                                                <extensions>
                            <sog>10.4</sog>
<cog>101.1</cog>
                        </extensions>
                    </trkpt>
                    <trkpt lat="54.562175" lon="10.600845">
                        <ele>0</ele>
                        <time>2022-08-18T07:00:21Z</time>
                                                <extensions>
                            <sog>10.4</sog>
<cog>101.1</cog>
                        </extensions>
                    </trkpt>
                    <trkpt lat="54.562153333333335" lon="10.601004999999999">
                        <ele>0</ele>
                        <time>2022-08-18T07:00:23Z</time>
                                                <extensions>
                            <sog>10.3</sog>
<cog>102.9</cog>
                        </extensions>
                    </trkpt>
                    <trkpt lat="54.562153333333335" lon="10.601004999999999">
                        <ele>0</ele>
                        <time>2022-08-18T07:00:23Z</time>
                                                <extensions>
                            <sog>10.3</sog>
<cog>102.9</cog>
                        </extensions>
                    </trkpt>
                    <trkpt lat="54.56208" lon="10.60149">
                        <ele>0</ele>
                        <time>2022-08-18T07:00:29Z</time>
                                                <extensions>
                            <sog>10.3</sog>
<cog>106.0</cog>
                        </extensions>
                    </trkpt>
                    <trkpt lat="54.56208" lon="10.60149">
                        <ele>0</ele>
                        <time>2022-08-18T07:00:29Z</time>
                                                <extensions>
                            <sog>10.3</sog>
<cog>106.0</cog>
                        </extensions>
                    </trkpt>
                    <trkpt lat="54.56206666666667" lon="10.601571666666667">
                        <ele>0</ele>
                        <time>2022-08-18T07:00:30Z</time>
                                                <extensions>
                            <sog>10.3</sog>
<cog>106.1</cog>
                        </extensions>
                    </trkpt>
                    <trkpt lat="54.56206666666667" lon="10.601571666666667">
                        <ele>0</ele>
                        <time>2022-08-18T07:00:30Z</time>
                                                <extensions>
                            <sog>10.3</sog>
<cog>106.1</cog>
                        </extensions>
                    </trkpt>
                    <trkpt lat="54.56203666666667" lon="10.601731666666666">
                        <ele>0</ele>
                        <time>2022-08-18T07:00:32Z</time>
                                                <extensions>
                            <sog>10.3</sog>
<cog>106.3</cog>
                        </extensions>
                    </trkpt>
                    <trkpt lat="54.56203666666667" lon="10.601731666666666">
                        <ele>0</ele>
                        <time>2022-08-18T07:00:32Z</time>
                                                <extensions>
                            <sog>10.3</sog>
<cog>106.3</cog>
                        </extensions>
                    </trkpt>
                    <trkpt lat="54.56200666666667" lon="10.601888333333333">
                        <ele>0</ele>
                        <time>2022-08-18T07:00:34Z</time>
                                                <extensions>
                            <sog>10.3</sog>
<cog>106.0</cog>
                        </extensions>
                    </trkpt>
                    <trkpt lat="54.56200666666667" lon="10.601888333333333">
                        <ele>0</ele>
                        <time>2022-08-18T07:00:34Z</time>
                                                <extensions>
                            <sog>10.3</sog>
<cog>106.0</cog>
                        </extensions>
                    </trkpt>
                    <trkpt lat="54.56182333333334" lon="10.603074999999999">
                        <ele>0</ele>
                        <time>2022-08-18T07:00:49Z</time>
                                                <extensions>
                            <sog>10.5</sog>
<cog>105.0</cog>
                        </extensions>
                    </trkpt>
                    <trkpt lat="54.56182333333334" lon="10.603074999999999">
                        <ele>0</ele>
                        <time>2022-08-18T07:00:49Z</time>
                                                <extensions>
                            <sog>10.5</sog>
<cog>105.0</cog>
                        </extensions>
                    </trkpt>
                    <trkpt lat="54.56176333333334" lon="10.603486666666667">
                        <ele>0</ele>
                        <time>2022-08-18T07:00:54Z</time>
                                                <extensions>
                            <sog>10.5</sog>
<cog>107.0</cog>
                        </extensions>
                    </trkpt>
                    <trkpt lat="54.56176333333334" lon="10.603486666666667">
                        <ele>0</ele>
                        <time>2022-08-18T07:00:54Z</time>
                                                <extensions>
                            <sog>10.5</sog>
<cog>107.0</cog>
                        </extensions>
                    </trkpt>
                    <trkpt lat="54.56142333333333" lon="10.605873333333333">
                        <ele>0</ele>
                        <time>2022-08-18T07:01:23Z</time>
                                                <extensions>
                            <sog>10.5</sog>
<cog>98.6</cog>
                        </extensions>
                    </trkpt>
                    <trkpt lat="54.56135666666667" lon="10.60661">
                        <ele>0</ele>
                        <time>2022-08-18T07:01:32Z</time>
                                                <extensions>
                            <sog>10.6</sog>
<cog>99.7</cog>
                        </extensions>
                    </trkpt>
                    <trkpt lat="54.561301666666665" lon="10.60712">
                        <ele>0</ele>
                        <time>2022-08-18T07:01:38Z</time>
                                                <extensions>
                            <sog>10.7</sog>
<cog>99.8</cog>
                        </extensions>
                    </trkpt>
                    <trkpt lat="54.561164999999995" lon="10.615043333333334">
                        <ele>0</ele>
                        <time>2022-08-18T07:03:09Z</time>
                                                <extensions>
                            <sog>11.2</sog>
<cog>88.0</cog>
                        </extensions>
                    </trkpt>
                    </trkseg>
                </trk>
</gpx>