<?xml version="1.0" encoding="UTF-8"?>
<gpx version="1.1" creator="AIS-to-GPX Converter" xmlns="http://www.topografix.com/GPX/1/1">
                <trk>
                    <name>anon0169</name>
                    <trkseg>
                                            <trkpt lat="54.38478" lon="10.167328333333334">
                        <ele>0</ele>
                        <time>2022-08-18T10:53:34Z</time>
                        <extensions>
    <sog>0.1</sog>
</extensions>
                    </trkpt>
                    <trkpt lat="54.38476" lon="10.167328333333334">
                        <ele>0</ele>
                        <time>2022-08-18T10:54:33Z</time>
                        <extensions>
    <sog>0.1</sog>
</extensions>
                    </trkpt>
                    <trkpt lat="54.38473833333333" lon="10.16735">
                        <ele>0</ele>
                        <time>2022-08-18T10:55:04Z</time>
                        <extensions>
    <sog>0.0</sog>
</extensions>
                    </trkpt>
                    <trkpt lat="54.384710000000005" lon="10.16718">
                        <ele>0</ele>
                        <time>2022-08-18T11:01:04Z</time>
                                                <extensions>
                            <sog>0.3</sog>
<cog>248.1</cog>
                        </extensions>
                    </trkpt>
                    <trkpt lat="54.38430166666667" lon="10.167458333333334">
                        <ele>0</ele>
                        <time>2022-08-18T11:02:29Z</time>
                                                <extensions>
                            <sog>2.6</sog>
<cog>157.4</cog>
                        </extensions>
                    </trkpt>
                    <trkpt lat="54.38395166666667" lon="10.167715">
                        <ele>0</ele>
                        <time>2022-08-18T11:02:59Z</time>
                                                <extensions>
                            <sog>2.8</sog>
<cog>155.9</cog>
                        </extensions>
                    </trkpt>
                    <trkpt lat="54.38359166666667" lon="10.167985">
                        <ele>0</ele>
                        <time>2022-08-18T11:03:30Z</time>
                                                <extensions>
                            <sog>2.8</sog>
<cog>154.9</cog>
                        </extensions>
                    </trkpt>
                    <trkpt lat="54.38321833333334" lon="10.168263333333334">
                        <ele>0</ele>
                        <time>2022-08-18T11:04:00Z</time>
                                                <extensions>
                            <sog>2.9</sog>
<cog>157.8</cog>
                        </extensions>
                    </trkpt>
                    <trkpt lat="54.38281333333334" lon="10.168553333333334">
                        <ele>0</ele>
                        <time>2022-08-18T11:04:30Z</time>
                                                <extensions>
                            <sog>3.6</sog>
<cog>157.6</cog>
                        </extensions>
                    </trkpt>
                    <trkpt lat="54.38234333333333" lon="10.16891">
                        <ele>0</ele>
                        <time>2022-08-18T11:05:01Z</time>
                                                <extensions>
                            <sog>3.8</sog>
<cog>154.9</cog>
                        </extensions>
                    </trkpt>
                    <trkpt lat="54.381456666666665" lon="10.169558333333333">
                        <ele>0</ele>
                        <time>2022-08-18T11:05:59Z</time>
                                                <extensions>
                            <sog>3.2</sog>
<cog>185.9</cog>
                        </extensions>
                    </trkpt>
                    <trkpt lat="54.381058333333335" lon="10.169341666666666">
                        <ele>0</ele>
                        <time>2022-08-18T11:06:29Z</time>
                                                <extensions>
                            <sog>2.7</sog>
<cog>170.9</cog>
                        </extensions>
                    </trkpt>
                    <trkpt lat="54.381009999999996" lon="10.169911666666668">
                        <ele>0</ele>
                        <time>2022-08-18T11:07:04Z</time>
                                                <extensions>
                            <sog>2.3</sog>
<cog>74.6</cog>
                        </extensions>
                    </trkpt>
                    <trkpt lat="54.381078333333335" lon="10.170361666666668">
                        <ele>0</ele>
                        <time>2022-08-18T11:07:29Z</time>
                                                <extensions>
                            <sog>2.3</sog>
<cog>78.9</cog>
                        </extensions>
                    </trkpt>
                    <trkpt lat="54.38126" lon="10.171441666666668">
                        <ele>0</ele>
                        <time>2022-08-18T11:08:33Z</time>
                                                <extensions>
                            <sog>2.3</sog>
<cog>72.6</cog>
                        </extensions>
                    </trkpt>
                    <trkpt lat="54.38134166666667" lon="10.171985000000001">
                        <ele>0</ele>
                        <time>2022-08-18T11:09:03Z</time>
                                                <extensions>
                            <sog>2.2</sog>
<cog>77.7</cog>
                        </extensions>
                    </trkpt>
                    <trkpt lat="54.381395" lon="10.172448333333334">
                        <ele>0</ele>
                        <time>2022-08-18T11:09:30Z</time>
                                                <extensions>
                            <sog>2.3</sog>
<cog>79.0</cog>
                        </extensions>
                    </trkpt>
                    <trkpt lat="54.381463333333336" lon="10.173001666666666">
                        <ele>0</ele>
                        <time>2022-08-18T11:10:01Z</time>
                                                <extensions>
                            <sog>2.2</sog>
<cog>78.6</cog>
                        </extensions>
                    </trkpt>
                    <trkpt lat="54.38154333333333" lon="10.173503333333334">
                        <ele>0</ele>
                        <time>2022-08-18T11:10:30Z</time>
                                                <extensions>
                            <sog>2.2</sog>
<cog>64.0</cog>
                        </extensions>
                    </trkpt>
                    <trkpt lat="54.38188" lon="10.174363333333334">
                        <ele>0</ele>
                        <time>2022-08-18T11:11:29Z</time>
                                                <extensions>
                            <sog>2.2</sog>
<cog>57.3</cog>
                        </extensions>
                    </trkpt>
                    <trkpt lat="54.382034999999995" lon="10.174838333333334">
                        <ele>0</ele>
                        <time>2022-08-18T11:12:00Z</time>
                                                <extensions>
                            <sog>2.3</sog>
<cog>75.4</cog>
                        </extensions>
                    </trkpt>
                    <trkpt lat="54.38190833333333" lon="10.175518333333335">
                        <ele>0</ele>
                        <time>2022-08-18T11:12:30Z</time>
                                                <extensions>
                            <sog>3.7</sog>
<cog>104.2</cog>
                        </extensions>
                    </trkpt>
                    <trkpt lat="54.381946666666664" lon="10.176314999999999">
                        <ele>0</ele>
                        <time>2022-08-18T11:13:00Z</time>
                                                <extensions>
                            <sog>2.9</sog>
<cog>84.3</cog>
                        </extensions>
                    </trkpt>
                    <trkpt lat="54.38198166666667" lon="10.176931666666666">
                        <ele>0</ele>
                        <time>2022-08-18T11:13:31Z</time>
                                                <extensions>
                            <sog>2.5</sog>
<cog>88.8</cog>
                        </extensions>
                    </trkpt>
                    <trkpt lat="54.381991666666664" lon="10.17756">
                        <ele>0</ele>
                        <time>2022-08-18T11:14:01Z</time>
                                                <extensions>
                            <sog>3.0</sog>
<cog>93.4</cog>
                        </extensions>
                    </trkpt>
                    <trkpt lat="54.382015" lon="10.178188333333333">
                        <ele>0</ele>
                        <time>2022-08-18T11:14:30Z</time>
                                                <extensions>
                            <sog>2.7</sog>
<cog>83.0</cog>
                        </extensions>
                    </trkpt>
                    <trkpt lat="54.38205333333334" lon="10.178844999999999">
                        <ele>0</ele>
                        <time>2022-08-18T11:15:00Z</time>
                                                <extensions>
                            <sog>3.2</sog>
<cog>84.8</cog>
                        </extensions>
                    </trkpt>
                    <trkpt lat="54.38215" lon="10.179621666666666">
                        <ele>0</ele>
                        <time>2022-08-18T11:15:29Z</time>
                                                <extensions>
                            <sog>3.1</sog>
<cog>73.9</cog>
                        </extensions>
                    </trkpt>
                    <trkpt lat="54.382306666666665" lon="10.181281666666667">
                        <ele>0</ele>
                        <time>2022-08-18T11:16:30Z</time>
                                                <extensions>
                            <sog>3.8</sog>
<cog>78.1</cog>
                        </extensions>
                    </trkpt>
                    <trkpt lat="54.38240333333333" lon="10.182165">
                        <ele>0</ele>
                        <time>2022-08-18T11:17:00Z</time>
                                                <extensions>
                            <sog>3.8</sog>
<cog>81.0</cog>
                        </extensions>
                    </trkpt>
                    <trkpt lat="54.38260666666667" lon="10.183955">
                        <ele>0</ele>
                        <time>2022-08-18T11:18:00Z</time>
                                                <extensions>
                            <sog>3.8</sog>
<cog>72.9</cog>
                        </extensions>
                    </trkpt>
                    <trkpt lat="54.38274833333333" lon="10.184833333333334">
                        <ele>0</ele>
                        <time>2022-08-18T11:18:33Z</time>
                                                <extensions>
                            <sog>3.6</sog>
<cog>76.5</cog>
                        </extensions>
                    </trkpt>
                    <trkpt lat="54.383113333333334" lon="10.186413333333332">
                        <ele>0</ele>
                        <time>2022-08-18T11:19:30Z</time>
                                                <extensions>
                            <sog>3.0</sog>
<cog>55.9</cog>
                        </extensions>
                    </trkpt>
                    <trkpt lat="54.38332666666667" lon="10.18682">
                        <ele>0</ele>
                        <time>2022-08-18T11:19:59Z</time>
                                                <extensions>
                            <sog>1.9</sog>
<cog>44.1</cog>
                        </extensions>
                    </trkpt>
                    <trkpt lat="54.38344666666667" lon="10.187305">
                        <ele>0</ele>
                        <time>2022-08-18T11:20:31Z</time>
                                                <extensions>
                            <sog>2.5</sog>
<cog>54.5</cog>
                        </extensions>
                    </trkpt>
                    <trkpt lat="54.383588333333336" lon="10.187851666666667">
                        <ele>0</ele>
                        <time>2022-08-18T11:21:01Z</time>
                                                <extensions>
                            <sog>3.1</sog>
<cog>74.7</cog>
                        </extensions>
                    </trkpt>
                    <trkpt lat="54.383775" lon="10.188523333333334">
                        <ele>0</ele>
                        <time>2022-08-18T11:21:30Z</time>
                                                <extensions>
                            <sog>3.1</sog>
<cog>57.6</cog>
                        </extensions>
                    </trkpt>
                    <trkpt lat="54.38395666666667" lon="10.189111666666667">
                        <ele>0</ele>
                        <time>2022-08-18T11:21:59Z</time>
                                                <extensions>
                            <sog>2.9</sog>
<cog>68.1</cog>
                        </extensions>
                    </trkpt>
                    <trkpt lat="54.38411" lon="10.189879999999999">
                        <ele>0</ele>
                        <time>2022-08-18T11:22:30Z</time>
                                                <extensions>
                            <sog>3.5</sog>
<cog>70.5</cog>
                        </extensions>
                    </trkpt>
                    <trkpt lat="54.38430666666667" lon="10.190653333333334">
                        <ele>0</ele>
                        <time>2022-08-18T11:23:00Z</time>
                                                <extensions>
                            <sog>3.4</sog>
<cog>61.8</cog>
                        </extensions>
                    </trkpt>
                    <trkpt lat="54.38451666666666" lon="10.191329999999999">
                        <ele>0</ele>
                        <time>2022-08-18T11:23:30Z</time>
                                                <extensions>
                            <sog>3.2</sog>
<cog>64.4</cog>
                        </extensions>
                    </trkpt>
                    <trkpt lat="54.384710000000005" lon="10.192063333333333">
                        <ele>0</ele>
                        <time>2022-08-18T11:24:01Z</time>
                                                <extensions>
                            <sog>3.3</sog>
<cog>62.9</cog>
                        </extensions>
                    </trkpt>
                    <trkpt lat="54.38491" lon="10.192675000000001">
                        <ele>0</ele>
                        <time>2022-08-18T11:24:30Z</time>
                                                <extensions>
                            <sog>2.9</sog>
<cog>58.2</cog>
                        </extensions>
                    </trkpt>
                    <trkpt lat="54.38509166666667" lon="10.193241666666667">
                        <ele>0</ele>
                        <time>2022-08-18T11:24:59Z</time>
                                                <extensions>
                            <sog>2.9</sog>
<cog>72.8</cog>
                        </extensions>
                    </trkpt>
                    <trkpt lat="54.38521333333333" lon="10.194099999999999">
                        <ele>0</ele>
                        <time>2022-08-18T11:25:30Z</time>
                                                <extensions>
                            <sog>4.1</sog>
<cog>69.8</cog>
                        </extensions>
                    </trkpt>
                    <trkpt lat="54.38545333333333" lon="10.194893333333333">
                        <ele>0</ele>
                        <time>2022-08-18T11:26:00Z</time>
                                                <extensions>
                            <sog>3.5</sog>
<cog>60.1</cog>
                        </extensions>
                    </trkpt>
                    <trkpt lat="54.38568166666666" lon="10.19567">
                        <ele>0</ele>
                        <time>2022-08-18T11:26:31Z</time>
                                                <extensions>
                            <sog>3.5</sog>
<cog>67.6</cog>
                        </extensions>
                    </trkpt>
                    <trkpt lat="54.38587166666667" lon="10.196439999999999">
                        <ele>0</ele>
                        <time>2022-08-18T11:26:59Z</time>
                                                <extensions>
                            <sog>3.8</sog>
<cog>63.2</cog>
                        </extensions>
                    </trkpt>
                    <trkpt lat="54.386116666666666" lon="10.197246666666667">
                        <ele>0</ele>
                        <time>2022-08-18T11:27:30Z</time>
                                                <extensions>
                            <sog>3.7</sog>
<cog>62.9</cog>
                        </extensions>
                    </trkpt>
                    <trkpt lat="54.38633166666667" lon="10.198035">
                        <ele>0</ele>
                        <time>2022-08-18T11:27:59Z</time>
                                                <extensions>
                            <sog>3.9</sog>
<cog>66.9</cog>
                        </extensions>
                    </trkpt>
                    <trkpt lat="54.38656833333334" lon="10.198913333333333">
                        <ele>0</ele>
                        <time>2022-08-18T11:28:30Z</time>
                                                <extensions>
                            <sog>4.1</sog>
<cog>62.3</cog>
                        </extensions>
                    </trkpt>
                    <trkpt lat="54.387134999999994" lon="10.200668333333335">
                        <ele>0</ele>
                        <time>2022-08-18T11:29:30Z</time>
                                                <extensions>
                            <sog>4.2</sog>
<cog>58.3</cog>
                        </extensions>
                    </trkpt>
                    <trkpt lat="54.38744833333333" lon="10.20145">
                        <ele>0</ele>
                        <time>2022-08-18T11:29:59Z</time>
                                                <extensions>
                            <sog>4.0</sog>
<cog>55.4</cog>
                        </extensions>
                    </trkpt>
                    <trkpt lat="54.38778666666666" lon="10.202258333333333">
                        <ele>0</ele>
                        <time>2022-08-18T11:30:31Z</time>
                                                <extensions>
                            <sog>4.0</sog>
<cog>53.4</cog>
                        </extensions>
                    </trkpt>
                    <trkpt lat="54.38852166666666" lon="10.20237">
                        <ele>0</ele>
                        <time>2022-08-18T11:31:30Z</time>
                                                <extensions>
                            <sog>3.1</sog>
<cog>335.5</cog>
                        </extensions>
                    </trkpt>
                    <trkpt lat="54.38892" lon="10.202081666666666">
                        <ele>0</ele>
                        <time>2022-08-18T11:32:00Z</time>
                                                <extensions>
                            <sog>3.3</sog>
<cog>328.4</cog>
                        </extensions>
                    </trkpt>
                    <trkpt lat="54.389365" lon="10.201695">
                        <ele>0</ele>
                        <time>2022-08-18T11:32:29Z</time>
                                                <extensions>
                            <sog>3.8</sog>
<cog>337.1</cog>
                        </extensions>
                    </trkpt>
                    <trkpt lat="54.39038666666667" lon="10.201063333333334">
                        <ele>0</ele>
                        <time>2022-08-18T11:33:30Z</time>
                                                <extensions>
                            <sog>3.8</sog>
<cog>346.3</cog>
                        </extensions>
                    </trkpt>
                    <trkpt lat="54.391193333333334" lon="10.200841666666667">
                        <ele>0</ele>
                        <time>2022-08-18T11:34:31Z</time>
                                                <extensions>
                            <sog>2.7</sog>
<cog>355.8</cog>
                        </extensions>
                    </trkpt>
                    <trkpt lat="54.391513333333336" lon="10.200796666666667">
                        <ele>0</ele>
                        <time>2022-08-18T11:34:59Z</time>
                                                <extensions>
                            <sog>2.2</sog>
<cog>357.0</cog>
                        </extensions>
                    </trkpt>
                    <trkpt lat="54.392156666666665" lon="10.20049">
                        <ele>0</ele>
                        <time>2022-08-18T11:35:59Z</time>
                                                <extensions>
                            <sog>3.6</sog>
<cog>346.4</cog>
                        </extensions>
                    </trkpt>
                    <trkpt lat="54.39262166666666" lon="10.200351666666668">
                        <ele>0</ele>
                        <time>2022-08-18T11:36:31Z</time>
                                                <extensions>
                            <sog>3.2</sog>
<cog>342.0</cog>
                        </extensions>
                    </trkpt>
                    <trkpt lat="54.393058333333336" lon="10.200140000000001">
                        <ele>0</ele>
                        <time>2022-08-18T11:37:01Z</time>
                                                <extensions>
                            <sog>3.3</sog>
<cog>347.1</cog>
                        </extensions>
                    </trkpt>
                    <trkpt lat="54.393495" lon="10.199990000000001">
                        <ele>0</ele>
                        <time>2022-08-18T11:37:30Z</time>
                                                <extensions>
                            <sog>2.9</sog>
<cog>353.5</cog>
                        </extensions>
                    </trkpt>
                    <trkpt lat="54.39382833333333" lon="10.199968333333334">
                        <ele>0</ele>
                        <time>2022-08-18T11:37:59Z</time>
                                                <extensions>
                            <sog>2.2</sog>
<cog>350.1</cog>
                        </extensions>
                    </trkpt>
                    <trkpt lat="54.394125" lon="10.200041666666667">
                        <ele>0</ele>
                        <time>2022-08-18T11:38:29Z</time>
                                                <extensions>
                            <sog>2.8</sog>
<cog>79.8</cog>
                        </extensions>
                    </trkpt>
                    <trkpt lat="54.394578333333335" lon="10.201528333333332">
                        <ele>0</ele>
                        <time>2022-08-18T11:39:29Z</time>
                                                <extensions>
                            <sog>3.2</sog>
<cog>54.8</cog>
                        </extensions>
                    </trkpt>
                    <trkpt lat="54.39481166666667" lon="10.202214999999999">
                        <ele>0</ele>
                        <time>2022-08-18T11:39:59Z</time>
                                                <extensions>
                            <sog>3.7</sog>
<cog>65.0</cog>
                        </extensions>
                    </trkpt>
                    <trkpt lat="54.39508166666667" lon="10.203055">
                        <ele>0</ele>
                        <time>2022-08-18T11:40:31Z</time>
                                                <extensions>
                            <sog>3.7</sog>
<cog>56.3</cog>
                        </extensions>
                    </trkpt>
                    <trkpt lat="54.39559833333333" lon="10.204355">
                        <ele>0</ele>
                        <time>2022-08-18T11:41:30Z</time>
                                                <extensions>
                            <sog>3.1</sog>
<cog>56.7</cog>
                        </extensions>
                    </trkpt>
                    <trkpt lat="54.395835000000005" lon="10.205073333333333">
                        <ele>0</ele>
                        <time>2022-08-18T11:42:00Z</time>
                                                <extensions>
                            <sog>3.6</sog>
<cog>51.7</cog>
                        </extensions>
                    </trkpt>
                    <trkpt lat="54.396238333333336" lon="10.204923333333333">
                        <ele>0</ele>
                        <time>2022-08-18T11:42:29Z</time>
                                                <extensions>
                            <sog>3.1</sog>
<cog>344.1</cog>
                        </extensions>
                    </trkpt>
                    <trkpt lat="54.396658333333335" lon="10.204766666666666">
                        <ele>0</ele>
                        <time>2022-08-18T11:43:01Z</time>
                                                <extensions>
                            <sog>3.3</sog>
<cog>339.4</cog>
                        </extensions>
                    </trkpt>
                    <trkpt lat="54.39758166666666" lon="10.204398333333334">
                        <ele>0</ele>
                        <time>2022-08-18T11:44:00Z</time>
                                                <extensions>
                            <sog>3.5</sog>
<cog>348.3</cog>
                        </extensions>
                    </trkpt>
                    <trkpt lat="54.39855166666667" lon="10.204031666666667">
                        <ele>0</ele>
                        <time>2022-08-18T11:45:00Z</time>
                                                <extensions>
                            <sog>3.4</sog>
<cog>348.9</cog>
                        </extensions>
                    </trkpt>
                    <trkpt lat="54.39908666666667" lon="10.203785">
                        <ele>0</ele>
                        <time>2022-08-18T11:45:32Z</time>
                                                <extensions>
                            <sog>4.2</sog>
<cog>346.5</cog>
                        </extensions>
                    </trkpt>
                    <trkpt lat="54.399604999999994" lon="10.20361">
                        <ele>0</ele>
                        <time>2022-08-18T11:46:01Z</time>
                                                <extensions>
                            <sog>3.9</sog>
<cog>341.4</cog>
                        </extensions>
                    </trkpt>
                    <trkpt lat="54.40072166666666" lon="10.203325">
                        <ele>0</ele>
                        <time>2022-08-18T11:47:00Z</time>
                                                <extensions>
                            <sog>3.8</sog>
<cog>356.7</cog>
                        </extensions>
                    </trkpt>
                    <trkpt lat="54.40123833333334" lon="10.203216666666666">
                        <ele>0</ele>
                        <time>2022-08-18T11:47:29Z</time>
                                                <extensions>
                            <sog>3.7</sog>
<cog>357.2</cog>
                        </extensions>
                    </trkpt>
                    <trkpt lat="54.40224666666666" lon="10.20309">
                        <ele>0</ele>
                        <time>2022-08-18T11:48:30Z</time>
                                                <extensions>
                            <sog>3.6</sog>
<cog>356.5</cog>
                        </extensions>
                    </trkpt>
                    <trkpt lat="54.40316166666666" lon="10.203059999999999">
                        <ele>0</ele>
                        <time>2022-08-18T11:49:30Z</time>
                                                <extensions>
                            <sog>2.4</sog>
<cog>350.8</cog>
                        </extensions>
                    </trkpt>
                    <trkpt lat="54.404068333333335" lon="10.202873333333335">
                        <ele>0</ele>
                        <time>2022-08-18T11:50:29Z</time>
                                                <extensions>
                            <sog>3.8</sog>
<cog>356.2</cog>
                        </extensions>
                    </trkpt>
                    <trkpt lat="54.404595" lon="10.202821666666667">
                        <ele>0</ele>
                        <time>2022-08-18T11:50:59Z</time>
                                                <extensions>
                            <sog>3.8</sog>
<cog>353.5</cog>
                        </extensions>
                    </trkpt>
                    <trkpt lat="54.40515833333333" lon="10.202705">
                        <ele>0</ele>
                        <time>2022-08-18T11:51:30Z</time>
                                                <extensions>
                            <sog>4.4</sog>
<cog>351.4</cog>
                        </extensions>
                    </trkpt>
                    <trkpt lat="54.40577666666666" lon="10.20264">
                        <ele>0</ele>
                        <time>2022-08-18T11:52:00Z</time>
                                                <extensions>
                            <sog>4.6</sog>
<cog>359.6</cog>
                        </extensions>
                    </trkpt>
                    <trkpt lat="54.40637" lon="10.2027">
                        <ele>0</ele>
                        <time>2022-08-18T11:52:30Z</time>
                                                <extensions>
                            <sog>3.8</sog>
<cog>5.8</cog>
                        </extensions>
                    </trkpt>
                    <trkpt lat="54.40687333333334" lon="10.20272">
                        <ele>0</ele>
                        <time>2022-08-18T11:53:00Z</time>
                                                <extensions>
                            <sog>3.9</sog>
<cog>354.7</cog>
                        </extensions>
                    </trkpt>
                    <trkpt lat="54.407448333333335" lon="10.202658333333334">
                        <ele>0</ele>
                        <time>2022-08-18T11:53:29Z</time>
                                                <extensions>
                            <sog>4.5</sog>
<cog>358.1</cog>
                        </extensions>
                    </trkpt>
                    <trkpt lat="54.408141666666666" lon="10.202539999999999">
                        <ele>0</ele>
                        <time>2022-08-18T11:54:01Z</time>
                                                <extensions>
                            <sog>4.7</sog>
<cog>353.5</cog>
                        </extensions>
                    </trkpt>
                    <trkpt lat="54.408755" lon="10.20238">
                        <ele>0</ele>
                        <time>2022-08-18T11:54:30Z</time>
                                                <extensions>
                            <sog>4.7</sog>
<cog>350.3</cog>
                        </extensions>
                    </trkpt>
                    <trkpt lat="54.410043333333334" lon="10.202163333333335">
                        <ele>0</ele>
                        <time>2022-08-18T11:55:30Z</time>
                                                <extensions>
                            <sog>4.3</sog>
<cog>357.7</cog>
                        </extensions>
                    </trkpt>
                    <trkpt lat="54.41115166666667" lon="10.202116666666665">
                        <ele>0</ele>
                        <time>2022-08-18T11:56:31Z</time>
                                                <extensions>
                            <sog>4.0</sog>
<cog>355.2</cog>
                        </extensions>
                    </trkpt>
                    <trkpt lat="54.41173833333333" lon="10.202108333333333">
                        <ele>0</ele>
                        <time>2022-08-18T11:57:02Z</time>
                                                <extensions>
                            <sog>3.8</sog>
<cog>4.4</cog>
                        </extensions>
                    </trkpt>
                    <trkpt lat="54.41218333333334" lon="10.202143333333334">
                        <ele>0</ele>
                        <time>2022-08-18T11:57:30Z</time>
                                                <extensions>
                            <sog>3.4</sog>
<cog>357.5</cog>
                        </extensions>
                    </trkpt>
                    <trkpt lat="54.412661666666665" lon="10.201985">
                        <ele>0</ele>
                        <time>2022-08-18T11:57:59Z</time>
                                                <extensions>
                            <sog>4.1</sog>
<cog>341.5</cog>
                        </extensions>
                    </trkpt>
                    <trkpt lat="54.41327833333333" lon="10.201870000000001">
                        <ele>0</ele>
                        <time>2022-08-18T11:58:30Z</time>
                                                <extensions>
                            <sog>4.2</sog>
<cog>357.3</cog>
                        </extensions>
                    </trkpt>
                    <trkpt lat="54.41384666666667" lon="10.201783333333333">
                        <ele>0</ele>
                        <time>2022-08-18T11:58:59Z</time>
                                                <extensions>
                            <sog>4.1</sog>
<cog>352.8</cog>
                        </extensions>
                    </trkpt>
                    <trkpt lat="54.414485" lon="10.201691666666667">
                        <ele>0</ele>
                        <time>2022-08-18T11:59:31Z</time>
                                                <extensions>
                            <sog>4.3</sog>
<cog>352.9</cog>
                        </extensions>
                    </trkpt>
                    <trkpt lat="54.415061666666666" lon="10.201616666666666">
                        <ele>0</ele>
                        <time>2022-08-18T12:00:01Z</time>
                                                <extensions>
                            <sog>4.1</sog>
<cog>355.3</cog>
                        </extensions>
                    </trkpt>
                    <trkpt lat="54.41558166666667" lon="10.20151">
                        <ele>0</ele>
                        <time>2022-08-18T12:00:29Z</time>
                                                <extensions>
                            <sog>4.2</sog>
<cog>354.7</cog>
                        </extensions>
                    </trkpt>
                    <trkpt lat="54.41558166666667" lon="10.20151">
                        <ele>0</ele>
                        <time>2022-08-18T12:00:29Z</time>
                                                <extensions>
                            <sog>4.2</sog>
<cog>354.7</cog>
                        </extensions>
                    </trkpt>
                    <trkpt lat="54.416693333333335" lon="10.201326666666667">
                        <ele>0</ele>
                        <time>2022-08-18T12:01:31Z</time>
                                                <extensions>
                            <sog>3.9</sog>
<cog>353.4</cog>
                        </extensions>
                    </trkpt>
                    <trkpt lat="54.41719666666667" lon="10.201233333333333">
                        <ele>0</ele>
                        <time>2022-08-18T12:02:00Z</time>
                                                <extensions>
                            <sog>3.6</sog>
<cog>356.5</cog>
                        </extensions>
                    </trkpt>
                    <trkpt lat="54.41768166666667" lon="10.201126666666665">
                        <ele>0</ele>
                        <time>2022-08-18T12:02:29Z</time>
                                                <extensions>
                            <sog>3.4</sog>
<cog>349.4</cog>
                        </extensions>
                    </trkpt>
                    <trkpt lat="54.41862166666667" lon="10.200928333333334">
                        <ele>0</ele>
                        <time>2022-08-18T12:03:30Z</time>
                                                <extensions>
                            <sog>3.0</sog>
<cog>353.2</cog>
                        </extensions>
                    </trkpt>
                    <trkpt lat="54.419470000000004" lon="10.200516666666665">
                        <ele>0</ele>
                        <time>2022-08-18T12:04:31Z</time>
                                                <extensions>
                            <sog>3.6</sog>
<cog>338.2</cog>
                        </extensions>
                    </trkpt>
                    <trkpt lat="54.419925" lon="10.200213333333332">
                        <ele>0</ele>
                        <time>2022-08-18T12:05:00Z</time>
                                                <extensions>
                            <sog>3.5</sog>
<cog>336.4</cog>
                        </extensions>
                    </trkpt>
                    <trkpt lat="54.42037166666667" lon="10.199943333333332">
                        <ele>0</ele>
                        <time>2022-08-18T12:05:29Z</time>
                                                <extensions>
                            <sog>3.4</sog>
<cog>340.4</cog>
                        </extensions>
                    </trkpt>
                    <trkpt lat="54.42082333333334" lon="10.199681666666667">
                        <ele>0</ele>
                        <time>2022-08-18T12:06:00Z</time>
                                                <extensions>
                            <sog>3.5</sog>
<cog>342.1</cog>
                        </extensions>
                    </trkpt>
                    <trkpt lat="54.421305" lon="10.199411666666666">
                        <ele>0</ele>
                        <time>2022-08-18T12:06:29Z</time>
                                                <extensions>
                            <sog>3.9</sog>
<cog>343.3</cog>
                        </extensions>
                    </trkpt>
                    <trkpt lat="54.42228" lon="10.198873333333333">
                        <ele>0</ele>
                        <time>2022-08-18T12:07:29Z</time>
                                                <extensions>
                            <sog>3.5</sog>
<cog>339.6</cog>
                        </extensions>
                    </trkpt>
                    <trkpt lat="54.42277333333333" lon="10.198595000000001">
                        <ele>0</ele>
                        <time>2022-08-18T12:08:00Z</time>
                                                <extensions>
                            <sog>3.8</sog>
<cog>342.8</cog>
                        </extensions>
                    </trkpt>
                    <trkpt lat="54.42326833333333" lon="10.19828">
                        <ele>0</ele>
                        <time>2022-08-18T12:08:31Z</time>
                                                <extensions>
                            <sog>3.9</sog>
<cog>338.0</cog>
                        </extensions>
                    </trkpt>
                    <trkpt lat="54.42374333333333" lon="10.19806">
                        <ele>0</ele>
                        <time>2022-08-18T12:09:01Z</time>
                                                <extensions>
                            <sog>3.5</sog>
<cog>337.4</cog>
                        </extensions>
                    </trkpt>
                    <trkpt lat="54.42420333333334" lon="10.197756666666667">
                        <ele>0</ele>
                        <time>2022-08-18T12:09:30Z</time>
                                                <extensions>
                            <sog>4.0</sog>
<cog>340.9</cog>
                        </extensions>
                    </trkpt>
                    <trkpt lat="54.42474" lon="10.197493333333334">
                        <ele>0</ele>
                        <time>2022-08-18T12:09:59Z</time>
                                                <extensions>
                            <sog>4.0</sog>
<cog>344.3</cog>
                        </extensions>
                    </trkpt>
                    <trkpt lat="54.425293333333336" lon="10.197223333333334">
                        <ele>0</ele>
                        <time>2022-08-18T12:10:30Z</time>
                                                <extensions>
                            <sog>4.1</sog>
<cog>341.5</cog>
                        </extensions>
                    </trkpt>
                    <trkpt lat="54.425795" lon="10.196913333333333">
                        <ele>0</ele>
                        <time>2022-08-18T12:10:59Z</time>
                                                <extensions>
                            <sog>4.2</sog>
<cog>337.2</cog>
                        </extensions>
                    </trkpt>
                    <trkpt lat="54.426336666666664" lon="10.196558333333334">
                        <ele>0</ele>
                        <time>2022-08-18T12:11:29Z</time>
                                                <extensions>
                            <sog>4.4</sog>
<cog>335.5</cog>
                        </extensions>
                    </trkpt>
                    <trkpt lat="54.42742833333333" lon="10.196033333333332">
                        <ele>0</ele>
                        <time>2022-08-18T12:12:30Z</time>
                                                <extensions>
                            <sog>3.9</sog>
<cog>337.3</cog>
                        </extensions>
                    </trkpt>
                    <trkpt lat="54.427969999999995" lon="10.195728333333333">
                        <ele>0</ele>
                        <time>2022-08-18T12:12:59Z</time>
                                                <extensions>
                            <sog>4.3</sog>
<cog>344.7</cog>
                        </extensions>
                    </trkpt>
                    <trkpt lat="54.428505" lon="10.195438333333334">
                        <ele>0</ele>
                        <time>2022-08-18T12:13:29Z</time>
                                                <extensions>
                            <sog>4.2</sog>
<cog>338.9</cog>
                        </extensions>
                    </trkpt>
                    <trkpt lat="54.42905333333333" lon="10.195101666666666">
                        <ele>0</ele>
                        <time>2022-08-18T12:13:59Z</time>
                                                <extensions>
                            <sog>4.1</sog>
<cog>342.5</cog>
                        </extensions>
                    </trkpt>
                    <trkpt lat="54.429611666666666" lon="10.194844999999999">
                        <ele>0</ele>
                        <time>2022-08-18T12:14:30Z</time>
                                                <extensions>
                            <sog>3.8</sog>
<cog>343.8</cog>
                        </extensions>
                    </trkpt>
                    <trkpt lat="54.430135" lon="10.194568333333333">
                        <ele>0</ele>
                        <time>2022-08-18T12:15:00Z</time>
                                                <extensions>
                            <sog>4.1</sog>
<cog>339.1</cog>
                        </extensions>
                    </trkpt>
                    <trkpt lat="54.43064833333334" lon="10.194161666666668">
                        <ele>0</ele>
                        <time>2022-08-18T12:15:30Z</time>
                                                <extensions>
                            <sog>4.4</sog>
<cog>333.4</cog>
                        </extensions>
                    </trkpt>
                    <trkpt lat="54.431185" lon="10.193668333333333">
                        <ele>0</ele>
                        <time>2022-08-18T12:16:00Z</time>
                                                <extensions>
                            <sog>4.6</sog>
<cog>330.2</cog>
                        </extensions>
                    </trkpt>
                    <trkpt lat="54.43175333333333" lon="10.19322">
                        <ele>0</ele>
                        <time>2022-08-18T12:16:30Z</time>
                                                <extensions>
                            <sog>4.7</sog>
<cog>338.4</cog>
                        </extensions>
                    </trkpt>
                    <trkpt lat="54.432919999999996" lon="10.192438333333333">
                        <ele>0</ele>
                        <time>2022-08-18T12:17:29Z</time>
                                                <extensions>
                            <sog>4.0</sog>
<cog>347.6</cog>
                        </extensions>
                    </trkpt>
                    <trkpt lat="54.437554999999996" lon="10.189743333333332">
                        <ele>0</ele>
                        <time>2022-08-18T12:21:30Z</time>
                                                <extensions>
                            <sog>4.5</sog>
<cog>341.4</cog>
                        </extensions>
                    </trkpt>
                    <trkpt lat="54.438673333333334" lon="10.194701666666667">
                        <ele>0</ele>
                        <time>2022-08-18T12:24:30Z</time>
                                                <extensions>
                            <sog>4.2</sog>
<cog>73.8</cog>
                        </extensions>
                    </trkpt>
                    <trkpt lat="54.43893666666667" lon="10.19674">
                        <ele>0</ele>
                        <time>2022-08-18T12:25:31Z</time>
                                                <extensions>
                            <sog>4.5</sog>
<cog>75.8</cog>
                        </extensions>
                    </trkpt>
                    <trkpt lat="54.43928666666667" lon="10.198758333333334">
                        <ele>0</ele>
                        <time>2022-08-18T12:26:29Z</time>
                                                <extensions>
                            <sog>4.2</sog>
<cog>69.0</cog>
                        </extensions>
                    </trkpt>
                    <trkpt lat="54.44014166666667" lon="10.202734999999999">
                        <ele>0</ele>
                        <time>2022-08-18T12:28:29Z</time>
                                                <extensions>
                            <sog>4.0</sog>
<cog>67.7</cog>
                        </extensions>
                    </trkpt>
                    <trkpt lat="54.44031666666667" lon="10.203646666666666">
                        <ele>0</ele>
                        <time>2022-08-18T12:28:59Z</time>
                                                <extensions>
                            <sog>4.2</sog>
<cog>70.8</cog>
                        </extensions>
                    </trkpt>
                    <trkpt lat="54.44054666666667" lon="10.204598333333333">
                        <ele>0</ele>
                        <time>2022-08-18T12:29:30Z</time>
                                                <extensions>
                            <sog>4.5</sog>
<cog>67.1</cog>
                        </extensions>
                    </trkpt>
                    <trkpt lat="54.44071666666667" lon="10.205498333333333">
                        <ele>0</ele>
                        <time>2022-08-18T12:30:00Z</time>
                                                <extensions>
                            <sog>4.1</sog>
<cog>74.7</cog>
                        </extensions>
                    </trkpt>
                    <trkpt lat="54.44089666666666" lon="10.206466666666667">
                        <ele>0</ele>
                        <time>2022-08-18T12:30:31Z</time>
                                                <extensions>
                            <sog>4.3</sog>
<cog>75.3</cog>
                        </extensions>
                    </trkpt>
                    <trkpt lat="54.44109666666667" lon="10.207408333333332">
                        <ele>0</ele>
                        <time>2022-08-18T12:31:00Z</time>
                                                <extensions>
                            <sog>4.0</sog>
<cog>63.5</cog>
                        </extensions>
                    </trkpt>
                    <trkpt lat="54.44134666666666" lon="10.208216666666667">
                        <ele>0</ele>
                        <time>2022-08-18T12:31:29Z</time>
                                                <extensions>
                            <sog>3.9</sog>
<cog>64.8</cog>
                        </extensions>
                    </trkpt>
                    <trkpt lat="54.44189166666667" lon="10.209865">
                        <ele>0</ele>
                        <time>2022-08-18T12:32:30Z</time>
                                                <extensions>
                            <sog>4.2</sog>
<cog>64.1</cog>
                        </extensions>
                    </trkpt>
                    <trkpt lat="54.442371666666666" lon="10.211705">
                        <ele>0</ele>
                        <time>2022-08-18T12:33:32Z</time>
                                                <extensions>
                            <sog>4.2</sog>
<cog>68.1</cog>
                        </extensions>
                    </trkpt>
                    <trkpt lat="54.44296166666666" lon="10.214093333333333">
                        <ele>0</ele>
                        <time>2022-08-18T12:35:01Z</time>
                                                <extensions>
                            <sog>3.1</sog>
<cog>68.5</cog>
                        </extensions>
                    </trkpt>
                    <trkpt lat="54.444046666666665" lon="10.217983333333333">
                        <ele>0</ele>
                        <time>2022-08-18T12:37:29Z</time>
                                                <extensions>
                            <sog>4.2</sog>
<cog>63.3</cog>
                        </extensions>
                    </trkpt>
                    <trkpt lat="54.44515333333333" lon="10.221835">
                        <ele>0</ele>
                        <time>2022-08-18T12:39:31Z</time>
                                                <extensions>
                            <sog>4.4</sog>
<cog>65.4</cog>
                        </extensions>
                    </trkpt>
                    <trkpt lat="54.45936666666667" lon="10.222598333333334">
                        <ele>0</ele>
                        <time>2022-08-18T14:40:59Z</time>
                                                <extensions>
                            <sog>3.2</sog>
<cog>187.1</cog>
                        </extensions>
                    </trkpt>
                    <trkpt lat="54.45764166666667" lon="10.222058333333333">
                        <ele>0</ele>
                        <time>2022-08-18T14:42:56Z</time>
                                                <extensions>
                            <sog>3.1</sog>
<cog>190.8</cog>
                        </extensions>
                    </trkpt>
                    <trkpt lat="54.45204833333333" lon="10.22">
                        <ele>0</ele>
                        <time>2022-08-18T14:50:26Z</time>
                                                <extensions>
                            <sog>2.6</sog>
<cog>193.0</cog>
                        </extensions>
                    </trkpt>
                    <trkpt lat="54.450406666666666" lon="10.21926">
                        <ele>0</ele>
                        <time>2022-08-18T14:52:58Z</time>
                                                <extensions>
                            <sog>2.2</sog>
<cog>195.6</cog>
                        </extensions>
                    </trkpt>
                    <trkpt lat="54.446434999999994" lon="10.217431666666666">
                        <ele>0</ele>
                        <time>2022-08-18T14:59:56Z</time>
                                                <extensions>
                            <sog>2.1</sog>
<cog>198.2</cog>
                        </extensions>
                    </trkpt>
                    <trkpt lat="54.443551666666664" lon="10.215911666666667">
                        <ele>0</ele>
                        <time>2022-08-18T15:05:28Z</time>
                                                <extensions>
                            <sog>2.2</sog>
<cog>195.9</cog>
                        </extensions>
                    </trkpt>
                    <trkpt lat="54.442996666666666" lon="10.21563">
                        <ele>0</ele>
                        <time>2022-08-18T15:06:27Z</time>
                                                <extensions>
                            <sog>2.1</sog>
<cog>194.6</cog>
                        </extensions>
                    </trkpt>
                    <trkpt lat="54.441606666666665" lon="10.21495">
                        <ele>0</ele>
                        <time>2022-08-18T15:08:56Z</time>
                                                <extensions>
                            <sog>2.3</sog>
<cog>198.4</cog>
                        </extensions>
                    </trkpt>
                    <trkpt lat="54.44103833333334" lon="10.214666666666666">
                        <ele>0</ele>
                        <time>2022-08-18T15:09:56Z</time>
                                                <extensions>
                            <sog>2.2</sog>
<cog>196.8</cog>
                        </extensions>
                    </trkpt>
                    <trkpt lat="54.44047666666667" lon="10.214366666666667">
                        <ele>0</ele>
                        <time>2022-08-18T15:10:56Z</time>
                                                <extensions>
                            <sog>2.1</sog>
<cog>195.6</cog>
                        </extensions>
                    </trkpt>
                    <trkpt lat="54.44018666666667" lon="10.214218333333333">
                        <ele>0</ele>
                        <time>2022-08-18T15:11:26Z</time>
                                                <extensions>
                            <sog>2.3</sog>
<cog>196.7</cog>
                        </extensions>
                    </trkpt>
                    <trkpt lat="54.439886666666666" lon="10.214073333333333">
                        <ele>0</ele>
                        <time>2022-08-18T15:11:56Z</time>
                                                <extensions>
                            <sog>2.2</sog>
<cog>196.0</cog>
                        </extensions>
                    </trkpt>
                    <trkpt lat="54.438723333333336" lon="10.213471666666667">
                        <ele>0</ele>
                        <time>2022-08-18T15:13:57Z</time>
                                                <extensions>
                            <sog>2.1</sog>
<cog>198.2</cog>
                        </extensions>
                    </trkpt>
                    <trkpt lat="54.438116666666666" lon="10.213165">
                        <ele>0</ele>
                        <time>2022-08-18T15:14:59Z</time>
                                                <extensions>
                            <sog>2.2</sog>
<cog>196.6</cog>
                        </extensions>
                    </trkpt>
                    <trkpt lat="54.43756833333334" lon="10.212896666666667">
                        <ele>0</ele>
                        <time>2022-08-18T15:15:57Z</time>
                                                <extensions>
                            <sog>2.2</sog>
<cog>198.7</cog>
                        </extensions>
                    </trkpt>
                    <trkpt lat="54.43698333333334" lon="10.212586666666665">
                        <ele>0</ele>
                        <time>2022-08-18T15:16:56Z</time>
                                                <extensions>
                            <sog>2.3</sog>
<cog>195.9</cog>
                        </extensions>
                    </trkpt>
                    <trkpt lat="54.436325000000004" lon="10.212243333333333">
                        <ele>0</ele>
                        <time>2022-08-18T15:17:57Z</time>
                                                <extensions>
                            <sog>2.5</sog>
<cog>196.2</cog>
                        </extensions>
                    </trkpt>
                    <trkpt lat="54.435645" lon="10.21186">
                        <ele>0</ele>
                        <time>2022-08-18T15:18:56Z</time>
                                                <extensions>
                            <sog>2.6</sog>
<cog>196.6</cog>
                        </extensions>
                    </trkpt>
                    <trkpt lat="54.43528333333334" lon="10.211681666666667">
                        <ele>0</ele>
                        <time>2022-08-18T15:19:26Z</time>
                                                <extensions>
                            <sog>2.7</sog>
<cog>195.6</cog>
                        </extensions>
                    </trkpt>
                    <trkpt lat="54.434515000000005" lon="10.211251666666668">
                        <ele>0</ele>
                        <time>2022-08-18T15:20:27Z</time>
                                                <extensions>
                            <sog>3.0</sog>
<cog>199.1</cog>
                        </extensions>
                    </trkpt>
                    <trkpt lat="54.43412" lon="10.21103">
                        <ele>0</ele>
                        <time>2022-08-18T15:20:56Z</time>
                                                <extensions>
                            <sog>3.3</sog>
<cog>201.3</cog>
                        </extensions>
                    </trkpt>
                    <trkpt lat="54.43154666666667" lon="10.209645">
                        <ele>0</ele>
                        <time>2022-08-18T15:23:27Z</time>
                                                <extensions>
                            <sog>4.6</sog>
<cog>197.2</cog>
                        </extensions>
                    </trkpt>
                    <trkpt lat="54.43096333333334" lon="10.209336666666667">
                        <ele>0</ele>
                        <time>2022-08-18T15:23:56Z</time>
                                                <extensions>
                            <sog>4.7</sog>
<cog>198.3</cog>
                        </extensions>
                    </trkpt>
                    <trkpt lat="54.43031833333334" lon="10.209025">
                        <ele>0</ele>
                        <time>2022-08-18T15:24:26Z</time>
                                                <extensions>
                            <sog>5.0</sog>
<cog>194.5</cog>
                        </extensions>
                    </trkpt>
                    <trkpt lat="54.428176666666666" lon="10.208">
                        <ele>0</ele>
                        <time>2022-08-18T15:25:58Z</time>
                                                <extensions>
                            <sog>5.1</sog>
<cog>196.1</cog>
                        </extensions>
                    </trkpt>
                    <trkpt lat="54.424686666666666" lon="10.206439999999999">
                        <ele>0</ele>
                        <time>2022-08-18T15:28:57Z</time>
                                                <extensions>
                            <sog>3.2</sog>
<cog>194.2</cog>
                        </extensions>
                    </trkpt>
                    <trkpt lat="54.424099999999996" lon="10.205606666666666">
                        <ele>0</ele>
                        <time>2022-08-18T15:29:57Z</time>
                                                <extensions>
                            <sog>3.5</sog>
<cog>240.8</cog>
                        </extensions>
                    </trkpt>
                    <trkpt lat="54.42373166666666" lon="10.204745">
                        <ele>0</ele>
                        <time>2022-08-18T15:30:28Z</time>
                                                <extensions>
                            <sog>4.8</sog>
<cog>231.0</cog>
                        </extensions>
                    </trkpt>
                    <trkpt lat="54.422533333333334" lon="10.202093333333332">
                        <ele>0</ele>
                        <time>2022-08-18T15:31:57Z</time>
                                                <extensions>
                            <sog>4.7</sog>
<cog>231.7</cog>
                        </extensions>
                    </trkpt>
                    <trkpt lat="54.421881666666664" lon="10.20046">
                        <ele>0</ele>
                        <time>2022-08-18T15:32:57Z</time>
                                                <extensions>
                            <sog>4.0</sog>
<cog>256.0</cog>
                        </extensions>
                    </trkpt>
                    <trkpt lat="54.42181" lon="10.199591666666667">
                        <ele>0</ele>
                        <time>2022-08-18T15:33:26Z</time>
                                                <extensions>
                            <sog>3.7</sog>
<cog>259.2</cog>
                        </extensions>
                    </trkpt>
                    <trkpt lat="54.421686666666666" lon="10.198746666666667">
                        <ele>0</ele>
                        <time>2022-08-18T15:33:56Z</time>
                                                <extensions>
                            <sog>3.6</sog>
<cog>254.7</cog>
                        </extensions>
                    </trkpt>
                    <trkpt lat="54.421483333333335" lon="10.197883333333333">
                        <ele>0</ele>
                        <time>2022-08-18T15:34:27Z</time>
                                                <extensions>
                            <sog>4.0</sog>
<cog>244.0</cog>
                        </extensions>
                    </trkpt>
                    <trkpt lat="54.42122" lon="10.197055">
                        <ele>0</ele>
                        <time>2022-08-18T15:34:57Z</time>
                                                <extensions>
                            <sog>3.8</sog>
<cog>244.4</cog>
                        </extensions>
                    </trkpt>
                    <trkpt lat="54.420944999999996" lon="10.196285">
                        <ele>0</ele>
                        <time>2022-08-18T15:35:26Z</time>
                                                <extensions>
                            <sog>4.4</sog>
<cog>229.3</cog>
                        </extensions>
                    </trkpt>
                    <trkpt lat="54.420565" lon="10.196291666666667">
                        <ele>0</ele>
                        <time>2022-08-18T15:35:56Z</time>
                                                <extensions>
                            <sog>3.2</sog>
<cog>134.2</cog>
                        </extensions>
                    </trkpt>
                    <trkpt lat="54.419956666666664" lon="10.197476666666667">
                        <ele>0</ele>
                        <time>2022-08-18T15:36:56Z</time>
                                                <extensions>
                            <sog>4.1</sog>
<cog>127.9</cog>
                        </extensions>
                    </trkpt>
                    <trkpt lat="54.41960166666667" lon="10.19819">
                        <ele>0</ele>
                        <time>2022-08-18T15:37:26Z</time>
                                                <extensions>
                            <sog>3.7</sog>
<cog>128.8</cog>
                        </extensions>
                    </trkpt>
                    <trkpt lat="54.41886833333333" lon="10.199673333333333">
                        <ele>0</ele>
                        <time>2022-08-18T15:38:26Z</time>
                                                <extensions>
                            <sog>4.0</sog>
<cog>135.6</cog>
                        </extensions>
                    </trkpt>
                    <trkpt lat="54.417341666666665" lon="10.20218">
                        <ele>0</ele>
                        <time>2022-08-18T15:40:28Z</time>
                                                <extensions>
                            <sog>4.0</sog>
<cog>135.6</cog>
                        </extensions>
                    </trkpt>
                    <trkpt lat="54.41692333333334" lon="10.202798333333334">
                        <ele>0</ele>
                        <time>2022-08-18T15:40:56Z</time>
                                                <extensions>
                            <sog>4.4</sog>
<cog>142.9</cog>
                        </extensions>
                    </trkpt>
                    <trkpt lat="54.416423333333334" lon="10.203395">
                        <ele>0</ele>
                        <time>2022-08-18T15:41:26Z</time>
                                                <extensions>
                            <sog>4.5</sog>
<cog>143.4</cog>
                        </extensions>
                    </trkpt>
                    <trkpt lat="54.415886666666665" lon="10.203901666666667">
                        <ele>0</ele>
                        <time>2022-08-18T15:41:56Z</time>
                                                <extensions>
                            <sog>4.2</sog>
<cog>154.2</cog>
                        </extensions>
                    </trkpt>
                    <trkpt lat="54.41365666666666" lon="10.206175">
                        <ele>0</ele>
                        <time>2022-08-18T15:43:56Z</time>
                                                <extensions>
                            <sog>5.1</sog>
<cog>149.8</cog>
                        </extensions>
                    </trkpt>
                    <trkpt lat="54.412375" lon="10.207294999999998">
                        <ele>0</ele>
                        <time>2022-08-18T15:44:57Z</time>
                                                <extensions>
                            <sog>5.2</sog>
<cog>153.6</cog>
                        </extensions>
                    </trkpt>
                    <trkpt lat="54.411696666666664" lon="10.207776666666666">
                        <ele>0</ele>
                        <time>2022-08-18T15:45:28Z</time>
                                                <extensions>
                            <sog>4.9</sog>
<cog>162.7</cog>
                        </extensions>
                    </trkpt>
                    <trkpt lat="54.41112833333333" lon="10.208191666666666">
                        <ele>0</ele>
                        <time>2022-08-18T15:45:58Z</time>
                                                <extensions>
                            <sog>4.3</sog>
<cog>156.5</cog>
                        </extensions>
                    </trkpt>
                    <trkpt lat="54.409443333333336" lon="10.209391666666667">
                        <ele>0</ele>
                        <time>2022-08-18T15:47:26Z</time>
                                                <extensions>
                            <sog>4.8</sog>
<cog>157.1</cog>
                        </extensions>
                    </trkpt>
                    <trkpt lat="54.40817833333333" lon="10.210280000000001">
                        <ele>0</ele>
                        <time>2022-08-18T15:48:27Z</time>
                                                <extensions>
                            <sog>4.8</sog>
<cog>157.9</cog>
                        </extensions>
                    </trkpt>
                    <trkpt lat="54.405315" lon="10.21258">
                        <ele>0</ele>
                        <time>2022-08-18T15:50:56Z</time>
                                                <extensions>
                            <sog>4.8</sog>
<cog>152.0</cog>
                        </extensions>
                    </trkpt>
                    <trkpt lat="54.40465833333334" lon="10.211798333333332">
                        <ele>0</ele>
                        <time>2022-08-18T15:51:56Z</time>
                                                <extensions>
                            <sog>4.2</sog>
<cog>259.8</cog>
                        </extensions>
                    </trkpt>
                    <trkpt lat="54.404331666666664" lon="10.209775">
                        <ele>0</ele>
                        <time>2022-08-18T15:52:56Z</time>
                                                <extensions>
                            <sog>4.5</sog>
<cog>251.5</cog>
                        </extensions>
                    </trkpt>
                    <trkpt lat="54.40383" lon="10.207855">
                        <ele>0</ele>
                        <time>2022-08-18T15:53:57Z</time>
                                                <extensions>
                            <sog>4.5</sog>
<cog>246.2</cog>
                        </extensions>
                    </trkpt>
                    <trkpt lat="54.40355833333333" lon="10.206898333333333">
                        <ele>0</ele>
                        <time>2022-08-18T15:54:26Z</time>
                                                <extensions>
                            <sog>4.5</sog>
<cog>247.3</cog>
                        </extensions>
                    </trkpt>
                    <trkpt lat="54.402908333333336" lon="10.204848333333333">
                        <ele>0</ele>
                        <time>2022-08-18T15:55:29Z</time>
                                                <extensions>
                            <sog>4.9</sog>
<cog>239.1</cog>
                        </extensions>
                    </trkpt>
                    <trkpt lat="54.40235333333333" lon="10.202826666666665">
                        <ele>0</ele>
                        <time>2022-08-18T15:56:26Z</time>
                                                <extensions>
                            <sog>4.7</sog>
<cog>247.5</cog>
                        </extensions>
                    </trkpt>
                    <trkpt lat="54.402143333333335" lon="10.201789999999999">
                        <ele>0</ele>
                        <time>2022-08-18T15:56:57Z</time>
                                                <extensions>
                            <sog>4.4</sog>
<cog>249.5</cog>
                        </extensions>
                    </trkpt>
                    <trkpt lat="54.40197166666667" lon="10.200790000000001">
                        <ele>0</ele>
                        <time>2022-08-18T15:57:26Z</time>
                                                <extensions>
                            <sog>4.7</sog>
<cog>258.0</cog>
                        </extensions>
                    </trkpt>
                    <trkpt lat="54.401534999999996" lon="10.198641666666667">
                        <ele>0</ele>
                        <time>2022-08-18T15:58:26Z</time>
                                                <extensions>
                            <sog>4.3</sog>
<cog>250.1</cog>
                        </extensions>
                    </trkpt>
                    <trkpt lat="54.401345" lon="10.197638333333334">
                        <ele>0</ele>
                        <time>2022-08-18T15:59:00Z</time>
                                                <extensions>
                            <sog>3.7</sog>
<cog>257.2</cog>
                        </extensions>
                    </trkpt>
                    <trkpt lat="54.40119" lon="10.19673">
                        <ele>0</ele>
                        <time>2022-08-18T15:59:28Z</time>
                                                <extensions>
                            <sog>4.6</sog>
<cog>252.0</cog>
                        </extensions>
                    </trkpt>
                    <trkpt lat="54.400796666666665" lon="10.196543333333333">
                        <ele>0</ele>
                        <time>2022-08-18T15:59:56Z</time>
                                                <extensions>
                            <sog>4.4</sog>
<cog>174.6</cog>
                        </extensions>
                    </trkpt>
                    <trkpt lat="54.40021" lon="10.196663333333333">
                        <ele>0</ele>
                        <time>2022-08-18T16:00:26Z</time>
                                                <extensions>
                            <sog>4.1</sog>
<cog>173.3</cog>
                        </extensions>
                    </trkpt>
                    <trkpt lat="54.40021" lon="10.196663333333333">
                        <ele>0</ele>
                        <time>2022-08-18T16:00:26Z</time>
                                                <extensions>
                            <sog>4.1</sog>
<cog>173.3</cog>
                        </extensions>
                    </trkpt>
                    <trkpt lat="54.399595" lon="10.196741666666666">
                        <ele>0</ele>
                        <time>2022-08-18T16:00:58Z</time>
                                                <extensions>
                            <sog>4.4</sog>
<cog>175.8</cog>
                        </extensions>
                    </trkpt>
                    <trkpt lat="54.399595" lon="10.196741666666666">
                        <ele>0</ele>
                        <time>2022-08-18T16:00:58Z</time>
                                                <extensions>
                            <sog>4.4</sog>
<cog>175.8</cog>
                        </extensions>
                    </trkpt>
                    <trkpt lat="54.398376666666664" lon="10.196940000000001">
                        <ele>0</ele>
                        <time>2022-08-18T16:01:56Z</time>
                                                <extensions>
                            <sog>5.0</sog>
<cog>171.0</cog>
                        </extensions>
                    </trkpt>
                    <trkpt lat="54.39774" lon="10.197104999999999">
                        <ele>0</ele>
                        <time>2022-08-18T16:02:26Z</time>
                                                <extensions>
                            <sog>5.1</sog>
<cog>172.3</cog>
                        </extensions>
                    </trkpt>
                    <trkpt lat="54.39704833333334" lon="10.19729">
                        <ele>0</ele>
                        <time>2022-08-18T16:02:56Z</time>
                                                <extensions>
                            <sog>4.7</sog>
<cog>173.6</cog>
                        </extensions>
                    </trkpt>
                    <trkpt lat="54.39580333333333" lon="10.19753">
                        <ele>0</ele>
                        <time>2022-08-18T16:03:57Z</time>
                                                <extensions>
                            <sog>4.4</sog>
<cog>173.7</cog>
                        </extensions>
                    </trkpt>
                    <trkpt lat="54.395224999999996" lon="10.197641666666668">
                        <ele>0</ele>
                        <time>2022-08-18T16:04:26Z</time>
                                                <extensions>
                            <sog>4.1</sog>
<cog>174.7</cog>
                        </extensions>
                    </trkpt>
                    <trkpt lat="54.39466166666667" lon="10.197723333333332">
                        <ele>0</ele>
                        <time>2022-08-18T16:04:56Z</time>
                                                <extensions>
                            <sog>3.9</sog>
<cog>175.0</cog>
                        </extensions>
                    </trkpt>
                    <trkpt lat="54.393611666666665" lon="10.197976666666667">
                        <ele>0</ele>
                        <time>2022-08-18T16:05:57Z</time>
                                                <extensions>
                            <sog>3.7</sog>
<cog>168.8</cog>
                        </extensions>
                    </trkpt>
                    <trkpt lat="54.39308333333334" lon="10.198165">
                        <ele>0</ele>
                        <time>2022-08-18T16:06:27Z</time>
                                                <extensions>
                            <sog>4.0</sog>
<cog>168.0</cog>
                        </extensions>
                    </trkpt>
                    <trkpt lat="54.39251" lon="10.198318333333333">
                        <ele>0</ele>
                        <time>2022-08-18T16:06:56Z</time>
                                                <extensions>
                            <sog>4.3</sog>
<cog>170.9</cog>
                        </extensions>
                    </trkpt>
                    <trkpt lat="54.39191666666667" lon="10.198566666666666">
                        <ele>0</ele>
                        <time>2022-08-18T16:07:27Z</time>
                                                <extensions>
                            <sog>4.0</sog>
<cog>163.8</cog>
                        </extensions>
                    </trkpt>
                    <trkpt lat="54.39140666666666" lon="10.198813333333334">
                        <ele>0</ele>
                        <time>2022-08-18T16:07:57Z</time>
                                                <extensions>
                            <sog>3.6</sog>
<cog>167.3</cog>
                        </extensions>
                    </trkpt>
                    <trkpt lat="54.39095" lon="10.198946666666666">
                        <ele>0</ele>
                        <time>2022-08-18T16:08:26Z</time>
                                                <extensions>
                            <sog>3.5</sog>
<cog>170.1</cog>
                        </extensions>
                    </trkpt>
                    <trkpt lat="54.39044833333333" lon="10.19917">
                        <ele>0</ele>
                        <time>2022-08-18T16:08:56Z</time>
                                                <extensions>
                            <sog>4.1</sog>
<cog>161.5</cog>
                        </extensions>
                    </trkpt>
                    <trkpt lat="54.389874999999996" lon="10.199426666666666">
                        <ele>0</ele>
                        <time>2022-08-18T16:09:26Z</time>
                                                <extensions>
                            <sog>4.5</sog>
<cog>166.5</cog>
                        </extensions>
                    </trkpt>
                    <trkpt lat="54.38925666666667" lon="10.199675000000001">
                        <ele>0</ele>
                        <time>2022-08-18T16:09:56Z</time>
                                                <extensions>
                            <sog>4.7</sog>
<cog>172.9</cog>
                        </extensions>
                    </trkpt>
                    <trkpt lat="54.387973333333335" lon="10.199935">
                        <ele>0</ele>
                        <time>2022-08-18T16:10:57Z</time>
                                                <extensions>
                            <sog>4.5</sog>
<cog>169.9</cog>
                        </extensions>
                    </trkpt>
                    <trkpt lat="54.38737833333333" lon="10.199945000000001">
                        <ele>0</ele>
                        <time>2022-08-18T16:11:27Z</time>
                                                <extensions>
                            <sog>3.9</sog>
<cog>187.3</cog>
                        </extensions>
                    </trkpt>
                    <trkpt lat="54.38684333333333" lon="10.199958333333333">
                        <ele>0</ele>
                        <time>2022-08-18T16:11:59Z</time>
                                                <extensions>
                            <sog>3.6</sog>
<cog>179.0</cog>
                        </extensions>
                    </trkpt>
                    <trkpt lat="54.386404999999996" lon="10.199874999999999">
                        <ele>0</ele>
                        <time>2022-08-18T16:12:26Z</time>
                                                <extensions>
                            <sog>3.4</sog>
<cog>186.6</cog>
                        </extensions>
                    </trkpt>
                    <trkpt lat="54.385954999999996" lon="10.199736666666666">
                        <ele>0</ele>
                        <time>2022-08-18T16:12:56Z</time>
                                                <extensions>
                            <sog>3.1</sog>
<cog>187.0</cog>
                        </extensions>
                    </trkpt>
                    <trkpt lat="54.385531666666665" lon="10.199631666666667">
                        <ele>0</ele>
                        <time>2022-08-18T16:13:26Z</time>
                                                <extensions>
                            <sog>3.0</sog>
<cog>191.2</cog>
                        </extensions>
                    </trkpt>
                    <trkpt lat="54.38511666666667" lon="10.199476666666667">
                        <ele>0</ele>
                        <time>2022-08-18T16:13:57Z</time>
                                                <extensions>
                            <sog>3.0</sog>
<cog>195.5</cog>
                        </extensions>
                    </trkpt>
                    <trkpt lat="54.38469" lon="10.1993">
                        <ele>0</ele>
                        <time>2022-08-18T16:14:27Z</time>
                                                <extensions>
                            <sog>3.2</sog>
<cog>193.3</cog>
                        </extensions>
                    </trkpt>
                    <trkpt lat="54.384323333333334" lon="10.19909">
                        <ele>0</ele>
                        <time>2022-08-18T16:14:56Z</time>
                                                <extensions>
                            <sog>2.9</sog>
<cog>194.5</cog>
                        </extensions>
                    </trkpt>
                    <trkpt lat="54.38342333333333" lon="10.198623333333334">
                        <ele>0</ele>
                        <time>2022-08-18T16:15:56Z</time>
                                                <extensions>
                            <sog>3.4</sog>
<cog>208.4</cog>
                        </extensions>
                    </trkpt>
                    <trkpt lat="54.38343333333333" lon="10.198018333333332">
                        <ele>0</ele>
                        <time>2022-08-18T16:16:26Z</time>
                                                <extensions>
                            <sog>3.0</sog>
<cog>288.2</cog>
                        </extensions>
                    </trkpt>
                    <trkpt lat="54.38352833333333" lon="10.197253333333332">
                        <ele>0</ele>
                        <time>2022-08-18T16:16:58Z</time>
                                                <extensions>
                            <sog>3.1</sog>
<cog>283.3</cog>
                        </extensions>
                    </trkpt>
                    <trkpt lat="54.383651666666665" lon="10.196476666666666">
                        <ele>0</ele>
                        <time>2022-08-18T16:17:29Z</time>
                                                <extensions>
                            <sog>3.4</sog>
<cog>284.7</cog>
                        </extensions>
                    </trkpt>
                    <trkpt lat="54.383805" lon="10.195680000000001">
                        <ele>0</ele>
                        <time>2022-08-18T16:17:59Z</time>
                                                <extensions>
                            <sog>3.6</sog>
<cog>289.5</cog>
                        </extensions>
                    </trkpt>
                    <trkpt lat="54.384011666666666" lon="10.19495">
                        <ele>0</ele>
                        <time>2022-08-18T16:18:26Z</time>
                                                <extensions>
                            <sog>3.8</sog>
<cog>293.6</cog>
                        </extensions>
                    </trkpt>
                    <trkpt lat="54.384249999999994" lon="10.194095">
                        <ele>0</ele>
                        <time>2022-08-18T16:18:58Z</time>
                                                <extensions>
                            <sog>3.8</sog>
<cog>298.4</cog>
                        </extensions>
                    </trkpt>
                    <trkpt lat="54.38444833333333" lon="10.193333333333333">
                        <ele>0</ele>
                        <time>2022-08-18T16:19:26Z</time>
                                                <extensions>
                            <sog>3.6</sog>
<cog>289.8</cog>
                        </extensions>
                    </trkpt>
                    <trkpt lat="54.384661666666666" lon="10.192546666666667">
                        <ele>0</ele>
                        <time>2022-08-18T16:19:56Z</time>
                                                <extensions>
                            <sog>3.8</sog>
<cog>295.7</cog>
                        </extensions>
                    </trkpt>
                    <trkpt lat="54.384856666666664" lon="10.191681666666666">
                        <ele>0</ele>
                        <time>2022-08-18T16:20:26Z</time>
                                                <extensions>
                            <sog>3.9</sog>
<cog>286.6</cog>
                        </extensions>
                    </trkpt>
                    <trkpt lat="54.38513666666667" lon="10.19031">
                        <ele>0</ele>
                        <time>2022-08-18T16:21:27Z</time>
                                                <extensions>
                            <sog>2.6</sog>
<cog>294.5</cog>
                        </extensions>
                    </trkpt>
                    <trkpt lat="54.385128333333334" lon="10.189948333333332">
                        <ele>0</ele>
                        <time>2022-08-18T16:21:56Z</time>
                                                <extensions>
                            <sog>2.2</sog>
<cog>195.1</cog>
                        </extensions>
                    </trkpt>
                    <trkpt lat="54.384545" lon="10.189358333333333">
                        <ele>0</ele>
                        <time>2022-08-18T16:22:56Z</time>
                                                <extensions>
                            <sog>2.4</sog>
<cog>211.6</cog>
                        </extensions>
                    </trkpt>
                    <trkpt lat="54.383979999999994" lon="10.188728333333334">
                        <ele>0</ele>
                        <time>2022-08-18T16:23:56Z</time>
                                                <extensions>
                            <sog>2.4</sog>
<cog>216.1</cog>
                        </extensions>
                    </trkpt>
                    <trkpt lat="54.38355" lon="10.188048333333334">
                        <ele>0</ele>
                        <time>2022-08-18T16:24:56Z</time>
                                                <extensions>
                            <sog>1.9</sog>
<cog>218.6</cog>
                        </extensions>
                    </trkpt>
                    <trkpt lat="54.38330666666666" lon="10.18777">
                        <ele>0</ele>
                        <time>2022-08-18T16:25:27Z</time>
                                                <extensions>
                            <sog>2.3</sog>
<cog>212.2</cog>
                        </extensions>
                    </trkpt>
                    <trkpt lat="54.383026666666666" lon="10.18746">
                        <ele>0</ele>
                        <time>2022-08-18T16:25:56Z</time>
                                                <extensions>
                            <sog>2.4</sog>
<cog>215.5</cog>
                        </extensions>
                    </trkpt>
                    <trkpt lat="54.382508333333334" lon="10.186796666666668">
                        <ele>0</ele>
                        <time>2022-08-18T16:26:56Z</time>
                                                <extensions>
                            <sog>2.4</sog>
<cog>228.8</cog>
                        </extensions>
                    </trkpt>
                    <trkpt lat="54.382331666666666" lon="10.186423333333332">
                        <ele>0</ele>
                        <time>2022-08-18T16:27:26Z</time>
                                                <extensions>
                            <sog>1.9</sog>
<cog>221.8</cog>
                        </extensions>
                    </trkpt>
                    <trkpt lat="54.38213666666666" lon="10.186078333333334">
                        <ele>0</ele>
                        <time>2022-08-18T16:27:56Z</time>
                                                <extensions>
                            <sog>2.1</sog>
<cog>225.4</cog>
                        </extensions>
                    </trkpt>
                    <trkpt lat="54.38192166666667" lon="10.185736666666665">
                        <ele>0</ele>
                        <time>2022-08-18T16:28:26Z</time>
                                                <extensions>
                            <sog>2.4</sog>
<cog>214.6</cog>
                        </extensions>
                    </trkpt>
                    <trkpt lat="54.38165333333333" lon="10.185416666666667">
                        <ele>0</ele>
                        <time>2022-08-18T16:28:56Z</time>
                                                <extensions>
                            <sog>2.1</sog>
<cog>208.0</cog>
                        </extensions>
                    </trkpt>
                    <trkpt lat="54.381373333333336" lon="10.185206666666666">
                        <ele>0</ele>
                        <time>2022-08-18T16:29:27Z</time>
                                                <extensions>
                            <sog>1.9</sog>
<cog>205.6</cog>
                        </extensions>
                    </trkpt>
                    <trkpt lat="54.38113333333333" lon="10.185155">
                        <ele>0</ele>
                        <time>2022-08-18T16:29:59Z</time>
                                                <extensions>
                            <sog>1.6</sog>
<cog>182.7</cog>
                        </extensions>
                    </trkpt>
                    <trkpt lat="54.38093833333333" lon="10.185176666666667">
                        <ele>0</ele>
                        <time>2022-08-18T16:30:29Z</time>
                                                <extensions>
                            <sog>1.5</sog>
<cog>173.9</cog>
                        </extensions>
                    </trkpt>
                    <trkpt lat="54.380739999999996" lon="10.185031666666667">
                        <ele>0</ele>
                        <time>2022-08-18T16:30:56Z</time>
                                                <extensions>
                            <sog>2.0</sog>
<cog>211.4</cog>
                        </extensions>
                    </trkpt>
                    <trkpt lat="54.38003333333334" lon="10.184431666666667">
                        <ele>0</ele>
                        <time>2022-08-18T16:32:26Z</time>
                                                <extensions>
                            <sog>1.9</sog>
<cog>204.7</cog>
                        </extensions>
                    </trkpt>
                    <trkpt lat="54.379781666666666" lon="10.184233333333333">
                        <ele>0</ele>
                        <time>2022-08-18T16:32:56Z</time>
                                                <extensions>
                            <sog>2.1</sog>
<cog>209.5</cog>
                        </extensions>
                    </trkpt>
                    <trkpt lat="54.37953166666667" lon="10.183941666666668">
                        <ele>0</ele>
                        <time>2022-08-18T16:33:26Z</time>
                                                <extensions>
                            <sog>2.2</sog>
<cog>216.6</cog>
                        </extensions>
                    </trkpt>
                    <trkpt lat="54.379275" lon="10.183638333333333">
                        <ele>0</ele>
                        <time>2022-08-18T16:33:58Z</time>
                                                <extensions>
                            <sog>2.2</sog>
<cog>216.9</cog>
                        </extensions>
                    </trkpt>
                    <trkpt lat="54.37906666666667" lon="10.183343333333333">
                        <ele>0</ele>
                        <time>2022-08-18T16:34:26Z</time>
                                                <extensions>
                            <sog>2.2</sog>
<cog>222.4</cog>
                        </extensions>
                    </trkpt>
                    <trkpt lat="54.378903333333334" lon="10.182898333333332">
                        <ele>0</ele>
                        <time>2022-08-18T16:34:57Z</time>
                                                <extensions>
                            <sog>2.1</sog>
<cog>258.8</cog>
                        </extensions>
                    </trkpt>
                    <trkpt lat="54.37874333333333" lon="10.182561666666667">
                        <ele>0</ele>
                        <time>2022-08-18T16:35:26Z</time>
                                                <extensions>
                            <sog>1.8</sog>
<cog>230.8</cog>
                        </extensions>
                    </trkpt>
                    <trkpt lat="54.37858666666667" lon="10.182220000000001">
                        <ele>0</ele>
                        <time>2022-08-18T16:35:56Z</time>
                                                <extensions>
                            <sog>1.8</sog>
<cog>240.1</cog>
                        </extensions>
                    </trkpt>
                    <trkpt lat="54.37844666666667" lon="10.181864999999998">
                        <ele>0</ele>
                        <time>2022-08-18T16:36:26Z</time>
                                                <extensions>
                            <sog>1.9</sog>
<cog>229.9</cog>
                        </extensions>
                    </trkpt>
                    <trkpt lat="54.378305" lon="10.181458333333333">
                        <ele>0</ele>
                        <time>2022-08-18T16:36:57Z</time>
                                                <extensions>
                            <sog>1.9</sog>
<cog>252.3</cog>
                        </extensions>
                    </trkpt>
                    <trkpt lat="54.37823166666667" lon="10.180526666666667">
                        <ele>0</ele>
                        <time>2022-08-18T16:37:57Z</time>
                                                <extensions>
                            <sog>2.1</sog>
<cog>273.6</cog>
                        </extensions>
                    </trkpt>
                    <trkpt lat="54.378281666666666" lon="10.180051666666666">
                        <ele>0</ele>
                        <time>2022-08-18T16:38:27Z</time>
                                                <extensions>
                            <sog>2.0</sog>
<cog>283.8</cog>
                        </extensions>
                    </trkpt>
                    <trkpt lat="54.37833666666667" lon="10.17959">
                        <ele>0</ele>
                        <time>2022-08-18T16:38:56Z</time>
                                                <extensions>
                            <sog>2.1</sog>
<cog>282.2</cog>
                        </extensions>
                    </trkpt>
                    <trkpt lat="54.378565" lon="10.178168333333334">
                        <ele>0</ele>
                        <time>2022-08-18T16:40:27Z</time>
                                                <extensions>
                            <sog>2.1</sog>
<cog>284.9</cog>
                        </extensions>
                    </trkpt>
                    <trkpt lat="54.378656666666664" lon="10.177706666666667">
                        <ele>0</ele>
                        <time>2022-08-18T16:40:56Z</time>
                                                <extensions>
                            <sog>2.1</sog>
<cog>291.1</cog>
                        </extensions>
                    </trkpt>
                    <trkpt lat="54.37878666666666" lon="10.177249999999999">
                        <ele>0</ele>
                        <time>2022-08-18T16:41:27Z</time>
                                                <extensions>
                            <sog>2.1</sog>
<cog>301.7</cog>
                        </extensions>
                    </trkpt>
                    <trkpt lat="54.378953333333335" lon="10.176838333333334">
                        <ele>0</ele>
                        <time>2022-08-18T16:41:57Z</time>
                                                <extensions>
                            <sog>2.2</sog>
<cog>303.6</cog>
                        </extensions>
                    </trkpt>
                    <trkpt lat="54.37912333333334" lon="10.176396666666667">
                        <ele>0</ele>
                        <time>2022-08-18T16:42:28Z</time>
                                                <extensions>
                            <sog>2.2</sog>
<cog>300.7</cog>
                        </extensions>
                    </trkpt>
                    <trkpt lat="54.379266666666666" lon="10.175970000000001">
                        <ele>0</ele>
                        <time>2022-08-18T16:42:56Z</time>
                                                <extensions>
                            <sog>2.2</sog>
<cog>296.1</cog>
                        </extensions>
                    </trkpt>
                    <trkpt lat="54.379395" lon="10.175475">
                        <ele>0</ele>
                        <time>2022-08-18T16:43:27Z</time>
                                                <extensions>
                            <sog>2.0</sog>
<cog>292.0</cog>
                        </extensions>
                    </trkpt>
                    <trkpt lat="54.37951833333333" lon="10.175033333333333">
                        <ele>0</ele>
                        <time>2022-08-18T16:43:57Z</time>
                                                <extensions>
                            <sog>2.2</sog>
<cog>297.3</cog>
                        </extensions>
                    </trkpt>
                    <trkpt lat="54.379673333333336" lon="10.174555">
                        <ele>0</ele>
                        <time>2022-08-18T16:44:27Z</time>
                                                <extensions>
                            <sog>2.3</sog>
<cog>304.3</cog>
                        </extensions>
                    </trkpt>
                    <trkpt lat="54.37986333333333" lon="10.17414">
                        <ele>0</ele>
                        <time>2022-08-18T16:44:56Z</time>
                                                <extensions>
                            <sog>2.3</sog>
<cog>309.8</cog>
                        </extensions>
                    </trkpt>
                    <trkpt lat="54.38041833333333" lon="10.172435">
                        <ele>0</ele>
                        <time>2022-08-18T16:46:57Z</time>
                                                <extensions>
                            <sog>2.0</sog>
<cog>277.1</cog>
                        </extensions>
                    </trkpt>
                    <trkpt lat="54.380505" lon="10.171506666666666">
                        <ele>0</ele>
                        <time>2022-08-18T16:47:57Z</time>
                                                <extensions>
                            <sog>2.2</sog>
<cog>285.7</cog>
                        </extensions>
                    </trkpt>
                    <trkpt lat="54.38057666666667" lon="10.171001666666665">
                        <ele>0</ele>
                        <time>2022-08-18T16:48:27Z</time>
                                                <extensions>
                            <sog>2.3</sog>
<cog>281.0</cog>
                        </extensions>
                    </trkpt>
                    <trkpt lat="54.38067" lon="10.17042">
                        <ele>0</ele>
                        <time>2022-08-18T16:48:58Z</time>
                                                <extensions>
                            <sog>2.7</sog>
<cog>285.3</cog>
                        </extensions>
                    </trkpt>
                    <trkpt lat="54.38079166666667" lon="10.169816666666666">
                        <ele>0</ele>
                        <time>2022-08-18T16:49:26Z</time>
                                                <extensions>
                            <sog>2.9</sog>
<cog>291.3</cog>
                        </extensions>
                    </trkpt>
                    <trkpt lat="54.38105666666667" lon="10.169285">
                        <ele>0</ele>
                        <time>2022-08-18T16:49:56Z</time>
                                                <extensions>
                            <sog>3.5</sog>
<cog>341.2</cog>
                        </extensions>
                    </trkpt>
                    <trkpt lat="54.38145" lon="10.169498333333333">
                        <ele>0</ele>
                        <time>2022-08-18T16:50:27Z</time>
                                                <extensions>
                            <sog>3.1</sog>
<cog>0.5</cog>
                        </extensions>
                    </trkpt>
                    <trkpt lat="54.38187833333333" lon="10.169255">
                        <ele>0</ele>
                        <time>2022-08-18T16:50:57Z</time>
                                                <extensions>
                            <sog>3.3</sog>
<cog>335.6</cog>
                        </extensions>
                    </trkpt>
                    <trkpt lat="54.38229666666667" lon="10.168915">
                        <ele>0</ele>
                        <time>2022-08-18T16:51:27Z</time>
                                                <extensions>
                            <sog>3.4</sog>
<cog>335.1</cog>
                        </extensions>
                    </trkpt>
                    <trkpt lat="54.382736666666666" lon="10.168561666666667">
                        <ele>0</ele>
                        <time>2022-08-18T16:51:57Z</time>
                                                <extensions>
                            <sog>3.4</sog>
<cog>335.8</cog>
                        </extensions>
                    </trkpt>
                    <trkpt lat="54.383165" lon="10.16826">
                        <ele>0</ele>
                        <time>2022-08-18T16:52:28Z</time>
                                                <extensions>
                            <sog>3.2</sog>
<cog>337.4</cog>
                        </extensions>
                    </trkpt>
                    <trkpt lat="54.383799999999994" lon="10.167738333333334">
                        <ele>0</ele>
                        <time>2022-08-18T16:53:26Z</time>
                                                <extensions>
                            <sog>2.7</sog>
<cog>334.9</cog>
                        </extensions>
                    </trkpt>
                    <trkpt lat="54.38413333333333" lon="10.167448333333335">
                        <ele>0</ele>
                        <time>2022-08-18T16:53:56Z</time>
                                                <extensions>
                            <sog>2.4</sog>
<cog>331.2</cog>
                        </extensions>
                    </trkpt>
                    <trkpt lat="54.384625" lon="10.167076666666667">
                        <ele>0</ele>
                        <time>2022-08-18T16:54:58Z</time>
                                                <extensions>
                            <sog>1.6</sog>
<cog>357.1</cog>
                        </extensions>
                    </trkpt>
                    <trkpt lat="54.38474333333333" lon="10.167258333333333">
                        <ele>0</ele>
                        <time>2022-08-18T16:55:56Z</time>
                                                <extensions>
                            <sog>0.1</sog>
<cog>78.9</cog>
                        </extensions>
                    </trkpt>
                    <trkpt lat="54.384753333333336" lon="10.167306666666667">
                        <ele>0</ele>
                        <time>2022-08-18T16:57:26Z</time>
                                                <extensions>
                            <sog>0.0</sog>
<cog>78.9</cog>
                        </extensions>
                    </trkpt>
                    <trkpt lat="54.384753333333336" lon="10.167315">
                        <ele>0</ele>
                        <time>2022-08-18T17:00:27Z</time>
                                                <extensions>
                            <sog>0.1</sog>
<cog>78.9</cog>
                        </extensions>
                    </trkpt>
                    <trkpt lat="54.384753333333336" lon="10.167315">
                        <ele>0</ele>
                        <time>2022-08-18T17:00:27Z</time>
                                                <extensions>
                            <sog>0.1</sog>
<cog>78.9</cog>
                        </extensions>
                    </trkpt>
                    <trkpt lat="54.384751666666666" lon="10.167296666666665">
                        <ele>0</ele>
                        <time>2022-08-18T17:03:26Z</time>
                                                <extensions>
                            <sog>0.0</sog>
<cog>78.9</cog>
                        </extensions>
                    </trkpt>
                    <trkpt lat="54.38474833333333" lon="10.167308333333333">
                        <ele>0</ele>
                        <time>2022-08-18T17:06:30Z</time>
                                                <extensions>
                            <sog>0.0</sog>
<cog>78.9</cog>
                        </extensions>
                    </trkpt>
                    <trkpt lat="54.38476" lon="10.16733">
                        <ele>0</ele>
                        <time>2022-08-18T17:09:27Z</time>
                                                <extensions>
                            <sog>0.0</sog>
<cog>78.9</cog>
                        </extensions>
                    </trkpt>
                    <trkpt lat="54.384751666666666" lon="10.167316666666666">
                        <ele>0</ele>
                        <time>2022-08-18T17:12:29Z</time>
                                                <extensions>
                            <sog>0.0</sog>
<cog>78.9</cog>
                        </extensions>
                    </trkpt>
                    <trkpt lat="54.384728333333335" lon="10.167358333333334">
                        <ele>0</ele>
                        <time>2022-08-18T17:15:27Z</time>
                                                <extensions>
                            <sog>0.0</sog>
<cog>78.9</cog>
                        </extensions>
                    </trkpt>
                    <trkpt lat="54.38476333333333" lon="10.167325">
                        <ele>0</ele>
                        <time>2022-08-18T17:18:28Z</time>
                                                <extensions>
                            <sog>0.0</sog>
<cog>78.9</cog>
                        </extensions>
                    </trkpt>
                    <trkpt lat="54.38476333333333" lon="10.167335000000001">
                        <ele>0</ele>
                        <time>2022-08-18T17:24:26Z</time>
                                                <extensions>
                            <sog>0.0</sog>
<cog>78.9</cog>
                        </extensions>
                    </trkpt>
                    <trkpt lat="54.38476" lon="10.167338333333333">
                        <ele>0</ele>
                        <time>2022-08-18T17:27:30Z</time>
                                                <extensions>
                            <sog>0.0</sog>
<cog>78.9</cog>
                        </extensions>
                    </trkpt>
                    <trkpt lat="54.38475666666667" lon="10.167326666666666">
                        <ele>0</ele>
                        <time>2022-08-18T17:30:26Z</time>
                                                <extensions>
                            <sog>0.1</sog>
<cog>78.9</cog>
                        </extensions>
                    </trkpt>
                    <trkpt lat="54.38476166666667" lon="10.16733">
                        <ele>0</ele>
                        <time>2022-08-18T17:36:26Z</time>
                                                <extensions>
                            <sog>0.0</sog>
<cog>78.9</cog>
                        </extensions>
                    </trkpt>
                    <trkpt lat="54.384768333333334" lon="10.167323333333334">
                        <ele>0</ele>
                        <time>2022-08-18T17:42:27Z</time>
                                                <extensions>
                            <sog>0.1</sog>
<cog>78.9</cog>
                        </extensions>
                    </trkpt>
                    <trkpt lat="54.384751666666666" lon="10.167328333333334">
                        <ele>0</ele>
                        <time>2022-08-18T17:45:26Z</time>
                                                <extensions>
                            <sog>0.0</sog>
<cog>78.9</cog>
                        </extensions>
                    </trkpt>
                    <trkpt lat="54.38474833333333" lon="10.16735">
                        <ele>0</ele>
                        <time>2022-08-18T17:48:26Z</time>
                                                <extensions>
                            <sog>0.0</sog>
<cog>78.9</cog>
                        </extensions>
                    </trkpt>
                    <trkpt lat="54.38474" lon="10.167336666666667">
                        <ele>0</ele>
                        <time>2022-08-18T17:54:26Z</time>
                                                <extensions>
                            <sog>0.0</sog>
<cog>78.9</cog>
                        </extensions>
                    </trkpt>
                    <trkpt lat="54.384735" lon="10.167300000000001">
                        <ele>0</ele>
                        <time>2022-08-18T17:57:26Z</time>
                                                <extensions>
                            <sog>0.0</sog>
<cog>78.9</cog>
                        </extensions>
                    </trkpt>
                    <trkpt lat="54.38474833333333" lon="10.167303333333333">
                        <ele>0</ele>
                        <time>2022-08-18T18:00:28Z</time>
                                                <extensions>
                            <sog>0.0</sog>
<cog>78.9</cog>
                        </extensions>
                    </trkpt>
                    <trkpt lat="54.38474833333333" lon="10.167303333333333">
                        <ele>0</ele>
                        <time>2022-08-18T18:00:28Z</time>
                                                <extensions>
                            <sog>0.0</sog>
<cog>78.9</cog>
                        </extensions>
                    </trkpt>
                    <trkpt lat="54.384755000000006" lon="10.167295">
                        <ele>0</ele>
                        <time>2022-08-18T18:03:27Z</time>
                                                <extensions>
                            <sog>0.0</sog>
<cog>78.9</cog>
                        </extensions>
                    </trkpt>
                    <trkpt lat="54.384755000000006" lon="10.167328333333334">
                        <ele>0</ele>
                        <time>2022-08-18T18:06:26Z</time>
                                                <extensions>
                            <sog>0.0</sog>
<cog>78.9</cog>
                        </extensions>
                    </trkpt>
                    <trkpt lat="54.38475666666667" lon="10.167326666666666">
                        <ele>0</ele>
                        <time>2022-08-18T18:12:28Z</time>
                                                <extensions>
                            <sog>0.0</sog>
<cog>78.9</cog>
                        </extensions>
                    </trkpt>
                    <trkpt lat="54.384766666666664" lon="10.167348333333333">
                        <ele>0</ele>
                        <time>2022-08-18T18:18:28Z</time>
                                                <extensions>
                            <sog>0.0</sog>
<cog>78.9</cog>
                        </extensions>
                    </trkpt>
                    <trkpt lat="54.384765" lon="10.167336666666667">
                        <ele>0</ele>
                        <time>2022-08-18T18:24:27Z</time>
                                                <extensions>
                            <sog>0.0</sog>
<cog>78.9</cog>
                        </extensions>
                    </trkpt>
                    </trkseg>
                </trk>
</gpx>