<?xml version="1.0" encoding="UTF-8"?>
<gpx version="1.1" creator="AIS-to-GPX Converter" xmlns="http://www.topografix.com/GPX/1/1">
                <trk>
                    <name>anon0114</name>
                    <trkseg>
                                            <trkpt lat="54.65984666666667" lon="10.019178333333334">
                        <ele>0</ele>
                        <time>2022-08-18T00:00:19Z</time>
                                                <extensions>
                            <sog>0.0</sog>
<cog>192.3</cog>
                        </extensions>
                    </trkpt>
                    <trkpt lat="54.65984" lon="10.019191666666668">
                        <ele>0</ele>
                        <time>2022-08-18T00:00:38Z</time>
                                                <extensions>
                            <sog>0.0</sog>
<cog>192.3</cog>
                        </extensions>
                    </trkpt>
                    <trkpt lat="55.09325333333334" lon="10.241076666666666">
                        <ele>0</ele>
                        <time>2022-08-18T04:20:58Z</time>
                                                <extensions>
                            <sog>0.0</sog>
<cog>9.6</cog>
                        </extensions>
                    </trkpt>
                    <trkpt lat="55.09325333333334" lon="10.241068333333335">
                        <ele>0</ele>
                        <time>2022-08-18T04:21:58Z</time>
                                                <extensions>
                            <sog>0.0</sog>
<cog>9.6</cog>
                        </extensions>
                    </trkpt>
                    <trkpt lat="55.093246666666666" lon="10.241053333333333">
                        <ele>0</ele>
                        <time>2022-08-18T04:22:18Z</time>
                                                <extensions>
                            <sog>0.0</sog>
<cog>9.6</cog>
                        </extensions>
                    </trkpt>
                    <trkpt lat="55.093246666666666" lon="10.241045000000002">
                        <ele>0</ele>
                        <time>2022-08-18T04:24:39Z</time>
                                                <extensions>
                            <sog>0.0</sog>
<cog>9.6</cog>
                        </extensions>
                    </trkpt>
                    <trkpt lat="55.09327" lon="10.241045000000002">
                        <ele>0</ele>
                        <time>2022-08-18T04:24:58Z</time>
                                                <extensions>
                            <sog>0.0</sog>
<cog>9.6</cog>
                        </extensions>
                    </trkpt>
                    <trkpt lat="54.73146" lon="10.108365">
                        <ele>0</ele>
                        <time>2022-08-18T15:10:38Z</time>
                                                <extensions>
                            <sog>5.4</sog>
<cog>194.1</cog>
                        </extensions>
                    </trkpt>
                    <trkpt lat="54.72998" lon="10.107811666666667">
                        <ele>0</ele>
                        <time>2022-08-18T15:11:38Z</time>
                                                <extensions>
                            <sog>5.4</sog>
<cog>191.6</cog>
                        </extensions>
                    </trkpt>
                    <trkpt lat="54.727986666666666" lon="10.106931666666666">
                        <ele>0</ele>
                        <time>2022-08-18T15:12:59Z</time>
                                                <extensions>
                            <sog>5.4</sog>
<cog>191.8</cog>
                        </extensions>
                    </trkpt>
                    <trkpt lat="54.71583666666667" lon="10.100726666666667">
                        <ele>0</ele>
                        <time>2022-08-18T15:21:19Z</time>
                                                <extensions>
                            <sog>5.5</sog>
<cog>200.1</cog>
                        </extensions>
                    </trkpt>
                    <trkpt lat="54.71393333333333" lon="10.099383333333332">
                        <ele>0</ele>
                        <time>2022-08-18T15:22:39Z</time>
                                                <extensions>
                            <sog>5.5</sog>
<cog>201.9</cog>
                        </extensions>
                    </trkpt>
                    <trkpt lat="54.713453333333334" lon="10.099053333333334">
                        <ele>0</ele>
                        <time>2022-08-18T15:22:59Z</time>
                                                <extensions>
                            <sog>5.5</sog>
<cog>202.0</cog>
                        </extensions>
                    </trkpt>
                    <trkpt lat="54.71297333333334" lon="10.098731666666668">
                        <ele>0</ele>
                        <time>2022-08-18T15:23:19Z</time>
                                                <extensions>
                            <sog>5.5</sog>
<cog>200.6</cog>
                        </extensions>
                    </trkpt>
                    <trkpt lat="54.712493333333335" lon="10.098431666666666">
                        <ele>0</ele>
                        <time>2022-08-18T15:23:39Z</time>
                                                <extensions>
                            <sog>5.5</sog>
<cog>200.4</cog>
                        </extensions>
                    </trkpt>
                    <trkpt lat="54.71066" lon="10.096863333333333">
                        <ele>0</ele>
                        <time>2022-08-18T15:24:59Z</time>
                                                <extensions>
                            <sog>5.4</sog>
<cog>200.4</cog>
                        </extensions>
                    </trkpt>
                    <trkpt lat="54.71019666666667" lon="10.096544999999999">
                        <ele>0</ele>
                        <time>2022-08-18T15:25:19Z</time>
                                                <extensions>
                            <sog>5.4</sog>
<cog>201.9</cog>
                        </extensions>
                    </trkpt>
                    <trkpt lat="54.709716666666665" lon="10.096219999999999">
                        <ele>0</ele>
                        <time>2022-08-18T15:25:39Z</time>
                                                <extensions>
                            <sog>5.4</sog>
<cog>201.5</cog>
                        </extensions>
                    </trkpt>
                    <trkpt lat="54.70927" lon="10.095925">
                        <ele>0</ele>
                        <time>2022-08-18T15:25:58Z</time>
                                                <extensions>
                            <sog>5.4</sog>
<cog>201.1</cog>
                        </extensions>
                    </trkpt>
                    <trkpt lat="54.70877333333333" lon="10.095601666666665">
                        <ele>0</ele>
                        <time>2022-08-18T15:26:19Z</time>
                                                <extensions>
                            <sog>5.4</sog>
<cog>200.2</cog>
                        </extensions>
                    </trkpt>
                    <trkpt lat="54.70831" lon="10.095266666666667">
                        <ele>0</ele>
                        <time>2022-08-18T15:26:39Z</time>
                                                <extensions>
                            <sog>5.4</sog>
<cog>202.9</cog>
                        </extensions>
                    </trkpt>
                    <trkpt lat="54.70786" lon="10.094940000000001">
                        <ele>0</ele>
                        <time>2022-08-18T15:26:58Z</time>
                                                <extensions>
                            <sog>5.4</sog>
<cog>202.7</cog>
                        </extensions>
                    </trkpt>
                    <trkpt lat="54.70736333333333" lon="10.094641666666666">
                        <ele>0</ele>
                        <time>2022-08-18T15:27:19Z</time>
                                                <extensions>
                            <sog>5.4</sog>
<cog>198.9</cog>
                        </extensions>
                    </trkpt>
                    <trkpt lat="54.70646" lon="10.094001666666665">
                        <ele>0</ele>
                        <time>2022-08-18T15:27:58Z</time>
                                                <extensions>
                            <sog>5.4</sog>
<cog>203.3</cog>
                        </extensions>
                    </trkpt>
                    <trkpt lat="54.70554333333334" lon="10.09342">
                        <ele>0</ele>
                        <time>2022-08-18T15:28:37Z</time>
                                                <extensions>
                            <sog>5.4</sog>
<cog>201.2</cog>
                        </extensions>
                    </trkpt>
                    <trkpt lat="54.705063333333335" lon="10.093046666666668">
                        <ele>0</ele>
                        <time>2022-08-18T15:28:58Z</time>
                                                <extensions>
                            <sog>5.4</sog>
<cog>204.0</cog>
                        </extensions>
                    </trkpt>
                    <trkpt lat="54.69751" lon="10.087801666666667">
                        <ele>0</ele>
                        <time>2022-08-18T15:34:18Z</time>
                                                <extensions>
                            <sog>5.4</sog>
<cog>200.7</cog>
                        </extensions>
                    </trkpt>
                    <trkpt lat="54.694179999999996" lon="10.085478333333333">
                        <ele>0</ele>
                        <time>2022-08-18T15:36:39Z</time>
                                                <extensions>
                            <sog>5.5</sog>
<cog>201.8</cog>
                        </extensions>
                    </trkpt>
                    <trkpt lat="54.69372666666666" lon="10.085158333333334">
                        <ele>0</ele>
                        <time>2022-08-18T15:36:58Z</time>
                                                <extensions>
                            <sog>5.5</sog>
<cog>202.0</cog>
                        </extensions>
                    </trkpt>
                    <trkpt lat="54.692766666666664" lon="10.084458333333334">
                        <ele>0</ele>
                        <time>2022-08-18T15:37:39Z</time>
                                                <extensions>
                            <sog>5.5</sog>
<cog>202.5</cog>
                        </extensions>
                    </trkpt>
                    <trkpt lat="54.69231" lon="10.084171666666666">
                        <ele>0</ele>
                        <time>2022-08-18T15:37:58Z</time>
                                                <extensions>
                            <sog>5.5</sog>
<cog>199.5</cog>
                        </extensions>
                    </trkpt>
                    <trkpt lat="54.691829999999996" lon="10.083885">
                        <ele>0</ele>
                        <time>2022-08-18T15:38:18Z</time>
                                                <extensions>
                            <sog>5.5</sog>
<cog>199.5</cog>
                        </extensions>
                    </trkpt>
                    <trkpt lat="54.69133333333333" lon="10.083526666666668">
                        <ele>0</ele>
                        <time>2022-08-18T15:38:39Z</time>
                                                <extensions>
                            <sog>5.5</sog>
<cog>203.9</cog>
                        </extensions>
                    </trkpt>
                    <trkpt lat="54.69090333333334" lon="10.083186666666668">
                        <ele>0</ele>
                        <time>2022-08-18T15:38:58Z</time>
                                                <extensions>
                            <sog>5.5</sog>
<cog>202.6</cog>
                        </extensions>
                    </trkpt>
                    <trkpt lat="54.69042" lon="10.082893333333335">
                        <ele>0</ele>
                        <time>2022-08-18T15:39:18Z</time>
                                                <extensions>
                            <sog>5.4</sog>
<cog>198.9</cog>
                        </extensions>
                    </trkpt>
                    <trkpt lat="54.68991666666667" lon="10.082578333333334">
                        <ele>0</ele>
                        <time>2022-08-18T15:39:39Z</time>
                                                <extensions>
                            <sog>5.4</sog>
<cog>201.5</cog>
                        </extensions>
                    </trkpt>
                    <trkpt lat="54.68947" lon="10.082245">
                        <ele>0</ele>
                        <time>2022-08-18T15:39:58Z</time>
                                                <extensions>
                            <sog>5.5</sog>
<cog>203.6</cog>
                        </extensions>
                    </trkpt>
                    <trkpt lat="54.68899666666667" lon="10.081913333333334">
                        <ele>0</ele>
                        <time>2022-08-18T15:40:18Z</time>
                                                <extensions>
                            <sog>5.5</sog>
<cog>201.3</cog>
                        </extensions>
                    </trkpt>
                    <trkpt lat="54.6885" lon="10.081591666666666">
                        <ele>0</ele>
                        <time>2022-08-18T15:40:39Z</time>
                                                <extensions>
                            <sog>5.5</sog>
<cog>200.6</cog>
                        </extensions>
                    </trkpt>
                    <trkpt lat="54.68805333333333" lon="10.081271666666668">
                        <ele>0</ele>
                        <time>2022-08-18T15:40:58Z</time>
                                                <extensions>
                            <sog>5.5</sog>
<cog>203.6</cog>
                        </extensions>
                    </trkpt>
                    <trkpt lat="54.687580000000004" lon="10.080931666666666">
                        <ele>0</ele>
                        <time>2022-08-18T15:41:18Z</time>
                                                <extensions>
                            <sog>5.5</sog>
<cog>201.5</cog>
                        </extensions>
                    </trkpt>
                    <trkpt lat="54.68707666666667" lon="10.080585000000001">
                        <ele>0</ele>
                        <time>2022-08-18T15:41:39Z</time>
                                                <extensions>
                            <sog>5.5</sog>
<cog>202.7</cog>
                        </extensions>
                    </trkpt>
                    <trkpt lat="54.68663" lon="10.080266666666667">
                        <ele>0</ele>
                        <time>2022-08-18T15:41:58Z</time>
                                                <extensions>
                            <sog>5.5</sog>
<cog>201.3</cog>
                        </extensions>
                    </trkpt>
                    <trkpt lat="54.68523666666667" lon="10.079196666666666">
                        <ele>0</ele>
                        <time>2022-08-18T15:42:58Z</time>
                                                <extensions>
                            <sog>5.5</sog>
<cog>209.7</cog>
                        </extensions>
                    </trkpt>
                    <trkpt lat="54.68479" lon="10.078759999999999">
                        <ele>0</ele>
                        <time>2022-08-18T15:43:18Z</time>
                                                <extensions>
                            <sog>5.5</sog>
<cog>208.8</cog>
                        </extensions>
                    </trkpt>
                    <trkpt lat="54.68390333333333" lon="10.077858333333333">
                        <ele>0</ele>
                        <time>2022-08-18T15:43:58Z</time>
                                                <extensions>
                            <sog>5.5</sog>
<cog>211.5</cog>
                        </extensions>
                    </trkpt>
                    <trkpt lat="54.683456666666665" lon="10.077425">
                        <ele>0</ele>
                        <time>2022-08-18T15:44:18Z</time>
                                                <extensions>
                            <sog>5.5</sog>
<cog>209.6</cog>
                        </extensions>
                    </trkpt>
                    <trkpt lat="54.682990000000004" lon="10.076958333333332">
                        <ele>0</ele>
                        <time>2022-08-18T15:44:39Z</time>
                                                <extensions>
                            <sog>5.5</sog>
<cog>210.2</cog>
                        </extensions>
                    </trkpt>
                    <trkpt lat="54.68257666666667" lon="10.076515">
                        <ele>0</ele>
                        <time>2022-08-18T15:44:58Z</time>
                                                <extensions>
                            <sog>5.5</sog>
<cog>211.3</cog>
                        </extensions>
                    </trkpt>
                    <trkpt lat="54.682120000000005" lon="10.076093333333334">
                        <ele>0</ele>
                        <time>2022-08-18T15:45:18Z</time>
                                                <extensions>
                            <sog>5.5</sog>
<cog>208.1</cog>
                        </extensions>
                    </trkpt>
                    <trkpt lat="54.68165" lon="10.075653333333333">
                        <ele>0</ele>
                        <time>2022-08-18T15:45:39Z</time>
                                                <extensions>
                            <sog>5.5</sog>
<cog>209.2</cog>
                        </extensions>
                    </trkpt>
                    <trkpt lat="54.68122666666667" lon="10.075218333333334">
                        <ele>0</ele>
                        <time>2022-08-18T15:45:58Z</time>
                                                <extensions>
                            <sog>5.5</sog>
<cog>211.0</cog>
                        </extensions>
                    </trkpt>
                    <trkpt lat="54.68077666666667" lon="10.074773333333333">
                        <ele>0</ele>
                        <time>2022-08-18T15:46:18Z</time>
                                                <extensions>
                            <sog>5.5</sog>
<cog>208.8</cog>
                        </extensions>
                    </trkpt>
                    <trkpt lat="54.68031333333333" lon="10.074313333333333">
                        <ele>0</ele>
                        <time>2022-08-18T15:46:39Z</time>
                                                <extensions>
                            <sog>5.5</sog>
<cog>210.7</cog>
                        </extensions>
                    </trkpt>
                    <trkpt lat="54.67944333333333" lon="10.073431666666666">
                        <ele>0</ele>
                        <time>2022-08-18T15:47:18Z</time>
                                                <extensions>
                            <sog>5.5</sog>
<cog>208.9</cog>
                        </extensions>
                    </trkpt>
                    <trkpt lat="54.67896333333333" lon="10.07297">
                        <ele>0</ele>
                        <time>2022-08-18T15:47:39Z</time>
                                                <extensions>
                            <sog>5.5</sog>
<cog>210.7</cog>
                        </extensions>
                    </trkpt>
                    <trkpt lat="54.67852333333334" lon="10.072511666666665">
                        <ele>0</ele>
                        <time>2022-08-18T15:47:59Z</time>
                                                <extensions>
                            <sog>5.5</sog>
<cog>210.7</cog>
                        </extensions>
                    </trkpt>
                    <trkpt lat="54.67808333333333" lon="10.072104999999999">
                        <ele>0</ele>
                        <time>2022-08-18T15:48:18Z</time>
                                                <extensions>
                            <sog>5.5</sog>
<cog>208.8</cog>
                        </extensions>
                    </trkpt>
                    <trkpt lat="54.677659999999996" lon="10.071685">
                        <ele>0</ele>
                        <time>2022-08-18T15:48:37Z</time>
                                                <extensions>
                            <sog>5.5</sog>
<cog>210.1</cog>
                        </extensions>
                    </trkpt>
                    <trkpt lat="54.67675666666666" lon="10.070738333333333">
                        <ele>0</ele>
                        <time>2022-08-18T15:49:18Z</time>
                                                <extensions>
                            <sog>5.6</sog>
<cog>209.3</cog>
                        </extensions>
                    </trkpt>
                    <trkpt lat="54.67632666666667" lon="10.07035">
                        <ele>0</ele>
                        <time>2022-08-18T15:49:37Z</time>
                                                <extensions>
                            <sog>5.6</sog>
<cog>206.6</cog>
                        </extensions>
                    </trkpt>
                    <trkpt lat="54.67539" lon="10.069495">
                        <ele>0</ele>
                        <time>2022-08-18T15:50:18Z</time>
                                                <extensions>
                            <sog>5.5</sog>
<cog>211.5</cog>
                        </extensions>
                    </trkpt>
                    <trkpt lat="54.674976666666666" lon="10.069045">
                        <ele>0</ele>
                        <time>2022-08-18T15:50:37Z</time>
                                                <extensions>
                            <sog>5.5</sog>
<cog>212.2</cog>
                        </extensions>
                    </trkpt>
                    <trkpt lat="54.67448" lon="10.068565">
                        <ele>0</ele>
                        <time>2022-08-18T15:50:59Z</time>
                                                <extensions>
                            <sog>5.5</sog>
<cog>208.7</cog>
                        </extensions>
                    </trkpt>
                    <trkpt lat="54.67364" lon="10.067706666666668">
                        <ele>0</ele>
                        <time>2022-08-18T15:51:37Z</time>
                                                <extensions>
                            <sog>5.5</sog>
<cog>211.2</cog>
                        </extensions>
                    </trkpt>
                    <trkpt lat="54.673136666666664" lon="10.06723">
                        <ele>0</ele>
                        <time>2022-08-18T15:51:59Z</time>
                                                <extensions>
                            <sog>5.5</sog>
<cog>209.2</cog>
                        </extensions>
                    </trkpt>
                    <trkpt lat="54.67272" lon="10.066786666666667">
                        <ele>0</ele>
                        <time>2022-08-18T15:52:18Z</time>
                                                <extensions>
                            <sog>5.5</sog>
<cog>212.4</cog>
                        </extensions>
                    </trkpt>
                    <trkpt lat="54.672313333333335" lon="10.066321666666665">
                        <ele>0</ele>
                        <time>2022-08-18T15:52:37Z</time>
                                                <extensions>
                            <sog>5.6</sog>
<cog>213.8</cog>
                        </extensions>
                    </trkpt>
                    <trkpt lat="54.67141" lon="10.065351666666666">
                        <ele>0</ele>
                        <time>2022-08-18T15:53:18Z</time>
                                                <extensions>
                            <sog>5.6</sog>
<cog>213.3</cog>
                        </extensions>
                    </trkpt>
                    <trkpt lat="54.669653333333336" lon="10.063559999999999">
                        <ele>0</ele>
                        <time>2022-08-18T15:54:38Z</time>
                                                <extensions>
                            <sog>5.5</sog>
<cog>209.3</cog>
                        </extensions>
                    </trkpt>
                    <trkpt lat="54.66832" lon="10.062270000000002">
                        <ele>0</ele>
                        <time>2022-08-18T15:55:38Z</time>
                                                <extensions>
                            <sog>5.4</sog>
<cog>210.1</cog>
                        </extensions>
                    </trkpt>
                    <trkpt lat="54.66788666666666" lon="10.061793333333332">
                        <ele>0</ele>
                        <time>2022-08-18T15:55:57Z</time>
                                                <extensions>
                            <sog>5.3</sog>
<cog>213.1</cog>
                        </extensions>
                    </trkpt>
                    <trkpt lat="54.667530000000006" lon="10.06141">
                        <ele>0</ele>
                        <time>2022-08-18T15:56:17Z</time>
                                                <extensions>
                            <sog>4.7</sog>
<cog>210.1</cog>
                        </extensions>
                    </trkpt>
                    <trkpt lat="54.66715333333333" lon="10.061053333333332">
                        <ele>0</ele>
                        <time>2022-08-18T15:56:38Z</time>
                                                <extensions>
                            <sog>4.2</sog>
<cog>209.3</cog>
                        </extensions>
                    </trkpt>
                    <trkpt lat="54.66657" lon="10.060415">
                        <ele>0</ele>
                        <time>2022-08-18T15:57:17Z</time>
                                                <extensions>
                            <sog>3.6</sog>
<cog>212.6</cog>
                        </extensions>
                    </trkpt>
                    <trkpt lat="54.66628333333333" lon="10.060120000000001">
                        <ele>0</ele>
                        <time>2022-08-18T15:57:38Z</time>
                                                <extensions>
                            <sog>3.4</sog>
<cog>209.7</cog>
                        </extensions>
                    </trkpt>
                    <trkpt lat="54.666000000000004" lon="10.059858333333333">
                        <ele>0</ele>
                        <time>2022-08-18T15:57:57Z</time>
                                                <extensions>
                            <sog>3.2</sog>
<cog>210.3</cog>
                        </extensions>
                    </trkpt>
                    <trkpt lat="54.66574" lon="10.059573333333333">
                        <ele>0</ele>
                        <time>2022-08-18T15:58:19Z</time>
                                                <extensions>
                            <sog>3.2</sog>
<cog>212.4</cog>
                        </extensions>
                    </trkpt>
                    <trkpt lat="54.66549333333333" lon="10.059335">
                        <ele>0</ele>
                        <time>2022-08-18T15:58:38Z</time>
                                                <extensions>
                            <sog>3.3</sog>
<cog>207.4</cog>
                        </extensions>
                    </trkpt>
                    <trkpt lat="54.66518666666666" lon="10.059085000000001">
                        <ele>0</ele>
                        <time>2022-08-18T15:58:59Z</time>
                                                <extensions>
                            <sog>3.5</sog>
<cog>205.3</cog>
                        </extensions>
                    </trkpt>
                    <trkpt lat="54.664883333333336" lon="10.058828333333334">
                        <ele>0</ele>
                        <time>2022-08-18T15:59:19Z</time>
                                                <extensions>
                            <sog>3.6</sog>
<cog>206.4</cog>
                        </extensions>
                    </trkpt>
                    <trkpt lat="54.66458333333333" lon="10.058565">
                        <ele>0</ele>
                        <time>2022-08-18T15:59:38Z</time>
                                                <extensions>
                            <sog>3.8</sog>
<cog>206.9</cog>
                        </extensions>
                    </trkpt>
                    <trkpt lat="54.66424" lon="10.058300000000001">
                        <ele>0</ele>
                        <time>2022-08-18T15:59:59Z</time>
                                                <extensions>
                            <sog>3.8</sog>
<cog>202.3</cog>
                        </extensions>
                    </trkpt>
                    <trkpt lat="54.6639" lon="10.058081666666668">
                        <ele>0</ele>
                        <time>2022-08-18T16:00:19Z</time>
                                                <extensions>
                            <sog>3.9</sog>
<cog>201.7</cog>
                        </extensions>
                    </trkpt>
                    <trkpt lat="54.6639" lon="10.058081666666668">
                        <ele>0</ele>
                        <time>2022-08-18T16:00:19Z</time>
                                                <extensions>
                            <sog>3.9</sog>
<cog>201.7</cog>
                        </extensions>
                    </trkpt>
                    <trkpt lat="54.66324" lon="10.057545000000001">
                        <ele>0</ele>
                        <time>2022-08-18T16:00:59Z</time>
                                                <extensions>
                            <sog>4.0</sog>
<cog>206.2</cog>
                        </extensions>
                    </trkpt>
                    <trkpt lat="54.66324" lon="10.057545000000001">
                        <ele>0</ele>
                        <time>2022-08-18T16:00:59Z</time>
                                                <extensions>
                            <sog>4.0</sog>
<cog>206.2</cog>
                        </extensions>
                    </trkpt>
                    <trkpt lat="54.662906666666665" lon="10.057266666666667">
                        <ele>0</ele>
                        <time>2022-08-18T16:01:19Z</time>
                                                <extensions>
                            <sog>4.0</sog>
<cog>206.2</cog>
                        </extensions>
                    </trkpt>
                    <trkpt lat="54.66259" lon="10.056961666666666">
                        <ele>0</ele>
                        <time>2022-08-18T16:01:38Z</time>
                                                <extensions>
                            <sog>4.1</sog>
<cog>208.9</cog>
                        </extensions>
                    </trkpt>
                    <trkpt lat="54.66222333333334" lon="10.056645">
                        <ele>0</ele>
                        <time>2022-08-18T16:01:59Z</time>
                                                <extensions>
                            <sog>4.1</sog>
<cog>207.2</cog>
                        </extensions>
                    </trkpt>
                    <trkpt lat="54.66189" lon="10.056333333333333">
                        <ele>0</ele>
                        <time>2022-08-18T16:02:19Z</time>
                                                <extensions>
                            <sog>4.2</sog>
<cog>207.5</cog>
                        </extensions>
                    </trkpt>
                    <trkpt lat="54.66155666666667" lon="10.056038333333333">
                        <ele>0</ele>
                        <time>2022-08-18T16:02:38Z</time>
                                                <extensions>
                            <sog>4.2</sog>
<cog>208.1</cog>
                        </extensions>
                    </trkpt>
                    <trkpt lat="54.66121333333333" lon="10.055646666666666">
                        <ele>0</ele>
                        <time>2022-08-18T16:02:59Z</time>
                                                <extensions>
                            <sog>4.2</sog>
<cog>214.3</cog>
                        </extensions>
                    </trkpt>
                    <trkpt lat="54.66088" lon="10.055276666666666">
                        <ele>0</ele>
                        <time>2022-08-18T16:03:19Z</time>
                                                <extensions>
                            <sog>4.2</sog>
<cog>213.3</cog>
                        </extensions>
                    </trkpt>
                    <trkpt lat="54.66057" lon="10.054905">
                        <ele>0</ele>
                        <time>2022-08-18T16:03:38Z</time>
                                                <extensions>
                            <sog>4.3</sog>
<cog>214.9</cog>
                        </extensions>
                    </trkpt>
                    <trkpt lat="54.660219999999995" lon="10.05452">
                        <ele>0</ele>
                        <time>2022-08-18T16:03:59Z</time>
                                                <extensions>
                            <sog>4.3</sog>
<cog>211.0</cog>
                        </extensions>
                    </trkpt>
                    <trkpt lat="54.65993666666667" lon="10.054086666666667">
                        <ele>0</ele>
                        <time>2022-08-18T16:04:19Z</time>
                                                <extensions>
                            <sog>4.1</sog>
<cog>225.6</cog>
                        </extensions>
                    </trkpt>
                    <trkpt lat="54.65976666666666" lon="10.053546666666668">
                        <ele>0</ele>
                        <time>2022-08-18T16:04:38Z</time>
                                                <extensions>
                            <sog>4.1</sog>
<cog>243.2</cog>
                        </extensions>
                    </trkpt>
                    <trkpt lat="54.65962666666667" lon="10.052876666666666">
                        <ele>0</ele>
                        <time>2022-08-18T16:04:59Z</time>
                                                <extensions>
                            <sog>4.2</sog>
<cog>250.4</cog>
                        </extensions>
                    </trkpt>
                    <trkpt lat="54.659506666666665" lon="10.052245">
                        <ele>0</ele>
                        <time>2022-08-18T16:05:17Z</time>
                                                <extensions>
                            <sog>4.3</sog>
<cog>253.5</cog>
                        </extensions>
                    </trkpt>
                    <trkpt lat="54.6594" lon="10.050828333333333">
                        <ele>0</ele>
                        <time>2022-08-18T16:05:59Z</time>
                                                <extensions>
                            <sog>4.4</sog>
<cog>265.0</cog>
                        </extensions>
                    </trkpt>
                    <trkpt lat="54.65937666666667" lon="10.050180000000001">
                        <ele>0</ele>
                        <time>2022-08-18T16:06:17Z</time>
                                                <extensions>
                            <sog>4.3</sog>
<cog>267.3</cog>
                        </extensions>
                    </trkpt>
                    <trkpt lat="54.65936" lon="10.048956666666667">
                        <ele>0</ele>
                        <time>2022-08-18T16:06:59Z</time>
                                                <extensions>
                            <sog>3.4</sog>
<cog>267.3</cog>
                        </extensions>
                    </trkpt>
                    <trkpt lat="54.65935" lon="10.048468333333334">
                        <ele>0</ele>
                        <time>2022-08-18T16:07:17Z</time>
                                                <extensions>
                            <sog>3.1</sog>
<cog>269.3</cog>
                        </extensions>
                    </trkpt>
                    <trkpt lat="54.659326666666665" lon="10.047751666666667">
                        <ele>0</ele>
                        <time>2022-08-18T16:07:59Z</time>
                                                <extensions>
                            <sog>1.5</sog>
<cog>266.2</cog>
                        </extensions>
                    </trkpt>
                    <trkpt lat="54.65933333333333" lon="10.047533333333332">
                        <ele>0</ele>
                        <time>2022-08-18T16:08:17Z</time>
                                                <extensions>
                            <sog>1.4</sog>
<cog>277.2</cog>
                        </extensions>
                    </trkpt>
                    <trkpt lat="54.65937666666667" lon="10.047321666666667">
                        <ele>0</ele>
                        <time>2022-08-18T16:08:38Z</time>
                                                <extensions>
                            <sog>1.3</sog>
<cog>288.1</cog>
                        </extensions>
                    </trkpt>
                    <trkpt lat="54.65942333333333" lon="10.047108333333334">
                        <ele>0</ele>
                        <time>2022-08-18T16:08:59Z</time>
                                                <extensions>
                            <sog>1.3</sog>
<cog>290.0</cog>
                        </extensions>
                    </trkpt>
                    <trkpt lat="54.659456666666664" lon="10.04692">
                        <ele>0</ele>
                        <time>2022-08-18T16:09:17Z</time>
                                                <extensions>
                            <sog>1.3</sog>
<cog>288.2</cog>
                        </extensions>
                    </trkpt>
                    <trkpt lat="54.65952" lon="10.046486666666668">
                        <ele>0</ele>
                        <time>2022-08-18T16:09:58Z</time>
                                                <extensions>
                            <sog>1.5</sog>
<cog>278.7</cog>
                        </extensions>
                    </trkpt>
                    <trkpt lat="54.659506666666665" lon="10.046233333333333">
                        <ele>0</ele>
                        <time>2022-08-18T16:10:17Z</time>
                                                <extensions>
                            <sog>1.7</sog>
<cog>264.0</cog>
                        </extensions>
                    </trkpt>
                    <trkpt lat="54.65947333333334" lon="10.045906666666667">
                        <ele>0</ele>
                        <time>2022-08-18T16:10:38Z</time>
                                                <extensions>
                            <sog>2.0</sog>
<cog>264.1</cog>
                        </extensions>
                    </trkpt>
                    <trkpt lat="54.65946333333333" lon="10.045526666666666">
                        <ele>0</ele>
                        <time>2022-08-18T16:10:58Z</time>
                                                <extensions>
                            <sog>2.3</sog>
<cog>266.8</cog>
                        </extensions>
                    </trkpt>
                    <trkpt lat="54.65943333333333" lon="10.044748333333333">
                        <ele>0</ele>
                        <time>2022-08-18T16:11:38Z</time>
                                                <extensions>
                            <sog>2.6</sog>
<cog>265.7</cog>
                        </extensions>
                    </trkpt>
                    <trkpt lat="54.6594" lon="10.044298333333334">
                        <ele>0</ele>
                        <time>2022-08-18T16:11:58Z</time>
                                                <extensions>
                            <sog>2.7</sog>
<cog>264.0</cog>
                        </extensions>
                    </trkpt>
                    <trkpt lat="54.65936666666666" lon="10.043856666666667">
                        <ele>0</ele>
                        <time>2022-08-18T16:12:17Z</time>
                                                <extensions>
                            <sog>3.2</sog>
<cog>263.3</cog>
                        </extensions>
                    </trkpt>
                    <trkpt lat="54.659326666666665" lon="10.043280000000001">
                        <ele>0</ele>
                        <time>2022-08-18T16:12:39Z</time>
                                                <extensions>
                            <sog>3.3</sog>
<cog>261.3</cog>
                        </extensions>
                    </trkpt>
                    <trkpt lat="54.65928666666667" lon="10.042766666666667">
                        <ele>0</ele>
                        <time>2022-08-18T16:12:58Z</time>
                                                <extensions>
                            <sog>3.2</sog>
<cog>261.4</cog>
                        </extensions>
                    </trkpt>
                    <trkpt lat="54.659236666666665" lon="10.042298333333333">
                        <ele>0</ele>
                        <time>2022-08-18T16:13:17Z</time>
                                                <extensions>
                            <sog>3.2</sog>
<cog>262.1</cog>
                        </extensions>
                    </trkpt>
                    <trkpt lat="54.659196666666666" lon="10.041735">
                        <ele>0</ele>
                        <time>2022-08-18T16:13:39Z</time>
                                                <extensions>
                            <sog>3.2</sog>
<cog>261.5</cog>
                        </extensions>
                    </trkpt>
                    <trkpt lat="54.65916333333333" lon="10.041238333333332">
                        <ele>0</ele>
                        <time>2022-08-18T16:13:58Z</time>
                                                <extensions>
                            <sog>3.1</sog>
<cog>264.4</cog>
                        </extensions>
                    </trkpt>
                    <trkpt lat="54.65918" lon="10.040785">
                        <ele>0</ele>
                        <time>2022-08-18T16:14:17Z</time>
                                                <extensions>
                            <sog>3.1</sog>
<cog>274.8</cog>
                        </extensions>
                    </trkpt>
                    <trkpt lat="54.65939" lon="10.039333333333333">
                        <ele>0</ele>
                        <time>2022-08-18T16:15:17Z</time>
                                                <extensions>
                            <sog>3.1</sog>
<cog>291.9</cog>
                        </extensions>
                    </trkpt>
                    <trkpt lat="54.65953666666667" lon="10.038838333333333">
                        <ele>0</ele>
                        <time>2022-08-18T16:15:39Z</time>
                                                <extensions>
                            <sog>3.1</sog>
<cog>296.7</cog>
                        </extensions>
                    </trkpt>
                    <trkpt lat="54.65967666666666" lon="10.038423333333332">
                        <ele>0</ele>
                        <time>2022-08-18T16:15:58Z</time>
                                                <extensions>
                            <sog>3.1</sog>
<cog>301.9</cog>
                        </extensions>
                    </trkpt>
                    <trkpt lat="54.65984" lon="10.03802">
                        <ele>0</ele>
                        <time>2022-08-18T16:16:17Z</time>
                                                <extensions>
                            <sog>3.2</sog>
<cog>305.0</cog>
                        </extensions>
                    </trkpt>
                    <trkpt lat="54.66001666666667" lon="10.037560000000001">
                        <ele>0</ele>
                        <time>2022-08-18T16:16:39Z</time>
                                                <extensions>
                            <sog>3.2</sog>
<cog>305.2</cog>
                        </extensions>
                    </trkpt>
                    <trkpt lat="54.66032666666667" lon="10.036756666666667">
                        <ele>0</ele>
                        <time>2022-08-18T16:17:17Z</time>
                                                <extensions>
                            <sog>3.2</sog>
<cog>302.6</cog>
                        </extensions>
                    </trkpt>
                    <trkpt lat="54.66050666666667" lon="10.036258333333334">
                        <ele>0</ele>
                        <time>2022-08-18T16:17:39Z</time>
                                                <extensions>
                            <sog>3.2</sog>
<cog>301.5</cog>
                        </extensions>
                    </trkpt>
                    <trkpt lat="54.66066" lon="10.035833333333333">
                        <ele>0</ele>
                        <time>2022-08-18T16:17:58Z</time>
                                                <extensions>
                            <sog>3.2</sog>
<cog>301.1</cog>
                        </extensions>
                    </trkpt>
                    <trkpt lat="54.6608" lon="10.035411666666667">
                        <ele>0</ele>
                        <time>2022-08-18T16:18:17Z</time>
                                                <extensions>
                            <sog>3.2</sog>
<cog>298.6</cog>
                        </extensions>
                    </trkpt>
                    <trkpt lat="54.660936666666665" lon="10.0349">
                        <ele>0</ele>
                        <time>2022-08-18T16:18:39Z</time>
                                                <extensions>
                            <sog>3.2</sog>
<cog>295.5</cog>
                        </extensions>
                    </trkpt>
                    <trkpt lat="54.66104333333333" lon="10.034453333333333">
                        <ele>0</ele>
                        <time>2022-08-18T16:18:58Z</time>
                                                <extensions>
                            <sog>3.2</sog>
<cog>290.2</cog>
                        </extensions>
                    </trkpt>
                    <trkpt lat="54.66114" lon="10.033993333333333">
                        <ele>0</ele>
                        <time>2022-08-18T16:19:17Z</time>
                                                <extensions>
                            <sog>3.2</sog>
<cog>288.9</cog>
                        </extensions>
                    </trkpt>
                    <trkpt lat="54.66128666666667" lon="10.032973333333333">
                        <ele>0</ele>
                        <time>2022-08-18T16:19:58Z</time>
                                                <extensions>
                            <sog>3.0</sog>
<cog>277.4</cog>
                        </extensions>
                    </trkpt>
                    <trkpt lat="54.66132" lon="10.032565">
                        <ele>0</ele>
                        <time>2022-08-18T16:20:17Z</time>
                                                <extensions>
                            <sog>2.7</sog>
<cog>280.4</cog>
                        </extensions>
                    </trkpt>
                    <trkpt lat="54.661386666666665" lon="10.032106666666666">
                        <ele>0</ele>
                        <time>2022-08-18T16:20:39Z</time>
                                                <extensions>
                            <sog>2.5</sog>
<cog>283.2</cog>
                        </extensions>
                    </trkpt>
                    <trkpt lat="54.661433333333335" lon="10.031766666666666">
                        <ele>0</ele>
                        <time>2022-08-18T16:20:58Z</time>
                                                <extensions>
                            <sog>2.3</sog>
<cog>285.6</cog>
                        </extensions>
                    </trkpt>
                    <trkpt lat="54.66148333333333" lon="10.031406666666667">
                        <ele>0</ele>
                        <time>2022-08-18T16:21:39Z</time>
                                                <extensions>
                            <sog>0.7</sog>
<cog>282.4</cog>
                        </extensions>
                    </trkpt>
                    <trkpt lat="54.66146666666667" lon="10.031425">
                        <ele>0</ele>
                        <time>2022-08-18T16:22:17Z</time>
                                                <extensions>
                            <sog>0.0</sog>
<cog>296.2</cog>
                        </extensions>
                    </trkpt>
                    <trkpt lat="54.66149" lon="10.03142">
                        <ele>0</ele>
                        <time>2022-08-18T16:22:39Z</time>
                                                <extensions>
                            <sog>0.0</sog>
<cog>296.2</cog>
                        </extensions>
                    </trkpt>
                    <trkpt lat="54.66149" lon="10.031453333333333">
                        <ele>0</ele>
                        <time>2022-08-18T16:22:58Z</time>
                                                <extensions>
                            <sog>0.2</sog>
<cog>93.9</cog>
                        </extensions>
                    </trkpt>
                    <trkpt lat="54.66149" lon="10.031506666666667">
                        <ele>0</ele>
                        <time>2022-08-18T16:23:17Z</time>
                                                <extensions>
                            <sog>0.3</sog>
<cog>94.5</cog>
                        </extensions>
                    </trkpt>
                    <trkpt lat="54.66148333333333" lon="10.031533333333334">
                        <ele>0</ele>
                        <time>2022-08-18T16:23:39Z</time>
                                                <extensions>
                            <sog>0.0</sog>
<cog>85.2</cog>
                        </extensions>
                    </trkpt>
                    <trkpt lat="54.661500000000004" lon="10.031506666666667">
                        <ele>0</ele>
                        <time>2022-08-18T16:23:58Z</time>
                                                <extensions>
                            <sog>0.2</sog>
<cog>315.1</cog>
                        </extensions>
                    </trkpt>
                    <trkpt lat="54.661500000000004" lon="10.031511666666667">
                        <ele>0</ele>
                        <time>2022-08-18T16:24:18Z</time>
                                                <extensions>
                            <sog>0.0</sog>
<cog>344.9</cog>
                        </extensions>
                    </trkpt>
                    <trkpt lat="54.661500000000004" lon="10.031511666666667">
                        <ele>0</ele>
                        <time>2022-08-18T16:24:58Z</time>
                                                <extensions>
                            <sog>0.0</sog>
<cog>344.9</cog>
                        </extensions>
                    </trkpt>
                    <trkpt lat="54.66149" lon="10.031513333333333">
                        <ele>0</ele>
                        <time>2022-08-18T16:25:18Z</time>
                                                <extensions>
                            <sog>0.0</sog>
<cog>344.9</cog>
                        </extensions>
                    </trkpt>
                    <trkpt lat="54.661500000000004" lon="10.031495">
                        <ele>0</ele>
                        <time>2022-08-18T16:25:58Z</time>
                                                <extensions>
                            <sog>0.0</sog>
<cog>344.9</cog>
                        </extensions>
                    </trkpt>
                    <trkpt lat="54.66149" lon="10.031506666666667">
                        <ele>0</ele>
                        <time>2022-08-18T16:26:18Z</time>
                                                <extensions>
                            <sog>0.0</sog>
<cog>344.9</cog>
                        </extensions>
                    </trkpt>
                    <trkpt lat="54.66149" lon="10.031506666666667">
                        <ele>0</ele>
                        <time>2022-08-18T16:26:38Z</time>
                                                <extensions>
                            <sog>0.0</sog>
<cog>344.9</cog>
                        </extensions>
                    </trkpt>
                    <trkpt lat="54.661500000000004" lon="10.031506666666667">
                        <ele>0</ele>
                        <time>2022-08-18T16:26:58Z</time>
                                                <extensions>
                            <sog>0.0</sog>
<cog>344.9</cog>
                        </extensions>
                    </trkpt>
                    <trkpt lat="54.66149" lon="10.031498333333333">
                        <ele>0</ele>
                        <time>2022-08-18T16:27:18Z</time>
                                                <extensions>
                            <sog>0.0</sog>
<cog>344.9</cog>
                        </extensions>
                    </trkpt>
                    <trkpt lat="54.661500000000004" lon="10.031508333333333">
                        <ele>0</ele>
                        <time>2022-08-18T16:27:57Z</time>
                                                <extensions>
                            <sog>0.0</sog>
<cog>344.9</cog>
                        </extensions>
                    </trkpt>
                    <trkpt lat="54.661516666666664" lon="10.031513333333333">
                        <ele>0</ele>
                        <time>2022-08-18T16:28:38Z</time>
                                                <extensions>
                            <sog>0.0</sog>
<cog>344.9</cog>
                        </extensions>
                    </trkpt>
                    <trkpt lat="54.661516666666664" lon="10.031518333333334">
                        <ele>0</ele>
                        <time>2022-08-18T16:28:57Z</time>
                                                <extensions>
                            <sog>0.0</sog>
<cog>344.9</cog>
                        </extensions>
                    </trkpt>
                    <trkpt lat="54.661500000000004" lon="10.031513333333333">
                        <ele>0</ele>
                        <time>2022-08-18T16:29:18Z</time>
                                                <extensions>
                            <sog>0.0</sog>
<cog>344.9</cog>
                        </extensions>
                    </trkpt>
                    <trkpt lat="54.66149" lon="10.031516666666667">
                        <ele>0</ele>
                        <time>2022-08-18T16:29:38Z</time>
                                                <extensions>
                            <sog>0.0</sog>
<cog>344.9</cog>
                        </extensions>
                    </trkpt>
                    <trkpt lat="54.66149" lon="10.031508333333333">
                        <ele>0</ele>
                        <time>2022-08-18T16:29:57Z</time>
                                                <extensions>
                            <sog>0.0</sog>
<cog>344.9</cog>
                        </extensions>
                    </trkpt>
                    <trkpt lat="54.66149" lon="10.03149">
                        <ele>0</ele>
                        <time>2022-08-18T16:30:17Z</time>
                                                <extensions>
                            <sog>0.0</sog>
<cog>344.9</cog>
                        </extensions>
                    </trkpt>
                    <trkpt lat="54.66149" lon="10.031518333333334">
                        <ele>0</ele>
                        <time>2022-08-18T16:30:38Z</time>
                                                <extensions>
                            <sog>0.0</sog>
<cog>344.9</cog>
                        </extensions>
                    </trkpt>
                    <trkpt lat="54.661516666666664" lon="10.031493333333334">
                        <ele>0</ele>
                        <time>2022-08-18T16:31:38Z</time>
                                                <extensions>
                            <sog>0.0</sog>
<cog>344.9</cog>
                        </extensions>
                    </trkpt>
                    <trkpt lat="54.661500000000004" lon="10.031495">
                        <ele>0</ele>
                        <time>2022-08-18T16:32:17Z</time>
                                                <extensions>
                            <sog>0.0</sog>
<cog>344.9</cog>
                        </extensions>
                    </trkpt>
                    <trkpt lat="54.661500000000004" lon="10.031476666666666">
                        <ele>0</ele>
                        <time>2022-08-18T16:32:38Z</time>
                                                <extensions>
                            <sog>0.0</sog>
<cog>344.9</cog>
                        </extensions>
                    </trkpt>
                    <trkpt lat="54.661500000000004" lon="10.031506666666667">
                        <ele>0</ele>
                        <time>2022-08-18T16:32:57Z</time>
                                                <extensions>
                            <sog>0.0</sog>
<cog>344.9</cog>
                        </extensions>
                    </trkpt>
                    <trkpt lat="54.661516666666664" lon="10.031518333333334">
                        <ele>0</ele>
                        <time>2022-08-18T16:33:17Z</time>
                                                <extensions>
                            <sog>0.0</sog>
<cog>344.9</cog>
                        </extensions>
                    </trkpt>
                    <trkpt lat="54.661500000000004" lon="10.031488333333334">
                        <ele>0</ele>
                        <time>2022-08-18T16:33:57Z</time>
                                                <extensions>
                            <sog>0.0</sog>
<cog>344.9</cog>
                        </extensions>
                    </trkpt>
                    <trkpt lat="54.661500000000004" lon="10.03149">
                        <ele>0</ele>
                        <time>2022-08-18T16:34:17Z</time>
                                                <extensions>
                            <sog>0.0</sog>
<cog>344.9</cog>
                        </extensions>
                    </trkpt>
                    <trkpt lat="54.661500000000004" lon="10.031505000000001">
                        <ele>0</ele>
                        <time>2022-08-18T16:34:38Z</time>
                                                <extensions>
                            <sog>0.0</sog>
<cog>344.9</cog>
                        </extensions>
                    </trkpt>
                    <trkpt lat="54.661500000000004" lon="10.031476666666666">
                        <ele>0</ele>
                        <time>2022-08-18T16:35:38Z</time>
                                                <extensions>
                            <sog>0.0</sog>
<cog>344.9</cog>
                        </extensions>
                    </trkpt>
                    <trkpt lat="54.661516666666664" lon="10.031460000000001">
                        <ele>0</ele>
                        <time>2022-08-18T16:35:58Z</time>
                                                <extensions>
                            <sog>0.2</sog>
<cog>270.9</cog>
                        </extensions>
                    </trkpt>
                    <trkpt lat="54.661516666666664" lon="10.031423333333333">
                        <ele>0</ele>
                        <time>2022-08-18T16:36:17Z</time>
                                                <extensions>
                            <sog>0.2</sog>
<cog>270.3</cog>
                        </extensions>
                    </trkpt>
                    <trkpt lat="54.661523333333335" lon="10.031406666666667">
                        <ele>0</ele>
                        <time>2022-08-18T16:36:58Z</time>
                                                <extensions>
                            <sog>0.1</sog>
<cog>266.3</cog>
                        </extensions>
                    </trkpt>
                    <trkpt lat="54.661500000000004" lon="10.031406666666667">
                        <ele>0</ele>
                        <time>2022-08-18T16:37:38Z</time>
                                                <extensions>
                            <sog>0.0</sog>
<cog>266.3</cog>
                        </extensions>
                    </trkpt>
                    <trkpt lat="54.661500000000004" lon="10.031361666666667">
                        <ele>0</ele>
                        <time>2022-08-18T16:37:58Z</time>
                                                <extensions>
                            <sog>0.5</sog>
<cog>258.6</cog>
                        </extensions>
                    </trkpt>
                    <trkpt lat="54.661460000000005" lon="10.031193333333333">
                        <ele>0</ele>
                        <time>2022-08-18T16:38:19Z</time>
                                                <extensions>
                            <sog>0.9</sog>
<cog>239.7</cog>
                        </extensions>
                    </trkpt>
                    <trkpt lat="54.66135333333333" lon="10.030840000000001">
                        <ele>0</ele>
                        <time>2022-08-18T16:38:58Z</time>
                                                <extensions>
                            <sog>1.4</sog>
<cog>250.7</cog>
                        </extensions>
                    </trkpt>
                    <trkpt lat="54.66135333333333" lon="10.029905000000001">
                        <ele>0</ele>
                        <time>2022-08-18T16:39:58Z</time>
                                                <extensions>
                            <sog>2.2</sog>
<cog>273.6</cog>
                        </extensions>
                    </trkpt>
                    <trkpt lat="54.66137666666667" lon="10.029116666666665">
                        <ele>0</ele>
                        <time>2022-08-18T16:40:37Z</time>
                                                <extensions>
                            <sog>2.5</sog>
<cog>273.5</cog>
                        </extensions>
                    </trkpt>
                    <trkpt lat="54.66139333333333" lon="10.028691666666667">
                        <ele>0</ele>
                        <time>2022-08-18T16:40:57Z</time>
                                                <extensions>
                            <sog>2.7</sog>
<cog>274.1</cog>
                        </extensions>
                    </trkpt>
                    <trkpt lat="54.661433333333335" lon="10.027785">
                        <ele>0</ele>
                        <time>2022-08-18T16:41:37Z</time>
                                                <extensions>
                            <sog>2.9</sog>
<cog>274.0</cog>
                        </extensions>
                    </trkpt>
                    <trkpt lat="54.661449999999995" lon="10.02688">
                        <ele>0</ele>
                        <time>2022-08-18T16:42:18Z</time>
                                                <extensions>
                            <sog>3.0</sog>
<cog>271.9</cog>
                        </extensions>
                    </trkpt>
                    <trkpt lat="54.661460000000005" lon="10.026371666666668">
                        <ele>0</ele>
                        <time>2022-08-18T16:42:38Z</time>
                                                <extensions>
                            <sog>3.0</sog>
<cog>272.4</cog>
                        </extensions>
                    </trkpt>
                    <trkpt lat="54.661460000000005" lon="10.02588">
                        <ele>0</ele>
                        <time>2022-08-18T16:42:58Z</time>
                                                <extensions>
                            <sog>3.0</sog>
<cog>270.6</cog>
                        </extensions>
                    </trkpt>
                    <trkpt lat="54.661460000000005" lon="10.023911666666667">
                        <ele>0</ele>
                        <time>2022-08-18T16:44:18Z</time>
                                                <extensions>
                            <sog>3.1</sog>
<cog>269.7</cog>
                        </extensions>
                    </trkpt>
                    <trkpt lat="54.661460000000005" lon="10.022938333333334">
                        <ele>0</ele>
                        <time>2022-08-18T16:44:58Z</time>
                                                <extensions>
                            <sog>2.7</sog>
<cog>269.8</cog>
                        </extensions>
                    </trkpt>
                    <trkpt lat="54.661449999999995" lon="10.022556666666667">
                        <ele>0</ele>
                        <time>2022-08-18T16:45:18Z</time>
                                                <extensions>
                            <sog>2.5</sog>
<cog>269.2</cog>
                        </extensions>
                    </trkpt>
                    <trkpt lat="54.661433333333335" lon="10.022165">
                        <ele>0</ele>
                        <time>2022-08-18T16:45:38Z</time>
                                                <extensions>
                            <sog>2.3</sog>
<cog>265.9</cog>
                        </extensions>
                    </trkpt>
                    <trkpt lat="54.66137666666667" lon="10.021511666666667">
                        <ele>0</ele>
                        <time>2022-08-18T16:46:18Z</time>
                                                <extensions>
                            <sog>1.9</sog>
<cog>256.8</cog>
                        </extensions>
                    </trkpt>
                    <trkpt lat="54.66132" lon="10.021223333333333">
                        <ele>0</ele>
                        <time>2022-08-18T16:46:38Z</time>
                                                <extensions>
                            <sog>1.8</sog>
<cog>252.6</cog>
                        </extensions>
                    </trkpt>
                    <trkpt lat="54.66126333333333" lon="10.020971666666666">
                        <ele>0</ele>
                        <time>2022-08-18T16:46:58Z</time>
                                                <extensions>
                            <sog>1.6</sog>
<cog>248.3</cog>
                        </extensions>
                    </trkpt>
                    <trkpt lat="54.661206666666665" lon="10.020735">
                        <ele>0</ele>
                        <time>2022-08-18T16:47:18Z</time>
                                                <extensions>
                            <sog>1.5</sog>
<cog>243.5</cog>
                        </extensions>
                    </trkpt>
                    <trkpt lat="54.66112333333333" lon="10.020513333333334">
                        <ele>0</ele>
                        <time>2022-08-18T16:47:38Z</time>
                                                <extensions>
                            <sog>1.6</sog>
<cog>241.5</cog>
                        </extensions>
                    </trkpt>
                    <trkpt lat="54.66103666666667" lon="10.020271666666668">
                        <ele>0</ele>
                        <time>2022-08-18T16:47:58Z</time>
                                                <extensions>
                            <sog>1.9</sog>
<cog>233.8</cog>
                        </extensions>
                    </trkpt>
                    <trkpt lat="54.66090333333333" lon="10.020018333333333">
                        <ele>0</ele>
                        <time>2022-08-18T16:48:18Z</time>
                                                <extensions>
                            <sog>2.1</sog>
<cog>228.6</cog>
                        </extensions>
                    </trkpt>
                    <trkpt lat="54.66076666666667" lon="10.01977">
                        <ele>0</ele>
                        <time>2022-08-18T16:48:38Z</time>
                                                <extensions>
                            <sog>2.1</sog>
<cog>226.7</cog>
                        </extensions>
                    </trkpt>
                    <trkpt lat="54.66062" lon="10.019525">
                        <ele>0</ele>
                        <time>2022-08-18T16:48:59Z</time>
                                                <extensions>
                            <sog>2.1</sog>
<cog>220.1</cog>
                        </extensions>
                    </trkpt>
                    <trkpt lat="54.66048333333333" lon="10.01928">
                        <ele>0</ele>
                        <time>2022-08-18T16:49:18Z</time>
                                                <extensions>
                            <sog>2.1</sog>
<cog>228.6</cog>
                        </extensions>
                    </trkpt>
                    <trkpt lat="54.66036" lon="10.019041666666668">
                        <ele>0</ele>
                        <time>2022-08-18T16:49:59Z</time>
                                                <extensions>
                            <sog>0.4</sog>
<cog>189.0</cog>
                        </extensions>
                    </trkpt>
                    <trkpt lat="54.66027666666666" lon="10.019073333333333">
                        <ele>0</ele>
                        <time>2022-08-18T16:51:18Z</time>
                                                <extensions>
                            <sog>0.8</sog>
<cog>139.0</cog>
                        </extensions>
                    </trkpt>
                    <trkpt lat="54.660219999999995" lon="10.019108333333332">
                        <ele>0</ele>
                        <time>2022-08-18T16:52:19Z</time>
                                                <extensions>
                            <sog>0.4</sog>
<cog>276.8</cog>
                        </extensions>
                    </trkpt>
                    <trkpt lat="54.66010666666667" lon="10.019188333333334">
                        <ele>0</ele>
                        <time>2022-08-18T16:52:59Z</time>
                                                <extensions>
                            <sog>0.7</sog>
<cog>144.4</cog>
                        </extensions>
                    </trkpt>
                    <trkpt lat="54.66007333333334" lon="10.019211666666667">
                        <ele>0</ele>
                        <time>2022-08-18T16:53:19Z</time>
                                                <extensions>
                            <sog>0.2</sog>
<cog>152.6</cog>
                        </extensions>
                    </trkpt>
                    <trkpt lat="54.66006" lon="10.019226666666667">
                        <ele>0</ele>
                        <time>2022-08-18T16:53:39Z</time>
                                                <extensions>
                            <sog>0.1</sog>
<cog>140.2</cog>
                        </extensions>
                    </trkpt>
                    <trkpt lat="54.66006" lon="10.019219999999999">
                        <ele>0</ele>
                        <time>2022-08-18T16:53:59Z</time>
                                                <extensions>
                            <sog>0.1</sog>
<cog>140.2</cog>
                        </extensions>
                    </trkpt>
                    <trkpt lat="54.66005" lon="10.019206666666665">
                        <ele>0</ele>
                        <time>2022-08-18T16:54:19Z</time>
                                                <extensions>
                            <sog>0.1</sog>
<cog>140.2</cog>
                        </extensions>
                    </trkpt>
                    <trkpt lat="54.66002666666667" lon="10.019219999999999">
                        <ele>0</ele>
                        <time>2022-08-18T16:54:59Z</time>
                                                <extensions>
                            <sog>0.2</sog>
<cog>158.6</cog>
                        </extensions>
                    </trkpt>
                    <trkpt lat="54.66" lon="10.019251666666666">
                        <ele>0</ele>
                        <time>2022-08-18T16:56:19Z</time>
                                                <extensions>
                            <sog>0.0</sog>
<cog>148.9</cog>
                        </extensions>
                    </trkpt>
                    <trkpt lat="54.66" lon="10.019233333333334">
                        <ele>0</ele>
                        <time>2022-08-18T16:56:38Z</time>
                                                <extensions>
                            <sog>0.0</sog>
<cog>148.9</cog>
                        </extensions>
                    </trkpt>
                    <trkpt lat="54.66001000000001" lon="10.019246666666668">
                        <ele>0</ele>
                        <time>2022-08-18T16:56:59Z</time>
                                                <extensions>
                            <sog>0.1</sog>
<cog>148.9</cog>
                        </extensions>
                    </trkpt>
                    <trkpt lat="54.65998666666667" lon="10.019241666666666">
                        <ele>0</ele>
                        <time>2022-08-18T16:57:19Z</time>
                                                <extensions>
                            <sog>0.2</sog>
<cog>179.1</cog>
                        </extensions>
                    </trkpt>
                    <trkpt lat="54.65997" lon="10.019241666666666">
                        <ele>0</ele>
                        <time>2022-08-18T16:57:38Z</time>
                                                <extensions>
                            <sog>0.2</sog>
<cog>198.4</cog>
                        </extensions>
                    </trkpt>
                    <trkpt lat="54.659953333333334" lon="10.019211666666667">
                        <ele>0</ele>
                        <time>2022-08-18T16:57:59Z</time>
                                                <extensions>
                            <sog>0.1</sog>
<cog>196.5</cog>
                        </extensions>
                    </trkpt>
                    <trkpt lat="54.65993666666667" lon="10.019219999999999">
                        <ele>0</ele>
                        <time>2022-08-18T16:58:19Z</time>
                                                <extensions>
                            <sog>0.3</sog>
<cog>199.3</cog>
                        </extensions>
                    </trkpt>
                    <trkpt lat="54.65991333333333" lon="10.019198333333332">
                        <ele>0</ele>
                        <time>2022-08-18T16:58:38Z</time>
                                                <extensions>
                            <sog>0.2</sog>
<cog>202.1</cog>
                        </extensions>
                    </trkpt>
                    <trkpt lat="54.65988" lon="10.019196666666666">
                        <ele>0</ele>
                        <time>2022-08-18T16:58:59Z</time>
                                                <extensions>
                            <sog>0.1</sog>
<cog>192.3</cog>
                        </extensions>
                    </trkpt>
                    <trkpt lat="54.65987" lon="10.019183333333332">
                        <ele>0</ele>
                        <time>2022-08-18T16:59:19Z</time>
                                                <extensions>
                            <sog>0.0</sog>
<cog>192.3</cog>
                        </extensions>
                    </trkpt>
                    <trkpt lat="54.65985666666666" lon="10.019166666666667">
                        <ele>0</ele>
                        <time>2022-08-18T16:59:38Z</time>
                                                <extensions>
                            <sog>0.0</sog>
<cog>192.3</cog>
                        </extensions>
                    </trkpt>
                    <trkpt lat="54.65985666666666" lon="10.01917">
                        <ele>0</ele>
                        <time>2022-08-18T16:59:59Z</time>
                                                <extensions>
                            <sog>0.0</sog>
<cog>192.3</cog>
                        </extensions>
                    </trkpt>
                    <trkpt lat="54.65985666666666" lon="10.019186666666666">
                        <ele>0</ele>
                        <time>2022-08-18T17:00:19Z</time>
                                                <extensions>
                            <sog>0.0</sog>
<cog>192.3</cog>
                        </extensions>
                    </trkpt>
                    <trkpt lat="54.65985666666666" lon="10.019186666666666">
                        <ele>0</ele>
                        <time>2022-08-18T17:00:19Z</time>
                                                <extensions>
                            <sog>0.0</sog>
<cog>192.3</cog>
                        </extensions>
                    </trkpt>
                    <trkpt lat="54.65985666666666" lon="10.019173333333333">
                        <ele>0</ele>
                        <time>2022-08-18T17:00:38Z</time>
                                                <extensions>
                            <sog>0.0</sog>
<cog>192.3</cog>
                        </extensions>
                    </trkpt>
                    <trkpt lat="54.65985666666666" lon="10.019173333333333">
                        <ele>0</ele>
                        <time>2022-08-18T17:00:38Z</time>
                                                <extensions>
                            <sog>0.0</sog>
<cog>192.3</cog>
                        </extensions>
                    </trkpt>
                    <trkpt lat="54.65984666666667" lon="10.01917">
                        <ele>0</ele>
                        <time>2022-08-18T17:00:59Z</time>
                                                <extensions>
                            <sog>0.0</sog>
<cog>192.3</cog>
                        </extensions>
                    </trkpt>
                    <trkpt lat="54.65984666666667" lon="10.01917">
                        <ele>0</ele>
                        <time>2022-08-18T17:00:59Z</time>
                                                <extensions>
                            <sog>0.0</sog>
<cog>192.3</cog>
                        </extensions>
                    </trkpt>
                    <trkpt lat="54.65984" lon="10.019173333333333">
                        <ele>0</ele>
                        <time>2022-08-18T17:01:19Z</time>
                                                <extensions>
                            <sog>0.0</sog>
<cog>192.3</cog>
                        </extensions>
                    </trkpt>
                    <trkpt lat="54.65985666666666" lon="10.019201666666667">
                        <ele>0</ele>
                        <time>2022-08-18T17:01:38Z</time>
                                                <extensions>
                            <sog>0.0</sog>
<cog>192.3</cog>
                        </extensions>
                    </trkpt>
                    <trkpt lat="54.65985666666666" lon="10.019178333333334">
                        <ele>0</ele>
                        <time>2022-08-18T17:01:59Z</time>
                                                <extensions>
                            <sog>0.0</sog>
<cog>192.3</cog>
                        </extensions>
                    </trkpt>
                    <trkpt lat="54.65984666666667" lon="10.019191666666668">
                        <ele>0</ele>
                        <time>2022-08-18T17:02:19Z</time>
                                                <extensions>
                            <sog>0.0</sog>
<cog>192.3</cog>
                        </extensions>
                    </trkpt>
                    <trkpt lat="54.65984" lon="10.019211666666667">
                        <ele>0</ele>
                        <time>2022-08-18T17:02:38Z</time>
                                                <extensions>
                            <sog>0.0</sog>
<cog>192.3</cog>
                        </extensions>
                    </trkpt>
                    <trkpt lat="54.65984" lon="10.019191666666668">
                        <ele>0</ele>
                        <time>2022-08-18T17:02:59Z</time>
                                                <extensions>
                            <sog>0.0</sog>
<cog>192.3</cog>
                        </extensions>
                    </trkpt>
                    <trkpt lat="54.65984666666667" lon="10.019191666666668">
                        <ele>0</ele>
                        <time>2022-08-18T17:03:59Z</time>
                                                <extensions>
                            <sog>0.0</sog>
<cog>192.3</cog>
                        </extensions>
                    </trkpt>
                    <trkpt lat="54.65983000000001" lon="10.019186666666666">
                        <ele>0</ele>
                        <time>2022-08-18T17:04:19Z</time>
                                                <extensions>
                            <sog>0.0</sog>
<cog>192.3</cog>
                        </extensions>
                    </trkpt>
                    <trkpt lat="54.65985666666666" lon="10.019165">
                        <ele>0</ele>
                        <time>2022-08-18T17:04:38Z</time>
                                                <extensions>
                            <sog>0.0</sog>
<cog>192.3</cog>
                        </extensions>
                    </trkpt>
                    <trkpt lat="54.65988" lon="10.019185">
                        <ele>0</ele>
                        <time>2022-08-18T17:04:59Z</time>
                                                <extensions>
                            <sog>0.0</sog>
<cog>192.3</cog>
                        </extensions>
                    </trkpt>
                    <trkpt lat="54.65984666666667" lon="10.019185">
                        <ele>0</ele>
                        <time>2022-08-18T17:05:19Z</time>
                                                <extensions>
                            <sog>0.0</sog>
<cog>192.3</cog>
                        </extensions>
                    </trkpt>
                    <trkpt lat="54.65984" lon="10.019200000000001">
                        <ele>0</ele>
                        <time>2022-08-18T17:05:38Z</time>
                                                <extensions>
                            <sog>0.0</sog>
<cog>192.3</cog>
                        </extensions>
                    </trkpt>
                    <trkpt lat="54.65985666666666" lon="10.019161666666667">
                        <ele>0</ele>
                        <time>2022-08-18T17:05:59Z</time>
                                                <extensions>
                            <sog>0.0</sog>
<cog>192.3</cog>
                        </extensions>
                    </trkpt>
                    <trkpt lat="54.65985666666666" lon="10.019186666666666">
                        <ele>0</ele>
                        <time>2022-08-18T17:06:19Z</time>
                                                <extensions>
                            <sog>0.0</sog>
<cog>192.3</cog>
                        </extensions>
                    </trkpt>
                    <trkpt lat="54.65984" lon="10.019181666666666">
                        <ele>0</ele>
                        <time>2022-08-18T17:06:38Z</time>
                                                <extensions>
                            <sog>0.0</sog>
<cog>192.3</cog>
                        </extensions>
                    </trkpt>
                    <trkpt lat="54.65983000000001" lon="10.019206666666665">
                        <ele>0</ele>
                        <time>2022-08-18T17:07:19Z</time>
                                                <extensions>
                            <sog>0.0</sog>
<cog>192.3</cog>
                        </extensions>
                    </trkpt>
                    <trkpt lat="54.65984" lon="10.019173333333333">
                        <ele>0</ele>
                        <time>2022-08-18T17:07:38Z</time>
                                                <extensions>
                            <sog>0.0</sog>
<cog>192.3</cog>
                        </extensions>
                    </trkpt>
                    <trkpt lat="54.65984666666667" lon="10.019206666666665">
                        <ele>0</ele>
                        <time>2022-08-18T17:07:58Z</time>
                                                <extensions>
                            <sog>0.0</sog>
<cog>192.3</cog>
                        </extensions>
                    </trkpt>
                    <trkpt lat="54.65984666666667" lon="10.019191666666668">
                        <ele>0</ele>
                        <time>2022-08-18T17:08:19Z</time>
                                                <extensions>
                            <sog>0.0</sog>
<cog>192.3</cog>
                        </extensions>
                    </trkpt>
                    <trkpt lat="54.65984666666667" lon="10.019183333333332">
                        <ele>0</ele>
                        <time>2022-08-18T17:08:38Z</time>
                                                <extensions>
                            <sog>0.0</sog>
<cog>192.3</cog>
                        </extensions>
                    </trkpt>
                    <trkpt lat="54.65984666666667" lon="10.019165">
                        <ele>0</ele>
                        <time>2022-08-18T17:08:58Z</time>
                                                <extensions>
                            <sog>0.0</sog>
<cog>192.3</cog>
                        </extensions>
                    </trkpt>
                    <trkpt lat="54.65985666666666" lon="10.019183333333332">
                        <ele>0</ele>
                        <time>2022-08-18T17:09:19Z</time>
                                                <extensions>
                            <sog>0.0</sog>
<cog>192.3</cog>
                        </extensions>
                    </trkpt>
                    <trkpt lat="54.65985666666666" lon="10.019186666666666">
                        <ele>0</ele>
                        <time>2022-08-18T17:09:38Z</time>
                                                <extensions>
                            <sog>0.0</sog>
<cog>192.3</cog>
                        </extensions>
                    </trkpt>
                    <trkpt lat="54.65985666666666" lon="10.019219999999999">
                        <ele>0</ele>
                        <time>2022-08-18T17:09:58Z</time>
                                                <extensions>
                            <sog>0.0</sog>
<cog>192.3</cog>
                        </extensions>
                    </trkpt>
                    <trkpt lat="54.65985666666666" lon="10.019173333333333">
                        <ele>0</ele>
                        <time>2022-08-18T17:10:19Z</time>
                                                <extensions>
                            <sog>0.0</sog>
<cog>192.3</cog>
                        </extensions>
                    </trkpt>
                    <trkpt lat="54.65984666666667" lon="10.019206666666665">
                        <ele>0</ele>
                        <time>2022-08-18T17:10:38Z</time>
                                                <extensions>
                            <sog>0.0</sog>
<cog>192.3</cog>
                        </extensions>
                    </trkpt>
                    <trkpt lat="54.65985666666666" lon="10.019174999999999">
                        <ele>0</ele>
                        <time>2022-08-18T17:11:19Z</time>
                                                <extensions>
                            <sog>0.0</sog>
<cog>192.3</cog>
                        </extensions>
                    </trkpt>
                    <trkpt lat="54.65984666666667" lon="10.019178333333334">
                        <ele>0</ele>
                        <time>2022-08-18T17:11:38Z</time>
                                                <extensions>
                            <sog>0.0</sog>
<cog>192.3</cog>
                        </extensions>
                    </trkpt>
                    <trkpt lat="54.65983000000001" lon="10.01916">
                        <ele>0</ele>
                        <time>2022-08-18T17:11:58Z</time>
                                                <extensions>
                            <sog>0.0</sog>
<cog>192.3</cog>
                        </extensions>
                    </trkpt>
                    <trkpt lat="54.65984" lon="10.01917">
                        <ele>0</ele>
                        <time>2022-08-18T17:12:18Z</time>
                                                <extensions>
                            <sog>0.0</sog>
<cog>192.3</cog>
                        </extensions>
                    </trkpt>
                    <trkpt lat="54.65985666666666" lon="10.019165">
                        <ele>0</ele>
                        <time>2022-08-18T17:12:58Z</time>
                                                <extensions>
                            <sog>0.0</sog>
<cog>192.3</cog>
                        </extensions>
                    </trkpt>
                    <trkpt lat="54.65985666666666" lon="10.019196666666666">
                        <ele>0</ele>
                        <time>2022-08-18T17:13:18Z</time>
                                                <extensions>
                            <sog>0.0</sog>
<cog>192.3</cog>
                        </extensions>
                    </trkpt>
                    <trkpt lat="54.65985666666666" lon="10.019186666666666">
                        <ele>0</ele>
                        <time>2022-08-18T17:13:38Z</time>
                                                <extensions>
                            <sog>0.0</sog>
<cog>192.3</cog>
                        </extensions>
                    </trkpt>
                    <trkpt lat="54.65985666666666" lon="10.019188333333334">
                        <ele>0</ele>
                        <time>2022-08-18T17:13:58Z</time>
                                                <extensions>
                            <sog>0.0</sog>
<cog>192.3</cog>
                        </extensions>
                    </trkpt>
                    <trkpt lat="54.65987" lon="10.019200000000001">
                        <ele>0</ele>
                        <time>2022-08-18T17:14:18Z</time>
                                                <extensions>
                            <sog>0.0</sog>
<cog>192.3</cog>
                        </extensions>
                    </trkpt>
                    <trkpt lat="54.65984" lon="10.019200000000001">
                        <ele>0</ele>
                        <time>2022-08-18T17:14:58Z</time>
                                                <extensions>
                            <sog>0.0</sog>
<cog>192.3</cog>
                        </extensions>
                    </trkpt>
                    <trkpt lat="54.65985666666666" lon="10.019198333333332">
                        <ele>0</ele>
                        <time>2022-08-18T17:15:18Z</time>
                                                <extensions>
                            <sog>0.0</sog>
<cog>192.3</cog>
                        </extensions>
                    </trkpt>
                    <trkpt lat="54.65985666666666" lon="10.01917">
                        <ele>0</ele>
                        <time>2022-08-18T17:15:38Z</time>
                                                <extensions>
                            <sog>0.0</sog>
<cog>192.3</cog>
                        </extensions>
                    </trkpt>
                    <trkpt lat="54.65985666666666" lon="10.019166666666667">
                        <ele>0</ele>
                        <time>2022-08-18T17:15:58Z</time>
                                                <extensions>
                            <sog>0.0</sog>
<cog>192.3</cog>
                        </extensions>
                    </trkpt>
                    <trkpt lat="54.65984666666667" lon="10.019196666666666">
                        <ele>0</ele>
                        <time>2022-08-18T17:16:18Z</time>
                                                <extensions>
                            <sog>0.0</sog>
<cog>192.3</cog>
                        </extensions>
                    </trkpt>
                    <trkpt lat="54.65987" lon="10.01916">
                        <ele>0</ele>
                        <time>2022-08-18T17:16:38Z</time>
                                                <extensions>
                            <sog>0.0</sog>
<cog>192.3</cog>
                        </extensions>
                    </trkpt>
                    <trkpt lat="54.65984" lon="10.019200000000001">
                        <ele>0</ele>
                        <time>2022-08-18T17:17:18Z</time>
                                                <extensions>
                            <sog>0.0</sog>
<cog>192.3</cog>
                        </extensions>
                    </trkpt>
                    <trkpt lat="54.65984" lon="10.019200000000001">
                        <ele>0</ele>
                        <time>2022-08-18T17:17:38Z</time>
                                                <extensions>
                            <sog>0.0</sog>
<cog>192.3</cog>
                        </extensions>
                    </trkpt>
                    <trkpt lat="54.65984666666667" lon="10.019211666666667">
                        <ele>0</ele>
                        <time>2022-08-18T17:17:58Z</time>
                                                <extensions>
                            <sog>0.0</sog>
<cog>192.3</cog>
                        </extensions>
                    </trkpt>
                    <trkpt lat="54.65984" lon="10.019201666666667">
                        <ele>0</ele>
                        <time>2022-08-18T17:18:18Z</time>
                                                <extensions>
                            <sog>0.0</sog>
<cog>192.3</cog>
                        </extensions>
                    </trkpt>
                    <trkpt lat="54.65985666666666" lon="10.019178333333334">
                        <ele>0</ele>
                        <time>2022-08-18T17:18:38Z</time>
                                                <extensions>
                            <sog>0.0</sog>
<cog>192.3</cog>
                        </extensions>
                    </trkpt>
                    <trkpt lat="54.65985666666666" lon="10.019200000000001">
                        <ele>0</ele>
                        <time>2022-08-18T17:18:59Z</time>
                                                <extensions>
                            <sog>0.0</sog>
<cog>192.3</cog>
                        </extensions>
                    </trkpt>
                    <trkpt lat="54.65984666666667" lon="10.019178333333334">
                        <ele>0</ele>
                        <time>2022-08-18T17:19:19Z</time>
                                                <extensions>
                            <sog>0.0</sog>
<cog>192.3</cog>
                        </extensions>
                    </trkpt>
                    <trkpt lat="54.65984" lon="10.019191666666668">
                        <ele>0</ele>
                        <time>2022-08-18T17:19:38Z</time>
                                                <extensions>
                            <sog>0.0</sog>
<cog>192.3</cog>
                        </extensions>
                    </trkpt>
                    <trkpt lat="54.65984666666667" lon="10.019191666666668">
                        <ele>0</ele>
                        <time>2022-08-18T17:19:59Z</time>
                                                <extensions>
                            <sog>0.0</sog>
<cog>192.3</cog>
                        </extensions>
                    </trkpt>
                    <trkpt lat="54.65985666666666" lon="10.019166666666667">
                        <ele>0</ele>
                        <time>2022-08-18T17:20:19Z</time>
                                                <extensions>
                            <sog>0.0</sog>
<cog>192.3</cog>
                        </extensions>
                    </trkpt>
                    <trkpt lat="54.65984" lon="10.01917">
                        <ele>0</ele>
                        <time>2022-08-18T17:20:38Z</time>
                                                <extensions>
                            <sog>0.0</sog>
<cog>192.3</cog>
                        </extensions>
                    </trkpt>
                    <trkpt lat="54.65984" lon="10.019178333333334">
                        <ele>0</ele>
                        <time>2022-08-18T17:20:59Z</time>
                                                <extensions>
                            <sog>0.0</sog>
<cog>192.3</cog>
                        </extensions>
                    </trkpt>
                    <trkpt lat="54.65984" lon="10.019198333333332">
                        <ele>0</ele>
                        <time>2022-08-18T17:21:19Z</time>
                                                <extensions>
                            <sog>0.0</sog>
<cog>192.3</cog>
                        </extensions>
                    </trkpt>
                    <trkpt lat="54.65981333333333" lon="10.019174999999999">
                        <ele>0</ele>
                        <time>2022-08-18T17:21:38Z</time>
                                                <extensions>
                            <sog>0.0</sog>
<cog>192.3</cog>
                        </extensions>
                    </trkpt>
                    <trkpt lat="54.65984666666667" lon="10.019196666666666">
                        <ele>0</ele>
                        <time>2022-08-18T17:21:59Z</time>
                                                <extensions>
                            <sog>0.0</sog>
<cog>192.3</cog>
                        </extensions>
                    </trkpt>
                    <trkpt lat="54.65985666666666" lon="10.019183333333332">
                        <ele>0</ele>
                        <time>2022-08-18T17:22:19Z</time>
                                                <extensions>
                            <sog>0.0</sog>
<cog>192.3</cog>
                        </extensions>
                    </trkpt>
                    <trkpt lat="54.65984666666667" lon="10.019178333333334">
                        <ele>0</ele>
                        <time>2022-08-18T17:22:38Z</time>
                                                <extensions>
                            <sog>0.0</sog>
<cog>192.3</cog>
                        </extensions>
                    </trkpt>
                    <trkpt lat="54.659886666666665" lon="10.019213333333333">
                        <ele>0</ele>
                        <time>2022-08-18T17:23:18Z</time>
                                                <extensions>
                            <sog>0.0</sog>
<cog>192.3</cog>
                        </extensions>
                    </trkpt>
                    <trkpt lat="54.65985666666666" lon="10.019206666666665">
                        <ele>0</ele>
                        <time>2022-08-18T17:23:38Z</time>
                                                <extensions>
                            <sog>0.0</sog>
<cog>192.3</cog>
                        </extensions>
                    </trkpt>
                    <trkpt lat="54.65984666666667" lon="10.019200000000001">
                        <ele>0</ele>
                        <time>2022-08-18T17:23:59Z</time>
                                                <extensions>
                            <sog>0.0</sog>
<cog>192.3</cog>
                        </extensions>
                    </trkpt>
                    <trkpt lat="54.65987" lon="10.019193333333334">
                        <ele>0</ele>
                        <time>2022-08-18T17:24:18Z</time>
                                                <extensions>
                            <sog>0.0</sog>
<cog>192.3</cog>
                        </extensions>
                    </trkpt>
                    <trkpt lat="54.65988" lon="10.019188333333334">
                        <ele>0</ele>
                        <time>2022-08-18T17:24:38Z</time>
                                                <extensions>
                            <sog>0.0</sog>
<cog>192.3</cog>
                        </extensions>
                    </trkpt>
                    <trkpt lat="54.65988" lon="10.019153333333332">
                        <ele>0</ele>
                        <time>2022-08-18T17:24:57Z</time>
                                                <extensions>
                            <sog>0.0</sog>
<cog>192.3</cog>
                        </extensions>
                    </trkpt>
                    <trkpt lat="54.65985666666666" lon="10.019173333333333">
                        <ele>0</ele>
                        <time>2022-08-18T17:25:18Z</time>
                                                <extensions>
                            <sog>0.0</sog>
<cog>192.3</cog>
                        </extensions>
                    </trkpt>
                    <trkpt lat="54.65984666666667" lon="10.019183333333332">
                        <ele>0</ele>
                        <time>2022-08-18T17:25:57Z</time>
                                                <extensions>
                            <sog>0.0</sog>
<cog>192.3</cog>
                        </extensions>
                    </trkpt>
                    <trkpt lat="54.65983000000001" lon="10.019178333333334">
                        <ele>0</ele>
                        <time>2022-08-18T17:26:18Z</time>
                                                <extensions>
                            <sog>0.0</sog>
<cog>192.3</cog>
                        </extensions>
                    </trkpt>
                    <trkpt lat="54.65984" lon="10.019181666666666">
                        <ele>0</ele>
                        <time>2022-08-18T17:26:38Z</time>
                                                <extensions>
                            <sog>0.0</sog>
<cog>192.3</cog>
                        </extensions>
                    </trkpt>
                    <trkpt lat="54.65984666666667" lon="10.019161666666667">
                        <ele>0</ele>
                        <time>2022-08-18T17:26:57Z</time>
                                                <extensions>
                            <sog>0.0</sog>
<cog>192.3</cog>
                        </extensions>
                    </trkpt>
                    <trkpt lat="54.65988" lon="10.01916">
                        <ele>0</ele>
                        <time>2022-08-18T17:27:18Z</time>
                                                <extensions>
                            <sog>0.0</sog>
<cog>192.3</cog>
                        </extensions>
                    </trkpt>
                    <trkpt lat="54.65985666666666" lon="10.01916">
                        <ele>0</ele>
                        <time>2022-08-18T17:27:38Z</time>
                                                <extensions>
                            <sog>0.0</sog>
<cog>192.3</cog>
                        </extensions>
                    </trkpt>
                    <trkpt lat="54.65983000000001" lon="10.019151666666666">
                        <ele>0</ele>
                        <time>2022-08-18T17:27:57Z</time>
                                                <extensions>
                            <sog>0.0</sog>
<cog>192.3</cog>
                        </extensions>
                    </trkpt>
                    <trkpt lat="54.65981333333333" lon="10.019196666666666">
                        <ele>0</ele>
                        <time>2022-08-18T17:28:18Z</time>
                                                <extensions>
                            <sog>0.0</sog>
<cog>192.3</cog>
                        </extensions>
                    </trkpt>
                    <trkpt lat="54.65985666666666" lon="10.01916">
                        <ele>0</ele>
                        <time>2022-08-18T17:28:38Z</time>
                                                <extensions>
                            <sog>0.0</sog>
<cog>192.3</cog>
                        </extensions>
                    </trkpt>
                    <trkpt lat="54.65988" lon="10.019158333333333">
                        <ele>0</ele>
                        <time>2022-08-18T17:28:57Z</time>
                                                <extensions>
                            <sog>0.0</sog>
<cog>192.3</cog>
                        </extensions>
                    </trkpt>
                    <trkpt lat="54.65985666666666" lon="10.019146666666668">
                        <ele>0</ele>
                        <time>2022-08-18T17:29:18Z</time>
                                                <extensions>
                            <sog>0.0</sog>
<cog>192.3</cog>
                        </extensions>
                    </trkpt>
                    <trkpt lat="54.65984666666667" lon="10.019151666666666">
                        <ele>0</ele>
                        <time>2022-08-18T17:29:39Z</time>
                                                <extensions>
                            <sog>0.0</sog>
<cog>192.3</cog>
                        </extensions>
                    </trkpt>
                    <trkpt lat="54.65984" lon="10.01916">
                        <ele>0</ele>
                        <time>2022-08-18T17:29:57Z</time>
                                                <extensions>
                            <sog>0.0</sog>
<cog>192.3</cog>
                        </extensions>
                    </trkpt>
                    <trkpt lat="54.65983000000001" lon="10.019181666666666">
                        <ele>0</ele>
                        <time>2022-08-18T17:30:18Z</time>
                                                <extensions>
                            <sog>0.0</sog>
<cog>192.3</cog>
                        </extensions>
                    </trkpt>
                    <trkpt lat="54.65984666666667" lon="10.019174999999999">
                        <ele>0</ele>
                        <time>2022-08-18T17:30:39Z</time>
                                                <extensions>
                            <sog>0.0</sog>
<cog>192.3</cog>
                        </extensions>
                    </trkpt>
                    <trkpt lat="54.65985666666666" lon="10.019185">
                        <ele>0</ele>
                        <time>2022-08-18T17:30:57Z</time>
                                                <extensions>
                            <sog>0.0</sog>
<cog>192.3</cog>
                        </extensions>
                    </trkpt>
                    <trkpt lat="54.65985666666666" lon="10.019165">
                        <ele>0</ele>
                        <time>2022-08-18T17:31:18Z</time>
                                                <extensions>
                            <sog>0.0</sog>
<cog>192.3</cog>
                        </extensions>
                    </trkpt>
                    <trkpt lat="54.65987" lon="10.01914">
                        <ele>0</ele>
                        <time>2022-08-18T17:31:39Z</time>
                                                <extensions>
                            <sog>0.0</sog>
<cog>192.3</cog>
                        </extensions>
                    </trkpt>
                    <trkpt lat="54.65988" lon="10.019146666666668">
                        <ele>0</ele>
                        <time>2022-08-18T17:31:57Z</time>
                                                <extensions>
                            <sog>0.0</sog>
<cog>192.3</cog>
                        </extensions>
                    </trkpt>
                    <trkpt lat="54.65985666666666" lon="10.01917">
                        <ele>0</ele>
                        <time>2022-08-18T17:32:18Z</time>
                                                <extensions>
                            <sog>0.0</sog>
<cog>192.3</cog>
                        </extensions>
                    </trkpt>
                    <trkpt lat="54.65987" lon="10.019181666666666">
                        <ele>0</ele>
                        <time>2022-08-18T17:32:39Z</time>
                                                <extensions>
                            <sog>0.0</sog>
<cog>192.3</cog>
                        </extensions>
                    </trkpt>
                    <trkpt lat="54.65985666666666" lon="10.01916">
                        <ele>0</ele>
                        <time>2022-08-18T17:32:58Z</time>
                                                <extensions>
                            <sog>0.0</sog>
<cog>192.3</cog>
                        </extensions>
                    </trkpt>
                    <trkpt lat="54.65984" lon="10.019121666666667">
                        <ele>0</ele>
                        <time>2022-08-18T17:33:18Z</time>
                                                <extensions>
                            <sog>0.0</sog>
<cog>192.3</cog>
                        </extensions>
                    </trkpt>
                    <trkpt lat="54.65987" lon="10.019185">
                        <ele>0</ele>
                        <time>2022-08-18T17:33:39Z</time>
                                                <extensions>
                            <sog>0.0</sog>
<cog>192.3</cog>
                        </extensions>
                    </trkpt>
                    <trkpt lat="54.65987" lon="10.019173333333333">
                        <ele>0</ele>
                        <time>2022-08-18T17:33:58Z</time>
                                                <extensions>
                            <sog>0.0</sog>
<cog>192.3</cog>
                        </extensions>
                    </trkpt>
                    <trkpt lat="54.65985666666666" lon="10.019183333333332">
                        <ele>0</ele>
                        <time>2022-08-18T17:34:18Z</time>
                                                <extensions>
                            <sog>0.0</sog>
<cog>192.3</cog>
                        </extensions>
                    </trkpt>
                    <trkpt lat="54.65985666666666" lon="10.019178333333334">
                        <ele>0</ele>
                        <time>2022-08-18T17:34:39Z</time>
                                                <extensions>
                            <sog>0.0</sog>
<cog>192.3</cog>
                        </extensions>
                    </trkpt>
                    <trkpt lat="54.65984666666667" lon="10.019225">
                        <ele>0</ele>
                        <time>2022-08-18T17:34:58Z</time>
                                                <extensions>
                            <sog>0.0</sog>
<cog>192.3</cog>
                        </extensions>
                    </trkpt>
                    <trkpt lat="54.65984" lon="10.019165">
                        <ele>0</ele>
                        <time>2022-08-18T17:35:18Z</time>
                                                <extensions>
                            <sog>0.0</sog>
<cog>192.3</cog>
                        </extensions>
                    </trkpt>
                    <trkpt lat="54.65984666666667" lon="10.019211666666667">
                        <ele>0</ele>
                        <time>2022-08-18T17:35:37Z</time>
                                                <extensions>
                            <sog>0.0</sog>
<cog>192.3</cog>
                        </extensions>
                    </trkpt>
                    <trkpt lat="54.65984666666667" lon="10.019166666666667">
                        <ele>0</ele>
                        <time>2022-08-18T17:35:58Z</time>
                                                <extensions>
                            <sog>0.0</sog>
<cog>192.3</cog>
                        </extensions>
                    </trkpt>
                    <trkpt lat="54.65983000000001" lon="10.01921">
                        <ele>0</ele>
                        <time>2022-08-18T17:36:18Z</time>
                                                <extensions>
                            <sog>0.0</sog>
<cog>192.3</cog>
                        </extensions>
                    </trkpt>
                    <trkpt lat="54.65981333333333" lon="10.019205">
                        <ele>0</ele>
                        <time>2022-08-18T17:36:37Z</time>
                                                <extensions>
                            <sog>0.0</sog>
<cog>192.3</cog>
                        </extensions>
                    </trkpt>
                    <trkpt lat="54.65981333333333" lon="10.019196666666666">
                        <ele>0</ele>
                        <time>2022-08-18T17:36:58Z</time>
                                                <extensions>
                            <sog>0.0</sog>
<cog>192.3</cog>
                        </extensions>
                    </trkpt>
                    <trkpt lat="54.65984666666667" lon="10.019174999999999">
                        <ele>0</ele>
                        <time>2022-08-18T17:37:37Z</time>
                                                <extensions>
                            <sog>0.0</sog>
<cog>192.3</cog>
                        </extensions>
                    </trkpt>
                    <trkpt lat="54.65985666666666" lon="10.019165">
                        <ele>0</ele>
                        <time>2022-08-18T17:38:18Z</time>
                                                <extensions>
                            <sog>0.0</sog>
<cog>192.3</cog>
                        </extensions>
                    </trkpt>
                    <trkpt lat="54.65984666666667" lon="10.019166666666667">
                        <ele>0</ele>
                        <time>2022-08-18T17:38:37Z</time>
                                                <extensions>
                            <sog>0.0</sog>
<cog>192.3</cog>
                        </extensions>
                    </trkpt>
                    <trkpt lat="54.65984" lon="10.019215">
                        <ele>0</ele>
                        <time>2022-08-18T17:38:57Z</time>
                                                <extensions>
                            <sog>0.0</sog>
<cog>192.3</cog>
                        </extensions>
                    </trkpt>
                    <trkpt lat="54.65984" lon="10.019188333333334">
                        <ele>0</ele>
                        <time>2022-08-18T17:39:18Z</time>
                                                <extensions>
                            <sog>0.0</sog>
<cog>192.3</cog>
                        </extensions>
                    </trkpt>
                    <trkpt lat="54.65983000000001" lon="10.019173333333333">
                        <ele>0</ele>
                        <time>2022-08-18T17:39:37Z</time>
                                                <extensions>
                            <sog>0.0</sog>
<cog>192.3</cog>
                        </extensions>
                    </trkpt>
                    <trkpt lat="54.65984666666667" lon="10.019181666666666">
                        <ele>0</ele>
                        <time>2022-08-18T17:39:57Z</time>
                                                <extensions>
                            <sog>0.0</sog>
<cog>192.3</cog>
                        </extensions>
                    </trkpt>
                    <trkpt lat="54.65984" lon="10.01917">
                        <ele>0</ele>
                        <time>2022-08-18T17:40:19Z</time>
                                                <extensions>
                            <sog>0.0</sog>
<cog>192.3</cog>
                        </extensions>
                    </trkpt>
                    <trkpt lat="54.65984" lon="10.019185">
                        <ele>0</ele>
                        <time>2022-08-18T17:40:37Z</time>
                                                <extensions>
                            <sog>0.0</sog>
<cog>192.3</cog>
                        </extensions>
                    </trkpt>
                    <trkpt lat="54.65984" lon="10.01916">
                        <ele>0</ele>
                        <time>2022-08-18T17:40:57Z</time>
                                                <extensions>
                            <sog>0.0</sog>
<cog>192.3</cog>
                        </extensions>
                    </trkpt>
                    <trkpt lat="54.65985666666666" lon="10.01917">
                        <ele>0</ele>
                        <time>2022-08-18T17:41:19Z</time>
                                                <extensions>
                            <sog>0.0</sog>
<cog>192.3</cog>
                        </extensions>
                    </trkpt>
                    <trkpt lat="54.65984666666667" lon="10.01917">
                        <ele>0</ele>
                        <time>2022-08-18T17:41:37Z</time>
                                                <extensions>
                            <sog>0.0</sog>
<cog>192.3</cog>
                        </extensions>
                    </trkpt>
                    <trkpt lat="54.65985666666666" lon="10.019173333333333">
                        <ele>0</ele>
                        <time>2022-08-18T17:41:57Z</time>
                                                <extensions>
                            <sog>0.0</sog>
<cog>192.3</cog>
                        </extensions>
                    </trkpt>
                    <trkpt lat="54.65985666666666" lon="10.019196666666666">
                        <ele>0</ele>
                        <time>2022-08-18T17:42:19Z</time>
                                                <extensions>
                            <sog>0.0</sog>
<cog>192.3</cog>
                        </extensions>
                    </trkpt>
                    <trkpt lat="54.65987" lon="10.01917">
                        <ele>0</ele>
                        <time>2022-08-18T17:42:39Z</time>
                                                <extensions>
                            <sog>0.0</sog>
<cog>192.3</cog>
                        </extensions>
                    </trkpt>
                    <trkpt lat="54.65985666666666" lon="10.01921">
                        <ele>0</ele>
                        <time>2022-08-18T17:42:57Z</time>
                                                <extensions>
                            <sog>0.0</sog>
<cog>192.3</cog>
                        </extensions>
                    </trkpt>
                    <trkpt lat="54.65985666666666" lon="10.019185">
                        <ele>0</ele>
                        <time>2022-08-18T17:43:19Z</time>
                                                <extensions>
                            <sog>0.0</sog>
<cog>192.3</cog>
                        </extensions>
                    </trkpt>
                    <trkpt lat="54.65985666666666" lon="10.019178333333334">
                        <ele>0</ele>
                        <time>2022-08-18T17:43:39Z</time>
                                                <extensions>
                            <sog>0.0</sog>
<cog>192.3</cog>
                        </extensions>
                    </trkpt>
                    <trkpt lat="54.65987" lon="10.019188333333334">
                        <ele>0</ele>
                        <time>2022-08-18T17:44:19Z</time>
                                                <extensions>
                            <sog>0.0</sog>
<cog>192.3</cog>
                        </extensions>
                    </trkpt>
                    <trkpt lat="54.65985666666666" lon="10.019173333333333">
                        <ele>0</ele>
                        <time>2022-08-18T17:44:39Z</time>
                                                <extensions>
                            <sog>0.0</sog>
<cog>192.3</cog>
                        </extensions>
                    </trkpt>
                    <trkpt lat="54.65984" lon="10.019166666666667">
                        <ele>0</ele>
                        <time>2022-08-18T17:44:57Z</time>
                                                <extensions>
                            <sog>0.0</sog>
<cog>192.3</cog>
                        </extensions>
                    </trkpt>
                    <trkpt lat="54.65984" lon="10.019161666666667">
                        <ele>0</ele>
                        <time>2022-08-18T17:45:19Z</time>
                                                <extensions>
                            <sog>0.0</sog>
<cog>192.3</cog>
                        </extensions>
                    </trkpt>
                    <trkpt lat="54.65984666666667" lon="10.01917">
                        <ele>0</ele>
                        <time>2022-08-18T17:45:39Z</time>
                                                <extensions>
                            <sog>0.0</sog>
<cog>192.3</cog>
                        </extensions>
                    </trkpt>
                    <trkpt lat="54.65987" lon="10.019151666666666">
                        <ele>0</ele>
                        <time>2022-08-18T17:45:59Z</time>
                                                <extensions>
                            <sog>0.0</sog>
<cog>192.3</cog>
                        </extensions>
                    </trkpt>
                    <trkpt lat="54.65984666666667" lon="10.019156666666667">
                        <ele>0</ele>
                        <time>2022-08-18T17:46:19Z</time>
                                                <extensions>
                            <sog>0.0</sog>
<cog>192.3</cog>
                        </extensions>
                    </trkpt>
                    <trkpt lat="54.65988" lon="10.019158333333333">
                        <ele>0</ele>
                        <time>2022-08-18T17:46:39Z</time>
                                                <extensions>
                            <sog>0.0</sog>
<cog>192.3</cog>
                        </extensions>
                    </trkpt>
                    <trkpt lat="54.65985666666666" lon="10.019173333333333">
                        <ele>0</ele>
                        <time>2022-08-18T17:46:59Z</time>
                                                <extensions>
                            <sog>0.0</sog>
<cog>192.3</cog>
                        </extensions>
                    </trkpt>
                    <trkpt lat="54.65987" lon="10.019161666666667">
                        <ele>0</ele>
                        <time>2022-08-18T17:47:19Z</time>
                                                <extensions>
                            <sog>0.0</sog>
<cog>192.3</cog>
                        </extensions>
                    </trkpt>
                    <trkpt lat="54.65987" lon="10.019178333333334">
                        <ele>0</ele>
                        <time>2022-08-18T17:47:59Z</time>
                                                <extensions>
                            <sog>0.0</sog>
<cog>192.3</cog>
                        </extensions>
                    </trkpt>
                    <trkpt lat="54.65984666666667" lon="10.019178333333334">
                        <ele>0</ele>
                        <time>2022-08-18T17:48:19Z</time>
                                                <extensions>
                            <sog>0.0</sog>
<cog>192.3</cog>
                        </extensions>
                    </trkpt>
                    <trkpt lat="54.65985666666666" lon="10.019178333333334">
                        <ele>0</ele>
                        <time>2022-08-18T17:48:39Z</time>
                                                <extensions>
                            <sog>0.0</sog>
<cog>192.3</cog>
                        </extensions>
                    </trkpt>
                    <trkpt lat="54.65984666666667" lon="10.01917">
                        <ele>0</ele>
                        <time>2022-08-18T17:49:19Z</time>
                                                <extensions>
                            <sog>0.0</sog>
<cog>192.3</cog>
                        </extensions>
                    </trkpt>
                    <trkpt lat="54.65987" lon="10.01917">
                        <ele>0</ele>
                        <time>2022-08-18T17:49:39Z</time>
                                                <extensions>
                            <sog>0.0</sog>
<cog>192.3</cog>
                        </extensions>
                    </trkpt>
                    <trkpt lat="54.659886666666665" lon="10.019146666666668">
                        <ele>0</ele>
                        <time>2022-08-18T17:49:59Z</time>
                                                <extensions>
                            <sog>0.0</sog>
<cog>192.3</cog>
                        </extensions>
                    </trkpt>
                    <trkpt lat="54.65987" lon="10.019178333333334">
                        <ele>0</ele>
                        <time>2022-08-18T17:50:17Z</time>
                                                <extensions>
                            <sog>0.0</sog>
<cog>192.3</cog>
                        </extensions>
                    </trkpt>
                    <trkpt lat="54.65984666666667" lon="10.019161666666667">
                        <ele>0</ele>
                        <time>2022-08-18T17:50:39Z</time>
                                                <extensions>
                            <sog>0.0</sog>
<cog>192.3</cog>
                        </extensions>
                    </trkpt>
                    <trkpt lat="54.65983000000001" lon="10.01917">
                        <ele>0</ele>
                        <time>2022-08-18T17:50:59Z</time>
                                                <extensions>
                            <sog>0.0</sog>
<cog>192.3</cog>
                        </extensions>
                    </trkpt>
                    <trkpt lat="54.65981333333333" lon="10.019200000000001">
                        <ele>0</ele>
                        <time>2022-08-18T17:51:17Z</time>
                                                <extensions>
                            <sog>0.0</sog>
<cog>192.3</cog>
                        </extensions>
                    </trkpt>
                    <trkpt lat="54.65984666666667" lon="10.019200000000001">
                        <ele>0</ele>
                        <time>2022-08-18T17:51:39Z</time>
                                                <extensions>
                            <sog>0.0</sog>
<cog>192.3</cog>
                        </extensions>
                    </trkpt>
                    <trkpt lat="54.65987" lon="10.019151666666666">
                        <ele>0</ele>
                        <time>2022-08-18T17:51:59Z</time>
                                                <extensions>
                            <sog>0.0</sog>
<cog>192.3</cog>
                        </extensions>
                    </trkpt>
                    <trkpt lat="54.659886666666665" lon="10.019151666666666">
                        <ele>0</ele>
                        <time>2022-08-18T17:52:17Z</time>
                                                <extensions>
                            <sog>0.0</sog>
<cog>192.3</cog>
                        </extensions>
                    </trkpt>
                    <trkpt lat="54.65987" lon="10.019135">
                        <ele>0</ele>
                        <time>2022-08-18T17:52:39Z</time>
                                                <extensions>
                            <sog>0.0</sog>
<cog>192.3</cog>
                        </extensions>
                    </trkpt>
                    <trkpt lat="54.65987" lon="10.01916">
                        <ele>0</ele>
                        <time>2022-08-18T17:52:59Z</time>
                                                <extensions>
                            <sog>0.0</sog>
<cog>192.3</cog>
                        </extensions>
                    </trkpt>
                    <trkpt lat="54.65987" lon="10.019178333333334">
                        <ele>0</ele>
                        <time>2022-08-18T17:53:17Z</time>
                                                <extensions>
                            <sog>0.0</sog>
<cog>192.3</cog>
                        </extensions>
                    </trkpt>
                    <trkpt lat="54.65987" lon="10.019178333333334">
                        <ele>0</ele>
                        <time>2022-08-18T17:53:39Z</time>
                                                <extensions>
                            <sog>0.0</sog>
<cog>192.3</cog>
                        </extensions>
                    </trkpt>
                    <trkpt lat="54.65988" lon="10.019178333333334">
                        <ele>0</ele>
                        <time>2022-08-18T17:53:59Z</time>
                                                <extensions>
                            <sog>0.0</sog>
<cog>192.3</cog>
                        </extensions>
                    </trkpt>
                    <trkpt lat="54.65985666666666" lon="10.019205">
                        <ele>0</ele>
                        <time>2022-08-18T17:54:17Z</time>
                                                <extensions>
                            <sog>0.0</sog>
<cog>192.3</cog>
                        </extensions>
                    </trkpt>
                    <trkpt lat="54.65983000000001" lon="10.019185">
                        <ele>0</ele>
                        <time>2022-08-18T17:55:17Z</time>
                                                <extensions>
                            <sog>0.0</sog>
<cog>192.3</cog>
                        </extensions>
                    </trkpt>
                    <trkpt lat="54.65983000000001" lon="10.019161666666667">
                        <ele>0</ele>
                        <time>2022-08-18T17:55:39Z</time>
                                                <extensions>
                            <sog>0.0</sog>
<cog>192.3</cog>
                        </extensions>
                    </trkpt>
                    <trkpt lat="54.65987" lon="10.019165">
                        <ele>0</ele>
                        <time>2022-08-18T17:55:59Z</time>
                                                <extensions>
                            <sog>0.0</sog>
<cog>192.3</cog>
                        </extensions>
                    </trkpt>
                    <trkpt lat="54.65985666666666" lon="10.019183333333332">
                        <ele>0</ele>
                        <time>2022-08-18T17:56:17Z</time>
                                                <extensions>
                            <sog>0.0</sog>
<cog>192.3</cog>
                        </extensions>
                    </trkpt>
                    <trkpt lat="54.65984666666667" lon="10.019133333333334">
                        <ele>0</ele>
                        <time>2022-08-18T17:56:59Z</time>
                                                <extensions>
                            <sog>0.0</sog>
<cog>192.3</cog>
                        </extensions>
                    </trkpt>
                    <trkpt lat="54.65987" lon="10.019185">
                        <ele>0</ele>
                        <time>2022-08-18T17:57:17Z</time>
                                                <extensions>
                            <sog>0.0</sog>
<cog>192.3</cog>
                        </extensions>
                    </trkpt>
                    <trkpt lat="54.65988" lon="10.019186666666666">
                        <ele>0</ele>
                        <time>2022-08-18T17:57:59Z</time>
                                                <extensions>
                            <sog>0.0</sog>
<cog>192.3</cog>
                        </extensions>
                    </trkpt>
                    <trkpt lat="54.65984" lon="10.019151666666666">
                        <ele>0</ele>
                        <time>2022-08-18T17:58:19Z</time>
                                                <extensions>
                            <sog>0.0</sog>
<cog>192.3</cog>
                        </extensions>
                    </trkpt>
                    <trkpt lat="54.65984" lon="10.01916">
                        <ele>0</ele>
                        <time>2022-08-18T17:58:59Z</time>
                                                <extensions>
                            <sog>0.0</sog>
<cog>192.3</cog>
                        </extensions>
                    </trkpt>
                    <trkpt lat="54.65983000000001" lon="10.019181666666666">
                        <ele>0</ele>
                        <time>2022-08-18T17:59:19Z</time>
                                                <extensions>
                            <sog>0.0</sog>
<cog>192.3</cog>
                        </extensions>
                    </trkpt>
                    <trkpt lat="54.65985666666666" lon="10.019126666666667">
                        <ele>0</ele>
                        <time>2022-08-18T17:59:59Z</time>
                                                <extensions>
                            <sog>0.0</sog>
<cog>192.3</cog>
                        </extensions>
                    </trkpt>
                    <trkpt lat="54.65984" lon="10.019108333333332">
                        <ele>0</ele>
                        <time>2022-08-18T18:00:19Z</time>
                                                <extensions>
                            <sog>0.0</sog>
<cog>192.3</cog>
                        </extensions>
                    </trkpt>
                    <trkpt lat="54.65984" lon="10.019108333333332">
                        <ele>0</ele>
                        <time>2022-08-18T18:00:19Z</time>
                                                <extensions>
                            <sog>0.0</sog>
<cog>192.3</cog>
                        </extensions>
                    </trkpt>
                    <trkpt lat="54.65987" lon="10.019173333333333">
                        <ele>0</ele>
                        <time>2022-08-18T18:00:58Z</time>
                                                <extensions>
                            <sog>0.0</sog>
<cog>192.3</cog>
                        </extensions>
                    </trkpt>
                    <trkpt lat="54.65987" lon="10.019173333333333">
                        <ele>0</ele>
                        <time>2022-08-18T18:00:58Z</time>
                                                <extensions>
                            <sog>0.0</sog>
<cog>192.3</cog>
                        </extensions>
                    </trkpt>
                    <trkpt lat="54.65984666666667" lon="10.019178333333334">
                        <ele>0</ele>
                        <time>2022-08-18T18:01:19Z</time>
                                                <extensions>
                            <sog>0.0</sog>
<cog>192.3</cog>
                        </extensions>
                    </trkpt>
                    <trkpt lat="54.65984666666667" lon="10.019166666666667">
                        <ele>0</ele>
                        <time>2022-08-18T18:01:38Z</time>
                                                <extensions>
                            <sog>0.0</sog>
<cog>192.3</cog>
                        </extensions>
                    </trkpt>
                    <trkpt lat="54.65987" lon="10.019178333333334">
                        <ele>0</ele>
                        <time>2022-08-18T18:01:58Z</time>
                                                <extensions>
                            <sog>0.0</sog>
<cog>192.3</cog>
                        </extensions>
                    </trkpt>
                    <trkpt lat="54.65985666666666" lon="10.019151666666666">
                        <ele>0</ele>
                        <time>2022-08-18T18:02:19Z</time>
                                                <extensions>
                            <sog>0.0</sog>
<cog>192.3</cog>
                        </extensions>
                    </trkpt>
                    <trkpt lat="54.65984666666667" lon="10.019183333333332">
                        <ele>0</ele>
                        <time>2022-08-18T18:02:38Z</time>
                                                <extensions>
                            <sog>0.0</sog>
<cog>192.3</cog>
                        </extensions>
                    </trkpt>
                    <trkpt lat="54.65985666666666" lon="10.019218333333333">
                        <ele>0</ele>
                        <time>2022-08-18T18:03:19Z</time>
                                                <extensions>
                            <sog>0.0</sog>
<cog>192.3</cog>
                        </extensions>
                    </trkpt>
                    <trkpt lat="54.65985666666666" lon="10.01917">
                        <ele>0</ele>
                        <time>2022-08-18T18:03:38Z</time>
                                                <extensions>
                            <sog>0.0</sog>
<cog>192.3</cog>
                        </extensions>
                    </trkpt>
                    <trkpt lat="54.65984666666667" lon="10.019165">
                        <ele>0</ele>
                        <time>2022-08-18T18:03:58Z</time>
                                                <extensions>
                            <sog>0.0</sog>
<cog>192.3</cog>
                        </extensions>
                    </trkpt>
                    <trkpt lat="54.65984666666667" lon="10.019183333333332">
                        <ele>0</ele>
                        <time>2022-08-18T18:04:19Z</time>
                                                <extensions>
                            <sog>0.0</sog>
<cog>192.3</cog>
                        </extensions>
                    </trkpt>
                    <trkpt lat="54.65985666666666" lon="10.019158333333333">
                        <ele>0</ele>
                        <time>2022-08-18T18:04:38Z</time>
                                                <extensions>
                            <sog>0.0</sog>
<cog>192.3</cog>
                        </extensions>
                    </trkpt>
                    <trkpt lat="54.65985666666666" lon="10.019198333333332">
                        <ele>0</ele>
                        <time>2022-08-18T18:04:58Z</time>
                                                <extensions>
                            <sog>0.0</sog>
<cog>192.3</cog>
                        </extensions>
                    </trkpt>
                    <trkpt lat="54.65984666666667" lon="10.019219999999999">
                        <ele>0</ele>
                        <time>2022-08-18T18:05:39Z</time>
                                                <extensions>
                            <sog>0.0</sog>
<cog>192.3</cog>
                        </extensions>
                    </trkpt>
                    <trkpt lat="54.65985666666666" lon="10.019173333333333">
                        <ele>0</ele>
                        <time>2022-08-18T18:05:58Z</time>
                                                <extensions>
                            <sog>0.0</sog>
<cog>192.3</cog>
                        </extensions>
                    </trkpt>
                    <trkpt lat="54.65985666666666" lon="10.019151666666666">
                        <ele>0</ele>
                        <time>2022-08-18T18:06:17Z</time>
                                                <extensions>
                            <sog>0.0</sog>
<cog>192.3</cog>
                        </extensions>
                    </trkpt>
                    <trkpt lat="54.65987" lon="10.019148333333334">
                        <ele>0</ele>
                        <time>2022-08-18T18:06:39Z</time>
                                                <extensions>
                            <sog>0.0</sog>
<cog>192.3</cog>
                        </extensions>
                    </trkpt>
                    <trkpt lat="54.65988" lon="10.01917">
                        <ele>0</ele>
                        <time>2022-08-18T18:06:58Z</time>
                                                <extensions>
                            <sog>0.0</sog>
<cog>192.3</cog>
                        </extensions>
                    </trkpt>
                    <trkpt lat="54.65987" lon="10.01917">
                        <ele>0</ele>
                        <time>2022-08-18T18:07:17Z</time>
                                                <extensions>
                            <sog>0.0</sog>
<cog>192.3</cog>
                        </extensions>
                    </trkpt>
                    <trkpt lat="54.65985666666666" lon="10.019206666666665">
                        <ele>0</ele>
                        <time>2022-08-18T18:07:39Z</time>
                                                <extensions>
                            <sog>0.0</sog>
<cog>192.3</cog>
                        </extensions>
                    </trkpt>
                    <trkpt lat="54.65985666666666" lon="10.019201666666667">
                        <ele>0</ele>
                        <time>2022-08-18T18:07:58Z</time>
                                                <extensions>
                            <sog>0.0</sog>
<cog>192.3</cog>
                        </extensions>
                    </trkpt>
                    <trkpt lat="54.65987" lon="10.019173333333333">
                        <ele>0</ele>
                        <time>2022-08-18T18:08:17Z</time>
                                                <extensions>
                            <sog>0.0</sog>
<cog>192.3</cog>
                        </extensions>
                    </trkpt>
                    <trkpt lat="54.65988" lon="10.019135">
                        <ele>0</ele>
                        <time>2022-08-18T18:08:58Z</time>
                                                <extensions>
                            <sog>0.0</sog>
<cog>192.3</cog>
                        </extensions>
                    </trkpt>
                    <trkpt lat="54.65985666666666" lon="10.019165">
                        <ele>0</ele>
                        <time>2022-08-18T18:09:39Z</time>
                                                <extensions>
                            <sog>0.0</sog>
<cog>192.3</cog>
                        </extensions>
                    </trkpt>
                    <trkpt lat="54.65984" lon="10.019148333333334">
                        <ele>0</ele>
                        <time>2022-08-18T18:09:58Z</time>
                                                <extensions>
                            <sog>0.0</sog>
<cog>192.3</cog>
                        </extensions>
                    </trkpt>
                    <trkpt lat="54.65987" lon="10.01916">
                        <ele>0</ele>
                        <time>2022-08-18T18:10:17Z</time>
                                                <extensions>
                            <sog>0.0</sog>
<cog>192.3</cog>
                        </extensions>
                    </trkpt>
                    <trkpt lat="54.65987" lon="10.019165">
                        <ele>0</ele>
                        <time>2022-08-18T18:10:39Z</time>
                                                <extensions>
                            <sog>0.0</sog>
<cog>192.3</cog>
                        </extensions>
                    </trkpt>
                    <trkpt lat="54.65987" lon="10.019191666666668">
                        <ele>0</ele>
                        <time>2022-08-18T18:10:58Z</time>
                                                <extensions>
                            <sog>0.0</sog>
<cog>192.3</cog>
                        </extensions>
                    </trkpt>
                    <trkpt lat="54.65987" lon="10.019200000000001">
                        <ele>0</ele>
                        <time>2022-08-18T18:11:37Z</time>
                                                <extensions>
                            <sog>0.0</sog>
<cog>192.3</cog>
                        </extensions>
                    </trkpt>
                    <trkpt lat="54.65985666666666" lon="10.019173333333333">
                        <ele>0</ele>
                        <time>2022-08-18T18:11:58Z</time>
                                                <extensions>
                            <sog>0.0</sog>
<cog>192.3</cog>
                        </extensions>
                    </trkpt>
                    <trkpt lat="54.65988" lon="10.019133333333334">
                        <ele>0</ele>
                        <time>2022-08-18T18:12:17Z</time>
                                                <extensions>
                            <sog>0.0</sog>
<cog>192.3</cog>
                        </extensions>
                    </trkpt>
                    <trkpt lat="54.65987" lon="10.01914">
                        <ele>0</ele>
                        <time>2022-08-18T18:12:37Z</time>
                                                <extensions>
                            <sog>0.0</sog>
<cog>192.3</cog>
                        </extensions>
                    </trkpt>
                    <trkpt lat="54.65988" lon="10.019188333333334">
                        <ele>0</ele>
                        <time>2022-08-18T18:12:58Z</time>
                                                <extensions>
                            <sog>0.0</sog>
<cog>192.3</cog>
                        </extensions>
                    </trkpt>
                    <trkpt lat="54.65988" lon="10.019183333333332">
                        <ele>0</ele>
                        <time>2022-08-18T18:13:37Z</time>
                                                <extensions>
                            <sog>0.0</sog>
<cog>192.3</cog>
                        </extensions>
                    </trkpt>
                    <trkpt lat="54.65988" lon="10.019173333333333">
                        <ele>0</ele>
                        <time>2022-08-18T18:13:58Z</time>
                                                <extensions>
                            <sog>0.0</sog>
<cog>192.3</cog>
                        </extensions>
                    </trkpt>
                    <trkpt lat="54.659886666666665" lon="10.019215">
                        <ele>0</ele>
                        <time>2022-08-18T18:14:18Z</time>
                                                <extensions>
                            <sog>0.0</sog>
<cog>192.3</cog>
                        </extensions>
                    </trkpt>
                    <trkpt lat="54.65987" lon="10.019219999999999">
                        <ele>0</ele>
                        <time>2022-08-18T18:14:37Z</time>
                                                <extensions>
                            <sog>0.0</sog>
<cog>192.3</cog>
                        </extensions>
                    </trkpt>
                    <trkpt lat="54.65984666666667" lon="10.019188333333334">
                        <ele>0</ele>
                        <time>2022-08-18T18:14:58Z</time>
                                                <extensions>
                            <sog>0.0</sog>
<cog>192.3</cog>
                        </extensions>
                    </trkpt>
                    <trkpt lat="54.65987" lon="10.019206666666665">
                        <ele>0</ele>
                        <time>2022-08-18T18:15:18Z</time>
                                                <extensions>
                            <sog>0.0</sog>
<cog>192.3</cog>
                        </extensions>
                    </trkpt>
                    <trkpt lat="54.65985666666666" lon="10.019200000000001">
                        <ele>0</ele>
                        <time>2022-08-18T18:15:37Z</time>
                                                <extensions>
                            <sog>0.0</sog>
<cog>192.3</cog>
                        </extensions>
                    </trkpt>
                    <trkpt lat="54.65985666666666" lon="10.019191666666668">
                        <ele>0</ele>
                        <time>2022-08-18T18:15:58Z</time>
                                                <extensions>
                            <sog>0.0</sog>
<cog>192.3</cog>
                        </extensions>
                    </trkpt>
                    <trkpt lat="54.65988" lon="10.019173333333333">
                        <ele>0</ele>
                        <time>2022-08-18T18:16:18Z</time>
                                                <extensions>
                            <sog>0.0</sog>
<cog>192.3</cog>
                        </extensions>
                    </trkpt>
                    <trkpt lat="54.65988" lon="10.019161666666667">
                        <ele>0</ele>
                        <time>2022-08-18T18:16:37Z</time>
                                                <extensions>
                            <sog>0.0</sog>
<cog>192.3</cog>
                        </extensions>
                    </trkpt>
                    <trkpt lat="54.65985666666666" lon="10.019158333333333">
                        <ele>0</ele>
                        <time>2022-08-18T18:16:58Z</time>
                                                <extensions>
                            <sog>0.0</sog>
<cog>192.3</cog>
                        </extensions>
                    </trkpt>
                    <trkpt lat="54.65985666666666" lon="10.019183333333332">
                        <ele>0</ele>
                        <time>2022-08-18T18:17:18Z</time>
                                                <extensions>
                            <sog>0.0</sog>
<cog>192.3</cog>
                        </extensions>
                    </trkpt>
                    <trkpt lat="54.65984666666667" lon="10.019196666666666">
                        <ele>0</ele>
                        <time>2022-08-18T18:17:37Z</time>
                                                <extensions>
                            <sog>0.0</sog>
<cog>192.3</cog>
                        </extensions>
                    </trkpt>
                    <trkpt lat="54.65984666666667" lon="10.01917">
                        <ele>0</ele>
                        <time>2022-08-18T18:17:58Z</time>
                                                <extensions>
                            <sog>0.0</sog>
<cog>192.3</cog>
                        </extensions>
                    </trkpt>
                    <trkpt lat="54.65984" lon="10.019161666666667">
                        <ele>0</ele>
                        <time>2022-08-18T18:18:18Z</time>
                                                <extensions>
                            <sog>0.0</sog>
<cog>192.3</cog>
                        </extensions>
                    </trkpt>
                    <trkpt lat="54.65983000000001" lon="10.019185">
                        <ele>0</ele>
                        <time>2022-08-18T18:18:37Z</time>
                                                <extensions>
                            <sog>0.0</sog>
<cog>192.3</cog>
                        </extensions>
                    </trkpt>
                    <trkpt lat="54.65984666666667" lon="10.019165">
                        <ele>0</ele>
                        <time>2022-08-18T18:19:18Z</time>
                                                <extensions>
                            <sog>0.0</sog>
<cog>192.3</cog>
                        </extensions>
                    </trkpt>
                    <trkpt lat="54.65984666666667" lon="10.01916">
                        <ele>0</ele>
                        <time>2022-08-18T18:19:37Z</time>
                                                <extensions>
                            <sog>0.0</sog>
<cog>192.3</cog>
                        </extensions>
                    </trkpt>
                    <trkpt lat="54.65985666666666" lon="10.019156666666667">
                        <ele>0</ele>
                        <time>2022-08-18T18:19:59Z</time>
                                                <extensions>
                            <sog>0.0</sog>
<cog>192.3</cog>
                        </extensions>
                    </trkpt>
                    <trkpt lat="54.65987" lon="10.019153333333332">
                        <ele>0</ele>
                        <time>2022-08-18T18:20:18Z</time>
                                                <extensions>
                            <sog>0.0</sog>
<cog>192.3</cog>
                        </extensions>
                    </trkpt>
                    <trkpt lat="54.65988" lon="10.01917">
                        <ele>0</ele>
                        <time>2022-08-18T18:20:59Z</time>
                                                <extensions>
                            <sog>0.0</sog>
<cog>192.3</cog>
                        </extensions>
                    </trkpt>
                    <trkpt lat="54.65987" lon="10.019205">
                        <ele>0</ele>
                        <time>2022-08-18T18:21:19Z</time>
                                                <extensions>
                            <sog>0.0</sog>
<cog>192.3</cog>
                        </extensions>
                    </trkpt>
                    <trkpt lat="54.65987" lon="10.019178333333334">
                        <ele>0</ele>
                        <time>2022-08-18T18:21:37Z</time>
                                                <extensions>
                            <sog>0.0</sog>
<cog>192.3</cog>
                        </extensions>
                    </trkpt>
                    <trkpt lat="54.65984666666667" lon="10.019165">
                        <ele>0</ele>
                        <time>2022-08-18T18:21:59Z</time>
                                                <extensions>
                            <sog>0.0</sog>
<cog>192.3</cog>
                        </extensions>
                    </trkpt>
                    <trkpt lat="54.65984" lon="10.019178333333334">
                        <ele>0</ele>
                        <time>2022-08-18T18:22:19Z</time>
                                                <extensions>
                            <sog>0.0</sog>
<cog>192.3</cog>
                        </extensions>
                    </trkpt>
                    <trkpt lat="54.65984" lon="10.019166666666667">
                        <ele>0</ele>
                        <time>2022-08-18T18:22:39Z</time>
                                                <extensions>
                            <sog>0.0</sog>
<cog>192.3</cog>
                        </extensions>
                    </trkpt>
                    <trkpt lat="54.65984" lon="10.019151666666666">
                        <ele>0</ele>
                        <time>2022-08-18T18:22:59Z</time>
                                                <extensions>
                            <sog>0.0</sog>
<cog>192.3</cog>
                        </extensions>
                    </trkpt>
                    <trkpt lat="54.65984" lon="10.01916">
                        <ele>0</ele>
                        <time>2022-08-18T18:23:19Z</time>
                                                <extensions>
                            <sog>0.0</sog>
<cog>192.3</cog>
                        </extensions>
                    </trkpt>
                    <trkpt lat="54.65988" lon="10.019173333333333">
                        <ele>0</ele>
                        <time>2022-08-18T18:24:19Z</time>
                                                <extensions>
                            <sog>0.0</sog>
<cog>192.3</cog>
                        </extensions>
                    </trkpt>
                    <trkpt lat="54.65987" lon="10.01914">
                        <ele>0</ele>
                        <time>2022-08-18T18:24:39Z</time>
                                                <extensions>
                            <sog>0.0</sog>
<cog>192.3</cog>
                        </extensions>
                    </trkpt>
                    <trkpt lat="54.65988" lon="10.019158333333333">
                        <ele>0</ele>
                        <time>2022-08-18T18:24:59Z</time>
                                                <extensions>
                            <sog>0.0</sog>
<cog>192.3</cog>
                        </extensions>
                    </trkpt>
                    <trkpt lat="54.65987" lon="10.019206666666665">
                        <ele>0</ele>
                        <time>2022-08-18T18:25:19Z</time>
                                                <extensions>
                            <sog>0.0</sog>
<cog>192.3</cog>
                        </extensions>
                    </trkpt>
                    <trkpt lat="54.65987" lon="10.019131666666668">
                        <ele>0</ele>
                        <time>2022-08-18T18:25:39Z</time>
                                                <extensions>
                            <sog>0.0</sog>
<cog>192.3</cog>
                        </extensions>
                    </trkpt>
                    <trkpt lat="54.65987" lon="10.019178333333334">
                        <ele>0</ele>
                        <time>2022-08-18T18:25:59Z</time>
                                                <extensions>
                            <sog>0.0</sog>
<cog>192.3</cog>
                        </extensions>
                    </trkpt>
                    <trkpt lat="54.65988" lon="10.019158333333333">
                        <ele>0</ele>
                        <time>2022-08-18T18:26:19Z</time>
                                                <extensions>
                            <sog>0.0</sog>
<cog>192.3</cog>
                        </extensions>
                    </trkpt>
                    <trkpt lat="54.65987" lon="10.019161666666667">
                        <ele>0</ele>
                        <time>2022-08-18T18:26:39Z</time>
                                                <extensions>
                            <sog>0.0</sog>
<cog>192.3</cog>
                        </extensions>
                    </trkpt>
                    <trkpt lat="54.65987" lon="10.019129999999999">
                        <ele>0</ele>
                        <time>2022-08-18T18:26:59Z</time>
                                                <extensions>
                            <sog>0.0</sog>
<cog>192.3</cog>
                        </extensions>
                    </trkpt>
                    <trkpt lat="54.65987" lon="10.019116666666667">
                        <ele>0</ele>
                        <time>2022-08-18T18:27:19Z</time>
                                                <extensions>
                            <sog>0.0</sog>
<cog>192.3</cog>
                        </extensions>
                    </trkpt>
                    <trkpt lat="54.65984" lon="10.019193333333334">
                        <ele>0</ele>
                        <time>2022-08-18T18:27:59Z</time>
                                                <extensions>
                            <sog>0.0</sog>
<cog>192.3</cog>
                        </extensions>
                    </trkpt>
                    <trkpt lat="54.65984" lon="10.01921">
                        <ele>0</ele>
                        <time>2022-08-18T18:28:19Z</time>
                                                <extensions>
                            <sog>0.0</sog>
<cog>192.3</cog>
                        </extensions>
                    </trkpt>
                    <trkpt lat="54.65984" lon="10.019206666666665">
                        <ele>0</ele>
                        <time>2022-08-18T18:28:37Z</time>
                                                <extensions>
                            <sog>0.0</sog>
<cog>192.3</cog>
                        </extensions>
                    </trkpt>
                    <trkpt lat="54.65987" lon="10.019178333333334">
                        <ele>0</ele>
                        <time>2022-08-18T18:28:57Z</time>
                                                <extensions>
                            <sog>0.0</sog>
<cog>192.3</cog>
                        </extensions>
                    </trkpt>
                    <trkpt lat="54.65985666666666" lon="10.019183333333332">
                        <ele>0</ele>
                        <time>2022-08-18T18:29:19Z</time>
                                                <extensions>
                            <sog>0.0</sog>
<cog>192.3</cog>
                        </extensions>
                    </trkpt>
                    <trkpt lat="54.65987" lon="10.019206666666665">
                        <ele>0</ele>
                        <time>2022-08-18T18:29:37Z</time>
                                                <extensions>
                            <sog>0.0</sog>
<cog>192.3</cog>
                        </extensions>
                    </trkpt>
                    <trkpt lat="54.65985666666666" lon="10.019145">
                        <ele>0</ele>
                        <time>2022-08-18T18:29:57Z</time>
                                                <extensions>
                            <sog>0.0</sog>
<cog>192.3</cog>
                        </extensions>
                    </trkpt>
                    <trkpt lat="54.65987" lon="10.019158333333333">
                        <ele>0</ele>
                        <time>2022-08-18T18:30:19Z</time>
                                                <extensions>
                            <sog>0.0</sog>
<cog>192.3</cog>
                        </extensions>
                    </trkpt>
                    <trkpt lat="54.65987" lon="10.019173333333333">
                        <ele>0</ele>
                        <time>2022-08-18T18:30:37Z</time>
                                                <extensions>
                            <sog>0.0</sog>
<cog>192.3</cog>
                        </extensions>
                    </trkpt>
                    <trkpt lat="54.65985666666666" lon="10.019166666666667">
                        <ele>0</ele>
                        <time>2022-08-18T18:30:57Z</time>
                                                <extensions>
                            <sog>0.0</sog>
<cog>192.3</cog>
                        </extensions>
                    </trkpt>
                    <trkpt lat="54.65985666666666" lon="10.019165">
                        <ele>0</ele>
                        <time>2022-08-18T18:31:19Z</time>
                                                <extensions>
                            <sog>0.0</sog>
<cog>192.3</cog>
                        </extensions>
                    </trkpt>
                    <trkpt lat="54.65987" lon="10.019183333333332">
                        <ele>0</ele>
                        <time>2022-08-18T18:31:57Z</time>
                                                <extensions>
                            <sog>0.0</sog>
<cog>192.3</cog>
                        </extensions>
                    </trkpt>
                    <trkpt lat="54.65984666666667" lon="10.019200000000001">
                        <ele>0</ele>
                        <time>2022-08-18T18:32:37Z</time>
                                                <extensions>
                            <sog>0.0</sog>
<cog>192.3</cog>
                        </extensions>
                    </trkpt>
                    <trkpt lat="54.65984666666667" lon="10.019151666666666">
                        <ele>0</ele>
                        <time>2022-08-18T18:32:57Z</time>
                                                <extensions>
                            <sog>0.0</sog>
<cog>192.3</cog>
                        </extensions>
                    </trkpt>
                    <trkpt lat="54.65987" lon="10.019165">
                        <ele>0</ele>
                        <time>2022-08-18T18:33:19Z</time>
                                                <extensions>
                            <sog>0.0</sog>
<cog>192.3</cog>
                        </extensions>
                    </trkpt>
                    <trkpt lat="54.65988" lon="10.019188333333334">
                        <ele>0</ele>
                        <time>2022-08-18T18:33:37Z</time>
                                                <extensions>
                            <sog>0.0</sog>
<cog>192.3</cog>
                        </extensions>
                    </trkpt>
                    <trkpt lat="54.65987" lon="10.019178333333334">
                        <ele>0</ele>
                        <time>2022-08-18T18:33:57Z</time>
                                                <extensions>
                            <sog>0.0</sog>
<cog>192.3</cog>
                        </extensions>
                    </trkpt>
                    <trkpt lat="54.65985666666666" lon="10.019183333333332">
                        <ele>0</ele>
                        <time>2022-08-18T18:34:19Z</time>
                                                <extensions>
                            <sog>0.0</sog>
<cog>192.3</cog>
                        </extensions>
                    </trkpt>
                    <trkpt lat="54.65985666666666" lon="10.019183333333332">
                        <ele>0</ele>
                        <time>2022-08-18T18:34:37Z</time>
                                                <extensions>
                            <sog>0.0</sog>
<cog>192.3</cog>
                        </extensions>
                    </trkpt>
                    <trkpt lat="54.65987" lon="10.019185">
                        <ele>0</ele>
                        <time>2022-08-18T18:34:57Z</time>
                                                <extensions>
                            <sog>0.0</sog>
<cog>192.3</cog>
                        </extensions>
                    </trkpt>
                    <trkpt lat="54.65985666666666" lon="10.019161666666667">
                        <ele>0</ele>
                        <time>2022-08-18T18:35:19Z</time>
                                                <extensions>
                            <sog>0.0</sog>
<cog>192.3</cog>
                        </extensions>
                    </trkpt>
                    <trkpt lat="54.65985666666666" lon="10.019206666666665">
                        <ele>0</ele>
                        <time>2022-08-18T18:35:37Z</time>
                                                <extensions>
                            <sog>0.0</sog>
<cog>192.3</cog>
                        </extensions>
                    </trkpt>
                    <trkpt lat="54.65984666666667" lon="10.019196666666666">
                        <ele>0</ele>
                        <time>2022-08-18T18:36:37Z</time>
                                                <extensions>
                            <sog>0.0</sog>
<cog>192.3</cog>
                        </extensions>
                    </trkpt>
                    <trkpt lat="54.65984666666667" lon="10.019165">
                        <ele>0</ele>
                        <time>2022-08-18T18:37:37Z</time>
                                                <extensions>
                            <sog>0.0</sog>
<cog>192.3</cog>
                        </extensions>
                    </trkpt>
                    <trkpt lat="54.65985666666666" lon="10.01917">
                        <ele>0</ele>
                        <time>2022-08-18T18:38:37Z</time>
                                                <extensions>
                            <sog>0.0</sog>
<cog>192.3</cog>
                        </extensions>
                    </trkpt>
                    <trkpt lat="54.65988" lon="10.019166666666667">
                        <ele>0</ele>
                        <time>2022-08-18T18:40:38Z</time>
                                                <extensions>
                            <sog>0.0</sog>
<cog>192.3</cog>
                        </extensions>
                    </trkpt>
                    <trkpt lat="54.65988" lon="10.019196666666666">
                        <ele>0</ele>
                        <time>2022-08-18T18:40:59Z</time>
                                                <extensions>
                            <sog>0.0</sog>
<cog>192.3</cog>
                        </extensions>
                    </trkpt>
                    <trkpt lat="54.65985666666666" lon="10.019186666666666">
                        <ele>0</ele>
                        <time>2022-08-18T18:41:18Z</time>
                                                <extensions>
                            <sog>0.0</sog>
<cog>192.3</cog>
                        </extensions>
                    </trkpt>
                    <trkpt lat="54.65985666666666" lon="10.01917">
                        <ele>0</ele>
                        <time>2022-08-18T18:41:38Z</time>
                                                <extensions>
                            <sog>0.0</sog>
<cog>192.3</cog>
                        </extensions>
                    </trkpt>
                    <trkpt lat="54.65983000000001" lon="10.01916">
                        <ele>0</ele>
                        <time>2022-08-18T18:41:59Z</time>
                                                <extensions>
                            <sog>0.0</sog>
<cog>192.3</cog>
                        </extensions>
                    </trkpt>
                    <trkpt lat="54.65985666666666" lon="10.019178333333334">
                        <ele>0</ele>
                        <time>2022-08-18T18:42:18Z</time>
                                                <extensions>
                            <sog>0.0</sog>
<cog>192.3</cog>
                        </extensions>
                    </trkpt>
                    <trkpt lat="54.65985666666666" lon="10.019196666666666">
                        <ele>0</ele>
                        <time>2022-08-18T18:42:38Z</time>
                                                <extensions>
                            <sog>0.0</sog>
<cog>192.3</cog>
                        </extensions>
                    </trkpt>
                    <trkpt lat="54.65988" lon="10.019173333333333">
                        <ele>0</ele>
                        <time>2022-08-18T18:42:59Z</time>
                                                <extensions>
                            <sog>0.0</sog>
<cog>192.3</cog>
                        </extensions>
                    </trkpt>
                    <trkpt lat="54.65984666666667" lon="10.01917">
                        <ele>0</ele>
                        <time>2022-08-18T18:43:18Z</time>
                                                <extensions>
                            <sog>0.0</sog>
<cog>192.3</cog>
                        </extensions>
                    </trkpt>
                    <trkpt lat="54.65985666666666" lon="10.019151666666666">
                        <ele>0</ele>
                        <time>2022-08-18T18:43:38Z</time>
                                                <extensions>
                            <sog>0.0</sog>
<cog>192.3</cog>
                        </extensions>
                    </trkpt>
                    <trkpt lat="54.65985666666666" lon="10.019138333333332">
                        <ele>0</ele>
                        <time>2022-08-18T18:43:58Z</time>
                                                <extensions>
                            <sog>0.0</sog>
<cog>192.3</cog>
                        </extensions>
                    </trkpt>
                    <trkpt lat="54.65984666666667" lon="10.019165">
                        <ele>0</ele>
                        <time>2022-08-18T18:44:19Z</time>
                                                <extensions>
                            <sog>0.0</sog>
<cog>192.3</cog>
                        </extensions>
                    </trkpt>
                    <trkpt lat="54.65988" lon="10.019183333333332">
                        <ele>0</ele>
                        <time>2022-08-18T18:44:58Z</time>
                                                <extensions>
                            <sog>0.0</sog>
<cog>192.3</cog>
                        </extensions>
                    </trkpt>
                    <trkpt lat="54.65987" lon="10.019151666666666">
                        <ele>0</ele>
                        <time>2022-08-18T18:45:19Z</time>
                                                <extensions>
                            <sog>0.0</sog>
<cog>192.3</cog>
                        </extensions>
                    </trkpt>
                    <trkpt lat="54.65985666666666" lon="10.019178333333334">
                        <ele>0</ele>
                        <time>2022-08-18T18:45:38Z</time>
                                                <extensions>
                            <sog>0.0</sog>
<cog>192.3</cog>
                        </extensions>
                    </trkpt>
                    <trkpt lat="54.65987" lon="10.019215">
                        <ele>0</ele>
                        <time>2022-08-18T18:45:58Z</time>
                                                <extensions>
                            <sog>0.0</sog>
<cog>192.3</cog>
                        </extensions>
                    </trkpt>
                    <trkpt lat="54.65984666666667" lon="10.01916">
                        <ele>0</ele>
                        <time>2022-08-18T18:46:19Z</time>
                                                <extensions>
                            <sog>0.0</sog>
<cog>192.3</cog>
                        </extensions>
                    </trkpt>
                    <trkpt lat="54.65987" lon="10.019146666666668">
                        <ele>0</ele>
                        <time>2022-08-18T18:46:38Z</time>
                                                <extensions>
                            <sog>0.0</sog>
<cog>192.3</cog>
                        </extensions>
                    </trkpt>
                    <trkpt lat="54.65985666666666" lon="10.019108333333332">
                        <ele>0</ele>
                        <time>2022-08-18T18:46:58Z</time>
                                                <extensions>
                            <sog>0.0</sog>
<cog>192.3</cog>
                        </extensions>
                    </trkpt>
                    <trkpt lat="54.65984666666667" lon="10.019131666666668">
                        <ele>0</ele>
                        <time>2022-08-18T18:47:19Z</time>
                                                <extensions>
                            <sog>0.0</sog>
<cog>192.3</cog>
                        </extensions>
                    </trkpt>
                    <trkpt lat="54.65987" lon="10.019138333333332">
                        <ele>0</ele>
                        <time>2022-08-18T18:47:39Z</time>
                                                <extensions>
                            <sog>0.0</sog>
<cog>192.3</cog>
                        </extensions>
                    </trkpt>
                    <trkpt lat="54.65987" lon="10.01909">
                        <ele>0</ele>
                        <time>2022-08-18T18:47:58Z</time>
                                                <extensions>
                            <sog>0.0</sog>
<cog>192.3</cog>
                        </extensions>
                    </trkpt>
                    <trkpt lat="54.65985666666666" lon="10.019151666666666">
                        <ele>0</ele>
                        <time>2022-08-18T18:48:19Z</time>
                                                <extensions>
                            <sog>0.0</sog>
<cog>192.3</cog>
                        </extensions>
                    </trkpt>
                    <trkpt lat="54.65985666666666" lon="10.019165">
                        <ele>0</ele>
                        <time>2022-08-18T18:48:39Z</time>
                                                <extensions>
                            <sog>0.0</sog>
<cog>192.3</cog>
                        </extensions>
                    </trkpt>
                    <trkpt lat="54.65985666666666" lon="10.019151666666666">
                        <ele>0</ele>
                        <time>2022-08-18T18:48:58Z</time>
                                                <extensions>
                            <sog>0.0</sog>
<cog>192.3</cog>
                        </extensions>
                    </trkpt>
                    <trkpt lat="54.65985666666666" lon="10.019165">
                        <ele>0</ele>
                        <time>2022-08-18T18:49:19Z</time>
                                                <extensions>
                            <sog>0.0</sog>
<cog>192.3</cog>
                        </extensions>
                    </trkpt>
                    <trkpt lat="54.65985666666666" lon="10.019173333333333">
                        <ele>0</ele>
                        <time>2022-08-18T18:49:39Z</time>
                                                <extensions>
                            <sog>0.0</sog>
<cog>192.3</cog>
                        </extensions>
                    </trkpt>
                    <trkpt lat="54.65984666666667" lon="10.019198333333332">
                        <ele>0</ele>
                        <time>2022-08-18T18:50:19Z</time>
                                                <extensions>
                            <sog>0.0</sog>
<cog>192.3</cog>
                        </extensions>
                    </trkpt>
                    <trkpt lat="54.65984" lon="10.019174999999999">
                        <ele>0</ele>
                        <time>2022-08-18T18:50:39Z</time>
                                                <extensions>
                            <sog>0.0</sog>
<cog>192.3</cog>
                        </extensions>
                    </trkpt>
                    <trkpt lat="54.65985666666666" lon="10.019174999999999">
                        <ele>0</ele>
                        <time>2022-08-18T18:51:18Z</time>
                                                <extensions>
                            <sog>0.0</sog>
<cog>192.3</cog>
                        </extensions>
                    </trkpt>
                    <trkpt lat="54.65987" lon="10.019148333333334">
                        <ele>0</ele>
                        <time>2022-08-18T18:52:18Z</time>
                                                <extensions>
                            <sog>0.0</sog>
<cog>192.3</cog>
                        </extensions>
                    </trkpt>
                    <trkpt lat="54.65987" lon="10.019158333333333">
                        <ele>0</ele>
                        <time>2022-08-18T18:52:38Z</time>
                                                <extensions>
                            <sog>0.0</sog>
<cog>192.3</cog>
                        </extensions>
                    </trkpt>
                    <trkpt lat="54.65987" lon="10.019146666666668">
                        <ele>0</ele>
                        <time>2022-08-18T18:53:18Z</time>
                                                <extensions>
                            <sog>0.0</sog>
<cog>192.3</cog>
                        </extensions>
                    </trkpt>
                    <trkpt lat="54.65987" lon="10.01917">
                        <ele>0</ele>
                        <time>2022-08-18T18:53:38Z</time>
                                                <extensions>
                            <sog>0.0</sog>
<cog>192.3</cog>
                        </extensions>
                    </trkpt>
                    <trkpt lat="54.65985666666666" lon="10.019219999999999">
                        <ele>0</ele>
                        <time>2022-08-18T18:53:57Z</time>
                                                <extensions>
                            <sog>0.0</sog>
<cog>192.3</cog>
                        </extensions>
                    </trkpt>
                    <trkpt lat="54.65988" lon="10.019146666666668">
                        <ele>0</ele>
                        <time>2022-08-18T18:54:38Z</time>
                                                <extensions>
                            <sog>0.0</sog>
<cog>192.3</cog>
                        </extensions>
                    </trkpt>
                    <trkpt lat="54.65985666666666" lon="10.019146666666668">
                        <ele>0</ele>
                        <time>2022-08-18T18:55:18Z</time>
                                                <extensions>
                            <sog>0.0</sog>
<cog>192.3</cog>
                        </extensions>
                    </trkpt>
                    <trkpt lat="54.65987" lon="10.01916">
                        <ele>0</ele>
                        <time>2022-08-18T18:55:38Z</time>
                                                <extensions>
                            <sog>0.0</sog>
<cog>192.3</cog>
                        </extensions>
                    </trkpt>
                    <trkpt lat="54.65985666666666" lon="10.019146666666668">
                        <ele>0</ele>
                        <time>2022-08-18T18:55:58Z</time>
                                                <extensions>
                            <sog>0.0</sog>
<cog>192.3</cog>
                        </extensions>
                    </trkpt>
                    <trkpt lat="54.65985666666666" lon="10.019113333333333">
                        <ele>0</ele>
                        <time>2022-08-18T18:56:18Z</time>
                                                <extensions>
                            <sog>0.0</sog>
<cog>192.3</cog>
                        </extensions>
                    </trkpt>
                    <trkpt lat="54.65985666666666" lon="10.01917">
                        <ele>0</ele>
                        <time>2022-08-18T18:56:38Z</time>
                                                <extensions>
                            <sog>0.0</sog>
<cog>192.3</cog>
                        </extensions>
                    </trkpt>
                    <trkpt lat="54.65987" lon="10.019185">
                        <ele>0</ele>
                        <time>2022-08-18T18:56:58Z</time>
                                                <extensions>
                            <sog>0.0</sog>
<cog>192.3</cog>
                        </extensions>
                    </trkpt>
                    <trkpt lat="54.65987" lon="10.019153333333332">
                        <ele>0</ele>
                        <time>2022-08-18T18:57:18Z</time>
                                                <extensions>
                            <sog>0.0</sog>
<cog>192.3</cog>
                        </extensions>
                    </trkpt>
                    <trkpt lat="54.65985666666666" lon="10.019186666666666">
                        <ele>0</ele>
                        <time>2022-08-18T18:57:38Z</time>
                                                <extensions>
                            <sog>0.0</sog>
<cog>192.3</cog>
                        </extensions>
                    </trkpt>
                    <trkpt lat="54.65984666666667" lon="10.019161666666667">
                        <ele>0</ele>
                        <time>2022-08-18T18:57:58Z</time>
                                                <extensions>
                            <sog>0.0</sog>
<cog>192.3</cog>
                        </extensions>
                    </trkpt>
                    <trkpt lat="54.65987" lon="10.019173333333333">
                        <ele>0</ele>
                        <time>2022-08-18T18:58:18Z</time>
                                                <extensions>
                            <sog>0.0</sog>
<cog>192.3</cog>
                        </extensions>
                    </trkpt>
                    <trkpt lat="54.65987" lon="10.019151666666666">
                        <ele>0</ele>
                        <time>2022-08-18T18:58:39Z</time>
                                                <extensions>
                            <sog>0.0</sog>
<cog>192.3</cog>
                        </extensions>
                    </trkpt>
                    <trkpt lat="54.65985666666666" lon="10.019161666666667">
                        <ele>0</ele>
                        <time>2022-08-18T18:58:58Z</time>
                                                <extensions>
                            <sog>0.0</sog>
<cog>192.3</cog>
                        </extensions>
                    </trkpt>
                    <trkpt lat="54.65987" lon="10.019165">
                        <ele>0</ele>
                        <time>2022-08-18T18:59:18Z</time>
                                                <extensions>
                            <sog>0.0</sog>
<cog>192.3</cog>
                        </extensions>
                    </trkpt>
                    <trkpt lat="54.65987" lon="10.019165">
                        <ele>0</ele>
                        <time>2022-08-18T18:59:39Z</time>
                                                <extensions>
                            <sog>0.0</sog>
<cog>192.3</cog>
                        </extensions>
                    </trkpt>
                    <trkpt lat="54.65985666666666" lon="10.01914">
                        <ele>0</ele>
                        <time>2022-08-18T18:59:58Z</time>
                                                <extensions>
                            <sog>0.0</sog>
<cog>192.3</cog>
                        </extensions>
                    </trkpt>
                    <trkpt lat="54.65987" lon="10.019178333333334">
                        <ele>0</ele>
                        <time>2022-08-18T19:00:18Z</time>
                                                <extensions>
                            <sog>0.0</sog>
<cog>192.3</cog>
                        </extensions>
                    </trkpt>
                    <trkpt lat="54.65987" lon="10.019178333333334">
                        <ele>0</ele>
                        <time>2022-08-18T19:00:18Z</time>
                                                <extensions>
                            <sog>0.0</sog>
<cog>192.3</cog>
                        </extensions>
                    </trkpt>
                    <trkpt lat="54.65984666666667" lon="10.019193333333334">
                        <ele>0</ele>
                        <time>2022-08-18T19:00:39Z</time>
                                                <extensions>
                            <sog>0.0</sog>
<cog>192.3</cog>
                        </extensions>
                    </trkpt>
                    <trkpt lat="54.65984666666667" lon="10.019193333333334">
                        <ele>0</ele>
                        <time>2022-08-18T19:00:39Z</time>
                                                <extensions>
                            <sog>0.0</sog>
<cog>192.3</cog>
                        </extensions>
                    </trkpt>
                    <trkpt lat="54.65985666666666" lon="10.019191666666668">
                        <ele>0</ele>
                        <time>2022-08-18T19:00:58Z</time>
                                                <extensions>
                            <sog>0.0</sog>
<cog>192.3</cog>
                        </extensions>
                    </trkpt>
                    <trkpt lat="54.65985666666666" lon="10.019191666666668">
                        <ele>0</ele>
                        <time>2022-08-18T19:00:58Z</time>
                                                <extensions>
                            <sog>0.0</sog>
<cog>192.3</cog>
                        </extensions>
                    </trkpt>
                    <trkpt lat="54.65984666666667" lon="10.019151666666666">
                        <ele>0</ele>
                        <time>2022-08-18T19:01:39Z</time>
                                                <extensions>
                            <sog>0.0</sog>
<cog>192.3</cog>
                        </extensions>
                    </trkpt>
                    <trkpt lat="54.65987" lon="10.019145">
                        <ele>0</ele>
                        <time>2022-08-18T19:01:58Z</time>
                                                <extensions>
                            <sog>0.0</sog>
<cog>192.3</cog>
                        </extensions>
                    </trkpt>
                    <trkpt lat="54.65985666666666" lon="10.019178333333334">
                        <ele>0</ele>
                        <time>2022-08-18T19:02:39Z</time>
                                                <extensions>
                            <sog>0.0</sog>
<cog>192.3</cog>
                        </extensions>
                    </trkpt>
                    <trkpt lat="54.65984" lon="10.019188333333334">
                        <ele>0</ele>
                        <time>2022-08-18T19:02:58Z</time>
                                                <extensions>
                            <sog>0.0</sog>
<cog>192.3</cog>
                        </extensions>
                    </trkpt>
                    <trkpt lat="54.65985666666666" lon="10.019133333333334">
                        <ele>0</ele>
                        <time>2022-08-18T19:03:39Z</time>
                                                <extensions>
                            <sog>0.0</sog>
<cog>192.3</cog>
                        </extensions>
                    </trkpt>
                    <trkpt lat="54.65984666666667" lon="10.01916">
                        <ele>0</ele>
                        <time>2022-08-18T19:03:58Z</time>
                                                <extensions>
                            <sog>0.0</sog>
<cog>192.3</cog>
                        </extensions>
                    </trkpt>
                    <trkpt lat="54.65985666666666" lon="10.019185">
                        <ele>0</ele>
                        <time>2022-08-18T19:04:17Z</time>
                                                <extensions>
                            <sog>0.0</sog>
<cog>192.3</cog>
                        </extensions>
                    </trkpt>
                    <trkpt lat="54.65985666666666" lon="10.019174999999999">
                        <ele>0</ele>
                        <time>2022-08-18T19:04:58Z</time>
                                                <extensions>
                            <sog>0.0</sog>
<cog>192.3</cog>
                        </extensions>
                    </trkpt>
                    <trkpt lat="54.65985666666666" lon="10.019193333333334">
                        <ele>0</ele>
                        <time>2022-08-18T19:05:18Z</time>
                                                <extensions>
                            <sog>0.0</sog>
<cog>192.3</cog>
                        </extensions>
                    </trkpt>
                    <trkpt lat="54.65985666666666" lon="10.019186666666666">
                        <ele>0</ele>
                        <time>2022-08-18T19:05:39Z</time>
                                                <extensions>
                            <sog>0.0</sog>
<cog>192.3</cog>
                        </extensions>
                    </trkpt>
                    <trkpt lat="54.65985666666666" lon="10.019200000000001">
                        <ele>0</ele>
                        <time>2022-08-18T19:05:58Z</time>
                                                <extensions>
                            <sog>0.0</sog>
<cog>192.3</cog>
                        </extensions>
                    </trkpt>
                    <trkpt lat="54.65985666666666" lon="10.01917">
                        <ele>0</ele>
                        <time>2022-08-18T19:06:18Z</time>
                                                <extensions>
                            <sog>0.0</sog>
<cog>192.3</cog>
                        </extensions>
                    </trkpt>
                    <trkpt lat="54.65985666666666" lon="10.019165">
                        <ele>0</ele>
                        <time>2022-08-18T19:06:39Z</time>
                                                <extensions>
                            <sog>0.0</sog>
<cog>192.3</cog>
                        </extensions>
                    </trkpt>
                    <trkpt lat="54.65987" lon="10.019178333333334">
                        <ele>0</ele>
                        <time>2022-08-18T19:06:58Z</time>
                                                <extensions>
                            <sog>0.0</sog>
<cog>192.3</cog>
                        </extensions>
                    </trkpt>
                    <trkpt lat="54.65988" lon="10.01917">
                        <ele>0</ele>
                        <time>2022-08-18T19:07:18Z</time>
                                                <extensions>
                            <sog>0.0</sog>
<cog>192.3</cog>
                        </extensions>
                    </trkpt>
                    <trkpt lat="54.65987" lon="10.019183333333332">
                        <ele>0</ele>
                        <time>2022-08-18T19:07:39Z</time>
                                                <extensions>
                            <sog>0.0</sog>
<cog>192.3</cog>
                        </extensions>
                    </trkpt>
                    <trkpt lat="54.65985666666666" lon="10.019174999999999">
                        <ele>0</ele>
                        <time>2022-08-18T19:07:58Z</time>
                                                <extensions>
                            <sog>0.0</sog>
<cog>192.3</cog>
                        </extensions>
                    </trkpt>
                    <trkpt lat="54.65985666666666" lon="10.019138333333332">
                        <ele>0</ele>
                        <time>2022-08-18T19:08:18Z</time>
                                                <extensions>
                            <sog>0.0</sog>
<cog>192.3</cog>
                        </extensions>
                    </trkpt>
                    <trkpt lat="54.65984" lon="10.019131666666668">
                        <ele>0</ele>
                        <time>2022-08-18T19:08:39Z</time>
                                                <extensions>
                            <sog>0.0</sog>
<cog>192.3</cog>
                        </extensions>
                    </trkpt>
                    <trkpt lat="54.65984666666667" lon="10.019156666666667">
                        <ele>0</ele>
                        <time>2022-08-18T19:08:58Z</time>
                                                <extensions>
                            <sog>0.0</sog>
<cog>192.3</cog>
                        </extensions>
                    </trkpt>
                    <trkpt lat="54.65984666666667" lon="10.01916">
                        <ele>0</ele>
                        <time>2022-08-18T19:09:18Z</time>
                                                <extensions>
                            <sog>0.0</sog>
<cog>192.3</cog>
                        </extensions>
                    </trkpt>
                    <trkpt lat="54.65984666666667" lon="10.019185">
                        <ele>0</ele>
                        <time>2022-08-18T19:09:39Z</time>
                                                <extensions>
                            <sog>0.0</sog>
<cog>192.3</cog>
                        </extensions>
                    </trkpt>
                    <trkpt lat="54.65984" lon="10.019215">
                        <ele>0</ele>
                        <time>2022-08-18T19:09:57Z</time>
                                                <extensions>
                            <sog>0.0</sog>
<cog>192.3</cog>
                        </extensions>
                    </trkpt>
                    <trkpt lat="54.65987" lon="10.019151666666666">
                        <ele>0</ele>
                        <time>2022-08-18T19:10:18Z</time>
                                                <extensions>
                            <sog>0.0</sog>
<cog>192.3</cog>
                        </extensions>
                    </trkpt>
                    <trkpt lat="54.65984666666667" lon="10.019129999999999">
                        <ele>0</ele>
                        <time>2022-08-18T19:10:38Z</time>
                                                <extensions>
                            <sog>0.0</sog>
<cog>192.3</cog>
                        </extensions>
                    </trkpt>
                    <trkpt lat="54.65984666666667" lon="10.019165">
                        <ele>0</ele>
                        <time>2022-08-18T19:10:57Z</time>
                                                <extensions>
                            <sog>0.0</sog>
<cog>192.3</cog>
                        </extensions>
                    </trkpt>
                    <trkpt lat="54.65987" lon="10.019188333333334">
                        <ele>0</ele>
                        <time>2022-08-18T19:11:38Z</time>
                                                <extensions>
                            <sog>0.0</sog>
<cog>192.3</cog>
                        </extensions>
                    </trkpt>
                    <trkpt lat="54.65985666666666" lon="10.019174999999999">
                        <ele>0</ele>
                        <time>2022-08-18T19:11:57Z</time>
                                                <extensions>
                            <sog>0.0</sog>
<cog>192.3</cog>
                        </extensions>
                    </trkpt>
                    <trkpt lat="54.65985666666666" lon="10.019183333333332">
                        <ele>0</ele>
                        <time>2022-08-18T19:12:38Z</time>
                                                <extensions>
                            <sog>0.0</sog>
<cog>192.3</cog>
                        </extensions>
                    </trkpt>
                    <trkpt lat="54.65985666666666" lon="10.019165">
                        <ele>0</ele>
                        <time>2022-08-18T19:13:38Z</time>
                                                <extensions>
                            <sog>0.0</sog>
<cog>192.3</cog>
                        </extensions>
                    </trkpt>
                    <trkpt lat="54.65985666666666" lon="10.019165">
                        <ele>0</ele>
                        <time>2022-08-18T19:13:57Z</time>
                                                <extensions>
                            <sog>0.0</sog>
<cog>192.3</cog>
                        </extensions>
                    </trkpt>
                    <trkpt lat="54.65985666666666" lon="10.019151666666666">
                        <ele>0</ele>
                        <time>2022-08-18T19:14:18Z</time>
                                                <extensions>
                            <sog>0.0</sog>
<cog>192.3</cog>
                        </extensions>
                    </trkpt>
                    <trkpt lat="54.65987" lon="10.019153333333332">
                        <ele>0</ele>
                        <time>2022-08-18T19:14:38Z</time>
                                                <extensions>
                            <sog>0.0</sog>
<cog>192.3</cog>
                        </extensions>
                    </trkpt>
                    <trkpt lat="54.65985666666666" lon="10.019173333333333">
                        <ele>0</ele>
                        <time>2022-08-18T19:14:57Z</time>
                                                <extensions>
                            <sog>0.0</sog>
<cog>192.3</cog>
                        </extensions>
                    </trkpt>
                    <trkpt lat="54.65987" lon="10.019178333333334">
                        <ele>0</ele>
                        <time>2022-08-18T19:15:18Z</time>
                                                <extensions>
                            <sog>0.0</sog>
<cog>192.3</cog>
                        </extensions>
                    </trkpt>
                    <trkpt lat="54.65985666666666" lon="10.019151666666666">
                        <ele>0</ele>
                        <time>2022-08-18T19:15:38Z</time>
                                                <extensions>
                            <sog>0.0</sog>
<cog>192.3</cog>
                        </extensions>
                    </trkpt>
                    <trkpt lat="54.65985666666666" lon="10.019143333333334">
                        <ele>0</ele>
                        <time>2022-08-18T19:15:57Z</time>
                                                <extensions>
                            <sog>0.0</sog>
<cog>192.3</cog>
                        </extensions>
                    </trkpt>
                    <trkpt lat="54.65987" lon="10.019161666666667">
                        <ele>0</ele>
                        <time>2022-08-18T19:16:18Z</time>
                                                <extensions>
                            <sog>0.0</sog>
<cog>192.3</cog>
                        </extensions>
                    </trkpt>
                    <trkpt lat="54.65984666666667" lon="10.019166666666667">
                        <ele>0</ele>
                        <time>2022-08-18T19:16:38Z</time>
                                                <extensions>
                            <sog>0.0</sog>
<cog>192.3</cog>
                        </extensions>
                    </trkpt>
                    <trkpt lat="54.65985666666666" lon="10.01914">
                        <ele>0</ele>
                        <time>2022-08-18T19:16:57Z</time>
                                                <extensions>
                            <sog>0.0</sog>
<cog>192.3</cog>
                        </extensions>
                    </trkpt>
                    <trkpt lat="54.65985666666666" lon="10.019166666666667">
                        <ele>0</ele>
                        <time>2022-08-18T19:17:18Z</time>
                                                <extensions>
                            <sog>0.0</sog>
<cog>192.3</cog>
                        </extensions>
                    </trkpt>
                    <trkpt lat="54.65985666666666" lon="10.019166666666667">
                        <ele>0</ele>
                        <time>2022-08-18T19:17:38Z</time>
                                                <extensions>
                            <sog>0.0</sog>
<cog>192.3</cog>
                        </extensions>
                    </trkpt>
                    <trkpt lat="54.65984666666667" lon="10.019174999999999">
                        <ele>0</ele>
                        <time>2022-08-18T19:17:57Z</time>
                                                <extensions>
                            <sog>0.0</sog>
<cog>192.3</cog>
                        </extensions>
                    </trkpt>
                    <trkpt lat="54.65984666666667" lon="10.019156666666667">
                        <ele>0</ele>
                        <time>2022-08-18T19:18:18Z</time>
                                                <extensions>
                            <sog>0.0</sog>
<cog>192.3</cog>
                        </extensions>
                    </trkpt>
                    <trkpt lat="54.65984666666667" lon="10.019156666666667">
                        <ele>0</ele>
                        <time>2022-08-18T19:18:38Z</time>
                                                <extensions>
                            <sog>0.0</sog>
<cog>192.3</cog>
                        </extensions>
                    </trkpt>
                    <trkpt lat="54.65985666666666" lon="10.01916">
                        <ele>0</ele>
                        <time>2022-08-18T19:18:57Z</time>
                                                <extensions>
                            <sog>0.0</sog>
<cog>192.3</cog>
                        </extensions>
                    </trkpt>
                    <trkpt lat="54.65984666666667" lon="10.019191666666668">
                        <ele>0</ele>
                        <time>2022-08-18T19:19:57Z</time>
                                                <extensions>
                            <sog>0.0</sog>
<cog>192.3</cog>
                        </extensions>
                    </trkpt>
                    <trkpt lat="54.65984666666667" lon="10.019185">
                        <ele>0</ele>
                        <time>2022-08-18T19:20:57Z</time>
                                                <extensions>
                            <sog>0.0</sog>
<cog>192.3</cog>
                        </extensions>
                    </trkpt>
                    <trkpt lat="54.65985666666666" lon="10.019193333333334">
                        <ele>0</ele>
                        <time>2022-08-18T19:21:18Z</time>
                                                <extensions>
                            <sog>0.0</sog>
<cog>192.3</cog>
                        </extensions>
                    </trkpt>
                    <trkpt lat="54.65984666666667" lon="10.019151666666666">
                        <ele>0</ele>
                        <time>2022-08-18T19:21:57Z</time>
                                                <extensions>
                            <sog>0.0</sog>
<cog>192.3</cog>
                        </extensions>
                    </trkpt>
                    <trkpt lat="54.65984" lon="10.019185">
                        <ele>0</ele>
                        <time>2022-08-18T19:22:18Z</time>
                                                <extensions>
                            <sog>0.0</sog>
<cog>192.3</cog>
                        </extensions>
                    </trkpt>
                    <trkpt lat="54.65984666666667" lon="10.019185">
                        <ele>0</ele>
                        <time>2022-08-18T19:22:37Z</time>
                                                <extensions>
                            <sog>0.0</sog>
<cog>192.3</cog>
                        </extensions>
                    </trkpt>
                    <trkpt lat="54.65987" lon="10.019178333333334">
                        <ele>0</ele>
                        <time>2022-08-18T19:22:59Z</time>
                                                <extensions>
                            <sog>0.0</sog>
<cog>192.3</cog>
                        </extensions>
                    </trkpt>
                    <trkpt lat="54.65988" lon="10.019151666666666">
                        <ele>0</ele>
                        <time>2022-08-18T19:23:18Z</time>
                                                <extensions>
                            <sog>0.0</sog>
<cog>192.3</cog>
                        </extensions>
                    </trkpt>
                    <trkpt lat="54.65988" lon="10.019173333333333">
                        <ele>0</ele>
                        <time>2022-08-18T19:23:37Z</time>
                                                <extensions>
                            <sog>0.0</sog>
<cog>192.3</cog>
                        </extensions>
                    </trkpt>
                    <trkpt lat="54.659886666666665" lon="10.01917">
                        <ele>0</ele>
                        <time>2022-08-18T19:23:59Z</time>
                                                <extensions>
                            <sog>0.0</sog>
<cog>192.3</cog>
                        </extensions>
                    </trkpt>
                    <trkpt lat="54.65987" lon="10.019161666666667">
                        <ele>0</ele>
                        <time>2022-08-18T19:24:37Z</time>
                                                <extensions>
                            <sog>0.0</sog>
<cog>192.3</cog>
                        </extensions>
                    </trkpt>
                    <trkpt lat="54.65987" lon="10.019165">
                        <ele>0</ele>
                        <time>2022-08-18T19:24:59Z</time>
                                                <extensions>
                            <sog>0.0</sog>
<cog>192.3</cog>
                        </extensions>
                    </trkpt>
                    <trkpt lat="54.65985666666666" lon="10.01917">
                        <ele>0</ele>
                        <time>2022-08-18T19:25:18Z</time>
                                                <extensions>
                            <sog>0.0</sog>
<cog>192.3</cog>
                        </extensions>
                    </trkpt>
                    <trkpt lat="54.65988" lon="10.019174999999999">
                        <ele>0</ele>
                        <time>2022-08-18T19:25:38Z</time>
                                                <extensions>
                            <sog>0.0</sog>
<cog>192.3</cog>
                        </extensions>
                    </trkpt>
                    <trkpt lat="54.65987" lon="10.019200000000001">
                        <ele>0</ele>
                        <time>2022-08-18T19:25:59Z</time>
                                                <extensions>
                            <sog>0.0</sog>
<cog>192.3</cog>
                        </extensions>
                    </trkpt>
                    <trkpt lat="54.65987" lon="10.019173333333333">
                        <ele>0</ele>
                        <time>2022-08-18T19:26:18Z</time>
                                                <extensions>
                            <sog>0.0</sog>
<cog>192.3</cog>
                        </extensions>
                    </trkpt>
                    <trkpt lat="54.65984" lon="10.01914">
                        <ele>0</ele>
                        <time>2022-08-18T19:26:38Z</time>
                                                <extensions>
                            <sog>0.0</sog>
<cog>192.3</cog>
                        </extensions>
                    </trkpt>
                    <trkpt lat="54.65984" lon="10.019158333333333">
                        <ele>0</ele>
                        <time>2022-08-18T19:26:59Z</time>
                                                <extensions>
                            <sog>0.0</sog>
<cog>192.3</cog>
                        </extensions>
                    </trkpt>
                    <trkpt lat="54.65988" lon="10.019161666666667">
                        <ele>0</ele>
                        <time>2022-08-18T19:27:59Z</time>
                                                <extensions>
                            <sog>0.0</sog>
<cog>192.3</cog>
                        </extensions>
                    </trkpt>
                    <trkpt lat="54.659886666666665" lon="10.019158333333333">
                        <ele>0</ele>
                        <time>2022-08-18T19:28:18Z</time>
                                                <extensions>
                            <sog>0.0</sog>
<cog>192.3</cog>
                        </extensions>
                    </trkpt>
                    <trkpt lat="54.65987" lon="10.019161666666667">
                        <ele>0</ele>
                        <time>2022-08-18T19:28:58Z</time>
                                                <extensions>
                            <sog>0.0</sog>
<cog>192.3</cog>
                        </extensions>
                    </trkpt>
                    <trkpt lat="54.65988" lon="10.01916">
                        <ele>0</ele>
                        <time>2022-08-18T19:29:18Z</time>
                                                <extensions>
                            <sog>0.0</sog>
<cog>192.3</cog>
                        </extensions>
                    </trkpt>
                    <trkpt lat="54.65987" lon="10.01916">
                        <ele>0</ele>
                        <time>2022-08-18T19:29:38Z</time>
                                                <extensions>
                            <sog>0.0</sog>
<cog>192.3</cog>
                        </extensions>
                    </trkpt>
                    <trkpt lat="54.65985666666666" lon="10.019146666666668">
                        <ele>0</ele>
                        <time>2022-08-18T19:29:58Z</time>
                                                <extensions>
                            <sog>0.0</sog>
<cog>192.3</cog>
                        </extensions>
                    </trkpt>
                    <trkpt lat="54.65984666666667" lon="10.019158333333333">
                        <ele>0</ele>
                        <time>2022-08-18T19:30:18Z</time>
                                                <extensions>
                            <sog>0.0</sog>
<cog>192.3</cog>
                        </extensions>
                    </trkpt>
                    <trkpt lat="54.65987" lon="10.019174999999999">
                        <ele>0</ele>
                        <time>2022-08-18T19:30:38Z</time>
                                                <extensions>
                            <sog>0.0</sog>
<cog>192.3</cog>
                        </extensions>
                    </trkpt>
                    <trkpt lat="54.65985666666666" lon="10.019191666666668">
                        <ele>0</ele>
                        <time>2022-08-18T19:31:18Z</time>
                                                <extensions>
                            <sog>0.0</sog>
<cog>192.3</cog>
                        </extensions>
                    </trkpt>
                    <trkpt lat="54.65985666666666" lon="10.019166666666667">
                        <ele>0</ele>
                        <time>2022-08-18T19:31:38Z</time>
                                                <extensions>
                            <sog>0.0</sog>
<cog>192.3</cog>
                        </extensions>
                    </trkpt>
                    <trkpt lat="54.65985666666666" lon="10.01916">
                        <ele>0</ele>
                        <time>2022-08-18T19:31:58Z</time>
                                                <extensions>
                            <sog>0.0</sog>
<cog>192.3</cog>
                        </extensions>
                    </trkpt>
                    <trkpt lat="54.65985666666666" lon="10.019151666666666">
                        <ele>0</ele>
                        <time>2022-08-18T19:32:19Z</time>
                                                <extensions>
                            <sog>0.0</sog>
<cog>192.3</cog>
                        </extensions>
                    </trkpt>
                    <trkpt lat="54.65984666666667" lon="10.019148333333334">
                        <ele>0</ele>
                        <time>2022-08-18T19:32:38Z</time>
                                                <extensions>
                            <sog>0.0</sog>
<cog>192.3</cog>
                        </extensions>
                    </trkpt>
                    <trkpt lat="54.65985666666666" lon="10.019146666666668">
                        <ele>0</ele>
                        <time>2022-08-18T19:32:58Z</time>
                                                <extensions>
                            <sog>0.0</sog>
<cog>192.3</cog>
                        </extensions>
                    </trkpt>
                    <trkpt lat="54.659886666666665" lon="10.019151666666666">
                        <ele>0</ele>
                        <time>2022-08-18T19:33:19Z</time>
                                                <extensions>
                            <sog>0.0</sog>
<cog>192.3</cog>
                        </extensions>
                    </trkpt>
                    <trkpt lat="54.65988" lon="10.019178333333334">
                        <ele>0</ele>
                        <time>2022-08-18T19:33:38Z</time>
                                                <extensions>
                            <sog>0.0</sog>
<cog>192.3</cog>
                        </extensions>
                    </trkpt>
                    <trkpt lat="54.65984666666667" lon="10.01914">
                        <ele>0</ele>
                        <time>2022-08-18T19:33:58Z</time>
                                                <extensions>
                            <sog>0.0</sog>
<cog>192.3</cog>
                        </extensions>
                    </trkpt>
                    <trkpt lat="54.65984666666667" lon="10.019174999999999">
                        <ele>0</ele>
                        <time>2022-08-18T19:34:19Z</time>
                                                <extensions>
                            <sog>0.0</sog>
<cog>192.3</cog>
                        </extensions>
                    </trkpt>
                    <trkpt lat="54.65987" lon="10.019166666666667">
                        <ele>0</ele>
                        <time>2022-08-18T19:34:58Z</time>
                                                <extensions>
                            <sog>0.0</sog>
<cog>192.3</cog>
                        </extensions>
                    </trkpt>
                    <trkpt lat="54.65985666666666" lon="10.01916">
                        <ele>0</ele>
                        <time>2022-08-18T19:35:19Z</time>
                                                <extensions>
                            <sog>0.0</sog>
<cog>192.3</cog>
                        </extensions>
                    </trkpt>
                    <trkpt lat="54.65987" lon="10.019173333333333">
                        <ele>0</ele>
                        <time>2022-08-18T19:35:38Z</time>
                                                <extensions>
                            <sog>0.0</sog>
<cog>192.3</cog>
                        </extensions>
                    </trkpt>
                    <trkpt lat="54.65985666666666" lon="10.019165">
                        <ele>0</ele>
                        <time>2022-08-18T19:35:58Z</time>
                                                <extensions>
                            <sog>0.0</sog>
<cog>192.3</cog>
                        </extensions>
                    </trkpt>
                    <trkpt lat="54.65987" lon="10.019161666666667">
                        <ele>0</ele>
                        <time>2022-08-18T19:36:19Z</time>
                                                <extensions>
                            <sog>0.0</sog>
<cog>192.3</cog>
                        </extensions>
                    </trkpt>
                    <trkpt lat="54.65987" lon="10.01916">
                        <ele>0</ele>
                        <time>2022-08-18T19:36:38Z</time>
                                                <extensions>
                            <sog>0.0</sog>
<cog>192.3</cog>
                        </extensions>
                    </trkpt>
                    <trkpt lat="54.65985666666666" lon="10.019206666666665">
                        <ele>0</ele>
                        <time>2022-08-18T19:36:58Z</time>
                                                <extensions>
                            <sog>0.0</sog>
<cog>192.3</cog>
                        </extensions>
                    </trkpt>
                    <trkpt lat="54.65988" lon="10.019178333333334">
                        <ele>0</ele>
                        <time>2022-08-18T19:37:19Z</time>
                                                <extensions>
                            <sog>0.0</sog>
<cog>192.3</cog>
                        </extensions>
                    </trkpt>
                    <trkpt lat="54.65985666666666" lon="10.01916">
                        <ele>0</ele>
                        <time>2022-08-18T19:37:38Z</time>
                                                <extensions>
                            <sog>0.0</sog>
<cog>192.3</cog>
                        </extensions>
                    </trkpt>
                    <trkpt lat="54.65985666666666" lon="10.01916">
                        <ele>0</ele>
                        <time>2022-08-18T19:37:58Z</time>
                                                <extensions>
                            <sog>0.0</sog>
<cog>192.3</cog>
                        </extensions>
                    </trkpt>
                    <trkpt lat="54.65984" lon="10.019186666666666">
                        <ele>0</ele>
                        <time>2022-08-18T19:38:19Z</time>
                                                <extensions>
                            <sog>0.0</sog>
<cog>192.3</cog>
                        </extensions>
                    </trkpt>
                    <trkpt lat="54.65985666666666" lon="10.019181666666666">
                        <ele>0</ele>
                        <time>2022-08-18T19:38:38Z</time>
                                                <extensions>
                            <sog>0.0</sog>
<cog>192.3</cog>
                        </extensions>
                    </trkpt>
                    <trkpt lat="54.65988" lon="10.019173333333333">
                        <ele>0</ele>
                        <time>2022-08-18T19:39:19Z</time>
                                                <extensions>
                            <sog>0.0</sog>
<cog>192.3</cog>
                        </extensions>
                    </trkpt>
                    <trkpt lat="54.65987" lon="10.019173333333333">
                        <ele>0</ele>
                        <time>2022-08-18T19:39:38Z</time>
                                                <extensions>
                            <sog>0.0</sog>
<cog>192.3</cog>
                        </extensions>
                    </trkpt>
                    <trkpt lat="54.65985666666666" lon="10.01916">
                        <ele>0</ele>
                        <time>2022-08-18T19:39:58Z</time>
                                                <extensions>
                            <sog>0.0</sog>
<cog>192.3</cog>
                        </extensions>
                    </trkpt>
                    <trkpt lat="54.65985666666666" lon="10.01917">
                        <ele>0</ele>
                        <time>2022-08-18T19:40:19Z</time>
                                                <extensions>
                            <sog>0.0</sog>
<cog>192.3</cog>
                        </extensions>
                    </trkpt>
                    <trkpt lat="54.65988" lon="10.019178333333334">
                        <ele>0</ele>
                        <time>2022-08-18T19:40:38Z</time>
                                                <extensions>
                            <sog>0.0</sog>
<cog>192.3</cog>
                        </extensions>
                    </trkpt>
                    <trkpt lat="54.65987" lon="10.019174999999999">
                        <ele>0</ele>
                        <time>2022-08-18T19:40:58Z</time>
                                                <extensions>
                            <sog>0.0</sog>
<cog>192.3</cog>
                        </extensions>
                    </trkpt>
                    <trkpt lat="54.65984666666667" lon="10.019181666666666">
                        <ele>0</ele>
                        <time>2022-08-18T19:41:19Z</time>
                                                <extensions>
                            <sog>0.0</sog>
<cog>192.3</cog>
                        </extensions>
                    </trkpt>
                    <trkpt lat="54.65984666666667" lon="10.019166666666667">
                        <ele>0</ele>
                        <time>2022-08-18T19:41:39Z</time>
                                                <extensions>
                            <sog>0.0</sog>
<cog>192.3</cog>
                        </extensions>
                    </trkpt>
                    <trkpt lat="54.65984666666667" lon="10.019191666666668">
                        <ele>0</ele>
                        <time>2022-08-18T19:41:58Z</time>
                                                <extensions>
                            <sog>0.0</sog>
<cog>192.3</cog>
                        </extensions>
                    </trkpt>
                    <trkpt lat="54.65987" lon="10.019173333333333">
                        <ele>0</ele>
                        <time>2022-08-18T19:42:19Z</time>
                                                <extensions>
                            <sog>0.0</sog>
<cog>192.3</cog>
                        </extensions>
                    </trkpt>
                    <trkpt lat="54.65985666666666" lon="10.019185">
                        <ele>0</ele>
                        <time>2022-08-18T19:42:39Z</time>
                                                <extensions>
                            <sog>0.0</sog>
<cog>192.3</cog>
                        </extensions>
                    </trkpt>
                    <trkpt lat="54.65985666666666" lon="10.019165">
                        <ele>0</ele>
                        <time>2022-08-18T19:42:57Z</time>
                                                <extensions>
                            <sog>0.0</sog>
<cog>192.3</cog>
                        </extensions>
                    </trkpt>
                    <trkpt lat="54.65984" lon="10.019148333333334">
                        <ele>0</ele>
                        <time>2022-08-18T19:43:19Z</time>
                                                <extensions>
                            <sog>0.0</sog>
<cog>192.3</cog>
                        </extensions>
                    </trkpt>
                    <trkpt lat="54.65984" lon="10.019188333333334">
                        <ele>0</ele>
                        <time>2022-08-18T19:43:39Z</time>
                                                <extensions>
                            <sog>0.0</sog>
<cog>192.3</cog>
                        </extensions>
                    </trkpt>
                    <trkpt lat="54.65984666666667" lon="10.019181666666666">
                        <ele>0</ele>
                        <time>2022-08-18T19:43:57Z</time>
                                                <extensions>
                            <sog>0.0</sog>
<cog>192.3</cog>
                        </extensions>
                    </trkpt>
                    <trkpt lat="54.65985666666666" lon="10.019188333333334">
                        <ele>0</ele>
                        <time>2022-08-18T19:44:19Z</time>
                                                <extensions>
                            <sog>0.0</sog>
<cog>192.3</cog>
                        </extensions>
                    </trkpt>
                    <trkpt lat="54.65984666666667" lon="10.019173333333333">
                        <ele>0</ele>
                        <time>2022-08-18T19:44:39Z</time>
                                                <extensions>
                            <sog>0.0</sog>
<cog>192.3</cog>
                        </extensions>
                    </trkpt>
                    <trkpt lat="54.65985666666666" lon="10.019143333333334">
                        <ele>0</ele>
                        <time>2022-08-18T19:44:57Z</time>
                                                <extensions>
                            <sog>0.0</sog>
<cog>192.3</cog>
                        </extensions>
                    </trkpt>
                    <trkpt lat="54.65984" lon="10.019146666666668">
                        <ele>0</ele>
                        <time>2022-08-18T19:45:19Z</time>
                                                <extensions>
                            <sog>0.0</sog>
<cog>192.3</cog>
                        </extensions>
                    </trkpt>
                    <trkpt lat="54.65980666666667" lon="10.019165">
                        <ele>0</ele>
                        <time>2022-08-18T19:45:39Z</time>
                                                <extensions>
                            <sog>0.0</sog>
<cog>192.3</cog>
                        </extensions>
                    </trkpt>
                    <trkpt lat="54.65983000000001" lon="10.019151666666666">
                        <ele>0</ele>
                        <time>2022-08-18T19:45:57Z</time>
                                                <extensions>
                            <sog>0.0</sog>
<cog>192.3</cog>
                        </extensions>
                    </trkpt>
                    <trkpt lat="54.65984" lon="10.019165">
                        <ele>0</ele>
                        <time>2022-08-18T19:46:19Z</time>
                                                <extensions>
                            <sog>0.0</sog>
<cog>192.3</cog>
                        </extensions>
                    </trkpt>
                    <trkpt lat="54.65984666666667" lon="10.019211666666667">
                        <ele>0</ele>
                        <time>2022-08-18T19:46:39Z</time>
                                                <extensions>
                            <sog>0.0</sog>
<cog>192.3</cog>
                        </extensions>
                    </trkpt>
                    <trkpt lat="54.65987" lon="10.019165">
                        <ele>0</ele>
                        <time>2022-08-18T19:46:58Z</time>
                                                <extensions>
                            <sog>0.0</sog>
<cog>192.3</cog>
                        </extensions>
                    </trkpt>
                    <trkpt lat="54.65984666666667" lon="10.019165">
                        <ele>0</ele>
                        <time>2022-08-18T19:47:19Z</time>
                                                <extensions>
                            <sog>0.0</sog>
<cog>192.3</cog>
                        </extensions>
                    </trkpt>
                    <trkpt lat="54.65985666666666" lon="10.019158333333333">
                        <ele>0</ele>
                        <time>2022-08-18T19:47:39Z</time>
                                                <extensions>
                            <sog>0.0</sog>
<cog>192.3</cog>
                        </extensions>
                    </trkpt>
                    <trkpt lat="54.65985666666666" lon="10.019145">
                        <ele>0</ele>
                        <time>2022-08-18T19:47:58Z</time>
                                                <extensions>
                            <sog>0.0</sog>
<cog>192.3</cog>
                        </extensions>
                    </trkpt>
                    <trkpt lat="54.65987" lon="10.019135">
                        <ele>0</ele>
                        <time>2022-08-18T19:48:19Z</time>
                                                <extensions>
                            <sog>0.0</sog>
<cog>192.3</cog>
                        </extensions>
                    </trkpt>
                    <trkpt lat="54.65984666666667" lon="10.019151666666666">
                        <ele>0</ele>
                        <time>2022-08-18T19:48:38Z</time>
                                                <extensions>
                            <sog>0.0</sog>
<cog>192.3</cog>
                        </extensions>
                    </trkpt>
                    <trkpt lat="54.65985666666666" lon="10.019198333333332">
                        <ele>0</ele>
                        <time>2022-08-18T19:49:18Z</time>
                                                <extensions>
                            <sog>0.0</sog>
<cog>192.3</cog>
                        </extensions>
                    </trkpt>
                    <trkpt lat="54.65985666666666" lon="10.019206666666665">
                        <ele>0</ele>
                        <time>2022-08-18T19:49:38Z</time>
                                                <extensions>
                            <sog>0.0</sog>
<cog>192.3</cog>
                        </extensions>
                    </trkpt>
                    <trkpt lat="54.65985666666666" lon="10.019166666666667">
                        <ele>0</ele>
                        <time>2022-08-18T19:50:18Z</time>
                                                <extensions>
                            <sog>0.0</sog>
<cog>192.3</cog>
                        </extensions>
                    </trkpt>
                    <trkpt lat="54.65987" lon="10.019161666666667">
                        <ele>0</ele>
                        <time>2022-08-18T19:50:38Z</time>
                                                <extensions>
                            <sog>0.0</sog>
<cog>192.3</cog>
                        </extensions>
                    </trkpt>
                    <trkpt lat="54.65984666666667" lon="10.019188333333334">
                        <ele>0</ele>
                        <time>2022-08-18T19:51:18Z</time>
                                                <extensions>
                            <sog>0.0</sog>
<cog>192.3</cog>
                        </extensions>
                    </trkpt>
                    <trkpt lat="54.65984666666667" lon="10.019200000000001">
                        <ele>0</ele>
                        <time>2022-08-18T19:51:38Z</time>
                                                <extensions>
                            <sog>0.0</sog>
<cog>192.3</cog>
                        </extensions>
                    </trkpt>
                    <trkpt lat="54.65987" lon="10.019173333333333">
                        <ele>0</ele>
                        <time>2022-08-18T19:51:58Z</time>
                                                <extensions>
                            <sog>0.0</sog>
<cog>192.3</cog>
                        </extensions>
                    </trkpt>
                    <trkpt lat="54.65987" lon="10.019196666666666">
                        <ele>0</ele>
                        <time>2022-08-18T19:52:39Z</time>
                                                <extensions>
                            <sog>0.0</sog>
<cog>192.3</cog>
                        </extensions>
                    </trkpt>
                    <trkpt lat="54.65987" lon="10.019200000000001">
                        <ele>0</ele>
                        <time>2022-08-18T19:52:58Z</time>
                                                <extensions>
                            <sog>0.0</sog>
<cog>192.3</cog>
                        </extensions>
                    </trkpt>
                    <trkpt lat="54.65987" lon="10.019196666666666">
                        <ele>0</ele>
                        <time>2022-08-18T19:53:18Z</time>
                                                <extensions>
                            <sog>0.0</sog>
<cog>192.3</cog>
                        </extensions>
                    </trkpt>
                    <trkpt lat="54.65985666666666" lon="10.019183333333332">
                        <ele>0</ele>
                        <time>2022-08-18T19:53:58Z</time>
                                                <extensions>
                            <sog>0.0</sog>
<cog>192.3</cog>
                        </extensions>
                    </trkpt>
                    <trkpt lat="54.65984666666667" lon="10.019153333333332">
                        <ele>0</ele>
                        <time>2022-08-18T19:54:18Z</time>
                                                <extensions>
                            <sog>0.0</sog>
<cog>192.3</cog>
                        </extensions>
                    </trkpt>
                    <trkpt lat="54.65981333333333" lon="10.019178333333334">
                        <ele>0</ele>
                        <time>2022-08-18T19:54:39Z</time>
                                                <extensions>
                            <sog>0.0</sog>
<cog>192.3</cog>
                        </extensions>
                    </trkpt>
                    <trkpt lat="54.65984666666667" lon="10.019198333333332">
                        <ele>0</ele>
                        <time>2022-08-18T19:55:18Z</time>
                                                <extensions>
                            <sog>0.0</sog>
<cog>192.3</cog>
                        </extensions>
                    </trkpt>
                    <trkpt lat="54.65984" lon="10.019188333333334">
                        <ele>0</ele>
                        <time>2022-08-18T19:55:39Z</time>
                                                <extensions>
                            <sog>0.0</sog>
<cog>192.3</cog>
                        </extensions>
                    </trkpt>
                    <trkpt lat="54.65984" lon="10.019158333333333">
                        <ele>0</ele>
                        <time>2022-08-18T19:55:59Z</time>
                                                <extensions>
                            <sog>0.0</sog>
<cog>192.3</cog>
                        </extensions>
                    </trkpt>
                    <trkpt lat="54.65983000000001" lon="10.01916">
                        <ele>0</ele>
                        <time>2022-08-18T19:56:18Z</time>
                                                <extensions>
                            <sog>0.0</sog>
<cog>192.3</cog>
                        </extensions>
                    </trkpt>
                    <trkpt lat="54.65984666666667" lon="10.019186666666666">
                        <ele>0</ele>
                        <time>2022-08-18T19:56:59Z</time>
                                                <extensions>
                            <sog>0.0</sog>
<cog>192.3</cog>
                        </extensions>
                    </trkpt>
                    <trkpt lat="54.65985666666666" lon="10.01916">
                        <ele>0</ele>
                        <time>2022-08-18T19:57:18Z</time>
                                                <extensions>
                            <sog>0.0</sog>
<cog>192.3</cog>
                        </extensions>
                    </trkpt>
                    <trkpt lat="54.65987" lon="10.019173333333333">
                        <ele>0</ele>
                        <time>2022-08-18T19:57:39Z</time>
                                                <extensions>
                            <sog>0.0</sog>
<cog>192.3</cog>
                        </extensions>
                    </trkpt>
                    <trkpt lat="54.65984666666667" lon="10.019146666666668">
                        <ele>0</ele>
                        <time>2022-08-18T19:57:59Z</time>
                                                <extensions>
                            <sog>0.0</sog>
<cog>192.3</cog>
                        </extensions>
                    </trkpt>
                    <trkpt lat="54.65984666666667" lon="10.019188333333334">
                        <ele>0</ele>
                        <time>2022-08-18T19:58:18Z</time>
                                                <extensions>
                            <sog>0.0</sog>
<cog>192.3</cog>
                        </extensions>
                    </trkpt>
                    <trkpt lat="54.65987" lon="10.019200000000001">
                        <ele>0</ele>
                        <time>2022-08-18T19:58:39Z</time>
                                                <extensions>
                            <sog>0.0</sog>
<cog>192.3</cog>
                        </extensions>
                    </trkpt>
                    <trkpt lat="54.65987" lon="10.019200000000001">
                        <ele>0</ele>
                        <time>2022-08-18T19:58:59Z</time>
                                                <extensions>
                            <sog>0.0</sog>
<cog>192.3</cog>
                        </extensions>
                    </trkpt>
                    <trkpt lat="54.65987" lon="10.019165">
                        <ele>0</ele>
                        <time>2022-08-18T19:59:18Z</time>
                                                <extensions>
                            <sog>0.0</sog>
<cog>192.3</cog>
                        </extensions>
                    </trkpt>
                    <trkpt lat="54.65984666666667" lon="10.019173333333333">
                        <ele>0</ele>
                        <time>2022-08-18T19:59:59Z</time>
                                                <extensions>
                            <sog>0.0</sog>
<cog>192.3</cog>
                        </extensions>
                    </trkpt>
                    <trkpt lat="54.65985666666666" lon="10.019186666666666">
                        <ele>0</ele>
                        <time>2022-08-18T20:00:18Z</time>
                                                <extensions>
                            <sog>0.0</sog>
<cog>192.3</cog>
                        </extensions>
                    </trkpt>
                    <trkpt lat="54.65985666666666" lon="10.019186666666666">
                        <ele>0</ele>
                        <time>2022-08-18T20:00:18Z</time>
                                                <extensions>
                            <sog>0.0</sog>
<cog>192.3</cog>
                        </extensions>
                    </trkpt>
                    <trkpt lat="54.65984" lon="10.019173333333333">
                        <ele>0</ele>
                        <time>2022-08-18T20:00:38Z</time>
                                                <extensions>
                            <sog>0.0</sog>
<cog>192.3</cog>
                        </extensions>
                    </trkpt>
                    <trkpt lat="54.65984" lon="10.019173333333333">
                        <ele>0</ele>
                        <time>2022-08-18T20:00:38Z</time>
                                                <extensions>
                            <sog>0.0</sog>
<cog>192.3</cog>
                        </extensions>
                    </trkpt>
                    <trkpt lat="54.65981333333333" lon="10.01917">
                        <ele>0</ele>
                        <time>2022-08-18T20:00:57Z</time>
                                                <extensions>
                            <sog>0.0</sog>
<cog>192.3</cog>
                        </extensions>
                    </trkpt>
                    <trkpt lat="54.65981333333333" lon="10.01917">
                        <ele>0</ele>
                        <time>2022-08-18T20:00:57Z</time>
                                                <extensions>
                            <sog>0.0</sog>
<cog>192.3</cog>
                        </extensions>
                    </trkpt>
                    <trkpt lat="54.65984" lon="10.01917">
                        <ele>0</ele>
                        <time>2022-08-18T20:01:18Z</time>
                                                <extensions>
                            <sog>0.0</sog>
<cog>192.3</cog>
                        </extensions>
                    </trkpt>
                    <trkpt lat="54.65984" lon="10.019158333333333">
                        <ele>0</ele>
                        <time>2022-08-18T20:01:38Z</time>
                                                <extensions>
                            <sog>0.0</sog>
<cog>192.3</cog>
                        </extensions>
                    </trkpt>
                    <trkpt lat="54.65984666666667" lon="10.019148333333334">
                        <ele>0</ele>
                        <time>2022-08-18T20:02:18Z</time>
                                                <extensions>
                            <sog>0.0</sog>
<cog>192.3</cog>
                        </extensions>
                    </trkpt>
                    <trkpt lat="54.65985666666666" lon="10.019173333333333">
                        <ele>0</ele>
                        <time>2022-08-18T20:02:38Z</time>
                                                <extensions>
                            <sog>0.0</sog>
<cog>192.3</cog>
                        </extensions>
                    </trkpt>
                    <trkpt lat="54.65985666666666" lon="10.019181666666666">
                        <ele>0</ele>
                        <time>2022-08-18T20:03:18Z</time>
                                                <extensions>
                            <sog>0.0</sog>
<cog>192.3</cog>
                        </extensions>
                    </trkpt>
                    <trkpt lat="54.65985666666666" lon="10.019165">
                        <ele>0</ele>
                        <time>2022-08-18T20:03:38Z</time>
                                                <extensions>
                            <sog>0.0</sog>
<cog>192.3</cog>
                        </extensions>
                    </trkpt>
                    <trkpt lat="54.65984666666667" lon="10.019165">
                        <ele>0</ele>
                        <time>2022-08-18T20:04:18Z</time>
                                                <extensions>
                            <sog>0.0</sog>
<cog>192.3</cog>
                        </extensions>
                    </trkpt>
                    <trkpt lat="54.65984666666667" lon="10.019156666666667">
                        <ele>0</ele>
                        <time>2022-08-18T20:04:38Z</time>
                                                <extensions>
                            <sog>0.0</sog>
<cog>192.3</cog>
                        </extensions>
                    </trkpt>
                    <trkpt lat="54.65984666666667" lon="10.01917">
                        <ele>0</ele>
                        <time>2022-08-18T20:04:58Z</time>
                                                <extensions>
                            <sog>0.0</sog>
<cog>192.3</cog>
                        </extensions>
                    </trkpt>
                    <trkpt lat="54.65984" lon="10.019146666666668">
                        <ele>0</ele>
                        <time>2022-08-18T20:05:18Z</time>
                                                <extensions>
                            <sog>0.0</sog>
<cog>192.3</cog>
                        </extensions>
                    </trkpt>
                    <trkpt lat="54.65984666666667" lon="10.019188333333334">
                        <ele>0</ele>
                        <time>2022-08-18T20:05:38Z</time>
                                                <extensions>
                            <sog>0.0</sog>
<cog>192.3</cog>
                        </extensions>
                    </trkpt>
                    <trkpt lat="54.65984666666667" lon="10.019173333333333">
                        <ele>0</ele>
                        <time>2022-08-18T20:05:58Z</time>
                                                <extensions>
                            <sog>0.0</sog>
<cog>192.3</cog>
                        </extensions>
                    </trkpt>
                    <trkpt lat="54.65984666666667" lon="10.019166666666667">
                        <ele>0</ele>
                        <time>2022-08-18T20:06:18Z</time>
                                                <extensions>
                            <sog>0.0</sog>
<cog>192.3</cog>
                        </extensions>
                    </trkpt>
                    <trkpt lat="54.65984666666667" lon="10.019200000000001">
                        <ele>0</ele>
                        <time>2022-08-18T20:06:58Z</time>
                                                <extensions>
                            <sog>0.0</sog>
<cog>192.3</cog>
                        </extensions>
                    </trkpt>
                    <trkpt lat="54.65984" lon="10.019201666666667">
                        <ele>0</ele>
                        <time>2022-08-18T20:07:18Z</time>
                                                <extensions>
                            <sog>0.0</sog>
<cog>192.3</cog>
                        </extensions>
                    </trkpt>
                    <trkpt lat="54.65984666666667" lon="10.019165">
                        <ele>0</ele>
                        <time>2022-08-18T20:07:37Z</time>
                                                <extensions>
                            <sog>0.0</sog>
<cog>192.3</cog>
                        </extensions>
                    </trkpt>
                    <trkpt lat="54.65984" lon="10.019183333333332">
                        <ele>0</ele>
                        <time>2022-08-18T20:07:58Z</time>
                                                <extensions>
                            <sog>0.0</sog>
<cog>192.3</cog>
                        </extensions>
                    </trkpt>
                    <trkpt lat="54.65983000000001" lon="10.019165">
                        <ele>0</ele>
                        <time>2022-08-18T20:08:18Z</time>
                                                <extensions>
                            <sog>0.0</sog>
<cog>192.3</cog>
                        </extensions>
                    </trkpt>
                    <trkpt lat="54.65984666666667" lon="10.019145">
                        <ele>0</ele>
                        <time>2022-08-18T20:08:58Z</time>
                                                <extensions>
                            <sog>0.0</sog>
<cog>192.3</cog>
                        </extensions>
                    </trkpt>
                    <trkpt lat="54.65985666666666" lon="10.01916">
                        <ele>0</ele>
                        <time>2022-08-18T20:09:18Z</time>
                                                <extensions>
                            <sog>0.0</sog>
<cog>192.3</cog>
                        </extensions>
                    </trkpt>
                    <trkpt lat="54.65984666666667" lon="10.019153333333332">
                        <ele>0</ele>
                        <time>2022-08-18T20:09:37Z</time>
                                                <extensions>
                            <sog>0.0</sog>
<cog>192.3</cog>
                        </extensions>
                    </trkpt>
                    <trkpt lat="54.65984666666667" lon="10.019151666666666">
                        <ele>0</ele>
                        <time>2022-08-18T20:09:58Z</time>
                                                <extensions>
                            <sog>0.0</sog>
<cog>192.3</cog>
                        </extensions>
                    </trkpt>
                    <trkpt lat="54.65987" lon="10.019153333333332">
                        <ele>0</ele>
                        <time>2022-08-18T20:10:18Z</time>
                                                <extensions>
                            <sog>0.0</sog>
<cog>192.3</cog>
                        </extensions>
                    </trkpt>
                    <trkpt lat="54.65984666666667" lon="10.01914">
                        <ele>0</ele>
                        <time>2022-08-18T20:10:37Z</time>
                                                <extensions>
                            <sog>0.0</sog>
<cog>192.3</cog>
                        </extensions>
                    </trkpt>
                    <trkpt lat="54.65985666666666" lon="10.019143333333334">
                        <ele>0</ele>
                        <time>2022-08-18T20:10:58Z</time>
                                                <extensions>
                            <sog>0.0</sog>
<cog>192.3</cog>
                        </extensions>
                    </trkpt>
                    <trkpt lat="54.65985666666666" lon="10.019158333333333">
                        <ele>0</ele>
                        <time>2022-08-18T20:11:18Z</time>
                                                <extensions>
                            <sog>0.0</sog>
<cog>192.3</cog>
                        </extensions>
                    </trkpt>
                    <trkpt lat="54.65985666666666" lon="10.01916">
                        <ele>0</ele>
                        <time>2022-08-18T20:11:37Z</time>
                                                <extensions>
                            <sog>0.0</sog>
<cog>192.3</cog>
                        </extensions>
                    </trkpt>
                    <trkpt lat="54.65985666666666" lon="10.019161666666667">
                        <ele>0</ele>
                        <time>2022-08-18T20:11:58Z</time>
                                                <extensions>
                            <sog>0.0</sog>
<cog>192.3</cog>
                        </extensions>
                    </trkpt>
                    <trkpt lat="54.65983000000001" lon="10.019200000000001">
                        <ele>0</ele>
                        <time>2022-08-18T20:12:18Z</time>
                                                <extensions>
                            <sog>0.0</sog>
<cog>192.3</cog>
                        </extensions>
                    </trkpt>
                    <trkpt lat="54.65984" lon="10.01916">
                        <ele>0</ele>
                        <time>2022-08-18T20:12:57Z</time>
                                                <extensions>
                            <sog>0.0</sog>
<cog>192.3</cog>
                        </extensions>
                    </trkpt>
                    <trkpt lat="54.65987" lon="10.019181666666666">
                        <ele>0</ele>
                        <time>2022-08-18T20:13:37Z</time>
                                                <extensions>
                            <sog>0.0</sog>
<cog>192.3</cog>
                        </extensions>
                    </trkpt>
                    <trkpt lat="54.65988" lon="10.019186666666666">
                        <ele>0</ele>
                        <time>2022-08-18T20:13:57Z</time>
                                                <extensions>
                            <sog>0.0</sog>
<cog>192.3</cog>
                        </extensions>
                    </trkpt>
                    <trkpt lat="54.65984" lon="10.019191666666668">
                        <ele>0</ele>
                        <time>2022-08-18T20:14:17Z</time>
                                                <extensions>
                            <sog>0.0</sog>
<cog>192.3</cog>
                        </extensions>
                    </trkpt>
                    <trkpt lat="54.65984" lon="10.019198333333332">
                        <ele>0</ele>
                        <time>2022-08-18T20:14:37Z</time>
                                                <extensions>
                            <sog>0.0</sog>
<cog>192.3</cog>
                        </extensions>
                    </trkpt>
                    <trkpt lat="54.65984" lon="10.019211666666667">
                        <ele>0</ele>
                        <time>2022-08-18T20:15:17Z</time>
                                                <extensions>
                            <sog>0.0</sog>
<cog>192.3</cog>
                        </extensions>
                    </trkpt>
                    <trkpt lat="54.65983000000001" lon="10.019166666666667">
                        <ele>0</ele>
                        <time>2022-08-18T20:15:38Z</time>
                                                <extensions>
                            <sog>0.0</sog>
<cog>192.3</cog>
                        </extensions>
                    </trkpt>
                    <trkpt lat="54.65981333333333" lon="10.01916">
                        <ele>0</ele>
                        <time>2022-08-18T20:15:57Z</time>
                                                <extensions>
                            <sog>0.0</sog>
<cog>192.3</cog>
                        </extensions>
                    </trkpt>
                    <trkpt lat="54.65983000000001" lon="10.01917">
                        <ele>0</ele>
                        <time>2022-08-18T20:16:17Z</time>
                                                <extensions>
                            <sog>0.0</sog>
<cog>192.3</cog>
                        </extensions>
                    </trkpt>
                    <trkpt lat="54.65984" lon="10.01917">
                        <ele>0</ele>
                        <time>2022-08-18T20:16:38Z</time>
                                                <extensions>
                            <sog>0.0</sog>
<cog>192.3</cog>
                        </extensions>
                    </trkpt>
                    <trkpt lat="54.65984666666667" lon="10.019135">
                        <ele>0</ele>
                        <time>2022-08-18T20:16:58Z</time>
                                                <extensions>
                            <sog>0.0</sog>
<cog>192.3</cog>
                        </extensions>
                    </trkpt>
                    <trkpt lat="54.65984" lon="10.019156666666667">
                        <ele>0</ele>
                        <time>2022-08-18T20:17:17Z</time>
                                                <extensions>
                            <sog>0.0</sog>
<cog>192.3</cog>
                        </extensions>
                    </trkpt>
                    <trkpt lat="54.65984666666667" lon="10.019211666666667">
                        <ele>0</ele>
                        <time>2022-08-18T20:17:38Z</time>
                                                <extensions>
                            <sog>0.0</sog>
<cog>192.3</cog>
                        </extensions>
                    </trkpt>
                    <trkpt lat="54.65984666666667" lon="10.019161666666667">
                        <ele>0</ele>
                        <time>2022-08-18T20:17:58Z</time>
                                                <extensions>
                            <sog>0.0</sog>
<cog>192.3</cog>
                        </extensions>
                    </trkpt>
                    <trkpt lat="54.65984666666667" lon="10.01916">
                        <ele>0</ele>
                        <time>2022-08-18T20:18:17Z</time>
                                                <extensions>
                            <sog>0.0</sog>
<cog>192.3</cog>
                        </extensions>
                    </trkpt>
                    <trkpt lat="54.65984666666667" lon="10.01917">
                        <ele>0</ele>
                        <time>2022-08-18T20:18:38Z</time>
                                                <extensions>
                            <sog>0.0</sog>
<cog>192.3</cog>
                        </extensions>
                    </trkpt>
                    <trkpt lat="54.65984666666667" lon="10.01914">
                        <ele>0</ele>
                        <time>2022-08-18T20:18:58Z</time>
                                                <extensions>
                            <sog>0.0</sog>
<cog>192.3</cog>
                        </extensions>
                    </trkpt>
                    <trkpt lat="54.65984" lon="10.019151666666666">
                        <ele>0</ele>
                        <time>2022-08-18T20:19:17Z</time>
                                                <extensions>
                            <sog>0.0</sog>
<cog>192.3</cog>
                        </extensions>
                    </trkpt>
                    <trkpt lat="54.65984666666667" lon="10.019166666666667">
                        <ele>0</ele>
                        <time>2022-08-18T20:19:37Z</time>
                                                <extensions>
                            <sog>0.0</sog>
<cog>192.3</cog>
                        </extensions>
                    </trkpt>
                    <trkpt lat="54.65984666666667" lon="10.019186666666666">
                        <ele>0</ele>
                        <time>2022-08-18T20:19:58Z</time>
                                                <extensions>
                            <sog>0.0</sog>
<cog>192.3</cog>
                        </extensions>
                    </trkpt>
                    <trkpt lat="54.65984666666667" lon="10.019146666666668">
                        <ele>0</ele>
                        <time>2022-08-18T20:20:18Z</time>
                                                <extensions>
                            <sog>0.0</sog>
<cog>192.3</cog>
                        </extensions>
                    </trkpt>
                    <trkpt lat="54.65985666666666" lon="10.019165">
                        <ele>0</ele>
                        <time>2022-08-18T20:20:37Z</time>
                                                <extensions>
                            <sog>0.0</sog>
<cog>192.3</cog>
                        </extensions>
                    </trkpt>
                    <trkpt lat="54.65984666666667" lon="10.019183333333332">
                        <ele>0</ele>
                        <time>2022-08-18T20:20:58Z</time>
                                                <extensions>
                            <sog>0.0</sog>
<cog>192.3</cog>
                        </extensions>
                    </trkpt>
                    <trkpt lat="54.65985666666666" lon="10.019191666666668">
                        <ele>0</ele>
                        <time>2022-08-18T20:21:18Z</time>
                                                <extensions>
                            <sog>0.0</sog>
<cog>192.3</cog>
                        </extensions>
                    </trkpt>
                    <trkpt lat="54.65985666666666" lon="10.019165">
                        <ele>0</ele>
                        <time>2022-08-18T20:21:37Z</time>
                                                <extensions>
                            <sog>0.0</sog>
<cog>192.3</cog>
                        </extensions>
                    </trkpt>
                    <trkpt lat="54.65984666666667" lon="10.019174999999999">
                        <ele>0</ele>
                        <time>2022-08-18T20:21:58Z</time>
                                                <extensions>
                            <sog>0.0</sog>
<cog>192.3</cog>
                        </extensions>
                    </trkpt>
                    <trkpt lat="54.65985666666666" lon="10.019165">
                        <ele>0</ele>
                        <time>2022-08-18T20:22:18Z</time>
                                                <extensions>
                            <sog>0.0</sog>
<cog>192.3</cog>
                        </extensions>
                    </trkpt>
                    <trkpt lat="54.65987" lon="10.019174999999999">
                        <ele>0</ele>
                        <time>2022-08-18T20:22:58Z</time>
                                                <extensions>
                            <sog>0.0</sog>
<cog>192.3</cog>
                        </extensions>
                    </trkpt>
                    <trkpt lat="54.65987" lon="10.019158333333333">
                        <ele>0</ele>
                        <time>2022-08-18T20:23:37Z</time>
                                                <extensions>
                            <sog>0.0</sog>
<cog>192.3</cog>
                        </extensions>
                    </trkpt>
                    <trkpt lat="54.65985666666666" lon="10.019183333333332">
                        <ele>0</ele>
                        <time>2022-08-18T20:23:58Z</time>
                                                <extensions>
                            <sog>0.0</sog>
<cog>192.3</cog>
                        </extensions>
                    </trkpt>
                    <trkpt lat="54.65984" lon="10.019178333333334">
                        <ele>0</ele>
                        <time>2022-08-18T20:24:37Z</time>
                                                <extensions>
                            <sog>0.0</sog>
<cog>192.3</cog>
                        </extensions>
                    </trkpt>
                    <trkpt lat="54.65984666666667" lon="10.019165">
                        <ele>0</ele>
                        <time>2022-08-18T20:24:57Z</time>
                                                <extensions>
                            <sog>0.0</sog>
<cog>192.3</cog>
                        </extensions>
                    </trkpt>
                    <trkpt lat="54.65985666666666" lon="10.01917">
                        <ele>0</ele>
                        <time>2022-08-18T20:25:18Z</time>
                                                <extensions>
                            <sog>0.0</sog>
<cog>192.3</cog>
                        </extensions>
                    </trkpt>
                    <trkpt lat="54.65984" lon="10.01917">
                        <ele>0</ele>
                        <time>2022-08-18T20:25:57Z</time>
                                                <extensions>
                            <sog>0.0</sog>
<cog>192.3</cog>
                        </extensions>
                    </trkpt>
                    <trkpt lat="54.65984666666667" lon="10.019165">
                        <ele>0</ele>
                        <time>2022-08-18T20:26:19Z</time>
                                                <extensions>
                            <sog>0.0</sog>
<cog>192.3</cog>
                        </extensions>
                    </trkpt>
                    <trkpt lat="54.65985666666666" lon="10.019146666666668">
                        <ele>0</ele>
                        <time>2022-08-18T20:26:37Z</time>
                                                <extensions>
                            <sog>0.0</sog>
<cog>192.3</cog>
                        </extensions>
                    </trkpt>
                    <trkpt lat="54.65985666666666" lon="10.019151666666666">
                        <ele>0</ele>
                        <time>2022-08-18T20:26:57Z</time>
                                                <extensions>
                            <sog>0.0</sog>
<cog>192.3</cog>
                        </extensions>
                    </trkpt>
                    <trkpt lat="54.65987" lon="10.019143333333334">
                        <ele>0</ele>
                        <time>2022-08-18T20:27:19Z</time>
                                                <extensions>
                            <sog>0.0</sog>
<cog>192.3</cog>
                        </extensions>
                    </trkpt>
                    <trkpt lat="54.65987" lon="10.019146666666668">
                        <ele>0</ele>
                        <time>2022-08-18T20:27:37Z</time>
                                                <extensions>
                            <sog>0.0</sog>
<cog>192.3</cog>
                        </extensions>
                    </trkpt>
                    <trkpt lat="54.65985666666666" lon="10.019165">
                        <ele>0</ele>
                        <time>2022-08-18T20:27:57Z</time>
                                                <extensions>
                            <sog>0.0</sog>
<cog>192.3</cog>
                        </extensions>
                    </trkpt>
                    <trkpt lat="54.65987" lon="10.019165">
                        <ele>0</ele>
                        <time>2022-08-18T20:28:37Z</time>
                                                <extensions>
                            <sog>0.0</sog>
<cog>192.3</cog>
                        </extensions>
                    </trkpt>
                    <trkpt lat="54.65984666666667" lon="10.019153333333332">
                        <ele>0</ele>
                        <time>2022-08-18T20:28:58Z</time>
                                                <extensions>
                            <sog>0.0</sog>
<cog>192.3</cog>
                        </extensions>
                    </trkpt>
                    <trkpt lat="54.65984666666667" lon="10.01916">
                        <ele>0</ele>
                        <time>2022-08-18T20:29:19Z</time>
                                                <extensions>
                            <sog>0.0</sog>
<cog>192.3</cog>
                        </extensions>
                    </trkpt>
                    <trkpt lat="54.65984666666667" lon="10.019146666666668">
                        <ele>0</ele>
                        <time>2022-08-18T20:29:37Z</time>
                                                <extensions>
                            <sog>0.0</sog>
<cog>192.3</cog>
                        </extensions>
                    </trkpt>
                    <trkpt lat="54.65984666666667" lon="10.019143333333334">
                        <ele>0</ele>
                        <time>2022-08-18T20:29:58Z</time>
                                                <extensions>
                            <sog>0.0</sog>
<cog>192.3</cog>
                        </extensions>
                    </trkpt>
                    <trkpt lat="54.65985666666666" lon="10.019173333333333">
                        <ele>0</ele>
                        <time>2022-08-18T20:30:19Z</time>
                                                <extensions>
                            <sog>0.0</sog>
<cog>192.3</cog>
                        </extensions>
                    </trkpt>
                    <trkpt lat="54.65984666666667" lon="10.019166666666667">
                        <ele>0</ele>
                        <time>2022-08-18T20:30:37Z</time>
                                                <extensions>
                            <sog>0.0</sog>
<cog>192.3</cog>
                        </extensions>
                    </trkpt>
                    <trkpt lat="54.65983000000001" lon="10.019173333333333">
                        <ele>0</ele>
                        <time>2022-08-18T20:30:58Z</time>
                                                <extensions>
                            <sog>0.0</sog>
<cog>192.3</cog>
                        </extensions>
                    </trkpt>
                    <trkpt lat="54.65983000000001" lon="10.019153333333332">
                        <ele>0</ele>
                        <time>2022-08-18T20:31:39Z</time>
                                                <extensions>
                            <sog>0.0</sog>
<cog>192.3</cog>
                        </extensions>
                    </trkpt>
                    <trkpt lat="54.65983000000001" lon="10.01916">
                        <ele>0</ele>
                        <time>2022-08-18T20:31:58Z</time>
                                                <extensions>
                            <sog>0.0</sog>
<cog>192.3</cog>
                        </extensions>
                    </trkpt>
                    <trkpt lat="54.65983000000001" lon="10.019151666666666">
                        <ele>0</ele>
                        <time>2022-08-18T20:32:19Z</time>
                                                <extensions>
                            <sog>0.0</sog>
<cog>192.3</cog>
                        </extensions>
                    </trkpt>
                    <trkpt lat="54.65981333333333" lon="10.019156666666667">
                        <ele>0</ele>
                        <time>2022-08-18T20:32:38Z</time>
                                                <extensions>
                            <sog>0.0</sog>
<cog>192.3</cog>
                        </extensions>
                    </trkpt>
                    <trkpt lat="54.65984666666667" lon="10.019146666666668">
                        <ele>0</ele>
                        <time>2022-08-18T20:32:58Z</time>
                                                <extensions>
                            <sog>0.0</sog>
<cog>192.3</cog>
                        </extensions>
                    </trkpt>
                    <trkpt lat="54.65985666666666" lon="10.019188333333334">
                        <ele>0</ele>
                        <time>2022-08-18T20:33:39Z</time>
                                                <extensions>
                            <sog>0.0</sog>
<cog>192.3</cog>
                        </extensions>
                    </trkpt>
                    <trkpt lat="54.65985666666666" lon="10.019178333333334">
                        <ele>0</ele>
                        <time>2022-08-18T20:33:58Z</time>
                                                <extensions>
                            <sog>0.0</sog>
<cog>192.3</cog>
                        </extensions>
                    </trkpt>
                    <trkpt lat="54.65984666666667" lon="10.019173333333333">
                        <ele>0</ele>
                        <time>2022-08-18T20:34:17Z</time>
                                                <extensions>
                            <sog>0.0</sog>
<cog>192.3</cog>
                        </extensions>
                    </trkpt>
                    <trkpt lat="54.65981333333333" lon="10.019196666666666">
                        <ele>0</ele>
                        <time>2022-08-18T20:34:39Z</time>
                                                <extensions>
                            <sog>0.0</sog>
<cog>192.3</cog>
                        </extensions>
                    </trkpt>
                    <trkpt lat="54.65983000000001" lon="10.019185">
                        <ele>0</ele>
                        <time>2022-08-18T20:34:58Z</time>
                                                <extensions>
                            <sog>0.0</sog>
<cog>192.3</cog>
                        </extensions>
                    </trkpt>
                    <trkpt lat="54.65984" lon="10.019173333333333">
                        <ele>0</ele>
                        <time>2022-08-18T20:35:17Z</time>
                                                <extensions>
                            <sog>0.0</sog>
<cog>192.3</cog>
                        </extensions>
                    </trkpt>
                    <trkpt lat="54.65984" lon="10.019211666666667">
                        <ele>0</ele>
                        <time>2022-08-18T20:35:38Z</time>
                                                <extensions>
                            <sog>0.0</sog>
<cog>192.3</cog>
                        </extensions>
                    </trkpt>
                    <trkpt lat="54.65984666666667" lon="10.019186666666666">
                        <ele>0</ele>
                        <time>2022-08-18T20:35:58Z</time>
                                                <extensions>
                            <sog>0.0</sog>
<cog>192.3</cog>
                        </extensions>
                    </trkpt>
                    <trkpt lat="54.65985666666666" lon="10.019191666666668">
                        <ele>0</ele>
                        <time>2022-08-18T20:36:17Z</time>
                                                <extensions>
                            <sog>0.0</sog>
<cog>192.3</cog>
                        </extensions>
                    </trkpt>
                    <trkpt lat="54.65984666666667" lon="10.019183333333332">
                        <ele>0</ele>
                        <time>2022-08-18T20:36:39Z</time>
                                                <extensions>
                            <sog>0.0</sog>
<cog>192.3</cog>
                        </extensions>
                    </trkpt>
                    <trkpt lat="54.65984666666667" lon="10.019165">
                        <ele>0</ele>
                        <time>2022-08-18T20:36:58Z</time>
                                                <extensions>
                            <sog>0.0</sog>
<cog>192.3</cog>
                        </extensions>
                    </trkpt>
                    <trkpt lat="54.65985666666666" lon="10.01916">
                        <ele>0</ele>
                        <time>2022-08-18T20:37:17Z</time>
                                                <extensions>
                            <sog>0.0</sog>
<cog>192.3</cog>
                        </extensions>
                    </trkpt>
                    <trkpt lat="54.65985666666666" lon="10.019165">
                        <ele>0</ele>
                        <time>2022-08-18T20:37:39Z</time>
                                                <extensions>
                            <sog>0.0</sog>
<cog>192.3</cog>
                        </extensions>
                    </trkpt>
                    <trkpt lat="54.65985666666666" lon="10.019151666666666">
                        <ele>0</ele>
                        <time>2022-08-18T20:37:58Z</time>
                                                <extensions>
                            <sog>0.0</sog>
<cog>192.3</cog>
                        </extensions>
                    </trkpt>
                    <trkpt lat="54.65988" lon="10.01917">
                        <ele>0</ele>
                        <time>2022-08-18T20:38:17Z</time>
                                                <extensions>
                            <sog>0.0</sog>
<cog>192.3</cog>
                        </extensions>
                    </trkpt>
                    <trkpt lat="54.659886666666665" lon="10.019181666666666">
                        <ele>0</ele>
                        <time>2022-08-18T20:38:39Z</time>
                                                <extensions>
                            <sog>0.0</sog>
<cog>192.3</cog>
                        </extensions>
                    </trkpt>
                    <trkpt lat="54.65988" lon="10.019158333333333">
                        <ele>0</ele>
                        <time>2022-08-18T20:38:58Z</time>
                                                <extensions>
                            <sog>0.0</sog>
<cog>192.3</cog>
                        </extensions>
                    </trkpt>
                    <trkpt lat="54.659886666666665" lon="10.019145">
                        <ele>0</ele>
                        <time>2022-08-18T20:39:17Z</time>
                                                <extensions>
                            <sog>0.0</sog>
<cog>192.3</cog>
                        </extensions>
                    </trkpt>
                    <trkpt lat="54.65988" lon="10.019191666666668">
                        <ele>0</ele>
                        <time>2022-08-18T20:39:39Z</time>
                                                <extensions>
                            <sog>0.0</sog>
<cog>192.3</cog>
                        </extensions>
                    </trkpt>
                    <trkpt lat="54.65985666666666" lon="10.019191666666668">
                        <ele>0</ele>
                        <time>2022-08-18T20:39:58Z</time>
                                                <extensions>
                            <sog>0.0</sog>
<cog>192.3</cog>
                        </extensions>
                    </trkpt>
                    <trkpt lat="54.65985666666666" lon="10.019143333333334">
                        <ele>0</ele>
                        <time>2022-08-18T20:40:17Z</time>
                                                <extensions>
                            <sog>0.0</sog>
<cog>192.3</cog>
                        </extensions>
                    </trkpt>
                    <trkpt lat="54.65985666666666" lon="10.019165">
                        <ele>0</ele>
                        <time>2022-08-18T20:40:39Z</time>
                                                <extensions>
                            <sog>0.0</sog>
<cog>192.3</cog>
                        </extensions>
                    </trkpt>
                    <trkpt lat="54.65987" lon="10.019178333333334">
                        <ele>0</ele>
                        <time>2022-08-18T20:40:58Z</time>
                                                <extensions>
                            <sog>0.0</sog>
<cog>192.3</cog>
                        </extensions>
                    </trkpt>
                    <trkpt lat="54.65984666666667" lon="10.019206666666665">
                        <ele>0</ele>
                        <time>2022-08-18T20:41:17Z</time>
                                                <extensions>
                            <sog>0.0</sog>
<cog>192.3</cog>
                        </extensions>
                    </trkpt>
                    <trkpt lat="54.65985666666666" lon="10.019178333333334">
                        <ele>0</ele>
                        <time>2022-08-18T20:41:39Z</time>
                                                <extensions>
                            <sog>0.0</sog>
<cog>192.3</cog>
                        </extensions>
                    </trkpt>
                    <trkpt lat="54.65984666666667" lon="10.019161666666667">
                        <ele>0</ele>
                        <time>2022-08-18T20:41:58Z</time>
                                                <extensions>
                            <sog>0.0</sog>
<cog>192.3</cog>
                        </extensions>
                    </trkpt>
                    <trkpt lat="54.65984666666667" lon="10.019165">
                        <ele>0</ele>
                        <time>2022-08-18T20:42:18Z</time>
                                                <extensions>
                            <sog>0.0</sog>
<cog>192.3</cog>
                        </extensions>
                    </trkpt>
                    <trkpt lat="54.65984666666667" lon="10.019178333333334">
                        <ele>0</ele>
                        <time>2022-08-18T20:42:39Z</time>
                                                <extensions>
                            <sog>0.0</sog>
<cog>192.3</cog>
                        </extensions>
                    </trkpt>
                    <trkpt lat="54.65984" lon="10.01917">
                        <ele>0</ele>
                        <time>2022-08-18T20:42:58Z</time>
                                                <extensions>
                            <sog>0.0</sog>
<cog>192.3</cog>
                        </extensions>
                    </trkpt>
                    <trkpt lat="54.65985666666666" lon="10.019191666666668">
                        <ele>0</ele>
                        <time>2022-08-18T20:43:18Z</time>
                                                <extensions>
                            <sog>0.0</sog>
<cog>192.3</cog>
                        </extensions>
                    </trkpt>
                    <trkpt lat="54.65984" lon="10.019191666666668">
                        <ele>0</ele>
                        <time>2022-08-18T20:43:39Z</time>
                                                <extensions>
                            <sog>0.0</sog>
<cog>192.3</cog>
                        </extensions>
                    </trkpt>
                    <trkpt lat="54.65983000000001" lon="10.019166666666667">
                        <ele>0</ele>
                        <time>2022-08-18T20:43:59Z</time>
                                                <extensions>
                            <sog>0.0</sog>
<cog>192.3</cog>
                        </extensions>
                    </trkpt>
                    <trkpt lat="54.65983000000001" lon="10.019158333333333">
                        <ele>0</ele>
                        <time>2022-08-18T20:44:18Z</time>
                                                <extensions>
                            <sog>0.0</sog>
<cog>192.3</cog>
                        </extensions>
                    </trkpt>
                    <trkpt lat="54.65984666666667" lon="10.019191666666668">
                        <ele>0</ele>
                        <time>2022-08-18T20:44:38Z</time>
                                                <extensions>
                            <sog>0.0</sog>
<cog>192.3</cog>
                        </extensions>
                    </trkpt>
                    <trkpt lat="54.65987" lon="10.019145">
                        <ele>0</ele>
                        <time>2022-08-18T20:44:59Z</time>
                                                <extensions>
                            <sog>0.0</sog>
<cog>192.3</cog>
                        </extensions>
                    </trkpt>
                    <trkpt lat="54.65985666666666" lon="10.019178333333334">
                        <ele>0</ele>
                        <time>2022-08-18T20:45:18Z</time>
                                                <extensions>
                            <sog>0.0</sog>
<cog>192.3</cog>
                        </extensions>
                    </trkpt>
                    <trkpt lat="54.65984" lon="10.019174999999999">
                        <ele>0</ele>
                        <time>2022-08-18T20:45:38Z</time>
                                                <extensions>
                            <sog>0.0</sog>
<cog>192.3</cog>
                        </extensions>
                    </trkpt>
                    <trkpt lat="54.65984" lon="10.019146666666668">
                        <ele>0</ele>
                        <time>2022-08-18T20:45:59Z</time>
                                                <extensions>
                            <sog>0.0</sog>
<cog>192.3</cog>
                        </extensions>
                    </trkpt>
                    <trkpt lat="54.65985666666666" lon="10.019151666666666">
                        <ele>0</ele>
                        <time>2022-08-18T20:46:18Z</time>
                                                <extensions>
                            <sog>0.0</sog>
<cog>192.3</cog>
                        </extensions>
                    </trkpt>
                    <trkpt lat="54.65985666666666" lon="10.019181666666666">
                        <ele>0</ele>
                        <time>2022-08-18T20:46:38Z</time>
                                                <extensions>
                            <sog>0.0</sog>
<cog>192.3</cog>
                        </extensions>
                    </trkpt>
                    <trkpt lat="54.65984" lon="10.019181666666666">
                        <ele>0</ele>
                        <time>2022-08-18T20:46:59Z</time>
                                                <extensions>
                            <sog>0.0</sog>
<cog>192.3</cog>
                        </extensions>
                    </trkpt>
                    <trkpt lat="54.65987" lon="10.019143333333334">
                        <ele>0</ele>
                        <time>2022-08-18T20:47:18Z</time>
                                                <extensions>
                            <sog>0.0</sog>
<cog>192.3</cog>
                        </extensions>
                    </trkpt>
                    <trkpt lat="54.65985666666666" lon="10.019148333333334">
                        <ele>0</ele>
                        <time>2022-08-18T20:48:17Z</time>
                                                <extensions>
                            <sog>0.0</sog>
<cog>192.3</cog>
                        </extensions>
                    </trkpt>
                    <trkpt lat="54.65984666666667" lon="10.019183333333332">
                        <ele>0</ele>
                        <time>2022-08-18T20:48:58Z</time>
                                                <extensions>
                            <sog>0.0</sog>
<cog>192.3</cog>
                        </extensions>
                    </trkpt>
                    <trkpt lat="54.65984" lon="10.019211666666667">
                        <ele>0</ele>
                        <time>2022-08-18T20:49:17Z</time>
                                                <extensions>
                            <sog>0.0</sog>
<cog>192.3</cog>
                        </extensions>
                    </trkpt>
                    <trkpt lat="54.65984" lon="10.019178333333334">
                        <ele>0</ele>
                        <time>2022-08-18T20:49:58Z</time>
                                                <extensions>
                            <sog>0.0</sog>
<cog>192.3</cog>
                        </extensions>
                    </trkpt>
                    <trkpt lat="54.65984666666667" lon="10.019188333333334">
                        <ele>0</ele>
                        <time>2022-08-18T20:50:58Z</time>
                                                <extensions>
                            <sog>0.0</sog>
<cog>192.3</cog>
                        </extensions>
                    </trkpt>
                    <trkpt lat="54.65984666666667" lon="10.019193333333334">
                        <ele>0</ele>
                        <time>2022-08-18T20:51:17Z</time>
                                                <extensions>
                            <sog>0.0</sog>
<cog>192.3</cog>
                        </extensions>
                    </trkpt>
                    <trkpt lat="54.65988" lon="10.019200000000001">
                        <ele>0</ele>
                        <time>2022-08-18T20:51:58Z</time>
                                                <extensions>
                            <sog>0.0</sog>
<cog>192.3</cog>
                        </extensions>
                    </trkpt>
                    <trkpt lat="54.65988" lon="10.019191666666668">
                        <ele>0</ele>
                        <time>2022-08-18T20:52:18Z</time>
                                                <extensions>
                            <sog>0.0</sog>
<cog>192.3</cog>
                        </extensions>
                    </trkpt>
                    <trkpt lat="54.65984" lon="10.019188333333334">
                        <ele>0</ele>
                        <time>2022-08-18T20:52:58Z</time>
                                                <extensions>
                            <sog>0.0</sog>
<cog>192.3</cog>
                        </extensions>
                    </trkpt>
                    <trkpt lat="54.65984666666667" lon="10.019151666666666">
                        <ele>0</ele>
                        <time>2022-08-18T20:53:18Z</time>
                                                <extensions>
                            <sog>0.0</sog>
<cog>192.3</cog>
                        </extensions>
                    </trkpt>
                    <trkpt lat="54.65987" lon="10.019165">
                        <ele>0</ele>
                        <time>2022-08-18T20:53:58Z</time>
                                                <extensions>
                            <sog>0.0</sog>
<cog>192.3</cog>
                        </extensions>
                    </trkpt>
                    <trkpt lat="54.65988" lon="10.019161666666667">
                        <ele>0</ele>
                        <time>2022-08-18T20:54:18Z</time>
                                                <extensions>
                            <sog>0.0</sog>
<cog>192.3</cog>
                        </extensions>
                    </trkpt>
                    <trkpt lat="54.65990333333333" lon="10.01917">
                        <ele>0</ele>
                        <time>2022-08-18T20:54:58Z</time>
                                                <extensions>
                            <sog>0.0</sog>
<cog>192.3</cog>
                        </extensions>
                    </trkpt>
                    <trkpt lat="54.659886666666665" lon="10.019183333333332">
                        <ele>0</ele>
                        <time>2022-08-18T20:55:18Z</time>
                                                <extensions>
                            <sog>0.0</sog>
<cog>192.3</cog>
                        </extensions>
                    </trkpt>
                    <trkpt lat="54.65985666666666" lon="10.01917">
                        <ele>0</ele>
                        <time>2022-08-18T20:55:58Z</time>
                                                <extensions>
                            <sog>0.0</sog>
<cog>192.3</cog>
                        </extensions>
                    </trkpt>
                    <trkpt lat="54.65985666666666" lon="10.019206666666665">
                        <ele>0</ele>
                        <time>2022-08-18T20:56:19Z</time>
                                                <extensions>
                            <sog>0.0</sog>
<cog>192.3</cog>
                        </extensions>
                    </trkpt>
                    <trkpt lat="54.65987" lon="10.019174999999999">
                        <ele>0</ele>
                        <time>2022-08-18T20:56:58Z</time>
                                                <extensions>
                            <sog>0.0</sog>
<cog>192.3</cog>
                        </extensions>
                    </trkpt>
                    <trkpt lat="54.65985666666666" lon="10.019174999999999">
                        <ele>0</ele>
                        <time>2022-08-18T20:57:19Z</time>
                                                <extensions>
                            <sog>0.0</sog>
<cog>192.3</cog>
                        </extensions>
                    </trkpt>
                    <trkpt lat="54.65985666666666" lon="10.019161666666667">
                        <ele>0</ele>
                        <time>2022-08-18T20:57:58Z</time>
                                                <extensions>
                            <sog>0.0</sog>
<cog>192.3</cog>
                        </extensions>
                    </trkpt>
                    <trkpt lat="54.65984" lon="10.019191666666668">
                        <ele>0</ele>
                        <time>2022-08-18T20:58:19Z</time>
                                                <extensions>
                            <sog>0.0</sog>
<cog>192.3</cog>
                        </extensions>
                    </trkpt>
                    <trkpt lat="54.65984" lon="10.019173333333333">
                        <ele>0</ele>
                        <time>2022-08-18T20:58:58Z</time>
                                                <extensions>
                            <sog>0.0</sog>
<cog>192.3</cog>
                        </extensions>
                    </trkpt>
                    <trkpt lat="54.65984666666667" lon="10.019186666666666">
                        <ele>0</ele>
                        <time>2022-08-18T20:59:19Z</time>
                                                <extensions>
                            <sog>0.0</sog>
<cog>192.3</cog>
                        </extensions>
                    </trkpt>
                    <trkpt lat="54.65985666666666" lon="10.019185">
                        <ele>0</ele>
                        <time>2022-08-18T20:59:58Z</time>
                                                <extensions>
                            <sog>0.0</sog>
<cog>192.3</cog>
                        </extensions>
                    </trkpt>
                    <trkpt lat="54.65985666666666" lon="10.019181666666666">
                        <ele>0</ele>
                        <time>2022-08-18T21:00:19Z</time>
                                                <extensions>
                            <sog>0.0</sog>
<cog>192.3</cog>
                        </extensions>
                    </trkpt>
                    <trkpt lat="54.65985666666666" lon="10.019181666666666">
                        <ele>0</ele>
                        <time>2022-08-18T21:00:19Z</time>
                                                <extensions>
                            <sog>0.0</sog>
<cog>192.3</cog>
                        </extensions>
                    </trkpt>
                    <trkpt lat="54.65987" lon="10.019173333333333">
                        <ele>0</ele>
                        <time>2022-08-18T21:00:58Z</time>
                                                <extensions>
                            <sog>0.0</sog>
<cog>192.3</cog>
                        </extensions>
                    </trkpt>
                    <trkpt lat="54.65987" lon="10.019173333333333">
                        <ele>0</ele>
                        <time>2022-08-18T21:00:58Z</time>
                                                <extensions>
                            <sog>0.0</sog>
<cog>192.3</cog>
                        </extensions>
                    </trkpt>
                    <trkpt lat="54.65985666666666" lon="10.01917">
                        <ele>0</ele>
                        <time>2022-08-18T21:01:18Z</time>
                                                <extensions>
                            <sog>0.0</sog>
<cog>192.3</cog>
                        </extensions>
                    </trkpt>
                    <trkpt lat="54.65985666666666" lon="10.019186666666666">
                        <ele>0</ele>
                        <time>2022-08-18T21:01:38Z</time>
                                                <extensions>
                            <sog>0.0</sog>
<cog>192.3</cog>
                        </extensions>
                    </trkpt>
                    <trkpt lat="54.65985666666666" lon="10.019178333333334">
                        <ele>0</ele>
                        <time>2022-08-18T21:01:58Z</time>
                                                <extensions>
                            <sog>0.0</sog>
<cog>192.3</cog>
                        </extensions>
                    </trkpt>
                    <trkpt lat="54.65984" lon="10.019173333333333">
                        <ele>0</ele>
                        <time>2022-08-18T21:02:19Z</time>
                                                <extensions>
                            <sog>0.0</sog>
<cog>192.3</cog>
                        </extensions>
                    </trkpt>
                    <trkpt lat="54.65985666666666" lon="10.019183333333332">
                        <ele>0</ele>
                        <time>2022-08-18T21:02:38Z</time>
                                                <extensions>
                            <sog>0.0</sog>
<cog>192.3</cog>
                        </extensions>
                    </trkpt>
                    <trkpt lat="54.65984666666667" lon="10.019178333333334">
                        <ele>0</ele>
                        <time>2022-08-18T21:02:58Z</time>
                                                <extensions>
                            <sog>0.0</sog>
<cog>192.3</cog>
                        </extensions>
                    </trkpt>
                    <trkpt lat="54.65984666666667" lon="10.019186666666666">
                        <ele>0</ele>
                        <time>2022-08-18T21:03:38Z</time>
                                                <extensions>
                            <sog>0.0</sog>
<cog>192.3</cog>
                        </extensions>
                    </trkpt>
                    <trkpt lat="54.65984666666667" lon="10.019181666666666">
                        <ele>0</ele>
                        <time>2022-08-18T21:03:58Z</time>
                                                <extensions>
                            <sog>0.0</sog>
<cog>192.3</cog>
                        </extensions>
                    </trkpt>
                    <trkpt lat="54.65985666666666" lon="10.019174999999999">
                        <ele>0</ele>
                        <time>2022-08-18T21:04:18Z</time>
                                                <extensions>
                            <sog>0.0</sog>
<cog>192.3</cog>
                        </extensions>
                    </trkpt>
                    <trkpt lat="54.65987" lon="10.01917">
                        <ele>0</ele>
                        <time>2022-08-18T21:04:38Z</time>
                                                <extensions>
                            <sog>0.0</sog>
<cog>192.3</cog>
                        </extensions>
                    </trkpt>
                    <trkpt lat="54.65985666666666" lon="10.019146666666668">
                        <ele>0</ele>
                        <time>2022-08-18T21:04:58Z</time>
                                                <extensions>
                            <sog>0.0</sog>
<cog>192.3</cog>
                        </extensions>
                    </trkpt>
                    <trkpt lat="54.65985666666666" lon="10.019153333333332">
                        <ele>0</ele>
                        <time>2022-08-18T21:05:19Z</time>
                                                <extensions>
                            <sog>0.0</sog>
<cog>192.3</cog>
                        </extensions>
                    </trkpt>
                    <trkpt lat="54.65985666666666" lon="10.019133333333334">
                        <ele>0</ele>
                        <time>2022-08-18T21:05:38Z</time>
                                                <extensions>
                            <sog>0.0</sog>
<cog>192.3</cog>
                        </extensions>
                    </trkpt>
                    <trkpt lat="54.65985666666666" lon="10.019165">
                        <ele>0</ele>
                        <time>2022-08-18T21:05:58Z</time>
                                                <extensions>
                            <sog>0.0</sog>
<cog>192.3</cog>
                        </extensions>
                    </trkpt>
                    <trkpt lat="54.65983000000001" lon="10.019178333333334">
                        <ele>0</ele>
                        <time>2022-08-18T21:06:38Z</time>
                                                <extensions>
                            <sog>0.0</sog>
<cog>192.3</cog>
                        </extensions>
                    </trkpt>
                    <trkpt lat="54.65981333333333" lon="10.019151666666666">
                        <ele>0</ele>
                        <time>2022-08-18T21:06:58Z</time>
                                                <extensions>
                            <sog>0.0</sog>
<cog>192.3</cog>
                        </extensions>
                    </trkpt>
                    <trkpt lat="54.65984" lon="10.019161666666667">
                        <ele>0</ele>
                        <time>2022-08-18T21:07:19Z</time>
                                                <extensions>
                            <sog>0.0</sog>
<cog>192.3</cog>
                        </extensions>
                    </trkpt>
                    <trkpt lat="54.65987" lon="10.019146666666668">
                        <ele>0</ele>
                        <time>2022-08-18T21:07:38Z</time>
                                                <extensions>
                            <sog>0.0</sog>
<cog>192.3</cog>
                        </extensions>
                    </trkpt>
                    <trkpt lat="54.65985666666666" lon="10.019178333333334">
                        <ele>0</ele>
                        <time>2022-08-18T21:07:58Z</time>
                                                <extensions>
                            <sog>0.0</sog>
<cog>192.3</cog>
                        </extensions>
                    </trkpt>
                    <trkpt lat="54.65984666666667" lon="10.019148333333334">
                        <ele>0</ele>
                        <time>2022-08-18T21:08:19Z</time>
                                                <extensions>
                            <sog>0.0</sog>
<cog>192.3</cog>
                        </extensions>
                    </trkpt>
                    <trkpt lat="54.65985666666666" lon="10.01916">
                        <ele>0</ele>
                        <time>2022-08-18T21:08:58Z</time>
                                                <extensions>
                            <sog>0.0</sog>
<cog>192.3</cog>
                        </extensions>
                    </trkpt>
                    <trkpt lat="54.65985666666666" lon="10.019153333333332">
                        <ele>0</ele>
                        <time>2022-08-18T21:09:19Z</time>
                                                <extensions>
                            <sog>0.0</sog>
<cog>192.3</cog>
                        </extensions>
                    </trkpt>
                    <trkpt lat="54.65984666666667" lon="10.019158333333333">
                        <ele>0</ele>
                        <time>2022-08-18T21:09:38Z</time>
                                                <extensions>
                            <sog>0.0</sog>
<cog>192.3</cog>
                        </extensions>
                    </trkpt>
                    <trkpt lat="54.65985666666666" lon="10.019156666666667">
                        <ele>0</ele>
                        <time>2022-08-18T21:09:58Z</time>
                                                <extensions>
                            <sog>0.0</sog>
<cog>192.3</cog>
                        </extensions>
                    </trkpt>
                    <trkpt lat="54.65984666666667" lon="10.019138333333332">
                        <ele>0</ele>
                        <time>2022-08-18T21:10:19Z</time>
                                                <extensions>
                            <sog>0.0</sog>
<cog>192.3</cog>
                        </extensions>
                    </trkpt>
                    <trkpt lat="54.65985666666666" lon="10.01917">
                        <ele>0</ele>
                        <time>2022-08-18T21:10:38Z</time>
                                                <extensions>
                            <sog>0.0</sog>
<cog>192.3</cog>
                        </extensions>
                    </trkpt>
                    <trkpt lat="54.65985666666666" lon="10.019236666666666">
                        <ele>0</ele>
                        <time>2022-08-18T21:10:58Z</time>
                                                <extensions>
                            <sog>0.0</sog>
<cog>192.3</cog>
                        </extensions>
                    </trkpt>
                    <trkpt lat="54.65985666666666" lon="10.019173333333333">
                        <ele>0</ele>
                        <time>2022-08-18T21:11:19Z</time>
                                                <extensions>
                            <sog>0.0</sog>
<cog>192.3</cog>
                        </extensions>
                    </trkpt>
                    <trkpt lat="54.65985666666666" lon="10.019173333333333">
                        <ele>0</ele>
                        <time>2022-08-18T21:11:58Z</time>
                                                <extensions>
                            <sog>0.0</sog>
<cog>192.3</cog>
                        </extensions>
                    </trkpt>
                    <trkpt lat="54.65984" lon="10.019173333333333">
                        <ele>0</ele>
                        <time>2022-08-18T21:12:19Z</time>
                                                <extensions>
                            <sog>0.0</sog>
<cog>192.3</cog>
                        </extensions>
                    </trkpt>
                    <trkpt lat="54.65985666666666" lon="10.019173333333333">
                        <ele>0</ele>
                        <time>2022-08-18T21:12:59Z</time>
                                                <extensions>
                            <sog>0.0</sog>
<cog>192.3</cog>
                        </extensions>
                    </trkpt>
                    <trkpt lat="54.65984666666667" lon="10.019166666666667">
                        <ele>0</ele>
                        <time>2022-08-18T21:13:17Z</time>
                                                <extensions>
                            <sog>0.0</sog>
<cog>192.3</cog>
                        </extensions>
                    </trkpt>
                    <trkpt lat="54.65984666666667" lon="10.019181666666666">
                        <ele>0</ele>
                        <time>2022-08-18T21:13:59Z</time>
                                                <extensions>
                            <sog>0.0</sog>
<cog>192.3</cog>
                        </extensions>
                    </trkpt>
                    <trkpt lat="54.65984" lon="10.019151666666666">
                        <ele>0</ele>
                        <time>2022-08-18T21:14:59Z</time>
                                                <extensions>
                            <sog>0.0</sog>
<cog>192.3</cog>
                        </extensions>
                    </trkpt>
                    <trkpt lat="54.65985666666666" lon="10.019151666666666">
                        <ele>0</ele>
                        <time>2022-08-18T21:15:17Z</time>
                                                <extensions>
                            <sog>0.0</sog>
<cog>192.3</cog>
                        </extensions>
                    </trkpt>
                    <trkpt lat="54.65985666666666" lon="10.019166666666667">
                        <ele>0</ele>
                        <time>2022-08-18T21:15:59Z</time>
                                                <extensions>
                            <sog>0.0</sog>
<cog>192.3</cog>
                        </extensions>
                    </trkpt>
                    <trkpt lat="54.65985666666666" lon="10.019118333333333">
                        <ele>0</ele>
                        <time>2022-08-18T21:16:17Z</time>
                                                <extensions>
                            <sog>0.0</sog>
<cog>192.3</cog>
                        </extensions>
                    </trkpt>
                    <trkpt lat="54.65987" lon="10.019166666666667">
                        <ele>0</ele>
                        <time>2022-08-18T21:17:38Z</time>
                                                <extensions>
                            <sog>0.0</sog>
<cog>192.3</cog>
                        </extensions>
                    </trkpt>
                    <trkpt lat="54.65985666666666" lon="10.01914">
                        <ele>0</ele>
                        <time>2022-08-18T21:17:57Z</time>
                                                <extensions>
                            <sog>0.0</sog>
<cog>192.3</cog>
                        </extensions>
                    </trkpt>
                    <trkpt lat="54.65984" lon="10.019161666666667">
                        <ele>0</ele>
                        <time>2022-08-18T21:18:19Z</time>
                                                <extensions>
                            <sog>0.0</sog>
<cog>192.3</cog>
                        </extensions>
                    </trkpt>
                    <trkpt lat="54.65985666666666" lon="10.01921">
                        <ele>0</ele>
                        <time>2022-08-18T21:18:38Z</time>
                                                <extensions>
                            <sog>0.0</sog>
<cog>192.3</cog>
                        </extensions>
                    </trkpt>
                    <trkpt lat="54.65985666666666" lon="10.019165">
                        <ele>0</ele>
                        <time>2022-08-18T21:18:57Z</time>
                                                <extensions>
                            <sog>0.0</sog>
<cog>192.3</cog>
                        </extensions>
                    </trkpt>
                    <trkpt lat="54.65988" lon="10.019161666666667">
                        <ele>0</ele>
                        <time>2022-08-18T21:19:19Z</time>
                                                <extensions>
                            <sog>0.0</sog>
<cog>192.3</cog>
                        </extensions>
                    </trkpt>
                    <trkpt lat="54.65987" lon="10.01917">
                        <ele>0</ele>
                        <time>2022-08-18T21:19:38Z</time>
                                                <extensions>
                            <sog>0.0</sog>
<cog>192.3</cog>
                        </extensions>
                    </trkpt>
                    <trkpt lat="54.65984666666667" lon="10.019156666666667">
                        <ele>0</ele>
                        <time>2022-08-18T21:19:57Z</time>
                                                <extensions>
                            <sog>0.0</sog>
<cog>192.3</cog>
                        </extensions>
                    </trkpt>
                    <trkpt lat="54.65984666666667" lon="10.01916">
                        <ele>0</ele>
                        <time>2022-08-18T21:20:19Z</time>
                                                <extensions>
                            <sog>0.0</sog>
<cog>192.3</cog>
                        </extensions>
                    </trkpt>
                    <trkpt lat="54.65984666666667" lon="10.01916">
                        <ele>0</ele>
                        <time>2022-08-18T21:20:38Z</time>
                                                <extensions>
                            <sog>0.0</sog>
<cog>192.3</cog>
                        </extensions>
                    </trkpt>
                    <trkpt lat="54.65988" lon="10.01917">
                        <ele>0</ele>
                        <time>2022-08-18T21:20:57Z</time>
                                                <extensions>
                            <sog>0.0</sog>
<cog>192.3</cog>
                        </extensions>
                    </trkpt>
                    <trkpt lat="54.65988" lon="10.019156666666667">
                        <ele>0</ele>
                        <time>2022-08-18T21:21:19Z</time>
                                                <extensions>
                            <sog>0.0</sog>
<cog>192.3</cog>
                        </extensions>
                    </trkpt>
                    <trkpt lat="54.65987" lon="10.019151666666666">
                        <ele>0</ele>
                        <time>2022-08-18T21:21:38Z</time>
                                                <extensions>
                            <sog>0.0</sog>
<cog>192.3</cog>
                        </extensions>
                    </trkpt>
                    <trkpt lat="54.65987" lon="10.019156666666667">
                        <ele>0</ele>
                        <time>2022-08-18T21:21:57Z</time>
                                                <extensions>
                            <sog>0.0</sog>
<cog>192.3</cog>
                        </extensions>
                    </trkpt>
                    <trkpt lat="54.65985666666666" lon="10.019156666666667">
                        <ele>0</ele>
                        <time>2022-08-18T21:22:19Z</time>
                                                <extensions>
                            <sog>0.0</sog>
<cog>192.3</cog>
                        </extensions>
                    </trkpt>
                    <trkpt lat="54.65985666666666" lon="10.01916">
                        <ele>0</ele>
                        <time>2022-08-18T21:22:38Z</time>
                                                <extensions>
                            <sog>0.0</sog>
<cog>192.3</cog>
                        </extensions>
                    </trkpt>
                    <trkpt lat="54.65987" lon="10.01917">
                        <ele>0</ele>
                        <time>2022-08-18T21:22:57Z</time>
                                                <extensions>
                            <sog>0.0</sog>
<cog>192.3</cog>
                        </extensions>
                    </trkpt>
                    <trkpt lat="54.65985666666666" lon="10.019151666666666">
                        <ele>0</ele>
                        <time>2022-08-18T21:23:38Z</time>
                                                <extensions>
                            <sog>0.0</sog>
<cog>192.3</cog>
                        </extensions>
                    </trkpt>
                    <trkpt lat="54.65987" lon="10.01917">
                        <ele>0</ele>
                        <time>2022-08-18T21:23:57Z</time>
                                                <extensions>
                            <sog>0.0</sog>
<cog>192.3</cog>
                        </extensions>
                    </trkpt>
                    <trkpt lat="54.65985666666666" lon="10.01916">
                        <ele>0</ele>
                        <time>2022-08-18T21:24:38Z</time>
                                                <extensions>
                            <sog>0.0</sog>
<cog>192.3</cog>
                        </extensions>
                    </trkpt>
                    <trkpt lat="54.65988" lon="10.019181666666666">
                        <ele>0</ele>
                        <time>2022-08-18T21:24:58Z</time>
                                                <extensions>
                            <sog>0.0</sog>
<cog>192.3</cog>
                        </extensions>
                    </trkpt>
                    <trkpt lat="54.65985666666666" lon="10.019185">
                        <ele>0</ele>
                        <time>2022-08-18T21:25:38Z</time>
                                                <extensions>
                            <sog>0.0</sog>
<cog>192.3</cog>
                        </extensions>
                    </trkpt>
                    <trkpt lat="54.65987" lon="10.019174999999999">
                        <ele>0</ele>
                        <time>2022-08-18T21:25:58Z</time>
                                                <extensions>
                            <sog>0.0</sog>
<cog>192.3</cog>
                        </extensions>
                    </trkpt>
                    <trkpt lat="54.65987" lon="10.019178333333334">
                        <ele>0</ele>
                        <time>2022-08-18T21:26:38Z</time>
                                                <extensions>
                            <sog>0.0</sog>
<cog>192.3</cog>
                        </extensions>
                    </trkpt>
                    <trkpt lat="54.65984" lon="10.019186666666666">
                        <ele>0</ele>
                        <time>2022-08-18T21:26:58Z</time>
                                                <extensions>
                            <sog>0.0</sog>
<cog>192.3</cog>
                        </extensions>
                    </trkpt>
                    <trkpt lat="54.65985666666666" lon="10.019191666666668">
                        <ele>0</ele>
                        <time>2022-08-18T21:27:38Z</time>
                                                <extensions>
                            <sog>0.0</sog>
<cog>192.3</cog>
                        </extensions>
                    </trkpt>
                    <trkpt lat="54.65984666666667" lon="10.019191666666668">
                        <ele>0</ele>
                        <time>2022-08-18T21:27:58Z</time>
                                                <extensions>
                            <sog>0.0</sog>
<cog>192.3</cog>
                        </extensions>
                    </trkpt>
                    <trkpt lat="54.65985666666666" lon="10.019174999999999">
                        <ele>0</ele>
                        <time>2022-08-18T21:28:18Z</time>
                                                <extensions>
                            <sog>0.0</sog>
<cog>192.3</cog>
                        </extensions>
                    </trkpt>
                    <trkpt lat="54.65984" lon="10.019191666666668">
                        <ele>0</ele>
                        <time>2022-08-18T21:28:38Z</time>
                                                <extensions>
                            <sog>0.0</sog>
<cog>192.3</cog>
                        </extensions>
                    </trkpt>
                    <trkpt lat="54.65984666666667" lon="10.01921">
                        <ele>0</ele>
                        <time>2022-08-18T21:28:58Z</time>
                                                <extensions>
                            <sog>0.0</sog>
<cog>192.3</cog>
                        </extensions>
                    </trkpt>
                    <trkpt lat="54.65985666666666" lon="10.019196666666666">
                        <ele>0</ele>
                        <time>2022-08-18T21:29:18Z</time>
                                                <extensions>
                            <sog>0.0</sog>
<cog>192.3</cog>
                        </extensions>
                    </trkpt>
                    <trkpt lat="54.65985666666666" lon="10.019188333333334">
                        <ele>0</ele>
                        <time>2022-08-18T21:29:38Z</time>
                                                <extensions>
                            <sog>0.0</sog>
<cog>192.3</cog>
                        </extensions>
                    </trkpt>
                    <trkpt lat="54.65985666666666" lon="10.019200000000001">
                        <ele>0</ele>
                        <time>2022-08-18T21:29:58Z</time>
                                                <extensions>
                            <sog>0.0</sog>
<cog>192.3</cog>
                        </extensions>
                    </trkpt>
                    <trkpt lat="54.65984666666667" lon="10.019178333333334">
                        <ele>0</ele>
                        <time>2022-08-18T21:30:38Z</time>
                                                <extensions>
                            <sog>0.0</sog>
<cog>192.3</cog>
                        </extensions>
                    </trkpt>
                    <trkpt lat="54.65984666666667" lon="10.01917">
                        <ele>0</ele>
                        <time>2022-08-18T21:31:19Z</time>
                                                <extensions>
                            <sog>0.0</sog>
<cog>192.3</cog>
                        </extensions>
                    </trkpt>
                    <trkpt lat="54.65985666666666" lon="10.019158333333333">
                        <ele>0</ele>
                        <time>2022-08-18T21:31:38Z</time>
                                                <extensions>
                            <sog>0.0</sog>
<cog>192.3</cog>
                        </extensions>
                    </trkpt>
                    <trkpt lat="54.65985666666666" lon="10.019174999999999">
                        <ele>0</ele>
                        <time>2022-08-18T21:31:58Z</time>
                                                <extensions>
                            <sog>0.0</sog>
<cog>192.3</cog>
                        </extensions>
                    </trkpt>
                    <trkpt lat="54.65985666666666" lon="10.019191666666668">
                        <ele>0</ele>
                        <time>2022-08-18T21:32:19Z</time>
                                                <extensions>
                            <sog>0.0</sog>
<cog>192.3</cog>
                        </extensions>
                    </trkpt>
                    <trkpt lat="54.65984666666667" lon="10.019173333333333">
                        <ele>0</ele>
                        <time>2022-08-18T21:32:38Z</time>
                                                <extensions>
                            <sog>0.0</sog>
<cog>192.3</cog>
                        </extensions>
                    </trkpt>
                    <trkpt lat="54.65984" lon="10.019165">
                        <ele>0</ele>
                        <time>2022-08-18T21:32:58Z</time>
                                                <extensions>
                            <sog>0.0</sog>
<cog>192.3</cog>
                        </extensions>
                    </trkpt>
                    <trkpt lat="54.65987" lon="10.01916">
                        <ele>0</ele>
                        <time>2022-08-18T21:33:19Z</time>
                                                <extensions>
                            <sog>0.0</sog>
<cog>192.3</cog>
                        </extensions>
                    </trkpt>
                    <trkpt lat="54.65985666666666" lon="10.01917">
                        <ele>0</ele>
                        <time>2022-08-18T21:33:38Z</time>
                                                <extensions>
                            <sog>0.0</sog>
<cog>192.3</cog>
                        </extensions>
                    </trkpt>
                    <trkpt lat="54.65987" lon="10.019183333333332">
                        <ele>0</ele>
                        <time>2022-08-18T21:33:58Z</time>
                                                <extensions>
                            <sog>0.0</sog>
<cog>192.3</cog>
                        </extensions>
                    </trkpt>
                    <trkpt lat="54.65985666666666" lon="10.01917">
                        <ele>0</ele>
                        <time>2022-08-18T21:34:19Z</time>
                                                <extensions>
                            <sog>0.0</sog>
<cog>192.3</cog>
                        </extensions>
                    </trkpt>
                    <trkpt lat="54.65987" lon="10.019188333333334">
                        <ele>0</ele>
                        <time>2022-08-18T21:34:38Z</time>
                                                <extensions>
                            <sog>0.0</sog>
<cog>192.3</cog>
                        </extensions>
                    </trkpt>
                    <trkpt lat="54.65987" lon="10.019178333333334">
                        <ele>0</ele>
                        <time>2022-08-18T21:34:58Z</time>
                                                <extensions>
                            <sog>0.0</sog>
<cog>192.3</cog>
                        </extensions>
                    </trkpt>
                    <trkpt lat="54.65984666666667" lon="10.019165">
                        <ele>0</ele>
                        <time>2022-08-18T21:36:19Z</time>
                                                <extensions>
                            <sog>0.0</sog>
<cog>192.3</cog>
                        </extensions>
                    </trkpt>
                    <trkpt lat="54.65987" lon="10.01916">
                        <ele>0</ele>
                        <time>2022-08-18T21:36:39Z</time>
                                                <extensions>
                            <sog>0.0</sog>
<cog>192.3</cog>
                        </extensions>
                    </trkpt>
                    <trkpt lat="54.65985666666666" lon="10.019146666666668">
                        <ele>0</ele>
                        <time>2022-08-18T21:36:58Z</time>
                                                <extensions>
                            <sog>0.0</sog>
<cog>192.3</cog>
                        </extensions>
                    </trkpt>
                    <trkpt lat="54.65985666666666" lon="10.019191666666668">
                        <ele>0</ele>
                        <time>2022-08-18T21:37:39Z</time>
                                                <extensions>
                            <sog>0.0</sog>
<cog>192.3</cog>
                        </extensions>
                    </trkpt>
                    <trkpt lat="54.65987" lon="10.019188333333334">
                        <ele>0</ele>
                        <time>2022-08-18T21:37:58Z</time>
                                                <extensions>
                            <sog>0.0</sog>
<cog>192.3</cog>
                        </extensions>
                    </trkpt>
                    <trkpt lat="54.65988" lon="10.019188333333334">
                        <ele>0</ele>
                        <time>2022-08-18T21:38:39Z</time>
                                                <extensions>
                            <sog>0.0</sog>
<cog>192.3</cog>
                        </extensions>
                    </trkpt>
                    <trkpt lat="54.65987" lon="10.019165">
                        <ele>0</ele>
                        <time>2022-08-18T21:38:58Z</time>
                                                <extensions>
                            <sog>0.0</sog>
<cog>192.3</cog>
                        </extensions>
                    </trkpt>
                    <trkpt lat="54.65985666666666" lon="10.019200000000001">
                        <ele>0</ele>
                        <time>2022-08-18T21:39:18Z</time>
                                                <extensions>
                            <sog>0.0</sog>
<cog>192.3</cog>
                        </extensions>
                    </trkpt>
                    <trkpt lat="54.65985666666666" lon="10.019191666666668">
                        <ele>0</ele>
                        <time>2022-08-18T21:39:39Z</time>
                                                <extensions>
                            <sog>0.0</sog>
<cog>192.3</cog>
                        </extensions>
                    </trkpt>
                    <trkpt lat="54.65987" lon="10.019178333333334">
                        <ele>0</ele>
                        <time>2022-08-18T21:39:58Z</time>
                                                <extensions>
                            <sog>0.0</sog>
<cog>192.3</cog>
                        </extensions>
                    </trkpt>
                    <trkpt lat="54.65985666666666" lon="10.019165">
                        <ele>0</ele>
                        <time>2022-08-18T21:40:18Z</time>
                                                <extensions>
                            <sog>0.0</sog>
<cog>192.3</cog>
                        </extensions>
                    </trkpt>
                    <trkpt lat="54.65984666666667" lon="10.019156666666667">
                        <ele>0</ele>
                        <time>2022-08-18T21:40:38Z</time>
                                                <extensions>
                            <sog>0.0</sog>
<cog>192.3</cog>
                        </extensions>
                    </trkpt>
                    <trkpt lat="54.65984666666667" lon="10.019173333333333">
                        <ele>0</ele>
                        <time>2022-08-18T21:40:58Z</time>
                                                <extensions>
                            <sog>0.0</sog>
<cog>192.3</cog>
                        </extensions>
                    </trkpt>
                    <trkpt lat="54.65984" lon="10.019158333333333">
                        <ele>0</ele>
                        <time>2022-08-18T21:41:18Z</time>
                                                <extensions>
                            <sog>0.0</sog>
<cog>192.3</cog>
                        </extensions>
                    </trkpt>
                    <trkpt lat="54.65984666666667" lon="10.019186666666666">
                        <ele>0</ele>
                        <time>2022-08-18T21:41:38Z</time>
                                                <extensions>
                            <sog>0.0</sog>
<cog>192.3</cog>
                        </extensions>
                    </trkpt>
                    <trkpt lat="54.65984666666667" lon="10.019196666666666">
                        <ele>0</ele>
                        <time>2022-08-18T21:41:58Z</time>
                                                <extensions>
                            <sog>0.0</sog>
<cog>192.3</cog>
                        </extensions>
                    </trkpt>
                    <trkpt lat="54.65984666666667" lon="10.019165">
                        <ele>0</ele>
                        <time>2022-08-18T21:42:18Z</time>
                                                <extensions>
                            <sog>0.0</sog>
<cog>192.3</cog>
                        </extensions>
                    </trkpt>
                    <trkpt lat="54.65985666666666" lon="10.019196666666666">
                        <ele>0</ele>
                        <time>2022-08-18T21:42:58Z</time>
                                                <extensions>
                            <sog>0.0</sog>
<cog>192.3</cog>
                        </extensions>
                    </trkpt>
                    <trkpt lat="54.65985666666666" lon="10.01917">
                        <ele>0</ele>
                        <time>2022-08-18T21:43:38Z</time>
                                                <extensions>
                            <sog>0.0</sog>
<cog>192.3</cog>
                        </extensions>
                    </trkpt>
                    <trkpt lat="54.65987" lon="10.019178333333334">
                        <ele>0</ele>
                        <time>2022-08-18T21:43:58Z</time>
                                                <extensions>
                            <sog>0.0</sog>
<cog>192.3</cog>
                        </extensions>
                    </trkpt>
                    <trkpt lat="54.65985666666666" lon="10.019173333333333">
                        <ele>0</ele>
                        <time>2022-08-18T21:44:18Z</time>
                                                <extensions>
                            <sog>0.0</sog>
<cog>192.3</cog>
                        </extensions>
                    </trkpt>
                    <trkpt lat="54.65985666666666" lon="10.019173333333333">
                        <ele>0</ele>
                        <time>2022-08-18T21:44:38Z</time>
                                                <extensions>
                            <sog>0.0</sog>
<cog>192.3</cog>
                        </extensions>
                    </trkpt>
                    <trkpt lat="54.65984" lon="10.019165">
                        <ele>0</ele>
                        <time>2022-08-18T21:44:58Z</time>
                                                <extensions>
                            <sog>0.0</sog>
<cog>192.3</cog>
                        </extensions>
                    </trkpt>
                    <trkpt lat="54.65984666666667" lon="10.019166666666667">
                        <ele>0</ele>
                        <time>2022-08-18T21:45:18Z</time>
                                                <extensions>
                            <sog>0.0</sog>
<cog>192.3</cog>
                        </extensions>
                    </trkpt>
                    <trkpt lat="54.65985666666666" lon="10.019200000000001">
                        <ele>0</ele>
                        <time>2022-08-18T21:45:38Z</time>
                                                <extensions>
                            <sog>0.0</sog>
<cog>192.3</cog>
                        </extensions>
                    </trkpt>
                    <trkpt lat="54.65984666666667" lon="10.019191666666668">
                        <ele>0</ele>
                        <time>2022-08-18T21:45:58Z</time>
                                                <extensions>
                            <sog>0.0</sog>
<cog>192.3</cog>
                        </extensions>
                    </trkpt>
                    <trkpt lat="54.65984666666667" lon="10.019178333333334">
                        <ele>0</ele>
                        <time>2022-08-18T21:46:18Z</time>
                                                <extensions>
                            <sog>0.0</sog>
<cog>192.3</cog>
                        </extensions>
                    </trkpt>
                    <trkpt lat="54.65985666666666" lon="10.019173333333333">
                        <ele>0</ele>
                        <time>2022-08-18T21:46:38Z</time>
                                                <extensions>
                            <sog>0.0</sog>
<cog>192.3</cog>
                        </extensions>
                    </trkpt>
                    <trkpt lat="54.65987" lon="10.01916">
                        <ele>0</ele>
                        <time>2022-08-18T21:46:58Z</time>
                                                <extensions>
                            <sog>0.0</sog>
<cog>192.3</cog>
                        </extensions>
                    </trkpt>
                    <trkpt lat="54.65985666666666" lon="10.01914">
                        <ele>0</ele>
                        <time>2022-08-18T21:47:18Z</time>
                                                <extensions>
                            <sog>0.0</sog>
<cog>192.3</cog>
                        </extensions>
                    </trkpt>
                    <trkpt lat="54.65984666666667" lon="10.019148333333334">
                        <ele>0</ele>
                        <time>2022-08-18T21:47:38Z</time>
                                                <extensions>
                            <sog>0.0</sog>
<cog>192.3</cog>
                        </extensions>
                    </trkpt>
                    <trkpt lat="54.65985666666666" lon="10.019166666666667">
                        <ele>0</ele>
                        <time>2022-08-18T21:47:58Z</time>
                                                <extensions>
                            <sog>0.0</sog>
<cog>192.3</cog>
                        </extensions>
                    </trkpt>
                    <trkpt lat="54.65987" lon="10.019185">
                        <ele>0</ele>
                        <time>2022-08-18T21:48:58Z</time>
                                                <extensions>
                            <sog>0.0</sog>
<cog>192.3</cog>
                        </extensions>
                    </trkpt>
                    <trkpt lat="54.65987" lon="10.019146666666668">
                        <ele>0</ele>
                        <time>2022-08-18T21:49:18Z</time>
                                                <extensions>
                            <sog>0.0</sog>
<cog>192.3</cog>
                        </extensions>
                    </trkpt>
                    <trkpt lat="54.65985666666666" lon="10.019165">
                        <ele>0</ele>
                        <time>2022-08-18T21:49:38Z</time>
                                                <extensions>
                            <sog>0.0</sog>
<cog>192.3</cog>
                        </extensions>
                    </trkpt>
                    <trkpt lat="54.65985666666666" lon="10.019146666666668">
                        <ele>0</ele>
                        <time>2022-08-18T21:49:58Z</time>
                                                <extensions>
                            <sog>0.0</sog>
<cog>192.3</cog>
                        </extensions>
                    </trkpt>
                    <trkpt lat="54.65985666666666" lon="10.019121666666667">
                        <ele>0</ele>
                        <time>2022-08-18T21:50:18Z</time>
                                                <extensions>
                            <sog>0.0</sog>
<cog>192.3</cog>
                        </extensions>
                    </trkpt>
                    <trkpt lat="54.65984666666667" lon="10.01914">
                        <ele>0</ele>
                        <time>2022-08-18T21:50:38Z</time>
                                                <extensions>
                            <sog>0.0</sog>
<cog>192.3</cog>
                        </extensions>
                    </trkpt>
                    <trkpt lat="54.65984666666667" lon="10.019173333333333">
                        <ele>0</ele>
                        <time>2022-08-18T21:50:57Z</time>
                                                <extensions>
                            <sog>0.0</sog>
<cog>192.3</cog>
                        </extensions>
                    </trkpt>
                    <trkpt lat="54.65984666666667" lon="10.01917">
                        <ele>0</ele>
                        <time>2022-08-18T21:51:19Z</time>
                                                <extensions>
                            <sog>0.0</sog>
<cog>192.3</cog>
                        </extensions>
                    </trkpt>
                    <trkpt lat="54.65984" lon="10.019173333333333">
                        <ele>0</ele>
                        <time>2022-08-18T21:51:38Z</time>
                                                <extensions>
                            <sog>0.0</sog>
<cog>192.3</cog>
                        </extensions>
                    </trkpt>
                    <trkpt lat="54.65984" lon="10.019191666666668">
                        <ele>0</ele>
                        <time>2022-08-18T21:51:57Z</time>
                                                <extensions>
                            <sog>0.0</sog>
<cog>192.3</cog>
                        </extensions>
                    </trkpt>
                    <trkpt lat="54.65984666666667" lon="10.019193333333334">
                        <ele>0</ele>
                        <time>2022-08-18T21:52:19Z</time>
                                                <extensions>
                            <sog>0.0</sog>
<cog>192.3</cog>
                        </extensions>
                    </trkpt>
                    <trkpt lat="54.65984666666667" lon="10.019198333333332">
                        <ele>0</ele>
                        <time>2022-08-18T21:52:38Z</time>
                                                <extensions>
                            <sog>0.0</sog>
<cog>192.3</cog>
                        </extensions>
                    </trkpt>
                    <trkpt lat="54.65985666666666" lon="10.019178333333334">
                        <ele>0</ele>
                        <time>2022-08-18T21:52:57Z</time>
                                                <extensions>
                            <sog>0.0</sog>
<cog>192.3</cog>
                        </extensions>
                    </trkpt>
                    <trkpt lat="54.65985666666666" lon="10.019161666666667">
                        <ele>0</ele>
                        <time>2022-08-18T21:53:19Z</time>
                                                <extensions>
                            <sog>0.0</sog>
<cog>192.3</cog>
                        </extensions>
                    </trkpt>
                    <trkpt lat="54.65984666666667" lon="10.019158333333333">
                        <ele>0</ele>
                        <time>2022-08-18T21:53:39Z</time>
                                                <extensions>
                            <sog>0.0</sog>
<cog>192.3</cog>
                        </extensions>
                    </trkpt>
                    <trkpt lat="54.65985666666666" lon="10.01916">
                        <ele>0</ele>
                        <time>2022-08-18T21:53:57Z</time>
                                                <extensions>
                            <sog>0.0</sog>
<cog>192.3</cog>
                        </extensions>
                    </trkpt>
                    <trkpt lat="54.65987" lon="10.019174999999999">
                        <ele>0</ele>
                        <time>2022-08-18T21:54:39Z</time>
                                                <extensions>
                            <sog>0.0</sog>
<cog>192.3</cog>
                        </extensions>
                    </trkpt>
                    <trkpt lat="54.65984" lon="10.019146666666668">
                        <ele>0</ele>
                        <time>2022-08-18T21:54:57Z</time>
                                                <extensions>
                            <sog>0.0</sog>
<cog>192.3</cog>
                        </extensions>
                    </trkpt>
                    <trkpt lat="54.65983000000001" lon="10.019158333333333">
                        <ele>0</ele>
                        <time>2022-08-18T21:55:19Z</time>
                                                <extensions>
                            <sog>0.0</sog>
<cog>192.3</cog>
                        </extensions>
                    </trkpt>
                    <trkpt lat="54.65983000000001" lon="10.019143333333334">
                        <ele>0</ele>
                        <time>2022-08-18T21:55:39Z</time>
                                                <extensions>
                            <sog>0.0</sog>
<cog>192.3</cog>
                        </extensions>
                    </trkpt>
                    <trkpt lat="54.65984" lon="10.019146666666668">
                        <ele>0</ele>
                        <time>2022-08-18T21:55:57Z</time>
                                                <extensions>
                            <sog>0.0</sog>
<cog>192.3</cog>
                        </extensions>
                    </trkpt>
                    <trkpt lat="54.65984666666667" lon="10.019153333333332">
                        <ele>0</ele>
                        <time>2022-08-18T21:56:19Z</time>
                                                <extensions>
                            <sog>0.0</sog>
<cog>192.3</cog>
                        </extensions>
                    </trkpt>
                    <trkpt lat="54.65987" lon="10.019146666666668">
                        <ele>0</ele>
                        <time>2022-08-18T21:56:39Z</time>
                                                <extensions>
                            <sog>0.0</sog>
<cog>192.3</cog>
                        </extensions>
                    </trkpt>
                    <trkpt lat="54.65988" lon="10.019153333333332">
                        <ele>0</ele>
                        <time>2022-08-18T21:56:57Z</time>
                                                <extensions>
                            <sog>0.0</sog>
<cog>192.3</cog>
                        </extensions>
                    </trkpt>
                    <trkpt lat="54.65984" lon="10.019156666666667">
                        <ele>0</ele>
                        <time>2022-08-18T21:57:18Z</time>
                                                <extensions>
                            <sog>0.0</sog>
<cog>192.3</cog>
                        </extensions>
                    </trkpt>
                    <trkpt lat="54.65987" lon="10.01914">
                        <ele>0</ele>
                        <time>2022-08-18T21:57:39Z</time>
                                                <extensions>
                            <sog>0.0</sog>
<cog>192.3</cog>
                        </extensions>
                    </trkpt>
                    <trkpt lat="54.65988" lon="10.01914">
                        <ele>0</ele>
                        <time>2022-08-18T21:57:58Z</time>
                                                <extensions>
                            <sog>0.0</sog>
<cog>192.3</cog>
                        </extensions>
                    </trkpt>
                    <trkpt lat="54.65987" lon="10.019131666666668">
                        <ele>0</ele>
                        <time>2022-08-18T21:58:18Z</time>
                                                <extensions>
                            <sog>0.0</sog>
<cog>192.3</cog>
                        </extensions>
                    </trkpt>
                    <trkpt lat="54.65988" lon="10.019129999999999">
                        <ele>0</ele>
                        <time>2022-08-18T21:58:39Z</time>
                                                <extensions>
                            <sog>0.0</sog>
<cog>192.3</cog>
                        </extensions>
                    </trkpt>
                    <trkpt lat="54.65984" lon="10.01916">
                        <ele>0</ele>
                        <time>2022-08-18T21:59:18Z</time>
                                                <extensions>
                            <sog>0.0</sog>
<cog>192.3</cog>
                        </extensions>
                    </trkpt>
                    <trkpt lat="54.65984666666667" lon="10.019151666666666">
                        <ele>0</ele>
                        <time>2022-08-18T21:59:39Z</time>
                                                <extensions>
                            <sog>0.0</sog>
<cog>192.3</cog>
                        </extensions>
                    </trkpt>
                    <trkpt lat="54.65984666666667" lon="10.019105">
                        <ele>0</ele>
                        <time>2022-08-18T21:59:58Z</time>
                                                <extensions>
                            <sog>0.0</sog>
<cog>192.3</cog>
                        </extensions>
                    </trkpt>
                    <trkpt lat="54.65987" lon="10.019133333333334">
                        <ele>0</ele>
                        <time>2022-08-18T22:00:18Z</time>
                                                <extensions>
                            <sog>0.0</sog>
<cog>192.3</cog>
                        </extensions>
                    </trkpt>
                    <trkpt lat="54.65987" lon="10.019133333333334">
                        <ele>0</ele>
                        <time>2022-08-18T22:00:18Z</time>
                                                <extensions>
                            <sog>0.0</sog>
<cog>192.3</cog>
                        </extensions>
                    </trkpt>
                    <trkpt lat="54.65985666666666" lon="10.019153333333332">
                        <ele>0</ele>
                        <time>2022-08-18T22:01:18Z</time>
                                                <extensions>
                            <sog>0.0</sog>
<cog>192.3</cog>
                        </extensions>
                    </trkpt>
                    <trkpt lat="54.65985666666666" lon="10.019153333333332">
                        <ele>0</ele>
                        <time>2022-08-18T22:01:39Z</time>
                                                <extensions>
                            <sog>0.0</sog>
<cog>192.3</cog>
                        </extensions>
                    </trkpt>
                    <trkpt lat="54.65988" lon="10.019148333333334">
                        <ele>0</ele>
                        <time>2022-08-18T22:02:18Z</time>
                                                <extensions>
                            <sog>0.0</sog>
<cog>192.3</cog>
                        </extensions>
                    </trkpt>
                    <trkpt lat="54.65987" lon="10.019131666666668">
                        <ele>0</ele>
                        <time>2022-08-18T22:02:59Z</time>
                                                <extensions>
                            <sog>0.0</sog>
<cog>192.3</cog>
                        </extensions>
                    </trkpt>
                    <trkpt lat="54.65985666666666" lon="10.019183333333332">
                        <ele>0</ele>
                        <time>2022-08-18T22:03:59Z</time>
                                                <extensions>
                            <sog>0.0</sog>
<cog>192.3</cog>
                        </extensions>
                    </trkpt>
                    <trkpt lat="54.65985666666666" lon="10.019206666666665">
                        <ele>0</ele>
                        <time>2022-08-18T22:04:18Z</time>
                                                <extensions>
                            <sog>0.0</sog>
<cog>192.3</cog>
                        </extensions>
                    </trkpt>
                    <trkpt lat="54.65984666666667" lon="10.019129999999999">
                        <ele>0</ele>
                        <time>2022-08-18T22:04:59Z</time>
                                                <extensions>
                            <sog>0.0</sog>
<cog>192.3</cog>
                        </extensions>
                    </trkpt>
                    <trkpt lat="54.65985666666666" lon="10.019145">
                        <ele>0</ele>
                        <time>2022-08-18T22:05:18Z</time>
                                                <extensions>
                            <sog>0.0</sog>
<cog>192.3</cog>
                        </extensions>
                    </trkpt>
                    <trkpt lat="54.65985666666666" lon="10.01914">
                        <ele>0</ele>
                        <time>2022-08-18T22:05:59Z</time>
                                                <extensions>
                            <sog>0.0</sog>
<cog>192.3</cog>
                        </extensions>
                    </trkpt>
                    <trkpt lat="54.65987" lon="10.019151666666666">
                        <ele>0</ele>
                        <time>2022-08-18T22:06:18Z</time>
                                                <extensions>
                            <sog>0.0</sog>
<cog>192.3</cog>
                        </extensions>
                    </trkpt>
                    <trkpt lat="54.65984666666667" lon="10.019151666666666">
                        <ele>0</ele>
                        <time>2022-08-18T22:06:59Z</time>
                                                <extensions>
                            <sog>0.0</sog>
<cog>192.3</cog>
                        </extensions>
                    </trkpt>
                    <trkpt lat="54.65985666666666" lon="10.019151666666666">
                        <ele>0</ele>
                        <time>2022-08-18T22:07:19Z</time>
                                                <extensions>
                            <sog>0.0</sog>
<cog>192.3</cog>
                        </extensions>
                    </trkpt>
                    <trkpt lat="54.65987" lon="10.019165">
                        <ele>0</ele>
                        <time>2022-08-18T22:07:59Z</time>
                                                <extensions>
                            <sog>0.0</sog>
<cog>192.3</cog>
                        </extensions>
                    </trkpt>
                    <trkpt lat="54.65985666666666" lon="10.019165">
                        <ele>0</ele>
                        <time>2022-08-18T22:08:19Z</time>
                                                <extensions>
                            <sog>0.0</sog>
<cog>192.3</cog>
                        </extensions>
                    </trkpt>
                    <trkpt lat="54.65987" lon="10.019131666666668">
                        <ele>0</ele>
                        <time>2022-08-18T22:08:39Z</time>
                                                <extensions>
                            <sog>0.0</sog>
<cog>192.3</cog>
                        </extensions>
                    </trkpt>
                    <trkpt lat="54.65987" lon="10.019191666666668">
                        <ele>0</ele>
                        <time>2022-08-18T22:08:57Z</time>
                                                <extensions>
                            <sog>0.0</sog>
<cog>192.3</cog>
                        </extensions>
                    </trkpt>
                    <trkpt lat="54.65985666666666" lon="10.019131666666668">
                        <ele>0</ele>
                        <time>2022-08-18T22:09:19Z</time>
                                                <extensions>
                            <sog>0.0</sog>
<cog>192.3</cog>
                        </extensions>
                    </trkpt>
                    <trkpt lat="54.65987" lon="10.019151666666666">
                        <ele>0</ele>
                        <time>2022-08-18T22:09:39Z</time>
                                                <extensions>
                            <sog>0.0</sog>
<cog>192.3</cog>
                        </extensions>
                    </trkpt>
                    <trkpt lat="54.65987" lon="10.019148333333334">
                        <ele>0</ele>
                        <time>2022-08-18T22:09:57Z</time>
                                                <extensions>
                            <sog>0.0</sog>
<cog>192.3</cog>
                        </extensions>
                    </trkpt>
                    <trkpt lat="54.65987" lon="10.019156666666667">
                        <ele>0</ele>
                        <time>2022-08-18T22:10:19Z</time>
                                                <extensions>
                            <sog>0.0</sog>
<cog>192.3</cog>
                        </extensions>
                    </trkpt>
                    <trkpt lat="54.65988" lon="10.019151666666666">
                        <ele>0</ele>
                        <time>2022-08-18T22:10:39Z</time>
                                                <extensions>
                            <sog>0.0</sog>
<cog>192.3</cog>
                        </extensions>
                    </trkpt>
                    <trkpt lat="54.65987" lon="10.019153333333332">
                        <ele>0</ele>
                        <time>2022-08-18T22:10:57Z</time>
                                                <extensions>
                            <sog>0.0</sog>
<cog>192.3</cog>
                        </extensions>
                    </trkpt>
                    <trkpt lat="54.65985666666666" lon="10.019126666666667">
                        <ele>0</ele>
                        <time>2022-08-18T22:11:19Z</time>
                                                <extensions>
                            <sog>0.0</sog>
<cog>192.3</cog>
                        </extensions>
                    </trkpt>
                    <trkpt lat="54.65987" lon="10.019146666666668">
                        <ele>0</ele>
                        <time>2022-08-18T22:11:39Z</time>
                                                <extensions>
                            <sog>0.0</sog>
<cog>192.3</cog>
                        </extensions>
                    </trkpt>
                    <trkpt lat="54.65984666666667" lon="10.019161666666667">
                        <ele>0</ele>
                        <time>2022-08-18T22:11:58Z</time>
                                                <extensions>
                            <sog>0.0</sog>
<cog>192.3</cog>
                        </extensions>
                    </trkpt>
                    <trkpt lat="54.65984666666667" lon="10.019173333333333">
                        <ele>0</ele>
                        <time>2022-08-18T22:12:18Z</time>
                                                <extensions>
                            <sog>0.0</sog>
<cog>192.3</cog>
                        </extensions>
                    </trkpt>
                    <trkpt lat="54.65987" lon="10.019133333333334">
                        <ele>0</ele>
                        <time>2022-08-18T22:12:38Z</time>
                                                <extensions>
                            <sog>0.0</sog>
<cog>192.3</cog>
                        </extensions>
                    </trkpt>
                    <trkpt lat="54.65987" lon="10.019131666666668">
                        <ele>0</ele>
                        <time>2022-08-18T22:12:57Z</time>
                                                <extensions>
                            <sog>0.0</sog>
<cog>192.3</cog>
                        </extensions>
                    </trkpt>
                    <trkpt lat="54.65985666666666" lon="10.019138333333332">
                        <ele>0</ele>
                        <time>2022-08-18T22:13:18Z</time>
                                                <extensions>
                            <sog>0.0</sog>
<cog>192.3</cog>
                        </extensions>
                    </trkpt>
                    <trkpt lat="54.65984" lon="10.01917">
                        <ele>0</ele>
                        <time>2022-08-18T22:13:57Z</time>
                                                <extensions>
                            <sog>0.0</sog>
<cog>192.3</cog>
                        </extensions>
                    </trkpt>
                    <trkpt lat="54.65985666666666" lon="10.019173333333333">
                        <ele>0</ele>
                        <time>2022-08-18T22:14:18Z</time>
                                                <extensions>
                            <sog>0.0</sog>
<cog>192.3</cog>
                        </extensions>
                    </trkpt>
                    <trkpt lat="54.65988" lon="10.019135">
                        <ele>0</ele>
                        <time>2022-08-18T22:14:38Z</time>
                                                <extensions>
                            <sog>0.0</sog>
<cog>192.3</cog>
                        </extensions>
                    </trkpt>
                    <trkpt lat="54.65984666666667" lon="10.019158333333333">
                        <ele>0</ele>
                        <time>2022-08-18T22:14:57Z</time>
                                                <extensions>
                            <sog>0.0</sog>
<cog>192.3</cog>
                        </extensions>
                    </trkpt>
                    <trkpt lat="54.65985666666666" lon="10.019173333333333">
                        <ele>0</ele>
                        <time>2022-08-18T22:15:18Z</time>
                                                <extensions>
                            <sog>0.0</sog>
<cog>192.3</cog>
                        </extensions>
                    </trkpt>
                    <trkpt lat="54.65987" lon="10.01914">
                        <ele>0</ele>
                        <time>2022-08-18T22:15:38Z</time>
                                                <extensions>
                            <sog>0.0</sog>
<cog>192.3</cog>
                        </extensions>
                    </trkpt>
                    <trkpt lat="54.65985666666666" lon="10.019165">
                        <ele>0</ele>
                        <time>2022-08-18T22:15:58Z</time>
                                                <extensions>
                            <sog>0.0</sog>
<cog>192.3</cog>
                        </extensions>
                    </trkpt>
                    <trkpt lat="54.65984666666667" lon="10.019165">
                        <ele>0</ele>
                        <time>2022-08-18T22:16:18Z</time>
                                                <extensions>
                            <sog>0.0</sog>
<cog>192.3</cog>
                        </extensions>
                    </trkpt>
                    <trkpt lat="54.65985666666666" lon="10.019185">
                        <ele>0</ele>
                        <time>2022-08-18T22:16:38Z</time>
                                                <extensions>
                            <sog>0.0</sog>
<cog>192.3</cog>
                        </extensions>
                    </trkpt>
                    <trkpt lat="54.65988" lon="10.019200000000001">
                        <ele>0</ele>
                        <time>2022-08-18T22:16:58Z</time>
                                                <extensions>
                            <sog>0.0</sog>
<cog>192.3</cog>
                        </extensions>
                    </trkpt>
                    <trkpt lat="54.65985666666666" lon="10.019201666666667">
                        <ele>0</ele>
                        <time>2022-08-18T22:17:37Z</time>
                                                <extensions>
                            <sog>0.0</sog>
<cog>192.3</cog>
                        </extensions>
                    </trkpt>
                    <trkpt lat="54.65985666666666" lon="10.019183333333332">
                        <ele>0</ele>
                        <time>2022-08-18T22:17:58Z</time>
                                                <extensions>
                            <sog>0.0</sog>
<cog>192.3</cog>
                        </extensions>
                    </trkpt>
                    <trkpt lat="54.65987" lon="10.019173333333333">
                        <ele>0</ele>
                        <time>2022-08-18T22:18:18Z</time>
                                                <extensions>
                            <sog>0.0</sog>
<cog>192.3</cog>
                        </extensions>
                    </trkpt>
                    <trkpt lat="54.65987" lon="10.019146666666668">
                        <ele>0</ele>
                        <time>2022-08-18T22:18:37Z</time>
                                                <extensions>
                            <sog>0.0</sog>
<cog>192.3</cog>
                        </extensions>
                    </trkpt>
                    <trkpt lat="54.65987" lon="10.019153333333332">
                        <ele>0</ele>
                        <time>2022-08-18T22:18:58Z</time>
                                                <extensions>
                            <sog>0.0</sog>
<cog>192.3</cog>
                        </extensions>
                    </trkpt>
                    <trkpt lat="54.65985666666666" lon="10.019156666666667">
                        <ele>0</ele>
                        <time>2022-08-18T22:19:18Z</time>
                                                <extensions>
                            <sog>0.0</sog>
<cog>192.3</cog>
                        </extensions>
                    </trkpt>
                    <trkpt lat="54.65985666666666" lon="10.01914">
                        <ele>0</ele>
                        <time>2022-08-18T22:19:37Z</time>
                                                <extensions>
                            <sog>0.0</sog>
<cog>192.3</cog>
                        </extensions>
                    </trkpt>
                    <trkpt lat="54.65985666666666" lon="10.019178333333334">
                        <ele>0</ele>
                        <time>2022-08-18T22:20:18Z</time>
                                                <extensions>
                            <sog>0.0</sog>
<cog>192.3</cog>
                        </extensions>
                    </trkpt>
                    <trkpt lat="54.65985666666666" lon="10.019200000000001">
                        <ele>0</ele>
                        <time>2022-08-18T22:20:37Z</time>
                                                <extensions>
                            <sog>0.0</sog>
<cog>192.3</cog>
                        </extensions>
                    </trkpt>
                    <trkpt lat="54.65987" lon="10.019161666666667">
                        <ele>0</ele>
                        <time>2022-08-18T22:20:58Z</time>
                                                <extensions>
                            <sog>0.0</sog>
<cog>192.3</cog>
                        </extensions>
                    </trkpt>
                    <trkpt lat="54.65985666666666" lon="10.019131666666668">
                        <ele>0</ele>
                        <time>2022-08-18T22:21:18Z</time>
                                                <extensions>
                            <sog>0.0</sog>
<cog>192.3</cog>
                        </extensions>
                    </trkpt>
                    <trkpt lat="54.65987" lon="10.019116666666667">
                        <ele>0</ele>
                        <time>2022-08-18T22:21:39Z</time>
                                                <extensions>
                            <sog>0.0</sog>
<cog>192.3</cog>
                        </extensions>
                    </trkpt>
                    <trkpt lat="54.65987" lon="10.019135">
                        <ele>0</ele>
                        <time>2022-08-18T22:21:58Z</time>
                                                <extensions>
                            <sog>0.0</sog>
<cog>192.3</cog>
                        </extensions>
                    </trkpt>
                    <trkpt lat="54.65988" lon="10.019131666666668">
                        <ele>0</ele>
                        <time>2022-08-18T22:22:18Z</time>
                                                <extensions>
                            <sog>0.0</sog>
<cog>192.3</cog>
                        </extensions>
                    </trkpt>
                    <trkpt lat="54.65988" lon="10.019165">
                        <ele>0</ele>
                        <time>2022-08-18T22:22:38Z</time>
                                                <extensions>
                            <sog>0.0</sog>
<cog>192.3</cog>
                        </extensions>
                    </trkpt>
                    <trkpt lat="54.65987" lon="10.019148333333334">
                        <ele>0</ele>
                        <time>2022-08-18T22:22:59Z</time>
                                                <extensions>
                            <sog>0.0</sog>
<cog>192.3</cog>
                        </extensions>
                    </trkpt>
                    <trkpt lat="54.65987" lon="10.019158333333333">
                        <ele>0</ele>
                        <time>2022-08-18T22:23:18Z</time>
                                                <extensions>
                            <sog>0.0</sog>
<cog>192.3</cog>
                        </extensions>
                    </trkpt>
                    <trkpt lat="54.65988" lon="10.019121666666667">
                        <ele>0</ele>
                        <time>2022-08-18T22:23:38Z</time>
                                                <extensions>
                            <sog>0.0</sog>
<cog>192.3</cog>
                        </extensions>
                    </trkpt>
                    <trkpt lat="54.65984666666667" lon="10.019131666666668">
                        <ele>0</ele>
                        <time>2022-08-18T22:23:59Z</time>
                                                <extensions>
                            <sog>0.0</sog>
<cog>192.3</cog>
                        </extensions>
                    </trkpt>
                    <trkpt lat="54.65984666666667" lon="10.019173333333333">
                        <ele>0</ele>
                        <time>2022-08-18T22:24:18Z</time>
                                                <extensions>
                            <sog>0.0</sog>
<cog>192.3</cog>
                        </extensions>
                    </trkpt>
                    <trkpt lat="54.65984666666667" lon="10.019185">
                        <ele>0</ele>
                        <time>2022-08-18T22:24:39Z</time>
                                                <extensions>
                            <sog>0.0</sog>
<cog>192.3</cog>
                        </extensions>
                    </trkpt>
                    <trkpt lat="54.65987" lon="10.019191666666668">
                        <ele>0</ele>
                        <time>2022-08-18T22:24:59Z</time>
                                                <extensions>
                            <sog>0.0</sog>
<cog>192.3</cog>
                        </extensions>
                    </trkpt>
                    <trkpt lat="54.65988" lon="10.019186666666666">
                        <ele>0</ele>
                        <time>2022-08-18T22:25:18Z</time>
                                                <extensions>
                            <sog>0.0</sog>
<cog>192.3</cog>
                        </extensions>
                    </trkpt>
                    <trkpt lat="54.65988" lon="10.019133333333334">
                        <ele>0</ele>
                        <time>2022-08-18T22:25:38Z</time>
                                                <extensions>
                            <sog>0.0</sog>
<cog>192.3</cog>
                        </extensions>
                    </trkpt>
                    <trkpt lat="54.65987" lon="10.019131666666668">
                        <ele>0</ele>
                        <time>2022-08-18T22:25:59Z</time>
                                                <extensions>
                            <sog>0.0</sog>
<cog>192.3</cog>
                        </extensions>
                    </trkpt>
                    <trkpt lat="54.65985666666666" lon="10.019121666666667">
                        <ele>0</ele>
                        <time>2022-08-18T22:26:18Z</time>
                                                <extensions>
                            <sog>0.0</sog>
<cog>192.3</cog>
                        </extensions>
                    </trkpt>
                    <trkpt lat="54.65984666666667" lon="10.019146666666668">
                        <ele>0</ele>
                        <time>2022-08-18T22:26:38Z</time>
                                                <extensions>
                            <sog>0.0</sog>
<cog>192.3</cog>
                        </extensions>
                    </trkpt>
                    <trkpt lat="54.65985666666666" lon="10.01916">
                        <ele>0</ele>
                        <time>2022-08-18T22:26:59Z</time>
                                                <extensions>
                            <sog>0.0</sog>
<cog>192.3</cog>
                        </extensions>
                    </trkpt>
                    <trkpt lat="54.65984666666667" lon="10.019173333333333">
                        <ele>0</ele>
                        <time>2022-08-18T22:27:17Z</time>
                                                <extensions>
                            <sog>0.0</sog>
<cog>192.3</cog>
                        </extensions>
                    </trkpt>
                    <trkpt lat="54.65987" lon="10.019143333333334">
                        <ele>0</ele>
                        <time>2022-08-18T22:28:17Z</time>
                                                <extensions>
                            <sog>0.0</sog>
<cog>192.3</cog>
                        </extensions>
                    </trkpt>
                    <trkpt lat="54.65987" lon="10.01917">
                        <ele>0</ele>
                        <time>2022-08-18T22:28:38Z</time>
                                                <extensions>
                            <sog>0.0</sog>
<cog>192.3</cog>
                        </extensions>
                    </trkpt>
                    <trkpt lat="54.65988" lon="10.019143333333334">
                        <ele>0</ele>
                        <time>2022-08-18T22:28:59Z</time>
                                                <extensions>
                            <sog>0.0</sog>
<cog>192.3</cog>
                        </extensions>
                    </trkpt>
                    <trkpt lat="54.65988" lon="10.019143333333334">
                        <ele>0</ele>
                        <time>2022-08-18T22:29:17Z</time>
                                                <extensions>
                            <sog>0.0</sog>
<cog>192.3</cog>
                        </extensions>
                    </trkpt>
                    <trkpt lat="54.65988" lon="10.01917">
                        <ele>0</ele>
                        <time>2022-08-18T22:29:57Z</time>
                                                <extensions>
                            <sog>0.0</sog>
<cog>192.3</cog>
                        </extensions>
                    </trkpt>
                    <trkpt lat="54.65988" lon="10.019133333333334">
                        <ele>0</ele>
                        <time>2022-08-18T22:30:17Z</time>
                                                <extensions>
                            <sog>0.0</sog>
<cog>192.3</cog>
                        </extensions>
                    </trkpt>
                    <trkpt lat="54.65988" lon="10.019135">
                        <ele>0</ele>
                        <time>2022-08-18T22:30:38Z</time>
                                                <extensions>
                            <sog>0.0</sog>
<cog>192.3</cog>
                        </extensions>
                    </trkpt>
                    <trkpt lat="54.65984" lon="10.01914">
                        <ele>0</ele>
                        <time>2022-08-18T22:31:17Z</time>
                                                <extensions>
                            <sog>0.0</sog>
<cog>192.3</cog>
                        </extensions>
                    </trkpt>
                    <trkpt lat="54.65984666666667" lon="10.019148333333334">
                        <ele>0</ele>
                        <time>2022-08-18T22:31:38Z</time>
                                                <extensions>
                            <sog>0.0</sog>
<cog>192.3</cog>
                        </extensions>
                    </trkpt>
                    <trkpt lat="54.65984666666667" lon="10.019151666666666">
                        <ele>0</ele>
                        <time>2022-08-18T22:32:17Z</time>
                                                <extensions>
                            <sog>0.0</sog>
<cog>192.3</cog>
                        </extensions>
                    </trkpt>
                    <trkpt lat="54.65988" lon="10.019165">
                        <ele>0</ele>
                        <time>2022-08-18T22:33:38Z</time>
                                                <extensions>
                            <sog>0.0</sog>
<cog>192.3</cog>
                        </extensions>
                    </trkpt>
                    <trkpt lat="54.65985666666666" lon="10.019185">
                        <ele>0</ele>
                        <time>2022-08-18T22:34:19Z</time>
                                                <extensions>
                            <sog>0.0</sog>
<cog>192.3</cog>
                        </extensions>
                    </trkpt>
                    <trkpt lat="54.65984" lon="10.019198333333332">
                        <ele>0</ele>
                        <time>2022-08-18T22:34:38Z</time>
                                                <extensions>
                            <sog>0.0</sog>
<cog>192.3</cog>
                        </extensions>
                    </trkpt>
                    <trkpt lat="54.65984" lon="10.019196666666666">
                        <ele>0</ele>
                        <time>2022-08-18T22:35:19Z</time>
                                                <extensions>
                            <sog>0.0</sog>
<cog>192.3</cog>
                        </extensions>
                    </trkpt>
                    <trkpt lat="54.65985666666666" lon="10.019193333333334">
                        <ele>0</ele>
                        <time>2022-08-18T22:35:38Z</time>
                                                <extensions>
                            <sog>0.0</sog>
<cog>192.3</cog>
                        </extensions>
                    </trkpt>
                    <trkpt lat="54.65985666666666" lon="10.019173333333333">
                        <ele>0</ele>
                        <time>2022-08-18T22:35:57Z</time>
                                                <extensions>
                            <sog>0.0</sog>
<cog>192.3</cog>
                        </extensions>
                    </trkpt>
                    <trkpt lat="54.65984" lon="10.019211666666667">
                        <ele>0</ele>
                        <time>2022-08-18T22:36:19Z</time>
                                                <extensions>
                            <sog>0.0</sog>
<cog>192.3</cog>
                        </extensions>
                    </trkpt>
                    <trkpt lat="54.65983000000001" lon="10.019188333333334">
                        <ele>0</ele>
                        <time>2022-08-18T22:36:38Z</time>
                                                <extensions>
                            <sog>0.0</sog>
<cog>192.3</cog>
                        </extensions>
                    </trkpt>
                    <trkpt lat="54.65984" lon="10.019186666666666">
                        <ele>0</ele>
                        <time>2022-08-18T22:36:57Z</time>
                                                <extensions>
                            <sog>0.0</sog>
<cog>192.3</cog>
                        </extensions>
                    </trkpt>
                    <trkpt lat="54.65983000000001" lon="10.019193333333334">
                        <ele>0</ele>
                        <time>2022-08-18T22:37:19Z</time>
                                                <extensions>
                            <sog>0.0</sog>
<cog>192.3</cog>
                        </extensions>
                    </trkpt>
                    <trkpt lat="54.65985666666666" lon="10.019225">
                        <ele>0</ele>
                        <time>2022-08-18T22:37:57Z</time>
                                                <extensions>
                            <sog>0.0</sog>
<cog>192.3</cog>
                        </extensions>
                    </trkpt>
                    <trkpt lat="54.65984" lon="10.019206666666665">
                        <ele>0</ele>
                        <time>2022-08-18T22:38:19Z</time>
                                                <extensions>
                            <sog>0.0</sog>
<cog>192.3</cog>
                        </extensions>
                    </trkpt>
                    <trkpt lat="54.65985666666666" lon="10.019173333333333">
                        <ele>0</ele>
                        <time>2022-08-18T22:38:38Z</time>
                                                <extensions>
                            <sog>0.0</sog>
<cog>192.3</cog>
                        </extensions>
                    </trkpt>
                    <trkpt lat="54.65985666666666" lon="10.019200000000001">
                        <ele>0</ele>
                        <time>2022-08-18T22:39:19Z</time>
                                                <extensions>
                            <sog>0.0</sog>
<cog>192.3</cog>
                        </extensions>
                    </trkpt>
                    <trkpt lat="54.65987" lon="10.019151666666666">
                        <ele>0</ele>
                        <time>2022-08-18T22:39:57Z</time>
                                                <extensions>
                            <sog>0.0</sog>
<cog>192.3</cog>
                        </extensions>
                    </trkpt>
                    <trkpt lat="54.65987" lon="10.01916">
                        <ele>0</ele>
                        <time>2022-08-18T22:40:19Z</time>
                                                <extensions>
                            <sog>0.0</sog>
<cog>192.3</cog>
                        </extensions>
                    </trkpt>
                    <trkpt lat="54.65985666666666" lon="10.01917">
                        <ele>0</ele>
                        <time>2022-08-18T22:40:57Z</time>
                                                <extensions>
                            <sog>0.0</sog>
<cog>192.3</cog>
                        </extensions>
                    </trkpt>
                    <trkpt lat="54.65987" lon="10.019174999999999">
                        <ele>0</ele>
                        <time>2022-08-18T22:41:19Z</time>
                                                <extensions>
                            <sog>0.0</sog>
<cog>192.3</cog>
                        </extensions>
                    </trkpt>
                    <trkpt lat="54.65984666666667" lon="10.019178333333334">
                        <ele>0</ele>
                        <time>2022-08-18T22:41:39Z</time>
                                                <extensions>
                            <sog>0.0</sog>
<cog>192.3</cog>
                        </extensions>
                    </trkpt>
                    <trkpt lat="54.65985666666666" lon="10.019166666666667">
                        <ele>0</ele>
                        <time>2022-08-18T22:41:57Z</time>
                                                <extensions>
                            <sog>0.0</sog>
<cog>192.3</cog>
                        </extensions>
                    </trkpt>
                    <trkpt lat="54.65984666666667" lon="10.019211666666667">
                        <ele>0</ele>
                        <time>2022-08-18T22:42:19Z</time>
                                                <extensions>
                            <sog>0.0</sog>
<cog>192.3</cog>
                        </extensions>
                    </trkpt>
                    <trkpt lat="54.65985666666666" lon="10.01916">
                        <ele>0</ele>
                        <time>2022-08-18T22:42:39Z</time>
                                                <extensions>
                            <sog>0.0</sog>
<cog>192.3</cog>
                        </extensions>
                    </trkpt>
                    <trkpt lat="54.65985666666666" lon="10.019146666666668">
                        <ele>0</ele>
                        <time>2022-08-18T22:42:59Z</time>
                                                <extensions>
                            <sog>0.0</sog>
<cog>192.3</cog>
                        </extensions>
                    </trkpt>
                    <trkpt lat="54.65984666666667" lon="10.019165">
                        <ele>0</ele>
                        <time>2022-08-18T22:43:19Z</time>
                                                <extensions>
                            <sog>0.0</sog>
<cog>192.3</cog>
                        </extensions>
                    </trkpt>
                    <trkpt lat="54.65987" lon="10.019131666666668">
                        <ele>0</ele>
                        <time>2022-08-18T22:43:59Z</time>
                                                <extensions>
                            <sog>0.0</sog>
<cog>192.3</cog>
                        </extensions>
                    </trkpt>
                    <trkpt lat="54.65987" lon="10.019131666666668">
                        <ele>0</ele>
                        <time>2022-08-18T22:44:19Z</time>
                                                <extensions>
                            <sog>0.0</sog>
<cog>192.3</cog>
                        </extensions>
                    </trkpt>
                    <trkpt lat="54.65988" lon="10.019165">
                        <ele>0</ele>
                        <time>2022-08-18T22:44:39Z</time>
                                                <extensions>
                            <sog>0.0</sog>
<cog>192.3</cog>
                        </extensions>
                    </trkpt>
                    <trkpt lat="54.65984" lon="10.019181666666666">
                        <ele>0</ele>
                        <time>2022-08-18T22:45:19Z</time>
                                                <extensions>
                            <sog>0.0</sog>
<cog>192.3</cog>
                        </extensions>
                    </trkpt>
                    <trkpt lat="54.65984666666667" lon="10.019188333333334">
                        <ele>0</ele>
                        <time>2022-08-18T22:45:39Z</time>
                                                <extensions>
                            <sog>0.0</sog>
<cog>192.3</cog>
                        </extensions>
                    </trkpt>
                    <trkpt lat="54.65984666666667" lon="10.019174999999999">
                        <ele>0</ele>
                        <time>2022-08-18T22:46:19Z</time>
                                                <extensions>
                            <sog>0.0</sog>
<cog>192.3</cog>
                        </extensions>
                    </trkpt>
                    <trkpt lat="54.65984666666667" lon="10.019174999999999">
                        <ele>0</ele>
                        <time>2022-08-18T22:46:39Z</time>
                                                <extensions>
                            <sog>0.0</sog>
<cog>192.3</cog>
                        </extensions>
                    </trkpt>
                    <trkpt lat="54.65983000000001" lon="10.019185">
                        <ele>0</ele>
                        <time>2022-08-18T22:47:19Z</time>
                                                <extensions>
                            <sog>0.0</sog>
<cog>192.3</cog>
                        </extensions>
                    </trkpt>
                    <trkpt lat="54.65985666666666" lon="10.01916">
                        <ele>0</ele>
                        <time>2022-08-18T22:47:39Z</time>
                                                <extensions>
                            <sog>0.0</sog>
<cog>192.3</cog>
                        </extensions>
                    </trkpt>
                    <trkpt lat="54.65984666666667" lon="10.019161666666667">
                        <ele>0</ele>
                        <time>2022-08-18T22:47:59Z</time>
                                                <extensions>
                            <sog>0.0</sog>
<cog>192.3</cog>
                        </extensions>
                    </trkpt>
                    <trkpt lat="54.65984666666667" lon="10.019166666666667">
                        <ele>0</ele>
                        <time>2022-08-18T22:48:19Z</time>
                                                <extensions>
                            <sog>0.0</sog>
<cog>192.3</cog>
                        </extensions>
                    </trkpt>
                    <trkpt lat="54.65984666666667" lon="10.019174999999999">
                        <ele>0</ele>
                        <time>2022-08-18T22:48:37Z</time>
                                                <extensions>
                            <sog>0.0</sog>
<cog>192.3</cog>
                        </extensions>
                    </trkpt>
                    <trkpt lat="54.65984" lon="10.01916">
                        <ele>0</ele>
                        <time>2022-08-18T22:48:59Z</time>
                                                <extensions>
                            <sog>0.0</sog>
<cog>192.3</cog>
                        </extensions>
                    </trkpt>
                    <trkpt lat="54.65984" lon="10.019146666666668">
                        <ele>0</ele>
                        <time>2022-08-18T22:49:19Z</time>
                                                <extensions>
                            <sog>0.0</sog>
<cog>192.3</cog>
                        </extensions>
                    </trkpt>
                    <trkpt lat="54.65987" lon="10.019178333333334">
                        <ele>0</ele>
                        <time>2022-08-18T22:49:37Z</time>
                                                <extensions>
                            <sog>0.0</sog>
<cog>192.3</cog>
                        </extensions>
                    </trkpt>
                    <trkpt lat="54.65987" lon="10.019178333333334">
                        <ele>0</ele>
                        <time>2022-08-18T22:49:59Z</time>
                                                <extensions>
                            <sog>0.0</sog>
<cog>192.3</cog>
                        </extensions>
                    </trkpt>
                    <trkpt lat="54.65987" lon="10.019191666666668">
                        <ele>0</ele>
                        <time>2022-08-18T22:50:19Z</time>
                                                <extensions>
                            <sog>0.0</sog>
<cog>192.3</cog>
                        </extensions>
                    </trkpt>
                    <trkpt lat="54.65984666666667" lon="10.019201666666667">
                        <ele>0</ele>
                        <time>2022-08-18T22:50:37Z</time>
                                                <extensions>
                            <sog>0.0</sog>
<cog>192.3</cog>
                        </extensions>
                    </trkpt>
                    <trkpt lat="54.65984" lon="10.019191666666668">
                        <ele>0</ele>
                        <time>2022-08-18T22:50:59Z</time>
                                                <extensions>
                            <sog>0.0</sog>
<cog>192.3</cog>
                        </extensions>
                    </trkpt>
                    <trkpt lat="54.65984" lon="10.01917">
                        <ele>0</ele>
                        <time>2022-08-18T22:51:19Z</time>
                                                <extensions>
                            <sog>0.0</sog>
<cog>192.3</cog>
                        </extensions>
                    </trkpt>
                    <trkpt lat="54.65984" lon="10.019200000000001">
                        <ele>0</ele>
                        <time>2022-08-18T22:51:37Z</time>
                                                <extensions>
                            <sog>0.0</sog>
<cog>192.3</cog>
                        </extensions>
                    </trkpt>
                    <trkpt lat="54.65985666666666" lon="10.019183333333332">
                        <ele>0</ele>
                        <time>2022-08-18T22:51:59Z</time>
                                                <extensions>
                            <sog>0.0</sog>
<cog>192.3</cog>
                        </extensions>
                    </trkpt>
                    <trkpt lat="54.65987" lon="10.019108333333332">
                        <ele>0</ele>
                        <time>2022-08-18T22:52:19Z</time>
                                                <extensions>
                            <sog>0.0</sog>
<cog>192.3</cog>
                        </extensions>
                    </trkpt>
                    <trkpt lat="54.65985666666666" lon="10.019173333333333">
                        <ele>0</ele>
                        <time>2022-08-18T22:52:59Z</time>
                                                <extensions>
                            <sog>0.0</sog>
<cog>192.3</cog>
                        </extensions>
                    </trkpt>
                    <trkpt lat="54.65985666666666" lon="10.019143333333334">
                        <ele>0</ele>
                        <time>2022-08-18T22:53:19Z</time>
                                                <extensions>
                            <sog>0.0</sog>
<cog>192.3</cog>
                        </extensions>
                    </trkpt>
                    <trkpt lat="54.65985666666666" lon="10.019191666666668">
                        <ele>0</ele>
                        <time>2022-08-18T22:53:37Z</time>
                                                <extensions>
                            <sog>0.0</sog>
<cog>192.3</cog>
                        </extensions>
                    </trkpt>
                    <trkpt lat="54.65984" lon="10.019173333333333">
                        <ele>0</ele>
                        <time>2022-08-18T22:53:59Z</time>
                                                <extensions>
                            <sog>0.0</sog>
<cog>192.3</cog>
                        </extensions>
                    </trkpt>
                    <trkpt lat="54.65983000000001" lon="10.019206666666665">
                        <ele>0</ele>
                        <time>2022-08-18T22:54:19Z</time>
                                                <extensions>
                            <sog>0.0</sog>
<cog>192.3</cog>
                        </extensions>
                    </trkpt>
                    <trkpt lat="54.65984666666667" lon="10.01921">
                        <ele>0</ele>
                        <time>2022-08-18T22:54:58Z</time>
                                                <extensions>
                            <sog>0.0</sog>
<cog>192.3</cog>
                        </extensions>
                    </trkpt>
                    <trkpt lat="54.65984" lon="10.019201666666667">
                        <ele>0</ele>
                        <time>2022-08-18T22:55:19Z</time>
                                                <extensions>
                            <sog>0.0</sog>
<cog>192.3</cog>
                        </extensions>
                    </trkpt>
                    <trkpt lat="54.65984666666667" lon="10.019191666666668">
                        <ele>0</ele>
                        <time>2022-08-18T22:55:39Z</time>
                                                <extensions>
                            <sog>0.0</sog>
<cog>192.3</cog>
                        </extensions>
                    </trkpt>
                    <trkpt lat="54.65987" lon="10.019174999999999">
                        <ele>0</ele>
                        <time>2022-08-18T22:55:58Z</time>
                                                <extensions>
                            <sog>0.0</sog>
<cog>192.3</cog>
                        </extensions>
                    </trkpt>
                    <trkpt lat="54.65983000000001" lon="10.019200000000001">
                        <ele>0</ele>
                        <time>2022-08-18T22:56:19Z</time>
                                                <extensions>
                            <sog>0.0</sog>
<cog>192.3</cog>
                        </extensions>
                    </trkpt>
                    <trkpt lat="54.65984666666667" lon="10.019191666666668">
                        <ele>0</ele>
                        <time>2022-08-18T22:56:58Z</time>
                                                <extensions>
                            <sog>0.0</sog>
<cog>192.3</cog>
                        </extensions>
                    </trkpt>
                    <trkpt lat="54.65985666666666" lon="10.01917">
                        <ele>0</ele>
                        <time>2022-08-18T22:57:18Z</time>
                                                <extensions>
                            <sog>0.0</sog>
<cog>192.3</cog>
                        </extensions>
                    </trkpt>
                    <trkpt lat="54.65987" lon="10.01916">
                        <ele>0</ele>
                        <time>2022-08-18T22:57:39Z</time>
                                                <extensions>
                            <sog>0.0</sog>
<cog>192.3</cog>
                        </extensions>
                    </trkpt>
                    <trkpt lat="54.65985666666666" lon="10.019173333333333">
                        <ele>0</ele>
                        <time>2022-08-18T22:58:18Z</time>
                                                <extensions>
                            <sog>0.0</sog>
<cog>192.3</cog>
                        </extensions>
                    </trkpt>
                    <trkpt lat="54.65987" lon="10.01917">
                        <ele>0</ele>
                        <time>2022-08-18T22:58:38Z</time>
                                                <extensions>
                            <sog>0.0</sog>
<cog>192.3</cog>
                        </extensions>
                    </trkpt>
                    <trkpt lat="54.65985666666666" lon="10.01916">
                        <ele>0</ele>
                        <time>2022-08-18T22:59:18Z</time>
                                                <extensions>
                            <sog>0.0</sog>
<cog>192.3</cog>
                        </extensions>
                    </trkpt>
                    <trkpt lat="54.65987" lon="10.019165">
                        <ele>0</ele>
                        <time>2022-08-18T22:59:38Z</time>
                                                <extensions>
                            <sog>0.0</sog>
<cog>192.3</cog>
                        </extensions>
                    </trkpt>
                    <trkpt lat="54.65987" lon="10.019148333333334">
                        <ele>0</ele>
                        <time>2022-08-18T22:59:58Z</time>
                                                <extensions>
                            <sog>0.0</sog>
<cog>192.3</cog>
                        </extensions>
                    </trkpt>
                    <trkpt lat="54.65987" lon="10.019156666666667">
                        <ele>0</ele>
                        <time>2022-08-18T23:00:58Z</time>
                                                <extensions>
                            <sog>0.0</sog>
<cog>192.3</cog>
                        </extensions>
                    </trkpt>
                    <trkpt lat="54.65987" lon="10.019156666666667">
                        <ele>0</ele>
                        <time>2022-08-18T23:00:58Z</time>
                                                <extensions>
                            <sog>0.0</sog>
<cog>192.3</cog>
                        </extensions>
                    </trkpt>
                    <trkpt lat="54.65984666666667" lon="10.019148333333334">
                        <ele>0</ele>
                        <time>2022-08-18T23:01:18Z</time>
                                                <extensions>
                            <sog>0.0</sog>
<cog>192.3</cog>
                        </extensions>
                    </trkpt>
                    <trkpt lat="54.65983000000001" lon="10.019201666666667">
                        <ele>0</ele>
                        <time>2022-08-18T23:01:38Z</time>
                                                <extensions>
                            <sog>0.0</sog>
<cog>192.3</cog>
                        </extensions>
                    </trkpt>
                    <trkpt lat="54.65984" lon="10.019174999999999">
                        <ele>0</ele>
                        <time>2022-08-18T23:02:18Z</time>
                                                <extensions>
                            <sog>0.0</sog>
<cog>192.3</cog>
                        </extensions>
                    </trkpt>
                    <trkpt lat="54.65984666666667" lon="10.019138333333332">
                        <ele>0</ele>
                        <time>2022-08-18T23:02:59Z</time>
                                                <extensions>
                            <sog>0.0</sog>
<cog>192.3</cog>
                        </extensions>
                    </trkpt>
                    <trkpt lat="54.65985666666666" lon="10.019146666666668">
                        <ele>0</ele>
                        <time>2022-08-18T23:03:18Z</time>
                                                <extensions>
                            <sog>0.0</sog>
<cog>192.3</cog>
                        </extensions>
                    </trkpt>
                    <trkpt lat="54.65985666666666" lon="10.01916">
                        <ele>0</ele>
                        <time>2022-08-18T23:03:38Z</time>
                                                <extensions>
                            <sog>0.0</sog>
<cog>192.3</cog>
                        </extensions>
                    </trkpt>
                    <trkpt lat="54.65984666666667" lon="10.019165">
                        <ele>0</ele>
                        <time>2022-08-18T23:03:59Z</time>
                                                <extensions>
                            <sog>0.0</sog>
<cog>192.3</cog>
                        </extensions>
                    </trkpt>
                    <trkpt lat="54.65987" lon="10.019165">
                        <ele>0</ele>
                        <time>2022-08-18T23:04:19Z</time>
                                                <extensions>
                            <sog>0.0</sog>
<cog>192.3</cog>
                        </extensions>
                    </trkpt>
                    <trkpt lat="54.65985666666666" lon="10.019185">
                        <ele>0</ele>
                        <time>2022-08-18T23:04:59Z</time>
                                                <extensions>
                            <sog>0.0</sog>
<cog>192.3</cog>
                        </extensions>
                    </trkpt>
                    <trkpt lat="54.659886666666665" lon="10.019161666666667">
                        <ele>0</ele>
                        <time>2022-08-18T23:05:19Z</time>
                                                <extensions>
                            <sog>0.0</sog>
<cog>192.3</cog>
                        </extensions>
                    </trkpt>
                    <trkpt lat="54.65990333333333" lon="10.019118333333333">
                        <ele>0</ele>
                        <time>2022-08-18T23:05:38Z</time>
                                                <extensions>
                            <sog>0.0</sog>
<cog>192.3</cog>
                        </extensions>
                    </trkpt>
                    <trkpt lat="54.65988" lon="10.019121666666667">
                        <ele>0</ele>
                        <time>2022-08-18T23:05:59Z</time>
                                                <extensions>
                            <sog>0.0</sog>
<cog>192.3</cog>
                        </extensions>
                    </trkpt>
                    <trkpt lat="54.65987" lon="10.019173333333333">
                        <ele>0</ele>
                        <time>2022-08-18T23:06:19Z</time>
                                                <extensions>
                            <sog>0.0</sog>
<cog>192.3</cog>
                        </extensions>
                    </trkpt>
                    <trkpt lat="54.65987" lon="10.019218333333333">
                        <ele>0</ele>
                        <time>2022-08-18T23:06:38Z</time>
                                                <extensions>
                            <sog>0.0</sog>
<cog>192.3</cog>
                        </extensions>
                    </trkpt>
                    <trkpt lat="54.65984" lon="10.019200000000001">
                        <ele>0</ele>
                        <time>2022-08-18T23:06:59Z</time>
                                                <extensions>
                            <sog>0.0</sog>
<cog>192.3</cog>
                        </extensions>
                    </trkpt>
                    <trkpt lat="54.65981333333333" lon="10.019246666666668">
                        <ele>0</ele>
                        <time>2022-08-18T23:07:38Z</time>
                                                <extensions>
                            <sog>0.0</sog>
<cog>192.3</cog>
                        </extensions>
                    </trkpt>
                    <trkpt lat="54.65983000000001" lon="10.019238333333334">
                        <ele>0</ele>
                        <time>2022-08-18T23:08:19Z</time>
                                                <extensions>
                            <sog>0.0</sog>
<cog>192.3</cog>
                        </extensions>
                    </trkpt>
                    <trkpt lat="54.65984" lon="10.019188333333334">
                        <ele>0</ele>
                        <time>2022-08-18T23:08:38Z</time>
                                                <extensions>
                            <sog>0.0</sog>
<cog>192.3</cog>
                        </extensions>
                    </trkpt>
                    <trkpt lat="54.65984666666667" lon="10.019193333333334">
                        <ele>0</ele>
                        <time>2022-08-18T23:09:19Z</time>
                                                <extensions>
                            <sog>0.0</sog>
<cog>192.3</cog>
                        </extensions>
                    </trkpt>
                    <trkpt lat="54.65987" lon="10.01917">
                        <ele>0</ele>
                        <time>2022-08-18T23:09:39Z</time>
                                                <extensions>
                            <sog>0.0</sog>
<cog>192.3</cog>
                        </extensions>
                    </trkpt>
                    <trkpt lat="54.65984" lon="10.019200000000001">
                        <ele>0</ele>
                        <time>2022-08-18T23:10:18Z</time>
                                                <extensions>
                            <sog>0.0</sog>
<cog>192.3</cog>
                        </extensions>
                    </trkpt>
                    <trkpt lat="54.65983000000001" lon="10.01917">
                        <ele>0</ele>
                        <time>2022-08-18T23:10:39Z</time>
                                                <extensions>
                            <sog>0.0</sog>
<cog>192.3</cog>
                        </extensions>
                    </trkpt>
                    <trkpt lat="54.65983000000001" lon="10.019191666666668">
                        <ele>0</ele>
                        <time>2022-08-18T23:11:18Z</time>
                                                <extensions>
                            <sog>0.0</sog>
<cog>192.3</cog>
                        </extensions>
                    </trkpt>
                    <trkpt lat="54.65984666666667" lon="10.019196666666666">
                        <ele>0</ele>
                        <time>2022-08-18T23:11:58Z</time>
                                                <extensions>
                            <sog>0.0</sog>
<cog>192.3</cog>
                        </extensions>
                    </trkpt>
                    <trkpt lat="54.65984" lon="10.019196666666666">
                        <ele>0</ele>
                        <time>2022-08-18T23:12:59Z</time>
                                                <extensions>
                            <sog>0.0</sog>
<cog>192.3</cog>
                        </extensions>
                    </trkpt>
                    <trkpt lat="54.65984" lon="10.019206666666665">
                        <ele>0</ele>
                        <time>2022-08-18T23:13:18Z</time>
                                                <extensions>
                            <sog>0.0</sog>
<cog>192.3</cog>
                        </extensions>
                    </trkpt>
                    <trkpt lat="54.65984" lon="10.019186666666666">
                        <ele>0</ele>
                        <time>2022-08-18T23:13:39Z</time>
                                                <extensions>
                            <sog>0.0</sog>
<cog>192.3</cog>
                        </extensions>
                    </trkpt>
                    <trkpt lat="54.65984" lon="10.019191666666668">
                        <ele>0</ele>
                        <time>2022-08-18T23:14:18Z</time>
                                                <extensions>
                            <sog>0.0</sog>
<cog>192.3</cog>
                        </extensions>
                    </trkpt>
                    <trkpt lat="54.65987" lon="10.019165">
                        <ele>0</ele>
                        <time>2022-08-18T23:15:39Z</time>
                                                <extensions>
                            <sog>0.0</sog>
<cog>192.3</cog>
                        </extensions>
                    </trkpt>
                    <trkpt lat="54.65984666666667" lon="10.019146666666668">
                        <ele>0</ele>
                        <time>2022-08-18T23:15:59Z</time>
                                                <extensions>
                            <sog>0.0</sog>
<cog>192.3</cog>
                        </extensions>
                    </trkpt>
                    <trkpt lat="54.65985666666666" lon="10.019151666666666">
                        <ele>0</ele>
                        <time>2022-08-18T23:16:19Z</time>
                                                <extensions>
                            <sog>0.0</sog>
<cog>192.3</cog>
                        </extensions>
                    </trkpt>
                    <trkpt lat="54.65984666666667" lon="10.019191666666668">
                        <ele>0</ele>
                        <time>2022-08-18T23:17:19Z</time>
                                                <extensions>
                            <sog>0.0</sog>
<cog>192.3</cog>
                        </extensions>
                    </trkpt>
                    <trkpt lat="54.65984" lon="10.019219999999999">
                        <ele>0</ele>
                        <time>2022-08-18T23:17:39Z</time>
                                                <extensions>
                            <sog>0.0</sog>
<cog>192.3</cog>
                        </extensions>
                    </trkpt>
                    <trkpt lat="54.65985666666666" lon="10.01916">
                        <ele>0</ele>
                        <time>2022-08-18T23:19:19Z</time>
                                                <extensions>
                            <sog>0.0</sog>
<cog>192.3</cog>
                        </extensions>
                    </trkpt>
                    <trkpt lat="54.65985666666666" lon="10.019173333333333">
                        <ele>0</ele>
                        <time>2022-08-18T23:19:39Z</time>
                                                <extensions>
                            <sog>0.0</sog>
<cog>192.3</cog>
                        </extensions>
                    </trkpt>
                    <trkpt lat="54.65984666666667" lon="10.019158333333333">
                        <ele>0</ele>
                        <time>2022-08-18T23:19:59Z</time>
                                                <extensions>
                            <sog>0.0</sog>
<cog>192.3</cog>
                        </extensions>
                    </trkpt>
                    <trkpt lat="54.65985666666666" lon="10.019174999999999">
                        <ele>0</ele>
                        <time>2022-08-18T23:20:39Z</time>
                                                <extensions>
                            <sog>0.0</sog>
<cog>192.3</cog>
                        </extensions>
                    </trkpt>
                    <trkpt lat="54.65984" lon="10.019185">
                        <ele>0</ele>
                        <time>2022-08-18T23:20:57Z</time>
                                                <extensions>
                            <sog>0.0</sog>
<cog>192.3</cog>
                        </extensions>
                    </trkpt>
                    <trkpt lat="54.65985666666666" lon="10.019211666666667">
                        <ele>0</ele>
                        <time>2022-08-18T23:21:19Z</time>
                                                <extensions>
                            <sog>0.0</sog>
<cog>192.3</cog>
                        </extensions>
                    </trkpt>
                    <trkpt lat="54.65987" lon="10.019178333333334">
                        <ele>0</ele>
                        <time>2022-08-18T23:21:39Z</time>
                                                <extensions>
                            <sog>0.0</sog>
<cog>192.3</cog>
                        </extensions>
                    </trkpt>
                    <trkpt lat="54.65985666666666" lon="10.019188333333334">
                        <ele>0</ele>
                        <time>2022-08-18T23:21:57Z</time>
                                                <extensions>
                            <sog>0.0</sog>
<cog>192.3</cog>
                        </extensions>
                    </trkpt>
                    <trkpt lat="54.65985666666666" lon="10.019143333333334">
                        <ele>0</ele>
                        <time>2022-08-18T23:22:19Z</time>
                                                <extensions>
                            <sog>0.0</sog>
<cog>192.3</cog>
                        </extensions>
                    </trkpt>
                    <trkpt lat="54.65987" lon="10.019151666666666">
                        <ele>0</ele>
                        <time>2022-08-18T23:22:39Z</time>
                                                <extensions>
                            <sog>0.0</sog>
<cog>192.3</cog>
                        </extensions>
                    </trkpt>
                    <trkpt lat="54.65984666666667" lon="10.019193333333334">
                        <ele>0</ele>
                        <time>2022-08-18T23:22:57Z</time>
                                                <extensions>
                            <sog>0.0</sog>
<cog>192.3</cog>
                        </extensions>
                    </trkpt>
                    <trkpt lat="54.65985666666666" lon="10.019193333333334">
                        <ele>0</ele>
                        <time>2022-08-18T23:23:18Z</time>
                                                <extensions>
                            <sog>0.0</sog>
<cog>192.3</cog>
                        </extensions>
                    </trkpt>
                    <trkpt lat="54.65985666666666" lon="10.019178333333334">
                        <ele>0</ele>
                        <time>2022-08-18T23:23:57Z</time>
                                                <extensions>
                            <sog>0.0</sog>
<cog>192.3</cog>
                        </extensions>
                    </trkpt>
                    <trkpt lat="54.65985666666666" lon="10.019165">
                        <ele>0</ele>
                        <time>2022-08-18T23:24:18Z</time>
                                                <extensions>
                            <sog>0.0</sog>
<cog>192.3</cog>
                        </extensions>
                    </trkpt>
                    <trkpt lat="54.65987" lon="10.019166666666667">
                        <ele>0</ele>
                        <time>2022-08-18T23:24:37Z</time>
                                                <extensions>
                            <sog>0.0</sog>
<cog>192.3</cog>
                        </extensions>
                    </trkpt>
                    <trkpt lat="54.65985666666666" lon="10.019146666666668">
                        <ele>0</ele>
                        <time>2022-08-18T23:24:59Z</time>
                                                <extensions>
                            <sog>0.0</sog>
<cog>192.3</cog>
                        </extensions>
                    </trkpt>
                    <trkpt lat="54.65988" lon="10.019165">
                        <ele>0</ele>
                        <time>2022-08-18T23:25:37Z</time>
                                                <extensions>
                            <sog>0.0</sog>
<cog>192.3</cog>
                        </extensions>
                    </trkpt>
                    <trkpt lat="54.65988" lon="10.019145">
                        <ele>0</ele>
                        <time>2022-08-18T23:25:59Z</time>
                                                <extensions>
                            <sog>0.0</sog>
<cog>192.3</cog>
                        </extensions>
                    </trkpt>
                    <trkpt lat="54.65984666666667" lon="10.019146666666668">
                        <ele>0</ele>
                        <time>2022-08-18T23:26:18Z</time>
                                                <extensions>
                            <sog>0.0</sog>
<cog>192.3</cog>
                        </extensions>
                    </trkpt>
                    <trkpt lat="54.65985666666666" lon="10.019178333333334">
                        <ele>0</ele>
                        <time>2022-08-18T23:26:37Z</time>
                                                <extensions>
                            <sog>0.0</sog>
<cog>192.3</cog>
                        </extensions>
                    </trkpt>
                    <trkpt lat="54.65984666666667" lon="10.019200000000001">
                        <ele>0</ele>
                        <time>2022-08-18T23:27:17Z</time>
                                                <extensions>
                            <sog>0.0</sog>
<cog>192.3</cog>
                        </extensions>
                    </trkpt>
                    <trkpt lat="54.65985666666666" lon="10.019173333333333">
                        <ele>0</ele>
                        <time>2022-08-18T23:27:37Z</time>
                                                <extensions>
                            <sog>0.0</sog>
<cog>192.3</cog>
                        </extensions>
                    </trkpt>
                    <trkpt lat="54.65985666666666" lon="10.01917">
                        <ele>0</ele>
                        <time>2022-08-18T23:27:59Z</time>
                                                <extensions>
                            <sog>0.0</sog>
<cog>192.3</cog>
                        </extensions>
                    </trkpt>
                    <trkpt lat="54.65985666666666" lon="10.019158333333333">
                        <ele>0</ele>
                        <time>2022-08-18T23:28:17Z</time>
                                                <extensions>
                            <sog>0.0</sog>
<cog>192.3</cog>
                        </extensions>
                    </trkpt>
                    <trkpt lat="54.65985666666666" lon="10.01917">
                        <ele>0</ele>
                        <time>2022-08-18T23:28:37Z</time>
                                                <extensions>
                            <sog>0.0</sog>
<cog>192.3</cog>
                        </extensions>
                    </trkpt>
                    <trkpt lat="54.65984666666667" lon="10.019174999999999">
                        <ele>0</ele>
                        <time>2022-08-18T23:28:59Z</time>
                                                <extensions>
                            <sog>0.0</sog>
<cog>192.3</cog>
                        </extensions>
                    </trkpt>
                    <trkpt lat="54.65984666666667" lon="10.019174999999999">
                        <ele>0</ele>
                        <time>2022-08-18T23:29:17Z</time>
                                                <extensions>
                            <sog>0.0</sog>
<cog>192.3</cog>
                        </extensions>
                    </trkpt>
                    <trkpt lat="54.65984666666667" lon="10.019148333333334">
                        <ele>0</ele>
                        <time>2022-08-18T23:29:59Z</time>
                                                <extensions>
                            <sog>0.0</sog>
<cog>192.3</cog>
                        </extensions>
                    </trkpt>
                    <trkpt lat="54.65984666666667" lon="10.01916">
                        <ele>0</ele>
                        <time>2022-08-18T23:30:17Z</time>
                                                <extensions>
                            <sog>0.0</sog>
<cog>192.3</cog>
                        </extensions>
                    </trkpt>
                    <trkpt lat="54.65985666666666" lon="10.019153333333332">
                        <ele>0</ele>
                        <time>2022-08-18T23:31:59Z</time>
                                                <extensions>
                            <sog>0.0</sog>
<cog>192.3</cog>
                        </extensions>
                    </trkpt>
                    <trkpt lat="54.65985666666666" lon="10.019186666666666">
                        <ele>0</ele>
                        <time>2022-08-18T23:32:17Z</time>
                                                <extensions>
                            <sog>0.0</sog>
<cog>192.3</cog>
                        </extensions>
                    </trkpt>
                    <trkpt lat="54.65984" lon="10.019218333333333">
                        <ele>0</ele>
                        <time>2022-08-18T23:33:19Z</time>
                                                <extensions>
                            <sog>0.0</sog>
<cog>192.3</cog>
                        </extensions>
                    </trkpt>
                    <trkpt lat="54.65984666666667" lon="10.019185">
                        <ele>0</ele>
                        <time>2022-08-18T23:33:59Z</time>
                                                <extensions>
                            <sog>0.0</sog>
<cog>192.3</cog>
                        </extensions>
                    </trkpt>
                    <trkpt lat="54.65984666666667" lon="10.019185">
                        <ele>0</ele>
                        <time>2022-08-18T23:34:19Z</time>
                                                <extensions>
                            <sog>0.0</sog>
<cog>192.3</cog>
                        </extensions>
                    </trkpt>
                    <trkpt lat="54.65984666666667" lon="10.01914">
                        <ele>0</ele>
                        <time>2022-08-18T23:34:38Z</time>
                                                <extensions>
                            <sog>0.0</sog>
<cog>192.3</cog>
                        </extensions>
                    </trkpt>
                    <trkpt lat="54.65984" lon="10.019185">
                        <ele>0</ele>
                        <time>2022-08-18T23:34:59Z</time>
                                                <extensions>
                            <sog>0.0</sog>
<cog>192.3</cog>
                        </extensions>
                    </trkpt>
                    <trkpt lat="54.65984666666667" lon="10.019186666666666">
                        <ele>0</ele>
                        <time>2022-08-18T23:35:59Z</time>
                                                <extensions>
                            <sog>0.0</sog>
<cog>192.3</cog>
                        </extensions>
                    </trkpt>
                    <trkpt lat="54.65985666666666" lon="10.019186666666666">
                        <ele>0</ele>
                        <time>2022-08-18T23:36:19Z</time>
                                                <extensions>
                            <sog>0.0</sog>
<cog>192.3</cog>
                        </extensions>
                    </trkpt>
                    <trkpt lat="54.65985666666666" lon="10.019174999999999">
                        <ele>0</ele>
                        <time>2022-08-18T23:37:38Z</time>
                                                <extensions>
                            <sog>0.0</sog>
<cog>192.3</cog>
                        </extensions>
                    </trkpt>
                    <trkpt lat="54.65984666666667" lon="10.01916">
                        <ele>0</ele>
                        <time>2022-08-18T23:37:58Z</time>
                                                <extensions>
                            <sog>0.0</sog>
<cog>192.3</cog>
                        </extensions>
                    </trkpt>
                    <trkpt lat="54.65984666666667" lon="10.019174999999999">
                        <ele>0</ele>
                        <time>2022-08-18T23:38:19Z</time>
                                                <extensions>
                            <sog>0.0</sog>
<cog>192.3</cog>
                        </extensions>
                    </trkpt>
                    <trkpt lat="54.65981333333333" lon="10.019161666666667">
                        <ele>0</ele>
                        <time>2022-08-18T23:38:38Z</time>
                                                <extensions>
                            <sog>0.0</sog>
<cog>192.3</cog>
                        </extensions>
                    </trkpt>
                    <trkpt lat="54.65983000000001" lon="10.019205">
                        <ele>0</ele>
                        <time>2022-08-18T23:38:58Z</time>
                                                <extensions>
                            <sog>0.0</sog>
<cog>192.3</cog>
                        </extensions>
                    </trkpt>
                    <trkpt lat="54.65984" lon="10.019186666666666">
                        <ele>0</ele>
                        <time>2022-08-18T23:39:19Z</time>
                                                <extensions>
                            <sog>0.0</sog>
<cog>192.3</cog>
                        </extensions>
                    </trkpt>
                    <trkpt lat="54.65984" lon="10.019173333333333">
                        <ele>0</ele>
                        <time>2022-08-18T23:39:38Z</time>
                                                <extensions>
                            <sog>0.0</sog>
<cog>192.3</cog>
                        </extensions>
                    </trkpt>
                    <trkpt lat="54.65984" lon="10.019166666666667">
                        <ele>0</ele>
                        <time>2022-08-18T23:39:58Z</time>
                                                <extensions>
                            <sog>0.0</sog>
<cog>192.3</cog>
                        </extensions>
                    </trkpt>
                    <trkpt lat="54.65984666666667" lon="10.019181666666666">
                        <ele>0</ele>
                        <time>2022-08-18T23:40:18Z</time>
                                                <extensions>
                            <sog>0.0</sog>
<cog>192.3</cog>
                        </extensions>
                    </trkpt>
                    <trkpt lat="54.65984" lon="10.019151666666666">
                        <ele>0</ele>
                        <time>2022-08-18T23:40:38Z</time>
                                                <extensions>
                            <sog>0.0</sog>
<cog>192.3</cog>
                        </extensions>
                    </trkpt>
                    <trkpt lat="54.65984666666667" lon="10.01917">
                        <ele>0</ele>
                        <time>2022-08-18T23:40:58Z</time>
                                                <extensions>
                            <sog>0.0</sog>
<cog>192.3</cog>
                        </extensions>
                    </trkpt>
                    <trkpt lat="54.65984666666667" lon="10.01917">
                        <ele>0</ele>
                        <time>2022-08-18T23:41:18Z</time>
                                                <extensions>
                            <sog>0.0</sog>
<cog>192.3</cog>
                        </extensions>
                    </trkpt>
                    <trkpt lat="54.65985666666666" lon="10.019165">
                        <ele>0</ele>
                        <time>2022-08-18T23:41:38Z</time>
                                                <extensions>
                            <sog>0.0</sog>
<cog>192.3</cog>
                        </extensions>
                    </trkpt>
                    <trkpt lat="54.65984" lon="10.019165">
                        <ele>0</ele>
                        <time>2022-08-18T23:41:58Z</time>
                                                <extensions>
                            <sog>0.0</sog>
<cog>192.3</cog>
                        </extensions>
                    </trkpt>
                    <trkpt lat="54.65984666666667" lon="10.019191666666668">
                        <ele>0</ele>
                        <time>2022-08-18T23:42:58Z</time>
                                                <extensions>
                            <sog>0.0</sog>
<cog>192.3</cog>
                        </extensions>
                    </trkpt>
                    <trkpt lat="54.65984666666667" lon="10.019178333333334">
                        <ele>0</ele>
                        <time>2022-08-18T23:43:18Z</time>
                                                <extensions>
                            <sog>0.0</sog>
<cog>192.3</cog>
                        </extensions>
                    </trkpt>
                    <trkpt lat="54.65983000000001" lon="10.019126666666667">
                        <ele>0</ele>
                        <time>2022-08-18T23:43:37Z</time>
                                                <extensions>
                            <sog>0.0</sog>
<cog>192.3</cog>
                        </extensions>
                    </trkpt>
                    <trkpt lat="54.65984666666667" lon="10.019165">
                        <ele>0</ele>
                        <time>2022-08-18T23:43:58Z</time>
                                                <extensions>
                            <sog>0.0</sog>
<cog>192.3</cog>
                        </extensions>
                    </trkpt>
                    <trkpt lat="54.65984" lon="10.019183333333332">
                        <ele>0</ele>
                        <time>2022-08-18T23:44:18Z</time>
                                                <extensions>
                            <sog>0.0</sog>
<cog>192.3</cog>
                        </extensions>
                    </trkpt>
                    <trkpt lat="54.65984666666667" lon="10.019188333333334">
                        <ele>0</ele>
                        <time>2022-08-18T23:44:37Z</time>
                                                <extensions>
                            <sog>0.0</sog>
<cog>192.3</cog>
                        </extensions>
                    </trkpt>
                    <trkpt lat="54.65984666666667" lon="10.01917">
                        <ele>0</ele>
                        <time>2022-08-18T23:44:59Z</time>
                                                <extensions>
                            <sog>0.0</sog>
<cog>192.3</cog>
                        </extensions>
                    </trkpt>
                    <trkpt lat="54.65987" lon="10.019178333333334">
                        <ele>0</ele>
                        <time>2022-08-18T23:45:18Z</time>
                                                <extensions>
                            <sog>0.0</sog>
<cog>192.3</cog>
                        </extensions>
                    </trkpt>
                    <trkpt lat="54.65985666666666" lon="10.019161666666667">
                        <ele>0</ele>
                        <time>2022-08-18T23:45:37Z</time>
                                                <extensions>
                            <sog>0.0</sog>
<cog>192.3</cog>
                        </extensions>
                    </trkpt>
                    <trkpt lat="54.65984" lon="10.019165">
                        <ele>0</ele>
                        <time>2022-08-18T23:45:59Z</time>
                                                <extensions>
                            <sog>0.0</sog>
<cog>192.3</cog>
                        </extensions>
                    </trkpt>
                    <trkpt lat="54.65983000000001" lon="10.019151666666666">
                        <ele>0</ele>
                        <time>2022-08-18T23:46:18Z</time>
                                                <extensions>
                            <sog>0.0</sog>
<cog>192.3</cog>
                        </extensions>
                    </trkpt>
                    <trkpt lat="54.65984666666667" lon="10.019206666666665">
                        <ele>0</ele>
                        <time>2022-08-18T23:46:59Z</time>
                                                <extensions>
                            <sog>0.0</sog>
<cog>192.3</cog>
                        </extensions>
                    </trkpt>
                    <trkpt lat="54.65984" lon="10.019219999999999">
                        <ele>0</ele>
                        <time>2022-08-18T23:47:18Z</time>
                                                <extensions>
                            <sog>0.0</sog>
<cog>192.3</cog>
                        </extensions>
                    </trkpt>
                    <trkpt lat="54.65984666666667" lon="10.019200000000001">
                        <ele>0</ele>
                        <time>2022-08-18T23:47:37Z</time>
                                                <extensions>
                            <sog>0.0</sog>
<cog>192.3</cog>
                        </extensions>
                    </trkpt>
                    <trkpt lat="54.65984666666667" lon="10.01916">
                        <ele>0</ele>
                        <time>2022-08-18T23:47:59Z</time>
                                                <extensions>
                            <sog>0.0</sog>
<cog>192.3</cog>
                        </extensions>
                    </trkpt>
                    <trkpt lat="54.65983000000001" lon="10.019151666666666">
                        <ele>0</ele>
                        <time>2022-08-18T23:48:18Z</time>
                                                <extensions>
                            <sog>0.0</sog>
<cog>192.3</cog>
                        </extensions>
                    </trkpt>
                    <trkpt lat="54.65984666666667" lon="10.019201666666667">
                        <ele>0</ele>
                        <time>2022-08-18T23:48:58Z</time>
                                                <extensions>
                            <sog>0.0</sog>
<cog>192.3</cog>
                        </extensions>
                    </trkpt>
                    <trkpt lat="54.65985666666666" lon="10.019173333333333">
                        <ele>0</ele>
                        <time>2022-08-18T23:49:18Z</time>
                                                <extensions>
                            <sog>0.0</sog>
<cog>192.3</cog>
                        </extensions>
                    </trkpt>
                    <trkpt lat="54.65985666666666" lon="10.019118333333333">
                        <ele>0</ele>
                        <time>2022-08-18T23:49:58Z</time>
                                                <extensions>
                            <sog>0.0</sog>
<cog>192.3</cog>
                        </extensions>
                    </trkpt>
                    <trkpt lat="54.65984" lon="10.019096666666666">
                        <ele>0</ele>
                        <time>2022-08-18T23:50:18Z</time>
                                                <extensions>
                            <sog>0.0</sog>
<cog>192.3</cog>
                        </extensions>
                    </trkpt>
                    <trkpt lat="54.65984" lon="10.01921">
                        <ele>0</ele>
                        <time>2022-08-18T23:50:58Z</time>
                                                <extensions>
                            <sog>0.0</sog>
<cog>192.3</cog>
                        </extensions>
                    </trkpt>
                    <trkpt lat="54.65984" lon="10.019201666666667">
                        <ele>0</ele>
                        <time>2022-08-18T23:51:18Z</time>
                                                <extensions>
                            <sog>0.0</sog>
<cog>192.3</cog>
                        </extensions>
                    </trkpt>
                    <trkpt lat="54.65984666666667" lon="10.019191666666668">
                        <ele>0</ele>
                        <time>2022-08-18T23:51:38Z</time>
                                                <extensions>
                            <sog>0.0</sog>
<cog>192.3</cog>
                        </extensions>
                    </trkpt>
                    <trkpt lat="54.65984" lon="10.019151666666666">
                        <ele>0</ele>
                        <time>2022-08-18T23:51:58Z</time>
                                                <extensions>
                            <sog>0.0</sog>
<cog>192.3</cog>
                        </extensions>
                    </trkpt>
                    <trkpt lat="54.65984" lon="10.019151666666666">
                        <ele>0</ele>
                        <time>2022-08-18T23:52:18Z</time>
                                                <extensions>
                            <sog>0.0</sog>
<cog>192.3</cog>
                        </extensions>
                    </trkpt>
                    <trkpt lat="54.65984" lon="10.019173333333333">
                        <ele>0</ele>
                        <time>2022-08-18T23:52:38Z</time>
                                                <extensions>
                            <sog>0.0</sog>
<cog>192.3</cog>
                        </extensions>
                    </trkpt>
                    <trkpt lat="54.65984" lon="10.019166666666667">
                        <ele>0</ele>
                        <time>2022-08-18T23:52:58Z</time>
                                                <extensions>
                            <sog>0.0</sog>
<cog>192.3</cog>
                        </extensions>
                    </trkpt>
                    <trkpt lat="54.65983000000001" lon="10.019178333333334">
                        <ele>0</ele>
                        <time>2022-08-18T23:53:18Z</time>
                                                <extensions>
                            <sog>0.0</sog>
<cog>192.3</cog>
                        </extensions>
                    </trkpt>
                    <trkpt lat="54.65983000000001" lon="10.019181666666666">
                        <ele>0</ele>
                        <time>2022-08-18T23:54:18Z</time>
                                                <extensions>
                            <sog>0.0</sog>
<cog>192.3</cog>
                        </extensions>
                    </trkpt>
                    <trkpt lat="54.65984" lon="10.019196666666666">
                        <ele>0</ele>
                        <time>2022-08-18T23:54:38Z</time>
                                                <extensions>
                            <sog>0.0</sog>
<cog>192.3</cog>
                        </extensions>
                    </trkpt>
                    <trkpt lat="54.65984" lon="10.019183333333332">
                        <ele>0</ele>
                        <time>2022-08-18T23:54:58Z</time>
                                                <extensions>
                            <sog>0.0</sog>
<cog>192.3</cog>
                        </extensions>
                    </trkpt>
                    <trkpt lat="54.65984666666667" lon="10.01917">
                        <ele>0</ele>
                        <time>2022-08-18T23:55:18Z</time>
                                                <extensions>
                            <sog>0.0</sog>
<cog>192.3</cog>
                        </extensions>
                    </trkpt>
                    <trkpt lat="54.65985666666666" lon="10.019201666666667">
                        <ele>0</ele>
                        <time>2022-08-18T23:55:38Z</time>
                                                <extensions>
                            <sog>0.0</sog>
<cog>192.3</cog>
                        </extensions>
                    </trkpt>
                    <trkpt lat="54.65984" lon="10.01916">
                        <ele>0</ele>
                        <time>2022-08-18T23:55:58Z</time>
                                                <extensions>
                            <sog>0.0</sog>
<cog>192.3</cog>
                        </extensions>
                    </trkpt>
                    <trkpt lat="54.65984" lon="10.019173333333333">
                        <ele>0</ele>
                        <time>2022-08-18T23:56:18Z</time>
                                                <extensions>
                            <sog>0.0</sog>
<cog>192.3</cog>
                        </extensions>
                    </trkpt>
                    <trkpt lat="54.65984" lon="10.019213333333333">
                        <ele>0</ele>
                        <time>2022-08-18T23:56:58Z</time>
                                                <extensions>
                            <sog>0.0</sog>
<cog>192.3</cog>
                        </extensions>
                    </trkpt>
                    <trkpt lat="54.65984" lon="10.019205">
                        <ele>0</ele>
                        <time>2022-08-18T23:57:38Z</time>
                                                <extensions>
                            <sog>0.0</sog>
<cog>192.3</cog>
                        </extensions>
                    </trkpt>
                    <trkpt lat="54.65981333333333" lon="10.019186666666666">
                        <ele>0</ele>
                        <time>2022-08-18T23:57:58Z</time>
                                                <extensions>
                            <sog>0.0</sog>
<cog>192.3</cog>
                        </extensions>
                    </trkpt>
                    <trkpt lat="54.65984" lon="10.019200000000001">
                        <ele>0</ele>
                        <time>2022-08-18T23:58:18Z</time>
                                                <extensions>
                            <sog>0.0</sog>
<cog>192.3</cog>
                        </extensions>
                    </trkpt>
                    <trkpt lat="54.65984" lon="10.019201666666667">
                        <ele>0</ele>
                        <time>2022-08-18T23:58:38Z</time>
                                                <extensions>
                            <sog>0.0</sog>
<cog>192.3</cog>
                        </extensions>
                    </trkpt>
                    <trkpt lat="54.65984666666667" lon="10.019218333333333">
                        <ele>0</ele>
                        <time>2022-08-18T23:58:58Z</time>
                                                <extensions>
                            <sog>0.0</sog>
<cog>192.3</cog>
                        </extensions>
                    </trkpt>
                    <trkpt lat="54.65984" lon="10.019173333333333">
                        <ele>0</ele>
                        <time>2022-08-18T23:59:18Z</time>
                                                <extensions>
                            <sog>0.0</sog>
<cog>192.3</cog>
                        </extensions>
                    </trkpt>
                    <trkpt lat="54.65984666666667" lon="10.019193333333334">
                        <ele>0</ele>
                        <time>2022-08-18T23:59:38Z</time>
                                                <extensions>
                            <sog>0.0</sog>
<cog>192.3</cog>
                        </extensions>
                    </trkpt>
                    <trkpt lat="54.65984" lon="10.019191666666668">
                        <ele>0</ele>
                        <time>2022-08-18T23:59:58Z</time>
                                                <extensions>
                            <sog>0.0</sog>
<cog>192.3</cog>
                        </extensions>
                    </trkpt>
                    </trkseg>
                </trk>
</gpx>