<?xml version="1.0" encoding="UTF-8"?>
<gpx version="1.1" creator="AIS-to-GPX Converter" xmlns="http://www.topografix.com/GPX/1/1">
                <trk>
                    <name>anon0287</name>
                    <trkseg>
                                            <trkpt lat="54.40015166666667" lon="10.213776666666666">
                        <ele>0</ele>
                        <time>2022-08-18T00:00:47Z</time>
                                                <extensions>
                            <sog>0.0</sog>
<cog>83.2</cog>
                        </extensions>
                    </trkpt>
                    <trkpt lat="54.40009833333333" lon="10.213818333333334">
                        <ele>0</ele>
                        <time>2022-08-18T00:00:47Z</time>
                                                <extensions>
                            <sog>0.0</sog>
<cog>130.8</cog>
                        </extensions>
                    </trkpt>
                    <trkpt lat="54.40011833333333" lon="10.213786666666666">
                        <ele>0</ele>
                        <time>2022-08-18T00:06:47Z</time>
                                                <extensions>
                            <sog>0.0</sog>
<cog>83.2</cog>
                        </extensions>
                    </trkpt>
                    <trkpt lat="54.40011333333334" lon="10.213813333333333">
                        <ele>0</ele>
                        <time>2022-08-18T00:09:47Z</time>
                                                <extensions>
                            <sog>0.0</sog>
<cog>83.2</cog>
                        </extensions>
                    </trkpt>
                    <trkpt lat="54.400144999999995" lon="10.213788333333333">
                        <ele>0</ele>
                        <time>2022-08-18T00:12:49Z</time>
                                                <extensions>
                            <sog>0.1</sog>
<cog>83.2</cog>
                        </extensions>
                    </trkpt>
                    <trkpt lat="54.40013" lon="10.213785">
                        <ele>0</ele>
                        <time>2022-08-18T00:15:47Z</time>
                                                <extensions>
                            <sog>0.0</sog>
<cog>83.2</cog>
                        </extensions>
                    </trkpt>
                    <trkpt lat="54.400135" lon="10.213793333333333">
                        <ele>0</ele>
                        <time>2022-08-18T00:18:47Z</time>
                                                <extensions>
                            <sog>0.0</sog>
<cog>83.2</cog>
                        </extensions>
                    </trkpt>
                    <trkpt lat="54.40013666666667" lon="10.213776666666666">
                        <ele>0</ele>
                        <time>2022-08-18T00:21:47Z</time>
                                                <extensions>
                            <sog>0.0</sog>
<cog>83.2</cog>
                        </extensions>
                    </trkpt>
                    <trkpt lat="54.40012333333333" lon="10.213786666666666">
                        <ele>0</ele>
                        <time>2022-08-18T00:30:50Z</time>
                                                <extensions>
                            <sog>0.0</sog>
<cog>83.2</cog>
                        </extensions>
                    </trkpt>
                    <trkpt lat="54.40013666666667" lon="10.213773333333334">
                        <ele>0</ele>
                        <time>2022-08-18T00:36:47Z</time>
                                                <extensions>
                            <sog>0.0</sog>
<cog>83.2</cog>
                        </extensions>
                    </trkpt>
                    <trkpt lat="54.40013666666667" lon="10.213791666666667">
                        <ele>0</ele>
                        <time>2022-08-18T00:42:48Z</time>
                                                <extensions>
                            <sog>0.1</sog>
<cog>83.2</cog>
                        </extensions>
                    </trkpt>
                    <trkpt lat="54.400126666666665" lon="10.213805">
                        <ele>0</ele>
                        <time>2022-08-18T00:45:47Z</time>
                                                <extensions>
                            <sog>0.0</sog>
<cog>83.2</cog>
                        </extensions>
                    </trkpt>
                    <trkpt lat="54.40011666666667" lon="10.213785">
                        <ele>0</ele>
                        <time>2022-08-18T00:48:49Z</time>
                                                <extensions>
                            <sog>0.0</sog>
<cog>83.2</cog>
                        </extensions>
                    </trkpt>
                    <trkpt lat="54.40011666666667" lon="10.213751666666667">
                        <ele>0</ele>
                        <time>2022-08-18T00:54:47Z</time>
                                                <extensions>
                            <sog>0.1</sog>
<cog>83.2</cog>
                        </extensions>
                    </trkpt>
                    <trkpt lat="54.40011166666667" lon="10.213793333333333">
                        <ele>0</ele>
                        <time>2022-08-18T01:00:47Z</time>
                                                <extensions>
                            <sog>0.0</sog>
<cog>83.2</cog>
                        </extensions>
                    </trkpt>
                    <trkpt lat="54.40011166666667" lon="10.213793333333333">
                        <ele>0</ele>
                        <time>2022-08-18T01:00:47Z</time>
                                                <extensions>
                            <sog>0.0</sog>
<cog>83.2</cog>
                        </extensions>
                    </trkpt>
                    <trkpt lat="54.40014" lon="10.21381">
                        <ele>0</ele>
                        <time>2022-08-18T01:06:49Z</time>
                                                <extensions>
                            <sog>0.1</sog>
<cog>83.2</cog>
                        </extensions>
                    </trkpt>
                    <trkpt lat="54.40016" lon="10.213846666666665">
                        <ele>0</ele>
                        <time>2022-08-18T01:12:48Z</time>
                                                <extensions>
                            <sog>0.1</sog>
<cog>83.2</cog>
                        </extensions>
                    </trkpt>
                    <trkpt lat="54.40013666666667" lon="10.213735000000002">
                        <ele>0</ele>
                        <time>2022-08-18T01:15:48Z</time>
                                                <extensions>
                            <sog>0.1</sog>
<cog>83.2</cog>
                        </extensions>
                    </trkpt>
                    <trkpt lat="54.40013" lon="10.213768333333332">
                        <ele>0</ele>
                        <time>2022-08-18T01:18:47Z</time>
                                                <extensions>
                            <sog>0.0</sog>
<cog>83.2</cog>
                        </extensions>
                    </trkpt>
                    <trkpt lat="54.400144999999995" lon="10.213775">
                        <ele>0</ele>
                        <time>2022-08-18T01:24:47Z</time>
                                                <extensions>
                            <sog>0.0</sog>
<cog>83.2</cog>
                        </extensions>
                    </trkpt>
                    <trkpt lat="54.400146666666664" lon="10.213754999999999">
                        <ele>0</ele>
                        <time>2022-08-18T01:30:49Z</time>
                                                <extensions>
                            <sog>0.1</sog>
<cog>83.2</cog>
                        </extensions>
                    </trkpt>
                    <trkpt lat="54.40013666666667" lon="10.213768333333332">
                        <ele>0</ele>
                        <time>2022-08-18T01:33:51Z</time>
                                                <extensions>
                            <sog>0.0</sog>
<cog>83.2</cog>
                        </extensions>
                    </trkpt>
                    <trkpt lat="54.40011666666667" lon="10.213778333333332">
                        <ele>0</ele>
                        <time>2022-08-18T01:36:48Z</time>
                                                <extensions>
                            <sog>0.0</sog>
<cog>83.2</cog>
                        </extensions>
                    </trkpt>
                    <trkpt lat="54.40011333333334" lon="10.213799999999999">
                        <ele>0</ele>
                        <time>2022-08-18T01:39:47Z</time>
                                                <extensions>
                            <sog>0.0</sog>
<cog>83.2</cog>
                        </extensions>
                    </trkpt>
                    <trkpt lat="54.400128333333335" lon="10.213773333333334">
                        <ele>0</ele>
                        <time>2022-08-18T01:42:48Z</time>
                                                <extensions>
                            <sog>0.0</sog>
<cog>83.2</cog>
                        </extensions>
                    </trkpt>
                    <trkpt lat="54.40015166666667" lon="10.213776666666666">
                        <ele>0</ele>
                        <time>2022-08-18T01:45:47Z</time>
                                                <extensions>
                            <sog>0.0</sog>
<cog>83.2</cog>
                        </extensions>
                    </trkpt>
                    <trkpt lat="54.400146666666664" lon="10.213761666666667">
                        <ele>0</ele>
                        <time>2022-08-18T01:48:48Z</time>
                                                <extensions>
                            <sog>0.1</sog>
<cog>83.2</cog>
                        </extensions>
                    </trkpt>
                    <trkpt lat="54.40016" lon="10.213735000000002">
                        <ele>0</ele>
                        <time>2022-08-18T01:51:48Z</time>
                                                <extensions>
                            <sog>0.1</sog>
<cog>83.2</cog>
                        </extensions>
                    </trkpt>
                    <trkpt lat="54.400128333333335" lon="10.213778333333332">
                        <ele>0</ele>
                        <time>2022-08-18T01:54:48Z</time>
                                                <extensions>
                            <sog>0.0</sog>
<cog>83.2</cog>
                        </extensions>
                    </trkpt>
                    <trkpt lat="54.40014166666666" lon="10.213798333333333">
                        <ele>0</ele>
                        <time>2022-08-18T02:00:47Z</time>
                                                <extensions>
                            <sog>0.0</sog>
<cog>83.2</cog>
                        </extensions>
                    </trkpt>
                    <trkpt lat="54.40014166666666" lon="10.213798333333333">
                        <ele>0</ele>
                        <time>2022-08-18T02:00:47Z</time>
                                                <extensions>
                            <sog>0.0</sog>
<cog>83.2</cog>
                        </extensions>
                    </trkpt>
                    <trkpt lat="54.40014833333333" lon="10.213758333333335">
                        <ele>0</ele>
                        <time>2022-08-18T02:12:47Z</time>
                                                <extensions>
                            <sog>0.0</sog>
<cog>83.2</cog>
                        </extensions>
                    </trkpt>
                    <trkpt lat="54.40014333333333" lon="10.21377">
                        <ele>0</ele>
                        <time>2022-08-18T02:15:49Z</time>
                                                <extensions>
                            <sog>0.1</sog>
<cog>83.2</cog>
                        </extensions>
                    </trkpt>
                    <trkpt lat="54.40014333333333" lon="10.213775">
                        <ele>0</ele>
                        <time>2022-08-18T02:18:48Z</time>
                                                <extensions>
                            <sog>0.0</sog>
<cog>83.2</cog>
                        </extensions>
                    </trkpt>
                    <trkpt lat="54.400153333333336" lon="10.213751666666667">
                        <ele>0</ele>
                        <time>2022-08-18T02:24:47Z</time>
                                                <extensions>
                            <sog>0.0</sog>
<cog>83.2</cog>
                        </extensions>
                    </trkpt>
                    <trkpt lat="54.400171666666665" lon="10.213735000000002">
                        <ele>0</ele>
                        <time>2022-08-18T02:30:47Z</time>
                                                <extensions>
                            <sog>0.1</sog>
<cog>83.2</cog>
                        </extensions>
                    </trkpt>
                    <trkpt lat="54.40007666666667" lon="10.213806666666667">
                        <ele>0</ele>
                        <time>2022-08-18T02:36:47Z</time>
                                                <extensions>
                            <sog>0.1</sog>
<cog>83.2</cog>
                        </extensions>
                    </trkpt>
                    <trkpt lat="54.40011666666667" lon="10.213781666666668">
                        <ele>0</ele>
                        <time>2022-08-18T02:42:47Z</time>
                                                <extensions>
                            <sog>0.1</sog>
<cog>83.2</cog>
                        </extensions>
                    </trkpt>
                    <trkpt lat="54.400150000000004" lon="10.213756666666665">
                        <ele>0</ele>
                        <time>2022-08-18T02:48:47Z</time>
                                                <extensions>
                            <sog>0.0</sog>
<cog>83.2</cog>
                        </extensions>
                    </trkpt>
                    <trkpt lat="54.400165" lon="10.213753333333333">
                        <ele>0</ele>
                        <time>2022-08-18T02:51:48Z</time>
                                                <extensions>
                            <sog>0.1</sog>
<cog>83.2</cog>
                        </extensions>
                    </trkpt>
                    <trkpt lat="54.40015166666667" lon="10.213735000000002">
                        <ele>0</ele>
                        <time>2022-08-18T03:00:49Z</time>
                                                <extensions>
                            <sog>0.0</sog>
<cog>83.2</cog>
                        </extensions>
                    </trkpt>
                    <trkpt lat="54.40015166666667" lon="10.213735000000002">
                        <ele>0</ele>
                        <time>2022-08-18T03:00:49Z</time>
                                                <extensions>
                            <sog>0.0</sog>
<cog>83.2</cog>
                        </extensions>
                    </trkpt>
                    <trkpt lat="54.40013" lon="10.213776666666666">
                        <ele>0</ele>
                        <time>2022-08-18T03:03:47Z</time>
                                                <extensions>
                            <sog>0.0</sog>
<cog>83.2</cog>
                        </extensions>
                    </trkpt>
                    <trkpt lat="54.400125" lon="10.213791666666667">
                        <ele>0</ele>
                        <time>2022-08-18T03:12:50Z</time>
                                                <extensions>
                            <sog>0.0</sog>
<cog>83.2</cog>
                        </extensions>
                    </trkpt>
                    <trkpt lat="54.40011333333334" lon="10.21376">
                        <ele>0</ele>
                        <time>2022-08-18T03:18:49Z</time>
                                                <extensions>
                            <sog>0.0</sog>
<cog>83.2</cog>
                        </extensions>
                    </trkpt>
                    <trkpt lat="54.400108333333336" lon="10.213786666666666">
                        <ele>0</ele>
                        <time>2022-08-18T03:21:48Z</time>
                                                <extensions>
                            <sog>0.0</sog>
<cog>83.2</cog>
                        </extensions>
                    </trkpt>
                    <trkpt lat="54.40011666666667" lon="10.213753333333333">
                        <ele>0</ele>
                        <time>2022-08-18T03:24:49Z</time>
                                                <extensions>
                            <sog>0.0</sog>
<cog>83.2</cog>
                        </extensions>
                    </trkpt>
                    <trkpt lat="54.400126666666665" lon="10.213756666666665">
                        <ele>0</ele>
                        <time>2022-08-18T03:30:48Z</time>
                                                <extensions>
                            <sog>0.0</sog>
<cog>83.2</cog>
                        </extensions>
                    </trkpt>
                    <trkpt lat="54.40012333333333" lon="10.213818333333334">
                        <ele>0</ele>
                        <time>2022-08-18T03:36:47Z</time>
                                                <extensions>
                            <sog>0.0</sog>
<cog>83.2</cog>
                        </extensions>
                    </trkpt>
                    <trkpt lat="54.40013166666667" lon="10.213761666666667">
                        <ele>0</ele>
                        <time>2022-08-18T03:42:48Z</time>
                                                <extensions>
                            <sog>0.0</sog>
<cog>83.2</cog>
                        </extensions>
                    </trkpt>
                    <trkpt lat="54.40014" lon="10.213778333333332">
                        <ele>0</ele>
                        <time>2022-08-18T03:48:47Z</time>
                                                <extensions>
                            <sog>0.0</sog>
<cog>83.2</cog>
                        </extensions>
                    </trkpt>
                    <trkpt lat="54.40016166666667" lon="10.213735000000002">
                        <ele>0</ele>
                        <time>2022-08-18T03:54:48Z</time>
                                                <extensions>
                            <sog>0.0</sog>
<cog>83.2</cog>
                        </extensions>
                    </trkpt>
                    <trkpt lat="54.40014333333333" lon="10.213831666666666">
                        <ele>0</ele>
                        <time>2022-08-18T04:00:48Z</time>
                                                <extensions>
                            <sog>0.1</sog>
<cog>83.2</cog>
                        </extensions>
                    </trkpt>
                    <trkpt lat="54.40014333333333" lon="10.213831666666666">
                        <ele>0</ele>
                        <time>2022-08-18T04:00:48Z</time>
                                                <extensions>
                            <sog>0.1</sog>
<cog>83.2</cog>
                        </extensions>
                    </trkpt>
                    <trkpt lat="54.40013" lon="10.213778333333332">
                        <ele>0</ele>
                        <time>2022-08-18T04:03:49Z</time>
                                                <extensions>
                            <sog>0.0</sog>
<cog>83.2</cog>
                        </extensions>
                    </trkpt>
                    <trkpt lat="54.40012166666667" lon="10.213758333333335">
                        <ele>0</ele>
                        <time>2022-08-18T04:06:49Z</time>
                                                <extensions>
                            <sog>0.0</sog>
<cog>83.2</cog>
                        </extensions>
                    </trkpt>
                    <trkpt lat="54.400115" lon="10.213756666666665">
                        <ele>0</ele>
                        <time>2022-08-18T04:09:47Z</time>
                                                <extensions>
                            <sog>0.1</sog>
<cog>83.2</cog>
                        </extensions>
                    </trkpt>
                    <trkpt lat="54.40013833333333" lon="10.213713333333335">
                        <ele>0</ele>
                        <time>2022-08-18T04:12:47Z</time>
                                                <extensions>
                            <sog>0.0</sog>
<cog>83.2</cog>
                        </extensions>
                    </trkpt>
                    <trkpt lat="54.40011166666667" lon="10.213738333333334">
                        <ele>0</ele>
                        <time>2022-08-18T04:18:47Z</time>
                                                <extensions>
                            <sog>0.1</sog>
<cog>83.2</cog>
                        </extensions>
                    </trkpt>
                    <trkpt lat="54.40012166666667" lon="10.213726666666668">
                        <ele>0</ele>
                        <time>2022-08-18T04:24:50Z</time>
                                                <extensions>
                            <sog>0.0</sog>
<cog>83.2</cog>
                        </extensions>
                    </trkpt>
                    <trkpt lat="54.40014166666666" lon="10.213763333333333">
                        <ele>0</ele>
                        <time>2022-08-18T04:30:47Z</time>
                                                <extensions>
                            <sog>0.1</sog>
<cog>83.2</cog>
                        </extensions>
                    </trkpt>
                    <trkpt lat="54.400135" lon="10.213776666666666">
                        <ele>0</ele>
                        <time>2022-08-18T04:36:48Z</time>
                                                <extensions>
                            <sog>0.0</sog>
<cog>83.2</cog>
                        </extensions>
                    </trkpt>
                    <trkpt lat="54.400126666666665" lon="10.213808333333333">
                        <ele>0</ele>
                        <time>2022-08-18T04:42:49Z</time>
                                                <extensions>
                            <sog>0.0</sog>
<cog>83.2</cog>
                        </extensions>
                    </trkpt>
                    <trkpt lat="54.40013333333333" lon="10.213753333333333">
                        <ele>0</ele>
                        <time>2022-08-18T05:03:47Z</time>
                                                <extensions>
                            <sog>0.0</sog>
<cog>83.2</cog>
                        </extensions>
                    </trkpt>
                    <trkpt lat="54.40015666666667" lon="10.213750000000001">
                        <ele>0</ele>
                        <time>2022-08-18T05:06:48Z</time>
                                                <extensions>
                            <sog>0.0</sog>
<cog>83.2</cog>
                        </extensions>
                    </trkpt>
                    <trkpt lat="54.40013833333333" lon="10.213791666666667">
                        <ele>0</ele>
                        <time>2022-08-18T05:09:48Z</time>
                                                <extensions>
                            <sog>0.0</sog>
<cog>83.2</cog>
                        </extensions>
                    </trkpt>
                    <trkpt lat="54.400110000000005" lon="10.21379">
                        <ele>0</ele>
                        <time>2022-08-18T05:12:49Z</time>
                                                <extensions>
                            <sog>0.0</sog>
<cog>83.2</cog>
                        </extensions>
                    </trkpt>
                    <trkpt lat="54.40014" lon="10.21377">
                        <ele>0</ele>
                        <time>2022-08-18T05:15:50Z</time>
                                                <extensions>
                            <sog>0.0</sog>
<cog>83.2</cog>
                        </extensions>
                    </trkpt>
                    <trkpt lat="54.40013166666667" lon="10.21377">
                        <ele>0</ele>
                        <time>2022-08-18T05:18:47Z</time>
                                                <extensions>
                            <sog>0.0</sog>
<cog>83.2</cog>
                        </extensions>
                    </trkpt>
                    <trkpt lat="54.40010666666667" lon="10.21377">
                        <ele>0</ele>
                        <time>2022-08-18T05:24:47Z</time>
                                                <extensions>
                            <sog>0.0</sog>
<cog>83.2</cog>
                        </extensions>
                    </trkpt>
                    <trkpt lat="54.400128333333335" lon="10.213745">
                        <ele>0</ele>
                        <time>2022-08-18T05:30:48Z</time>
                                                <extensions>
                            <sog>0.0</sog>
<cog>83.2</cog>
                        </extensions>
                    </trkpt>
                    <trkpt lat="54.40014333333333" lon="10.213766666666666">
                        <ele>0</ele>
                        <time>2022-08-18T05:33:48Z</time>
                                                <extensions>
                            <sog>0.0</sog>
<cog>83.2</cog>
                        </extensions>
                    </trkpt>
                    <trkpt lat="54.400128333333335" lon="10.213766666666666">
                        <ele>0</ele>
                        <time>2022-08-18T05:36:48Z</time>
                                                <extensions>
                            <sog>0.0</sog>
<cog>83.2</cog>
                        </extensions>
                    </trkpt>
                    <trkpt lat="54.400115" lon="10.213780000000002">
                        <ele>0</ele>
                        <time>2022-08-18T05:42:50Z</time>
                                                <extensions>
                            <sog>0.0</sog>
<cog>83.2</cog>
                        </extensions>
                    </trkpt>
                    <trkpt lat="54.40009166666667" lon="10.213754999999999">
                        <ele>0</ele>
                        <time>2022-08-18T05:45:49Z</time>
                                                <extensions>
                            <sog>0.2</sog>
<cog>83.2</cog>
                        </extensions>
                    </trkpt>
                    <trkpt lat="54.400128333333335" lon="10.213785">
                        <ele>0</ele>
                        <time>2022-08-18T05:48:48Z</time>
                                                <extensions>
                            <sog>0.1</sog>
<cog>83.2</cog>
                        </extensions>
                    </trkpt>
                    <trkpt lat="54.40010666666667" lon="10.213693333333334">
                        <ele>0</ele>
                        <time>2022-08-18T05:54:47Z</time>
                                                <extensions>
                            <sog>0.2</sog>
<cog>83.2</cog>
                        </extensions>
                    </trkpt>
                    <trkpt lat="54.40010333333333" lon="10.213728333333334">
                        <ele>0</ele>
                        <time>2022-08-18T06:06:52Z</time>
                                                <extensions>
                            <sog>0.0</sog>
<cog>83.2</cog>
                        </extensions>
                    </trkpt>
                    <trkpt lat="54.40011166666667" lon="10.213788333333333">
                        <ele>0</ele>
                        <time>2022-08-18T06:12:49Z</time>
                                                <extensions>
                            <sog>0.1</sog>
<cog>83.2</cog>
                        </extensions>
                    </trkpt>
                    <trkpt lat="54.400105" lon="10.213780000000002">
                        <ele>0</ele>
                        <time>2022-08-18T06:18:47Z</time>
                                                <extensions>
                            <sog>0.1</sog>
<cog>83.2</cog>
                        </extensions>
                    </trkpt>
                    <trkpt lat="54.40015833333334" lon="10.213763333333333">
                        <ele>0</ele>
                        <time>2022-08-18T06:24:47Z</time>
                                                <extensions>
                            <sog>0.0</sog>
<cog>83.2</cog>
                        </extensions>
                    </trkpt>
                    <trkpt lat="54.40013333333333" lon="10.213736666666668">
                        <ele>0</ele>
                        <time>2022-08-18T06:27:50Z</time>
                                                <extensions>
                            <sog>0.1</sog>
<cog>83.2</cog>
                        </extensions>
                    </trkpt>
                    <trkpt lat="54.40013666666667" lon="10.213743333333333">
                        <ele>0</ele>
                        <time>2022-08-18T06:33:47Z</time>
                                                <extensions>
                            <sog>0.1</sog>
<cog>83.2</cog>
                        </extensions>
                    </trkpt>
                    <trkpt lat="54.40013666666667" lon="10.21372">
                        <ele>0</ele>
                        <time>2022-08-18T06:36:47Z</time>
                                                <extensions>
                            <sog>0.1</sog>
<cog>83.2</cog>
                        </extensions>
                    </trkpt>
                    <trkpt lat="54.400128333333335" lon="10.213778333333332">
                        <ele>0</ele>
                        <time>2022-08-18T06:39:47Z</time>
                                                <extensions>
                            <sog>0.0</sog>
<cog>83.2</cog>
                        </extensions>
                    </trkpt>
                    <trkpt lat="54.40015166666667" lon="10.213768333333332">
                        <ele>0</ele>
                        <time>2022-08-18T06:42:47Z</time>
                                                <extensions>
                            <sog>0.1</sog>
<cog>83.2</cog>
                        </extensions>
                    </trkpt>
                    <trkpt lat="54.40012" lon="10.213751666666667">
                        <ele>0</ele>
                        <time>2022-08-18T06:45:47Z</time>
                                                <extensions>
                            <sog>0.1</sog>
<cog>83.2</cog>
                        </extensions>
                    </trkpt>
                    <trkpt lat="54.40014333333333" lon="10.213728333333334">
                        <ele>0</ele>
                        <time>2022-08-18T06:48:49Z</time>
                                                <extensions>
                            <sog>0.0</sog>
<cog>83.2</cog>
                        </extensions>
                    </trkpt>
                    <trkpt lat="54.40013666666667" lon="10.213765">
                        <ele>0</ele>
                        <time>2022-08-18T06:51:47Z</time>
                                                <extensions>
                            <sog>0.1</sog>
<cog>83.2</cog>
                        </extensions>
                    </trkpt>
                    <trkpt lat="54.40010666666667" lon="10.213754999999999">
                        <ele>0</ele>
                        <time>2022-08-18T06:54:47Z</time>
                                                <extensions>
                            <sog>0.1</sog>
<cog>83.2</cog>
                        </extensions>
                    </trkpt>
                    <trkpt lat="54.400101666666664" lon="10.213783333333334">
                        <ele>0</ele>
                        <time>2022-08-18T06:57:49Z</time>
                                                <extensions>
                            <sog>0.0</sog>
<cog>83.2</cog>
                        </extensions>
                    </trkpt>
                    <trkpt lat="54.400125" lon="10.213748333333333">
                        <ele>0</ele>
                        <time>2022-08-18T07:00:50Z</time>
                                                <extensions>
                            <sog>0.1</sog>
<cog>83.2</cog>
                        </extensions>
                    </trkpt>
                    <trkpt lat="54.400125" lon="10.213748333333333">
                        <ele>0</ele>
                        <time>2022-08-18T07:00:50Z</time>
                                                <extensions>
                            <sog>0.1</sog>
<cog>83.2</cog>
                        </extensions>
                    </trkpt>
                    <trkpt lat="54.40015666666667" lon="10.213799999999999">
                        <ele>0</ele>
                        <time>2022-08-18T07:06:47Z</time>
                                                <extensions>
                            <sog>0.1</sog>
<cog>83.2</cog>
                        </extensions>
                    </trkpt>
                    <trkpt lat="54.40013833333333" lon="10.213775">
                        <ele>0</ele>
                        <time>2022-08-18T07:12:47Z</time>
                                                <extensions>
                            <sog>0.0</sog>
<cog>83.2</cog>
                        </extensions>
                    </trkpt>
                    <trkpt lat="54.40010666666667" lon="10.213785">
                        <ele>0</ele>
                        <time>2022-08-18T07:18:49Z</time>
                                                <extensions>
                            <sog>0.0</sog>
<cog>83.2</cog>
                        </extensions>
                    </trkpt>
                    <trkpt lat="54.40011333333334" lon="10.213803333333335">
                        <ele>0</ele>
                        <time>2022-08-18T07:21:47Z</time>
                                                <extensions>
                            <sog>0.0</sog>
<cog>83.2</cog>
                        </extensions>
                    </trkpt>
                    <trkpt lat="54.40011666666667" lon="10.213756666666665">
                        <ele>0</ele>
                        <time>2022-08-18T07:27:50Z</time>
                                                <extensions>
                            <sog>0.0</sog>
<cog>83.2</cog>
                        </extensions>
                    </trkpt>
                    <trkpt lat="54.40012" lon="10.213771666666666">
                        <ele>0</ele>
                        <time>2022-08-18T07:36:47Z</time>
                                                <extensions>
                            <sog>0.0</sog>
<cog>83.2</cog>
                        </extensions>
                    </trkpt>
                    <trkpt lat="54.400125" lon="10.213745">
                        <ele>0</ele>
                        <time>2022-08-18T07:39:47Z</time>
                                                <extensions>
                            <sog>0.0</sog>
<cog>83.2</cog>
                        </extensions>
                    </trkpt>
                    <trkpt lat="54.40011166666667" lon="10.213775">
                        <ele>0</ele>
                        <time>2022-08-18T07:42:47Z</time>
                                                <extensions>
                            <sog>0.0</sog>
<cog>83.2</cog>
                        </extensions>
                    </trkpt>
                    <trkpt lat="54.40014333333333" lon="10.213763333333333">
                        <ele>0</ele>
                        <time>2022-08-18T07:48:48Z</time>
                                                <extensions>
                            <sog>0.0</sog>
<cog>83.2</cog>
                        </extensions>
                    </trkpt>
                    <trkpt lat="54.40017833333333" lon="10.21373">
                        <ele>0</ele>
                        <time>2022-08-18T07:51:49Z</time>
                                                <extensions>
                            <sog>0.0</sog>
<cog>83.2</cog>
                        </extensions>
                    </trkpt>
                    <trkpt lat="54.40013" lon="10.213746666666667">
                        <ele>0</ele>
                        <time>2022-08-18T07:54:47Z</time>
                                                <extensions>
                            <sog>0.0</sog>
<cog>83.2</cog>
                        </extensions>
                    </trkpt>
                    <trkpt lat="54.40011166666667" lon="10.213801666666665">
                        <ele>0</ele>
                        <time>2022-08-18T08:00:48Z</time>
                                                <extensions>
                            <sog>0.1</sog>
<cog>83.2</cog>
                        </extensions>
                    </trkpt>
                    <trkpt lat="54.40011166666667" lon="10.213801666666665">
                        <ele>0</ele>
                        <time>2022-08-18T08:00:48Z</time>
                                                <extensions>
                            <sog>0.1</sog>
<cog>83.2</cog>
                        </extensions>
                    </trkpt>
                    <trkpt lat="54.40014166666666" lon="10.213776666666666">
                        <ele>0</ele>
                        <time>2022-08-18T08:03:48Z</time>
                                                <extensions>
                            <sog>0.0</sog>
<cog>83.2</cog>
                        </extensions>
                    </trkpt>
                    <trkpt lat="54.40018" lon="10.213725">
                        <ele>0</ele>
                        <time>2022-08-18T08:09:48Z</time>
                                                <extensions>
                            <sog>0.2</sog>
<cog>83.2</cog>
                        </extensions>
                    </trkpt>
                    <trkpt lat="54.40012333333333" lon="10.21376">
                        <ele>0</ele>
                        <time>2022-08-18T08:12:51Z</time>
                                                <extensions>
                            <sog>0.0</sog>
<cog>83.2</cog>
                        </extensions>
                    </trkpt>
                    <trkpt lat="54.400099999999995" lon="10.213791666666667">
                        <ele>0</ele>
                        <time>2022-08-18T08:15:48Z</time>
                                                <extensions>
                            <sog>0.0</sog>
<cog>83.2</cog>
                        </extensions>
                    </trkpt>
                    <trkpt lat="54.40013" lon="10.21377">
                        <ele>0</ele>
                        <time>2022-08-18T08:18:48Z</time>
                                                <extensions>
                            <sog>0.0</sog>
<cog>83.2</cog>
                        </extensions>
                    </trkpt>
                    <trkpt lat="54.400135" lon="10.21377">
                        <ele>0</ele>
                        <time>2022-08-18T08:21:47Z</time>
                                                <extensions>
                            <sog>0.0</sog>
<cog>83.2</cog>
                        </extensions>
                    </trkpt>
                    <trkpt lat="54.40011666666667" lon="10.213766666666666">
                        <ele>0</ele>
                        <time>2022-08-18T08:24:47Z</time>
                                                <extensions>
                            <sog>0.0</sog>
<cog>83.2</cog>
                        </extensions>
                    </trkpt>
                    <trkpt lat="54.400125" lon="10.213768333333332">
                        <ele>0</ele>
                        <time>2022-08-18T08:27:47Z</time>
                                                <extensions>
                            <sog>0.0</sog>
<cog>83.2</cog>
                        </extensions>
                    </trkpt>
                    <trkpt lat="54.40014" lon="10.213748333333333">
                        <ele>0</ele>
                        <time>2022-08-18T08:30:51Z</time>
                                                <extensions>
                            <sog>0.1</sog>
<cog>83.2</cog>
                        </extensions>
                    </trkpt>
                    <trkpt lat="54.40012333333333" lon="10.213766666666666">
                        <ele>0</ele>
                        <time>2022-08-18T08:36:47Z</time>
                                                <extensions>
                            <sog>0.0</sog>
<cog>83.2</cog>
                        </extensions>
                    </trkpt>
                    <trkpt lat="54.400126666666665" lon="10.213773333333334">
                        <ele>0</ele>
                        <time>2022-08-18T08:42:49Z</time>
                                                <extensions>
                            <sog>0.0</sog>
<cog>83.2</cog>
                        </extensions>
                    </trkpt>
                    <trkpt lat="54.40011666666667" lon="10.213791666666667">
                        <ele>0</ele>
                        <time>2022-08-18T08:45:47Z</time>
                                                <extensions>
                            <sog>0.0</sog>
<cog>83.2</cog>
                        </extensions>
                    </trkpt>
                    <trkpt lat="54.400135" lon="10.213771666666666">
                        <ele>0</ele>
                        <time>2022-08-18T08:48:48Z</time>
                                                <extensions>
                            <sog>0.0</sog>
<cog>83.2</cog>
                        </extensions>
                    </trkpt>
                    <trkpt lat="54.40013333333333" lon="10.21377">
                        <ele>0</ele>
                        <time>2022-08-18T08:51:47Z</time>
                                                <extensions>
                            <sog>0.0</sog>
<cog>83.2</cog>
                        </extensions>
                    </trkpt>
                    <trkpt lat="54.40014" lon="10.213761666666667">
                        <ele>0</ele>
                        <time>2022-08-18T08:54:47Z</time>
                                                <extensions>
                            <sog>0.0</sog>
<cog>83.2</cog>
                        </extensions>
                    </trkpt>
                    <trkpt lat="54.40013166666667" lon="10.213788333333333">
                        <ele>0</ele>
                        <time>2022-08-18T08:57:47Z</time>
                                                <extensions>
                            <sog>0.0</sog>
<cog>83.2</cog>
                        </extensions>
                    </trkpt>
                    <trkpt lat="54.40013666666667" lon="10.213778333333332">
                        <ele>0</ele>
                        <time>2022-08-18T09:00:47Z</time>
                                                <extensions>
                            <sog>0.0</sog>
<cog>83.2</cog>
                        </extensions>
                    </trkpt>
                    <trkpt lat="54.40013666666667" lon="10.213778333333332">
                        <ele>0</ele>
                        <time>2022-08-18T09:00:47Z</time>
                                                <extensions>
                            <sog>0.0</sog>
<cog>83.2</cog>
                        </extensions>
                    </trkpt>
                    <trkpt lat="54.40013333333333" lon="10.213780000000002">
                        <ele>0</ele>
                        <time>2022-08-18T09:03:47Z</time>
                                                <extensions>
                            <sog>0.0</sog>
<cog>83.2</cog>
                        </extensions>
                    </trkpt>
                    <trkpt lat="54.40014" lon="10.213783333333334">
                        <ele>0</ele>
                        <time>2022-08-18T09:06:47Z</time>
                                                <extensions>
                            <sog>0.0</sog>
<cog>83.2</cog>
                        </extensions>
                    </trkpt>
                    <trkpt lat="54.400105" lon="10.213780000000002">
                        <ele>0</ele>
                        <time>2022-08-18T09:09:50Z</time>
                                                <extensions>
                            <sog>0.0</sog>
<cog>83.2</cog>
                        </extensions>
                    </trkpt>
                    <trkpt lat="54.400105" lon="10.213786666666666">
                        <ele>0</ele>
                        <time>2022-08-18T09:12:49Z</time>
                                                <extensions>
                            <sog>0.0</sog>
<cog>83.2</cog>
                        </extensions>
                    </trkpt>
                    <trkpt lat="54.400150000000004" lon="10.213750000000001">
                        <ele>0</ele>
                        <time>2022-08-18T09:15:47Z</time>
                                                <extensions>
                            <sog>0.0</sog>
<cog>83.2</cog>
                        </extensions>
                    </trkpt>
                    <trkpt lat="54.400126666666665" lon="10.213766666666666">
                        <ele>0</ele>
                        <time>2022-08-18T09:18:48Z</time>
                                                <extensions>
                            <sog>0.0</sog>
<cog>83.2</cog>
                        </extensions>
                    </trkpt>
                    <trkpt lat="54.40011666666667" lon="10.213788333333333">
                        <ele>0</ele>
                        <time>2022-08-18T09:24:48Z</time>
                                                <extensions>
                            <sog>0.0</sog>
<cog>83.2</cog>
                        </extensions>
                    </trkpt>
                    <trkpt lat="54.400115" lon="10.213795000000001">
                        <ele>0</ele>
                        <time>2022-08-18T09:30:48Z</time>
                                                <extensions>
                            <sog>0.0</sog>
<cog>83.2</cog>
                        </extensions>
                    </trkpt>
                    <trkpt lat="54.40013" lon="10.213781666666668">
                        <ele>0</ele>
                        <time>2022-08-18T09:33:47Z</time>
                                                <extensions>
                            <sog>0.0</sog>
<cog>83.2</cog>
                        </extensions>
                    </trkpt>
                    <trkpt lat="54.40012333333333" lon="10.213765">
                        <ele>0</ele>
                        <time>2022-08-18T09:42:49Z</time>
                                                <extensions>
                            <sog>0.0</sog>
<cog>83.2</cog>
                        </extensions>
                    </trkpt>
                    <trkpt lat="54.40012166666667" lon="10.213765">
                        <ele>0</ele>
                        <time>2022-08-18T09:48:48Z</time>
                                                <extensions>
                            <sog>0.0</sog>
<cog>83.2</cog>
                        </extensions>
                    </trkpt>
                    <trkpt lat="54.400128333333335" lon="10.21379">
                        <ele>0</ele>
                        <time>2022-08-18T09:51:48Z</time>
                                                <extensions>
                            <sog>0.0</sog>
<cog>83.2</cog>
                        </extensions>
                    </trkpt>
                    <trkpt lat="54.400110000000005" lon="10.21373">
                        <ele>0</ele>
                        <time>2022-08-18T09:54:48Z</time>
                                                <extensions>
                            <sog>0.0</sog>
<cog>83.2</cog>
                        </extensions>
                    </trkpt>
                    <trkpt lat="54.40009833333333" lon="10.21376">
                        <ele>0</ele>
                        <time>2022-08-18T10:00:47Z</time>
                                                <extensions>
                            <sog>0.0</sog>
<cog>83.2</cog>
                        </extensions>
                    </trkpt>
                    <trkpt lat="54.40009833333333" lon="10.21376">
                        <ele>0</ele>
                        <time>2022-08-18T10:00:47Z</time>
                                                <extensions>
                            <sog>0.0</sog>
<cog>83.2</cog>
                        </extensions>
                    </trkpt>
                    <trkpt lat="54.400128333333335" lon="10.213781666666668">
                        <ele>0</ele>
                        <time>2022-08-18T10:06:47Z</time>
                                                <extensions>
                            <sog>0.0</sog>
<cog>83.2</cog>
                        </extensions>
                    </trkpt>
                    <trkpt lat="54.40012333333333" lon="10.213746666666667">
                        <ele>0</ele>
                        <time>2022-08-18T10:09:50Z</time>
                                                <extensions>
                            <sog>0.0</sog>
<cog>83.2</cog>
                        </extensions>
                    </trkpt>
                    <trkpt lat="54.40013333333333" lon="10.213751666666667">
                        <ele>0</ele>
                        <time>2022-08-18T10:12:47Z</time>
                                                <extensions>
                            <sog>0.0</sog>
<cog>83.2</cog>
                        </extensions>
                    </trkpt>
                    <trkpt lat="54.40013" lon="10.213763333333333">
                        <ele>0</ele>
                        <time>2022-08-18T10:18:48Z</time>
                                                <extensions>
                            <sog>0.0</sog>
<cog>83.2</cog>
                        </extensions>
                    </trkpt>
                    <trkpt lat="54.40014333333333" lon="10.213750000000001">
                        <ele>0</ele>
                        <time>2022-08-18T10:21:47Z</time>
                                                <extensions>
                            <sog>0.0</sog>
<cog>83.2</cog>
                        </extensions>
                    </trkpt>
                    <trkpt lat="54.40011333333334" lon="10.213781666666668">
                        <ele>0</ele>
                        <time>2022-08-18T10:24:48Z</time>
                                                <extensions>
                            <sog>0.1</sog>
<cog>83.2</cog>
                        </extensions>
                    </trkpt>
                    <trkpt lat="54.40010666666667" lon="10.213743333333333">
                        <ele>0</ele>
                        <time>2022-08-18T10:30:47Z</time>
                                                <extensions>
                            <sog>0.0</sog>
<cog>83.2</cog>
                        </extensions>
                    </trkpt>
                    <trkpt lat="54.400085" lon="10.213711666666667">
                        <ele>0</ele>
                        <time>2022-08-18T10:48:49Z</time>
                                                <extensions>
                            <sog>0.0</sog>
<cog>83.2</cog>
                        </extensions>
                    </trkpt>
                    <trkpt lat="54.40009833333333" lon="10.213756666666665">
                        <ele>0</ele>
                        <time>2022-08-18T10:54:48Z</time>
                                                <extensions>
                            <sog>0.0</sog>
<cog>83.2</cog>
                        </extensions>
                    </trkpt>
                    <trkpt lat="54.400095" lon="10.21377">
                        <ele>0</ele>
                        <time>2022-08-18T10:57:47Z</time>
                                                <extensions>
                            <sog>0.0</sog>
<cog>83.2</cog>
                        </extensions>
                    </trkpt>
                    <trkpt lat="54.40011666666667" lon="10.213773333333334">
                        <ele>0</ele>
                        <time>2022-08-18T11:00:47Z</time>
                                                <extensions>
                            <sog>0.0</sog>
<cog>83.2</cog>
                        </extensions>
                    </trkpt>
                    <trkpt lat="54.40011666666667" lon="10.213773333333334">
                        <ele>0</ele>
                        <time>2022-08-18T11:00:47Z</time>
                                                <extensions>
                            <sog>0.0</sog>
<cog>83.2</cog>
                        </extensions>
                    </trkpt>
                    <trkpt lat="54.40009833333333" lon="10.21377">
                        <ele>0</ele>
                        <time>2022-08-18T11:03:47Z</time>
                                                <extensions>
                            <sog>0.0</sog>
<cog>83.2</cog>
                        </extensions>
                    </trkpt>
                    <trkpt lat="54.400115" lon="10.213773333333334">
                        <ele>0</ele>
                        <time>2022-08-18T11:06:47Z</time>
                                                <extensions>
                            <sog>0.0</sog>
<cog>83.2</cog>
                        </extensions>
                    </trkpt>
                    <trkpt lat="54.40013" lon="10.213728333333334">
                        <ele>0</ele>
                        <time>2022-08-18T11:09:49Z</time>
                                                <extensions>
                            <sog>0.0</sog>
<cog>83.2</cog>
                        </extensions>
                    </trkpt>
                    <trkpt lat="54.400128333333335" lon="10.213765">
                        <ele>0</ele>
                        <time>2022-08-18T11:12:49Z</time>
                                                <extensions>
                            <sog>0.1</sog>
<cog>83.2</cog>
                        </extensions>
                    </trkpt>
                    <trkpt lat="54.400125" lon="10.213748333333333">
                        <ele>0</ele>
                        <time>2022-08-18T11:15:49Z</time>
                                                <extensions>
                            <sog>0.0</sog>
<cog>83.2</cog>
                        </extensions>
                    </trkpt>
                    <trkpt lat="54.400125" lon="10.213763333333333">
                        <ele>0</ele>
                        <time>2022-08-18T11:18:49Z</time>
                                                <extensions>
                            <sog>0.0</sog>
<cog>83.2</cog>
                        </extensions>
                    </trkpt>
                    <trkpt lat="54.40011833333333" lon="10.213785">
                        <ele>0</ele>
                        <time>2022-08-18T11:24:50Z</time>
                                                <extensions>
                            <sog>0.0</sog>
<cog>83.2</cog>
                        </extensions>
                    </trkpt>
                    <trkpt lat="54.40013166666667" lon="10.213778333333332">
                        <ele>0</ele>
                        <time>2022-08-18T11:30:47Z</time>
                                                <extensions>
                            <sog>0.0</sog>
<cog>83.2</cog>
                        </extensions>
                    </trkpt>
                    <trkpt lat="54.40011833333333" lon="10.21379">
                        <ele>0</ele>
                        <time>2022-08-18T11:33:47Z</time>
                                                <extensions>
                            <sog>0.0</sog>
<cog>83.2</cog>
                        </extensions>
                    </trkpt>
                    <trkpt lat="54.40013" lon="10.213783333333334">
                        <ele>0</ele>
                        <time>2022-08-18T11:36:49Z</time>
                                                <extensions>
                            <sog>0.0</sog>
<cog>83.2</cog>
                        </extensions>
                    </trkpt>
                    <trkpt lat="54.40014166666666" lon="10.213783333333334">
                        <ele>0</ele>
                        <time>2022-08-18T11:39:47Z</time>
                                                <extensions>
                            <sog>0.0</sog>
<cog>83.2</cog>
                        </extensions>
                    </trkpt>
                    <trkpt lat="54.40013166666667" lon="10.213778333333332">
                        <ele>0</ele>
                        <time>2022-08-18T11:42:49Z</time>
                                                <extensions>
                            <sog>0.1</sog>
<cog>83.2</cog>
                        </extensions>
                    </trkpt>
                    <trkpt lat="54.40014" lon="10.213795000000001">
                        <ele>0</ele>
                        <time>2022-08-18T11:45:47Z</time>
                                                <extensions>
                            <sog>0.0</sog>
<cog>83.2</cog>
                        </extensions>
                    </trkpt>
                    <trkpt lat="54.40014833333333" lon="10.213785">
                        <ele>0</ele>
                        <time>2022-08-18T11:48:47Z</time>
                                                <extensions>
                            <sog>0.1</sog>
<cog>83.2</cog>
                        </extensions>
                    </trkpt>
                    <trkpt lat="54.40013" lon="10.213773333333334">
                        <ele>0</ele>
                        <time>2022-08-18T11:51:47Z</time>
                                                <extensions>
                            <sog>0.0</sog>
<cog>83.2</cog>
                        </extensions>
                    </trkpt>
                    <trkpt lat="54.40013666666667" lon="10.213785">
                        <ele>0</ele>
                        <time>2022-08-18T11:54:49Z</time>
                                                <extensions>
                            <sog>0.1</sog>
<cog>83.2</cog>
                        </extensions>
                    </trkpt>
                    <trkpt lat="54.40013833333333" lon="10.213783333333334">
                        <ele>0</ele>
                        <time>2022-08-18T12:06:47Z</time>
                                                <extensions>
                            <sog>0.2</sog>
<cog>83.2</cog>
                        </extensions>
                    </trkpt>
                    <trkpt lat="54.400135" lon="10.213783333333334">
                        <ele>0</ele>
                        <time>2022-08-18T12:12:48Z</time>
                                                <extensions>
                            <sog>0.0</sog>
<cog>83.2</cog>
                        </extensions>
                    </trkpt>
                    <trkpt lat="54.40013833333333" lon="10.21379">
                        <ele>0</ele>
                        <time>2022-08-18T12:15:49Z</time>
                                                <extensions>
                            <sog>0.0</sog>
<cog>83.2</cog>
                        </extensions>
                    </trkpt>
                    <trkpt lat="54.400144999999995" lon="10.213766666666666">
                        <ele>0</ele>
                        <time>2022-08-18T12:18:47Z</time>
                                                <extensions>
                            <sog>0.0</sog>
<cog>83.2</cog>
                        </extensions>
                    </trkpt>
                    <trkpt lat="54.400135" lon="10.213773333333334">
                        <ele>0</ele>
                        <time>2022-08-18T12:21:47Z</time>
                                                <extensions>
                            <sog>0.0</sog>
<cog>83.2</cog>
                        </extensions>
                    </trkpt>
                    <trkpt lat="54.40013333333333" lon="10.213751666666667">
                        <ele>0</ele>
                        <time>2022-08-18T12:24:53Z</time>
                                                <extensions>
                            <sog>0.0</sog>
<cog>83.2</cog>
                        </extensions>
                    </trkpt>
                    <trkpt lat="54.400135" lon="10.213808333333333">
                        <ele>0</ele>
                        <time>2022-08-18T12:30:47Z</time>
                                                <extensions>
                            <sog>0.0</sog>
<cog>83.2</cog>
                        </extensions>
                    </trkpt>
                    <trkpt lat="54.400128333333335" lon="10.213795000000001">
                        <ele>0</ele>
                        <time>2022-08-18T12:36:48Z</time>
                                                <extensions>
                            <sog>0.0</sog>
<cog>83.2</cog>
                        </extensions>
                    </trkpt>
                    <trkpt lat="54.40012" lon="10.213785">
                        <ele>0</ele>
                        <time>2022-08-18T12:39:48Z</time>
                                                <extensions>
                            <sog>0.0</sog>
<cog>83.2</cog>
                        </extensions>
                    </trkpt>
                    <trkpt lat="54.40011166666667" lon="10.213799999999999">
                        <ele>0</ele>
                        <time>2022-08-18T12:48:49Z</time>
                                                <extensions>
                            <sog>0.0</sog>
<cog>83.2</cog>
                        </extensions>
                    </trkpt>
                    <trkpt lat="54.40012166666667" lon="10.213788333333333">
                        <ele>0</ele>
                        <time>2022-08-18T12:51:49Z</time>
                                                <extensions>
                            <sog>0.0</sog>
<cog>83.2</cog>
                        </extensions>
                    </trkpt>
                    <trkpt lat="54.400105" lon="10.213803333333335">
                        <ele>0</ele>
                        <time>2022-08-18T12:54:48Z</time>
                                                <extensions>
                            <sog>0.0</sog>
<cog>83.2</cog>
                        </extensions>
                    </trkpt>
                    <trkpt lat="54.400115" lon="10.213806666666667">
                        <ele>0</ele>
                        <time>2022-08-18T13:00:47Z</time>
                                                <extensions>
                            <sog>0.0</sog>
<cog>83.2</cog>
                        </extensions>
                    </trkpt>
                    <trkpt lat="54.400115" lon="10.213806666666667">
                        <ele>0</ele>
                        <time>2022-08-18T13:00:47Z</time>
                                                <extensions>
                            <sog>0.0</sog>
<cog>83.2</cog>
                        </extensions>
                    </trkpt>
                    <trkpt lat="54.400101666666664" lon="10.213791666666667">
                        <ele>0</ele>
                        <time>2022-08-18T13:03:47Z</time>
                                                <extensions>
                            <sog>0.0</sog>
<cog>83.2</cog>
                        </extensions>
                    </trkpt>
                    <trkpt lat="54.40011166666667" lon="10.213801666666665">
                        <ele>0</ele>
                        <time>2022-08-18T13:06:47Z</time>
                                                <extensions>
                            <sog>0.0</sog>
<cog>83.2</cog>
                        </extensions>
                    </trkpt>
                    <trkpt lat="54.400101666666664" lon="10.213795000000001">
                        <ele>0</ele>
                        <time>2022-08-18T13:12:49Z</time>
                                                <extensions>
                            <sog>0.1</sog>
<cog>83.2</cog>
                        </extensions>
                    </trkpt>
                    <trkpt lat="54.40009833333333" lon="10.213793333333333">
                        <ele>0</ele>
                        <time>2022-08-18T13:18:49Z</time>
                                                <extensions>
                            <sog>0.0</sog>
<cog>83.2</cog>
                        </extensions>
                    </trkpt>
                    <trkpt lat="54.400095" lon="10.213813333333333">
                        <ele>0</ele>
                        <time>2022-08-18T13:24:48Z</time>
                                                <extensions>
                            <sog>0.0</sog>
<cog>83.2</cog>
                        </extensions>
                    </trkpt>
                    <trkpt lat="54.40007666666667" lon="10.21383">
                        <ele>0</ele>
                        <time>2022-08-18T13:27:48Z</time>
                                                <extensions>
                            <sog>0.0</sog>
<cog>83.2</cog>
                        </extensions>
                    </trkpt>
                    <trkpt lat="54.400099999999995" lon="10.213811666666667">
                        <ele>0</ele>
                        <time>2022-08-18T13:30:48Z</time>
                                                <extensions>
                            <sog>0.0</sog>
<cog>83.2</cog>
                        </extensions>
                    </trkpt>
                    <trkpt lat="54.40012" lon="10.213803333333335">
                        <ele>0</ele>
                        <time>2022-08-18T13:36:48Z</time>
                                                <extensions>
                            <sog>0.0</sog>
<cog>83.2</cog>
                        </extensions>
                    </trkpt>
                    <trkpt lat="54.400115" lon="10.213786666666666">
                        <ele>0</ele>
                        <time>2022-08-18T13:39:47Z</time>
                                                <extensions>
                            <sog>0.0</sog>
<cog>83.2</cog>
                        </extensions>
                    </trkpt>
                    <trkpt lat="54.40011833333333" lon="10.213803333333335">
                        <ele>0</ele>
                        <time>2022-08-18T13:42:47Z</time>
                                                <extensions>
                            <sog>0.0</sog>
<cog>83.2</cog>
                        </extensions>
                    </trkpt>
                    <trkpt lat="54.400115" lon="10.213799999999999">
                        <ele>0</ele>
                        <time>2022-08-18T13:48:49Z</time>
                                                <extensions>
                            <sog>0.0</sog>
<cog>83.2</cog>
                        </extensions>
                    </trkpt>
                    <trkpt lat="54.40011833333333" lon="10.213801666666665">
                        <ele>0</ele>
                        <time>2022-08-18T13:54:48Z</time>
                                                <extensions>
                            <sog>0.1</sog>
<cog>83.2</cog>
                        </extensions>
                    </trkpt>
                    <trkpt lat="54.400126666666665" lon="10.213795000000001">
                        <ele>0</ele>
                        <time>2022-08-18T13:57:48Z</time>
                                                <extensions>
                            <sog>0.0</sog>
<cog>83.2</cog>
                        </extensions>
                    </trkpt>
                    <trkpt lat="54.40014166666666" lon="10.213758333333335">
                        <ele>0</ele>
                        <time>2022-08-18T14:00:47Z</time>
                                                <extensions>
                            <sog>0.0</sog>
<cog>83.2</cog>
                        </extensions>
                    </trkpt>
                    <trkpt lat="54.40014166666666" lon="10.213758333333335">
                        <ele>0</ele>
                        <time>2022-08-18T14:00:47Z</time>
                                                <extensions>
                            <sog>0.0</sog>
<cog>83.2</cog>
                        </extensions>
                    </trkpt>
                    <trkpt lat="54.40013166666667" lon="10.213758333333335">
                        <ele>0</ele>
                        <time>2022-08-18T14:03:48Z</time>
                                                <extensions>
                            <sog>0.0</sog>
<cog>83.2</cog>
                        </extensions>
                    </trkpt>
                    <trkpt lat="54.40011666666667" lon="10.213758333333335">
                        <ele>0</ele>
                        <time>2022-08-18T14:09:47Z</time>
                                                <extensions>
                            <sog>0.0</sog>
<cog>83.2</cog>
                        </extensions>
                    </trkpt>
                    <trkpt lat="54.40012333333333" lon="10.213773333333334">
                        <ele>0</ele>
                        <time>2022-08-18T14:15:48Z</time>
                                                <extensions>
                            <sog>0.0</sog>
<cog>83.2</cog>
                        </extensions>
                    </trkpt>
                    <trkpt lat="54.40013166666667" lon="10.213768333333332">
                        <ele>0</ele>
                        <time>2022-08-18T14:18:48Z</time>
                                                <extensions>
                            <sog>0.0</sog>
<cog>83.2</cog>
                        </extensions>
                    </trkpt>
                    <trkpt lat="54.400135" lon="10.21377">
                        <ele>0</ele>
                        <time>2022-08-18T14:21:47Z</time>
                                                <extensions>
                            <sog>0.1</sog>
<cog>83.2</cog>
                        </extensions>
                    </trkpt>
                    <trkpt lat="54.400155000000005" lon="10.213736666666668">
                        <ele>0</ele>
                        <time>2022-08-18T14:24:48Z</time>
                                                <extensions>
                            <sog>0.0</sog>
<cog>83.2</cog>
                        </extensions>
                    </trkpt>
                    <trkpt lat="54.40013166666667" lon="10.21376">
                        <ele>0</ele>
                        <time>2022-08-18T14:27:47Z</time>
                                                <extensions>
                            <sog>0.0</sog>
<cog>83.2</cog>
                        </extensions>
                    </trkpt>
                    <trkpt lat="54.400099999999995" lon="10.213813333333333">
                        <ele>0</ele>
                        <time>2022-08-18T14:33:47Z</time>
                                                <extensions>
                            <sog>0.0</sog>
<cog>83.2</cog>
                        </extensions>
                    </trkpt>
                    <trkpt lat="54.40009833333333" lon="10.213833333333334">
                        <ele>0</ele>
                        <time>2022-08-18T14:36:47Z</time>
                                                <extensions>
                            <sog>0.1</sog>
<cog>83.2</cog>
                        </extensions>
                    </trkpt>
                    <trkpt lat="54.40012333333333" lon="10.213805">
                        <ele>0</ele>
                        <time>2022-08-18T14:42:47Z</time>
                                                <extensions>
                            <sog>0.1</sog>
<cog>83.2</cog>
                        </extensions>
                    </trkpt>
                    <trkpt lat="54.40011666666667" lon="10.213795000000001">
                        <ele>0</ele>
                        <time>2022-08-18T14:48:47Z</time>
                                                <extensions>
                            <sog>0.1</sog>
<cog>83.2</cog>
                        </extensions>
                    </trkpt>
                    <trkpt lat="54.40010333333333" lon="10.213803333333335">
                        <ele>0</ele>
                        <time>2022-08-18T14:51:47Z</time>
                                                <extensions>
                            <sog>0.0</sog>
<cog>83.2</cog>
                        </extensions>
                    </trkpt>
                    <trkpt lat="54.40009666666666" lon="10.213799999999999">
                        <ele>0</ele>
                        <time>2022-08-18T14:54:47Z</time>
                                                <extensions>
                            <sog>0.0</sog>
<cog>83.2</cog>
                        </extensions>
                    </trkpt>
                    <trkpt lat="54.400105" lon="10.213793333333333">
                        <ele>0</ele>
                        <time>2022-08-18T15:00:48Z</time>
                                                <extensions>
                            <sog>0.1</sog>
<cog>83.2</cog>
                        </extensions>
                    </trkpt>
                    <trkpt lat="54.400105" lon="10.213793333333333">
                        <ele>0</ele>
                        <time>2022-08-18T15:00:48Z</time>
                                                <extensions>
                            <sog>0.1</sog>
<cog>83.2</cog>
                        </extensions>
                    </trkpt>
                    <trkpt lat="54.40010333333333" lon="10.213745">
                        <ele>0</ele>
                        <time>2022-08-18T15:06:49Z</time>
                                                <extensions>
                            <sog>0.0</sog>
<cog>83.2</cog>
                        </extensions>
                    </trkpt>
                    <trkpt lat="54.400108333333336" lon="10.213773333333334">
                        <ele>0</ele>
                        <time>2022-08-18T15:12:50Z</time>
                                                <extensions>
                            <sog>0.0</sog>
<cog>83.2</cog>
                        </extensions>
                    </trkpt>
                    <trkpt lat="54.400108333333336" lon="10.213785">
                        <ele>0</ele>
                        <time>2022-08-18T15:15:49Z</time>
                                                <extensions>
                            <sog>0.0</sog>
<cog>83.2</cog>
                        </extensions>
                    </trkpt>
                    <trkpt lat="54.40009666666666" lon="10.213815">
                        <ele>0</ele>
                        <time>2022-08-18T15:24:48Z</time>
                                                <extensions>
                            <sog>0.1</sog>
<cog>83.2</cog>
                        </extensions>
                    </trkpt>
                    <trkpt lat="54.40011333333334" lon="10.213773333333334">
                        <ele>0</ele>
                        <time>2022-08-18T15:27:48Z</time>
                                                <extensions>
                            <sog>0.1</sog>
<cog>83.2</cog>
                        </extensions>
                    </trkpt>
                    <trkpt lat="54.400115" lon="10.213785">
                        <ele>0</ele>
                        <time>2022-08-18T15:30:48Z</time>
                                                <extensions>
                            <sog>0.1</sog>
<cog>83.2</cog>
                        </extensions>
                    </trkpt>
                    <trkpt lat="54.400125" lon="10.213771666666666">
                        <ele>0</ele>
                        <time>2022-08-18T15:33:49Z</time>
                                                <extensions>
                            <sog>0.0</sog>
<cog>83.2</cog>
                        </extensions>
                    </trkpt>
                    <trkpt lat="54.400126666666665" lon="10.213788333333333">
                        <ele>0</ele>
                        <time>2022-08-18T15:36:48Z</time>
                                                <extensions>
                            <sog>0.0</sog>
<cog>83.2</cog>
                        </extensions>
                    </trkpt>
                    <trkpt lat="54.400115" lon="10.213786666666666">
                        <ele>0</ele>
                        <time>2022-08-18T15:39:49Z</time>
                                                <extensions>
                            <sog>0.0</sog>
<cog>83.2</cog>
                        </extensions>
                    </trkpt>
                    <trkpt lat="54.40012333333333" lon="10.213799999999999">
                        <ele>0</ele>
                        <time>2022-08-18T15:42:47Z</time>
                                                <extensions>
                            <sog>0.0</sog>
<cog>83.2</cog>
                        </extensions>
                    </trkpt>
                    <trkpt lat="54.400108333333336" lon="10.213785">
                        <ele>0</ele>
                        <time>2022-08-18T15:51:47Z</time>
                                                <extensions>
                            <sog>0.0</sog>
<cog>83.2</cog>
                        </extensions>
                    </trkpt>
                    <trkpt lat="54.400110000000005" lon="10.213806666666667">
                        <ele>0</ele>
                        <time>2022-08-18T15:54:47Z</time>
                                                <extensions>
                            <sog>0.0</sog>
<cog>83.2</cog>
                        </extensions>
                    </trkpt>
                    <trkpt lat="54.400115" lon="10.213780000000002">
                        <ele>0</ele>
                        <time>2022-08-18T15:57:49Z</time>
                                                <extensions>
                            <sog>0.0</sog>
<cog>83.2</cog>
                        </extensions>
                    </trkpt>
                    <trkpt lat="54.40012" lon="10.213773333333334">
                        <ele>0</ele>
                        <time>2022-08-18T16:00:48Z</time>
                                                <extensions>
                            <sog>0.0</sog>
<cog>83.2</cog>
                        </extensions>
                    </trkpt>
                    <trkpt lat="54.40012" lon="10.213773333333334">
                        <ele>0</ele>
                        <time>2022-08-18T16:00:48Z</time>
                                                <extensions>
                            <sog>0.0</sog>
<cog>83.2</cog>
                        </extensions>
                    </trkpt>
                    <trkpt lat="54.400125" lon="10.213780000000002">
                        <ele>0</ele>
                        <time>2022-08-18T16:03:48Z</time>
                                                <extensions>
                            <sog>0.0</sog>
<cog>83.2</cog>
                        </extensions>
                    </trkpt>
                    <trkpt lat="54.40011833333333" lon="10.21379">
                        <ele>0</ele>
                        <time>2022-08-18T16:06:49Z</time>
                                                <extensions>
                            <sog>0.0</sog>
<cog>83.2</cog>
                        </extensions>
                    </trkpt>
                    <trkpt lat="54.400126666666665" lon="10.213778333333332">
                        <ele>0</ele>
                        <time>2022-08-18T16:12:47Z</time>
                                                <extensions>
                            <sog>0.0</sog>
<cog>83.2</cog>
                        </extensions>
                    </trkpt>
                    <trkpt lat="54.40012333333333" lon="10.213795000000001">
                        <ele>0</ele>
                        <time>2022-08-18T16:18:48Z</time>
                                                <extensions>
                            <sog>0.0</sog>
<cog>83.2</cog>
                        </extensions>
                    </trkpt>
                    <trkpt lat="54.400126666666665" lon="10.213795000000001">
                        <ele>0</ele>
                        <time>2022-08-18T16:24:48Z</time>
                                                <extensions>
                            <sog>0.0</sog>
<cog>83.2</cog>
                        </extensions>
                    </trkpt>
                    <trkpt lat="54.40012333333333" lon="10.213795000000001">
                        <ele>0</ele>
                        <time>2022-08-18T16:27:48Z</time>
                                                <extensions>
                            <sog>0.0</sog>
<cog>83.2</cog>
                        </extensions>
                    </trkpt>
                    <trkpt lat="54.40011833333333" lon="10.213778333333332">
                        <ele>0</ele>
                        <time>2022-08-18T16:30:48Z</time>
                                                <extensions>
                            <sog>0.0</sog>
<cog>83.2</cog>
                        </extensions>
                    </trkpt>
                    <trkpt lat="54.40013166666667" lon="10.213786666666666">
                        <ele>0</ele>
                        <time>2022-08-18T16:36:47Z</time>
                                                <extensions>
                            <sog>0.0</sog>
<cog>83.2</cog>
                        </extensions>
                    </trkpt>
                    <trkpt lat="54.40014833333333" lon="10.213765">
                        <ele>0</ele>
                        <time>2022-08-18T16:39:47Z</time>
                                                <extensions>
                            <sog>0.0</sog>
<cog>83.2</cog>
                        </extensions>
                    </trkpt>
                    <trkpt lat="54.400128333333335" lon="10.213786666666666">
                        <ele>0</ele>
                        <time>2022-08-18T16:42:48Z</time>
                                                <extensions>
                            <sog>0.0</sog>
<cog>83.2</cog>
                        </extensions>
                    </trkpt>
                    <trkpt lat="54.40012166666667" lon="10.213768333333332">
                        <ele>0</ele>
                        <time>2022-08-18T16:45:47Z</time>
                                                <extensions>
                            <sog>0.0</sog>
<cog>83.2</cog>
                        </extensions>
                    </trkpt>
                    <trkpt lat="54.40014166666666" lon="10.213766666666666">
                        <ele>0</ele>
                        <time>2022-08-18T16:48:48Z</time>
                                                <extensions>
                            <sog>0.0</sog>
<cog>83.2</cog>
                        </extensions>
                    </trkpt>
                    <trkpt lat="54.40012333333333" lon="10.21377">
                        <ele>0</ele>
                        <time>2022-08-18T17:00:48Z</time>
                                                <extensions>
                            <sog>0.0</sog>
<cog>83.2</cog>
                        </extensions>
                    </trkpt>
                    <trkpt lat="54.40012333333333" lon="10.21377">
                        <ele>0</ele>
                        <time>2022-08-18T17:00:48Z</time>
                                                <extensions>
                            <sog>0.0</sog>
<cog>83.2</cog>
                        </extensions>
                    </trkpt>
                    <trkpt lat="54.40013333333333" lon="10.213765">
                        <ele>0</ele>
                        <time>2022-08-18T17:03:48Z</time>
                                                <extensions>
                            <sog>0.0</sog>
<cog>83.2</cog>
                        </extensions>
                    </trkpt>
                    <trkpt lat="54.40014166666666" lon="10.213780000000002">
                        <ele>0</ele>
                        <time>2022-08-18T17:06:51Z</time>
                                                <extensions>
                            <sog>0.0</sog>
<cog>83.2</cog>
                        </extensions>
                    </trkpt>
                    <trkpt lat="54.40011333333334" lon="10.213793333333333">
                        <ele>0</ele>
                        <time>2022-08-18T17:12:48Z</time>
                                                <extensions>
                            <sog>0.0</sog>
<cog>83.2</cog>
                        </extensions>
                    </trkpt>
                    <trkpt lat="54.400128333333335" lon="10.21376">
                        <ele>0</ele>
                        <time>2022-08-18T17:15:48Z</time>
                                                <extensions>
                            <sog>0.0</sog>
<cog>83.2</cog>
                        </extensions>
                    </trkpt>
                    <trkpt lat="54.40011333333334" lon="10.213788333333333">
                        <ele>0</ele>
                        <time>2022-08-18T17:18:47Z</time>
                                                <extensions>
                            <sog>0.1</sog>
<cog>83.2</cog>
                        </extensions>
                    </trkpt>
                    <trkpt lat="54.40013166666667" lon="10.213799999999999">
                        <ele>0</ele>
                        <time>2022-08-18T17:21:48Z</time>
                                                <extensions>
                            <sog>0.0</sog>
<cog>83.2</cog>
                        </extensions>
                    </trkpt>
                    <trkpt lat="54.40011333333334" lon="10.213791666666667">
                        <ele>0</ele>
                        <time>2022-08-18T17:24:47Z</time>
                                                <extensions>
                            <sog>0.0</sog>
<cog>83.2</cog>
                        </extensions>
                    </trkpt>
                    <trkpt lat="54.400125" lon="10.213785">
                        <ele>0</ele>
                        <time>2022-08-18T17:27:48Z</time>
                                                <extensions>
                            <sog>0.1</sog>
<cog>83.2</cog>
                        </extensions>
                    </trkpt>
                    <trkpt lat="54.400126666666665" lon="10.213763333333333">
                        <ele>0</ele>
                        <time>2022-08-18T17:30:49Z</time>
                                                <extensions>
                            <sog>0.0</sog>
<cog>83.2</cog>
                        </extensions>
                    </trkpt>
                    <trkpt lat="54.40012166666667" lon="10.213788333333333">
                        <ele>0</ele>
                        <time>2022-08-18T17:36:47Z</time>
                                                <extensions>
                            <sog>0.0</sog>
<cog>83.2</cog>
                        </extensions>
                    </trkpt>
                    <trkpt lat="54.40012" lon="10.213768333333332">
                        <ele>0</ele>
                        <time>2022-08-18T17:39:48Z</time>
                                                <extensions>
                            <sog>0.0</sog>
<cog>83.2</cog>
                        </extensions>
                    </trkpt>
                    <trkpt lat="54.40012333333333" lon="10.213765">
                        <ele>0</ele>
                        <time>2022-08-18T17:42:47Z</time>
                                                <extensions>
                            <sog>0.0</sog>
<cog>83.2</cog>
                        </extensions>
                    </trkpt>
                    <trkpt lat="54.40013833333333" lon="10.213786666666666">
                        <ele>0</ele>
                        <time>2022-08-18T17:45:47Z</time>
                                                <extensions>
                            <sog>0.0</sog>
<cog>83.2</cog>
                        </extensions>
                    </trkpt>
                    <trkpt lat="54.400171666666665" lon="10.213811666666667">
                        <ele>0</ele>
                        <time>2022-08-18T17:48:47Z</time>
                                                <extensions>
                            <sog>0.0</sog>
<cog>83.2</cog>
                        </extensions>
                    </trkpt>
                    <trkpt lat="54.400150000000004" lon="10.21377">
                        <ele>0</ele>
                        <time>2022-08-18T17:51:47Z</time>
                                                <extensions>
                            <sog>0.1</sog>
<cog>83.2</cog>
                        </extensions>
                    </trkpt>
                    <trkpt lat="54.40016833333333" lon="10.213793333333333">
                        <ele>0</ele>
                        <time>2022-08-18T17:54:49Z</time>
                                                <extensions>
                            <sog>0.1</sog>
<cog>83.2</cog>
                        </extensions>
                    </trkpt>
                    <trkpt lat="54.40013166666667" lon="10.213756666666665">
                        <ele>0</ele>
                        <time>2022-08-18T17:57:47Z</time>
                                                <extensions>
                            <sog>0.1</sog>
<cog>83.2</cog>
                        </extensions>
                    </trkpt>
                    <trkpt lat="54.400128333333335" lon="10.213816666666666">
                        <ele>0</ele>
                        <time>2022-08-18T18:00:47Z</time>
                                                <extensions>
                            <sog>0.1</sog>
<cog>83.2</cog>
                        </extensions>
                    </trkpt>
                    <trkpt lat="54.400128333333335" lon="10.213816666666666">
                        <ele>0</ele>
                        <time>2022-08-18T18:00:47Z</time>
                                                <extensions>
                            <sog>0.1</sog>
<cog>83.2</cog>
                        </extensions>
                    </trkpt>
                    <trkpt lat="54.40012166666667" lon="10.213793333333333">
                        <ele>0</ele>
                        <time>2022-08-18T18:03:48Z</time>
                                                <extensions>
                            <sog>0.0</sog>
<cog>83.2</cog>
                        </extensions>
                    </trkpt>
                    <trkpt lat="54.400110000000005" lon="10.213783333333334">
                        <ele>0</ele>
                        <time>2022-08-18T18:12:49Z</time>
                                                <extensions>
                            <sog>0.1</sog>
<cog>83.2</cog>
                        </extensions>
                    </trkpt>
                    <trkpt lat="54.400126666666665" lon="10.213778333333332">
                        <ele>0</ele>
                        <time>2022-08-18T18:15:48Z</time>
                                                <extensions>
                            <sog>0.0</sog>
<cog>83.2</cog>
                        </extensions>
                    </trkpt>
                    <trkpt lat="54.400105" lon="10.213778333333332">
                        <ele>0</ele>
                        <time>2022-08-18T18:18:47Z</time>
                                                <extensions>
                            <sog>0.0</sog>
<cog>83.2</cog>
                        </extensions>
                    </trkpt>
                    <trkpt lat="54.40011666666667" lon="10.21377">
                        <ele>0</ele>
                        <time>2022-08-18T18:24:47Z</time>
                                                <extensions>
                            <sog>0.0</sog>
<cog>83.2</cog>
                        </extensions>
                    </trkpt>
                    <trkpt lat="54.40013833333333" lon="10.213761666666667">
                        <ele>0</ele>
                        <time>2022-08-18T18:27:50Z</time>
                                                <extensions>
                            <sog>0.0</sog>
<cog>83.2</cog>
                        </extensions>
                    </trkpt>
                    <trkpt lat="54.40010666666667" lon="10.213786666666666">
                        <ele>0</ele>
                        <time>2022-08-18T18:36:47Z</time>
                                                <extensions>
                            <sog>0.0</sog>
<cog>83.2</cog>
                        </extensions>
                    </trkpt>
                    <trkpt lat="54.400099999999995" lon="10.213780000000002">
                        <ele>0</ele>
                        <time>2022-08-18T18:39:47Z</time>
                                                <extensions>
                            <sog>0.1</sog>
<cog>83.2</cog>
                        </extensions>
                    </trkpt>
                    <trkpt lat="54.40011666666667" lon="10.213808333333333">
                        <ele>0</ele>
                        <time>2022-08-18T18:42:50Z</time>
                                                <extensions>
                            <sog>0.1</sog>
<cog>83.2</cog>
                        </extensions>
                    </trkpt>
                    <trkpt lat="54.40011166666667" lon="10.213768333333332">
                        <ele>0</ele>
                        <time>2022-08-18T18:48:47Z</time>
                                                <extensions>
                            <sog>0.0</sog>
<cog>83.2</cog>
                        </extensions>
                    </trkpt>
                    <trkpt lat="54.40014833333333" lon="10.213746666666667">
                        <ele>0</ele>
                        <time>2022-08-18T18:51:47Z</time>
                                                <extensions>
                            <sog>0.1</sog>
<cog>83.2</cog>
                        </extensions>
                    </trkpt>
                    <trkpt lat="54.40014" lon="10.21374">
                        <ele>0</ele>
                        <time>2022-08-18T18:54:48Z</time>
                                                <extensions>
                            <sog>0.1</sog>
<cog>83.2</cog>
                        </extensions>
                    </trkpt>
                    <trkpt lat="54.40011833333333" lon="10.213743333333333">
                        <ele>0</ele>
                        <time>2022-08-18T18:57:48Z</time>
                                                <extensions>
                            <sog>0.0</sog>
<cog>83.2</cog>
                        </extensions>
                    </trkpt>
                    <trkpt lat="54.40013" lon="10.213738333333334">
                        <ele>0</ele>
                        <time>2022-08-18T19:00:47Z</time>
                                                <extensions>
                            <sog>0.0</sog>
<cog>83.2</cog>
                        </extensions>
                    </trkpt>
                    <trkpt lat="54.40013" lon="10.213738333333334">
                        <ele>0</ele>
                        <time>2022-08-18T19:00:47Z</time>
                                                <extensions>
                            <sog>0.0</sog>
<cog>83.2</cog>
                        </extensions>
                    </trkpt>
                    <trkpt lat="54.400126666666665" lon="10.21377">
                        <ele>0</ele>
                        <time>2022-08-18T19:06:47Z</time>
                                                <extensions>
                            <sog>0.0</sog>
<cog>83.2</cog>
                        </extensions>
                    </trkpt>
                    <trkpt lat="54.400115" lon="10.213798333333333">
                        <ele>0</ele>
                        <time>2022-08-18T19:09:49Z</time>
                                                <extensions>
                            <sog>0.0</sog>
<cog>83.2</cog>
                        </extensions>
                    </trkpt>
                    <trkpt lat="54.400128333333335" lon="10.213773333333334">
                        <ele>0</ele>
                        <time>2022-08-18T19:12:47Z</time>
                                                <extensions>
                            <sog>0.0</sog>
<cog>83.2</cog>
                        </extensions>
                    </trkpt>
                    <trkpt lat="54.40015666666667" lon="10.21374">
                        <ele>0</ele>
                        <time>2022-08-18T19:18:48Z</time>
                                                <extensions>
                            <sog>0.0</sog>
<cog>83.2</cog>
                        </extensions>
                    </trkpt>
                    <trkpt lat="54.400110000000005" lon="10.21379">
                        <ele>0</ele>
                        <time>2022-08-18T19:24:47Z</time>
                                                <extensions>
                            <sog>0.0</sog>
<cog>83.2</cog>
                        </extensions>
                    </trkpt>
                    <trkpt lat="54.40010333333333" lon="10.213796666666667">
                        <ele>0</ele>
                        <time>2022-08-18T19:27:47Z</time>
                                                <extensions>
                            <sog>0.1</sog>
<cog>83.2</cog>
                        </extensions>
                    </trkpt>
                    <trkpt lat="54.40010666666667" lon="10.213771666666666">
                        <ele>0</ele>
                        <time>2022-08-18T19:36:47Z</time>
                                                <extensions>
                            <sog>0.0</sog>
<cog>83.2</cog>
                        </extensions>
                    </trkpt>
                    <trkpt lat="54.40012333333333" lon="10.213741666666666">
                        <ele>0</ele>
                        <time>2022-08-18T19:42:50Z</time>
                                                <extensions>
                            <sog>0.0</sog>
<cog>83.2</cog>
                        </extensions>
                    </trkpt>
                    <trkpt lat="54.40014166666666" lon="10.213748333333333">
                        <ele>0</ele>
                        <time>2022-08-18T19:45:47Z</time>
                                                <extensions>
                            <sog>0.0</sog>
<cog>83.2</cog>
                        </extensions>
                    </trkpt>
                    <trkpt lat="54.400153333333336" lon="10.213743333333333">
                        <ele>0</ele>
                        <time>2022-08-18T19:48:47Z</time>
                                                <extensions>
                            <sog>0.0</sog>
<cog>83.2</cog>
                        </extensions>
                    </trkpt>
                    <trkpt lat="54.40015833333334" lon="10.21372">
                        <ele>0</ele>
                        <time>2022-08-18T19:51:49Z</time>
                                                <extensions>
                            <sog>0.0</sog>
<cog>83.2</cog>
                        </extensions>
                    </trkpt>
                    <trkpt lat="54.40009833333333" lon="10.213795000000001">
                        <ele>0</ele>
                        <time>2022-08-18T19:54:47Z</time>
                                                <extensions>
                            <sog>0.0</sog>
<cog>83.2</cog>
                        </extensions>
                    </trkpt>
                    <trkpt lat="54.40012" lon="10.213761666666667">
                        <ele>0</ele>
                        <time>2022-08-18T20:00:48Z</time>
                                                <extensions>
                            <sog>0.1</sog>
<cog>83.2</cog>
                        </extensions>
                    </trkpt>
                    <trkpt lat="54.40012" lon="10.213761666666667">
                        <ele>0</ele>
                        <time>2022-08-18T20:00:48Z</time>
                                                <extensions>
                            <sog>0.1</sog>
<cog>83.2</cog>
                        </extensions>
                    </trkpt>
                    <trkpt lat="54.40013" lon="10.213743333333333">
                        <ele>0</ele>
                        <time>2022-08-18T20:03:47Z</time>
                                                <extensions>
                            <sog>0.0</sog>
<cog>83.2</cog>
                        </extensions>
                    </trkpt>
                    <trkpt lat="54.400128333333335" lon="10.213754999999999">
                        <ele>0</ele>
                        <time>2022-08-18T20:06:48Z</time>
                                                <extensions>
                            <sog>0.0</sog>
<cog>83.2</cog>
                        </extensions>
                    </trkpt>
                    <trkpt lat="54.40011333333334" lon="10.213728333333334">
                        <ele>0</ele>
                        <time>2022-08-18T20:18:47Z</time>
                                                <extensions>
                            <sog>0.0</sog>
<cog>83.2</cog>
                        </extensions>
                    </trkpt>
                    <trkpt lat="54.40013333333333" lon="10.213780000000002">
                        <ele>0</ele>
                        <time>2022-08-18T20:24:47Z</time>
                                                <extensions>
                            <sog>0.1</sog>
<cog>83.2</cog>
                        </extensions>
                    </trkpt>
                    <trkpt lat="54.40011166666667" lon="10.213723333333332">
                        <ele>0</ele>
                        <time>2022-08-18T20:30:48Z</time>
                                                <extensions>
                            <sog>0.1</sog>
<cog>83.2</cog>
                        </extensions>
                    </trkpt>
                    <trkpt lat="54.40008666666667" lon="10.213723333333332">
                        <ele>0</ele>
                        <time>2022-08-18T20:36:50Z</time>
                                                <extensions>
                            <sog>0.0</sog>
<cog>83.2</cog>
                        </extensions>
                    </trkpt>
                    <trkpt lat="54.400110000000005" lon="10.213773333333334">
                        <ele>0</ele>
                        <time>2022-08-18T20:39:48Z</time>
                                                <extensions>
                            <sog>0.1</sog>
<cog>83.2</cog>
                        </extensions>
                    </trkpt>
                    <trkpt lat="54.40011333333334" lon="10.213748333333333">
                        <ele>0</ele>
                        <time>2022-08-18T20:42:47Z</time>
                                                <extensions>
                            <sog>0.0</sog>
<cog>83.2</cog>
                        </extensions>
                    </trkpt>
                    <trkpt lat="54.40013833333333" lon="10.21376">
                        <ele>0</ele>
                        <time>2022-08-18T20:48:47Z</time>
                                                <extensions>
                            <sog>0.1</sog>
<cog>83.2</cog>
                        </extensions>
                    </trkpt>
                    <trkpt lat="54.400126666666665" lon="10.213748333333333">
                        <ele>0</ele>
                        <time>2022-08-18T20:51:47Z</time>
                                                <extensions>
                            <sog>0.0</sog>
<cog>83.2</cog>
                        </extensions>
                    </trkpt>
                    <trkpt lat="54.40011166666667" lon="10.213788333333333">
                        <ele>0</ele>
                        <time>2022-08-18T20:54:47Z</time>
                                                <extensions>
                            <sog>0.0</sog>
<cog>83.2</cog>
                        </extensions>
                    </trkpt>
                    <trkpt lat="54.40011166666667" lon="10.213758333333335">
                        <ele>0</ele>
                        <time>2022-08-18T21:00:48Z</time>
                                                <extensions>
                            <sog>0.0</sog>
<cog>83.2</cog>
                        </extensions>
                    </trkpt>
                    <trkpt lat="54.40011166666667" lon="10.213758333333335">
                        <ele>0</ele>
                        <time>2022-08-18T21:00:48Z</time>
                                                <extensions>
                            <sog>0.0</sog>
<cog>83.2</cog>
                        </extensions>
                    </trkpt>
                    <trkpt lat="54.400126666666665" lon="10.213773333333334">
                        <ele>0</ele>
                        <time>2022-08-18T21:03:47Z</time>
                                                <extensions>
                            <sog>0.1</sog>
<cog>83.2</cog>
                        </extensions>
                    </trkpt>
                    <trkpt lat="54.400125" lon="10.213768333333332">
                        <ele>0</ele>
                        <time>2022-08-18T21:06:48Z</time>
                                                <extensions>
                            <sog>0.0</sog>
<cog>83.2</cog>
                        </extensions>
                    </trkpt>
                    <trkpt lat="54.400126666666665" lon="10.213756666666665">
                        <ele>0</ele>
                        <time>2022-08-18T21:12:48Z</time>
                                                <extensions>
                            <sog>0.0</sog>
<cog>83.2</cog>
                        </extensions>
                    </trkpt>
                    <trkpt lat="54.400115" lon="10.213775">
                        <ele>0</ele>
                        <time>2022-08-18T21:15:47Z</time>
                                                <extensions>
                            <sog>0.0</sog>
<cog>83.2</cog>
                        </extensions>
                    </trkpt>
                    <trkpt lat="54.40011666666667" lon="10.213765">
                        <ele>0</ele>
                        <time>2022-08-18T21:18:47Z</time>
                                                <extensions>
                            <sog>0.0</sog>
<cog>83.2</cog>
                        </extensions>
                    </trkpt>
                    <trkpt lat="54.40012333333333" lon="10.213783333333334">
                        <ele>0</ele>
                        <time>2022-08-18T21:21:50Z</time>
                                                <extensions>
                            <sog>0.0</sog>
<cog>83.2</cog>
                        </extensions>
                    </trkpt>
                    <trkpt lat="54.40012" lon="10.213766666666666">
                        <ele>0</ele>
                        <time>2022-08-18T21:24:47Z</time>
                                                <extensions>
                            <sog>0.0</sog>
<cog>83.2</cog>
                        </extensions>
                    </trkpt>
                    <trkpt lat="54.40011333333334" lon="10.213796666666667">
                        <ele>0</ele>
                        <time>2022-08-18T21:30:48Z</time>
                                                <extensions>
                            <sog>0.0</sog>
<cog>83.2</cog>
                        </extensions>
                    </trkpt>
                    <trkpt lat="54.400110000000005" lon="10.213775">
                        <ele>0</ele>
                        <time>2022-08-18T21:33:47Z</time>
                                                <extensions>
                            <sog>0.0</sog>
<cog>83.2</cog>
                        </extensions>
                    </trkpt>
                    <trkpt lat="54.40013" lon="10.213766666666666">
                        <ele>0</ele>
                        <time>2022-08-18T21:36:48Z</time>
                                                <extensions>
                            <sog>0.0</sog>
<cog>83.2</cog>
                        </extensions>
                    </trkpt>
                    <trkpt lat="54.40010333333333" lon="10.213785">
                        <ele>0</ele>
                        <time>2022-08-18T21:48:49Z</time>
                                                <extensions>
                            <sog>0.0</sog>
<cog>83.2</cog>
                        </extensions>
                    </trkpt>
                    <trkpt lat="54.40011166666667" lon="10.213766666666666">
                        <ele>0</ele>
                        <time>2022-08-18T21:54:49Z</time>
                                                <extensions>
                            <sog>0.0</sog>
<cog>83.2</cog>
                        </extensions>
                    </trkpt>
                    <trkpt lat="54.40011166666667" lon="10.213765">
                        <ele>0</ele>
                        <time>2022-08-18T21:57:49Z</time>
                                                <extensions>
                            <sog>0.0</sog>
<cog>83.2</cog>
                        </extensions>
                    </trkpt>
                    <trkpt lat="54.400125" lon="10.213788333333333">
                        <ele>0</ele>
                        <time>2022-08-18T22:00:49Z</time>
                                                <extensions>
                            <sog>0.1</sog>
<cog>83.2</cog>
                        </extensions>
                    </trkpt>
                    <trkpt lat="54.400125" lon="10.213788333333333">
                        <ele>0</ele>
                        <time>2022-08-18T22:00:49Z</time>
                                                <extensions>
                            <sog>0.1</sog>
<cog>83.2</cog>
                        </extensions>
                    </trkpt>
                    <trkpt lat="54.400135" lon="10.213778333333332">
                        <ele>0</ele>
                        <time>2022-08-18T22:03:48Z</time>
                                                <extensions>
                            <sog>0.0</sog>
<cog>83.2</cog>
                        </extensions>
                    </trkpt>
                    <trkpt lat="54.40013666666667" lon="10.213785">
                        <ele>0</ele>
                        <time>2022-08-18T22:06:47Z</time>
                                                <extensions>
                            <sog>0.0</sog>
<cog>83.2</cog>
                        </extensions>
                    </trkpt>
                    <trkpt lat="54.400128333333335" lon="10.213763333333333">
                        <ele>0</ele>
                        <time>2022-08-18T22:09:48Z</time>
                                                <extensions>
                            <sog>0.0</sog>
<cog>83.2</cog>
                        </extensions>
                    </trkpt>
                    <trkpt lat="54.400108333333336" lon="10.213773333333334">
                        <ele>0</ele>
                        <time>2022-08-18T22:12:49Z</time>
                                                <extensions>
                            <sog>0.0</sog>
<cog>83.2</cog>
                        </extensions>
                    </trkpt>
                    <trkpt lat="54.40011166666667" lon="10.213793333333333">
                        <ele>0</ele>
                        <time>2022-08-18T22:15:48Z</time>
                                                <extensions>
                            <sog>0.0</sog>
<cog>83.2</cog>
                        </extensions>
                    </trkpt>
                    <trkpt lat="54.400110000000005" lon="10.213753333333333">
                        <ele>0</ele>
                        <time>2022-08-18T22:18:49Z</time>
                                                <extensions>
                            <sog>0.0</sog>
<cog>83.2</cog>
                        </extensions>
                    </trkpt>
                    <trkpt lat="54.40013166666667" lon="10.213771666666666">
                        <ele>0</ele>
                        <time>2022-08-18T22:24:47Z</time>
                                                <extensions>
                            <sog>0.1</sog>
<cog>83.2</cog>
                        </extensions>
                    </trkpt>
                    <trkpt lat="54.400150000000004" lon="10.213736666666668">
                        <ele>0</ele>
                        <time>2022-08-18T22:27:47Z</time>
                                                <extensions>
                            <sog>0.1</sog>
<cog>83.2</cog>
                        </extensions>
                    </trkpt>
                    <trkpt lat="54.40009833333333" lon="10.213748333333333">
                        <ele>0</ele>
                        <time>2022-08-18T22:30:49Z</time>
                                                <extensions>
                            <sog>0.0</sog>
<cog>83.2</cog>
                        </extensions>
                    </trkpt>
                    <trkpt lat="54.400125" lon="10.213765">
                        <ele>0</ele>
                        <time>2022-08-18T22:36:47Z</time>
                                                <extensions>
                            <sog>0.0</sog>
<cog>83.2</cog>
                        </extensions>
                    </trkpt>
                    <trkpt lat="54.40011333333334" lon="10.213745">
                        <ele>0</ele>
                        <time>2022-08-18T22:42:50Z</time>
                                                <extensions>
                            <sog>0.1</sog>
<cog>83.2</cog>
                        </extensions>
                    </trkpt>
                    <trkpt lat="54.40014" lon="10.213786666666666">
                        <ele>0</ele>
                        <time>2022-08-18T22:48:49Z</time>
                                                <extensions>
                            <sog>0.0</sog>
<cog>83.2</cog>
                        </extensions>
                    </trkpt>
                    <trkpt lat="54.40013166666667" lon="10.213766666666666">
                        <ele>0</ele>
                        <time>2022-08-18T22:54:47Z</time>
                                                <extensions>
                            <sog>0.1</sog>
<cog>83.2</cog>
                        </extensions>
                    </trkpt>
                    <trkpt lat="54.400144999999995" lon="10.21376">
                        <ele>0</ele>
                        <time>2022-08-18T23:00:48Z</time>
                                                <extensions>
                            <sog>0.0</sog>
<cog>83.2</cog>
                        </extensions>
                    </trkpt>
                    <trkpt lat="54.400144999999995" lon="10.21376">
                        <ele>0</ele>
                        <time>2022-08-18T23:00:48Z</time>
                                                <extensions>
                            <sog>0.0</sog>
<cog>83.2</cog>
                        </extensions>
                    </trkpt>
                    <trkpt lat="54.400126666666665" lon="10.21379">
                        <ele>0</ele>
                        <time>2022-08-18T23:06:47Z</time>
                                                <extensions>
                            <sog>0.1</sog>
<cog>83.2</cog>
                        </extensions>
                    </trkpt>
                    <trkpt lat="54.40014" lon="10.213798333333333">
                        <ele>0</ele>
                        <time>2022-08-18T23:12:48Z</time>
                                                <extensions>
                            <sog>0.0</sog>
<cog>83.2</cog>
                        </extensions>
                    </trkpt>
                    <trkpt lat="54.400125" lon="10.213776666666666">
                        <ele>0</ele>
                        <time>2022-08-18T23:15:48Z</time>
                                                <extensions>
                            <sog>0.0</sog>
<cog>83.2</cog>
                        </extensions>
                    </trkpt>
                    <trkpt lat="54.40014166666666" lon="10.213766666666666">
                        <ele>0</ele>
                        <time>2022-08-18T23:18:47Z</time>
                                                <extensions>
                            <sog>0.1</sog>
<cog>83.2</cog>
                        </extensions>
                    </trkpt>
                    <trkpt lat="54.400110000000005" lon="10.21381">
                        <ele>0</ele>
                        <time>2022-08-18T23:21:47Z</time>
                                                <extensions>
                            <sog>0.0</sog>
<cog>83.2</cog>
                        </extensions>
                    </trkpt>
                    <trkpt lat="54.40011333333334" lon="10.213833333333334">
                        <ele>0</ele>
                        <time>2022-08-18T23:24:48Z</time>
                                                <extensions>
                            <sog>0.1</sog>
<cog>130.8</cog>
                        </extensions>
                    </trkpt>
                    <trkpt lat="54.40014166666666" lon="10.213788333333333">
                        <ele>0</ele>
                        <time>2022-08-18T23:30:47Z</time>
                                                <extensions>
                            <sog>0.0</sog>
<cog>130.8</cog>
                        </extensions>
                    </trkpt>
                    <trkpt lat="54.400155000000005" lon="10.213761666666667">
                        <ele>0</ele>
                        <time>2022-08-18T23:33:48Z</time>
                                                <extensions>
                            <sog>0.1</sog>
<cog>130.8</cog>
                        </extensions>
                    </trkpt>
                    <trkpt lat="54.400144999999995" lon="10.213753333333333">
                        <ele>0</ele>
                        <time>2022-08-18T23:36:49Z</time>
                                                <extensions>
                            <sog>0.2</sog>
<cog>130.8</cog>
                        </extensions>
                    </trkpt>
                    <trkpt lat="54.400115" lon="10.213778333333332">
                        <ele>0</ele>
                        <time>2022-08-18T23:42:48Z</time>
                                                <extensions>
                            <sog>0.1</sog>
<cog>130.8</cog>
                        </extensions>
                    </trkpt>
                    <trkpt lat="54.40011833333333" lon="10.213780000000002">
                        <ele>0</ele>
                        <time>2022-08-18T23:48:47Z</time>
                                                <extensions>
                            <sog>0.1</sog>
<cog>130.8</cog>
                        </extensions>
                    </trkpt>
                    <trkpt lat="54.400153333333336" lon="10.213761666666667">
                        <ele>0</ele>
                        <time>2022-08-18T23:54:51Z</time>
                                                <extensions>
                            <sog>0.0</sog>
<cog>130.8</cog>
                        </extensions>
                    </trkpt>
                    <trkpt lat="54.40016833333333" lon="10.213796666666667">
                        <ele>0</ele>
                        <time>2022-08-18T23:57:49Z</time>
                                                <extensions>
                            <sog>0.1</sog>
<cog>130.8</cog>
                        </extensions>
                    </trkpt>
                    </trkseg>
                </trk>
</gpx>