<?xml version="1.0" encoding="UTF-8"?>
<gpx version="1.1" creator="AIS-to-GPX Converter" xmlns="http://www.topografix.com/GPX/1/1">
                <trk>
                    <name>anon0415</name>
                    <trkseg>
                                            <trkpt lat="54.366218333333336" lon="10.140616666666666">
                        <ele>0</ele>
                        <time>2022-08-18T00:00:00Z</time>
                                                <extensions>
                            <sog>0.0</sog>
<cog>167.4</cog>
                        </extensions>
                    </trkpt>
                    <trkpt lat="54.366216666666666" lon="10.14062">
                        <ele>0</ele>
                        <time>2022-08-18T00:00:10Z</time>
                                                <extensions>
                            <sog>0.0</sog>
<cog>167.4</cog>
                        </extensions>
                    </trkpt>
                    <trkpt lat="54.366215000000004" lon="10.14062">
                        <ele>0</ele>
                        <time>2022-08-18T00:00:20Z</time>
                                                <extensions>
                            <sog>0.0</sog>
<cog>167.4</cog>
                        </extensions>
                    </trkpt>
                    <trkpt lat="54.366213333333334" lon="10.140623333333334">
                        <ele>0</ele>
                        <time>2022-08-18T00:00:29Z</time>
                                                <extensions>
                            <sog>0.0</sog>
<cog>167.4</cog>
                        </extensions>
                    </trkpt>
                    <trkpt lat="54.36621" lon="10.140613333333333">
                        <ele>0</ele>
                        <time>2022-08-18T00:00:39Z</time>
                                                <extensions>
                            <sog>0.0</sog>
<cog>167.4</cog>
                        </extensions>
                    </trkpt>
                    <trkpt lat="54.366205" lon="10.140601666666667">
                        <ele>0</ele>
                        <time>2022-08-18T00:00:50Z</time>
                                                <extensions>
                            <sog>0.0</sog>
<cog>167.4</cog>
                        </extensions>
                    </trkpt>
                    <trkpt lat="54.36620166666667" lon="10.140598333333333">
                        <ele>0</ele>
                        <time>2022-08-18T00:01:00Z</time>
                                                <extensions>
                            <sog>0.0</sog>
<cog>167.4</cog>
                        </extensions>
                    </trkpt>
                    <trkpt lat="54.192636666666665" lon="9.531726666666666">
                        <ele>0</ele>
                        <time>2022-08-18T19:07:59Z</time>
                                                <extensions>
                            <sog>8.5</sog>
<cog>67.3</cog>
                        </extensions>
                    </trkpt>
                    <trkpt lat="54.19591666666667" lon="9.545404999999999">
                        <ele>0</ele>
                        <time>2022-08-18T19:11:40Z</time>
                                                <extensions>
                            <sog>8.4</sog>
<cog>63.9</cog>
                        </extensions>
                    </trkpt>
                    <trkpt lat="54.196131666666666" lon="9.546121666666666">
                        <ele>0</ele>
                        <time>2022-08-18T19:11:52Z</time>
                                                <extensions>
                            <sog>8.4</sog>
<cog>62.8</cog>
                        </extensions>
                    </trkpt>
                    <trkpt lat="54.19620333333333" lon="9.546356666666666">
                        <ele>0</ele>
                        <time>2022-08-18T19:11:56Z</time>
                                                <extensions>
                            <sog>8.4</sog>
<cog>62.4</cog>
                        </extensions>
                    </trkpt>
                    <trkpt lat="54.196423333333335" lon="9.546975">
                        <ele>0</ele>
                        <time>2022-08-18T19:12:07Z</time>
                                                <extensions>
                            <sog>8.4</sog>
<cog>60.2</cog>
                        </extensions>
                    </trkpt>
                    <trkpt lat="54.197581666666665" lon="9.549803333333333">
                        <ele>0</ele>
                        <time>2022-08-18T19:12:59Z</time>
                                                <extensions>
                            <sog>8.3</sog>
<cog>53.2</cog>
                        </extensions>
                    </trkpt>
                    <trkpt lat="54.19782166666666" lon="9.550323333333333">
                        <ele>0</ele>
                        <time>2022-08-18T19:13:09Z</time>
                                                <extensions>
                            <sog>8.5</sog>
<cog>51.9</cog>
                        </extensions>
                    </trkpt>
                    <trkpt lat="54.207660000000004" lon="9.571593333333334">
                        <ele>0</ele>
                        <time>2022-08-18T19:20:00Z</time>
                                                <extensions>
                            <sog>7.8</sog>
<cog>51.5</cog>
                        </extensions>
                    </trkpt>
                    <trkpt lat="54.208315" lon="9.572975000000001">
                        <ele>0</ele>
                        <time>2022-08-18T19:20:29Z</time>
                                                <extensions>
                            <sog>7.9</sog>
<cog>51.4</cog>
                        </extensions>
                    </trkpt>
                    <trkpt lat="54.208769999999994" lon="9.573929999999999">
                        <ele>0</ele>
                        <time>2022-08-18T19:20:49Z</time>
                                                <extensions>
                            <sog>8.0</sog>
<cog>51.3</cog>
                        </extensions>
                    </trkpt>
                    <trkpt lat="54.29213666666667" lon="9.67435">
                        <ele>0</ele>
                        <time>2022-08-18T20:54:40Z</time>
                                                <extensions>
                            <sog>8.5</sog>
<cog>76.2</cog>
                        </extensions>
                    </trkpt>
                    <trkpt lat="54.292503333333336" lon="9.676918333333333">
                        <ele>0</ele>
                        <time>2022-08-18T20:55:19Z</time>
                                                <extensions>
                            <sog>8.4</sog>
<cog>74.2</cog>
                        </extensions>
                    </trkpt>
                    <trkpt lat="54.29272" lon="9.678278333333333">
                        <ele>0</ele>
                        <time>2022-08-18T20:55:40Z</time>
                                                <extensions>
                            <sog>8.4</sog>
<cog>74.1</cog>
                        </extensions>
                    </trkpt>
                    <trkpt lat="54.29336166666667" lon="9.682073333333333">
                        <ele>0</ele>
                        <time>2022-08-18T20:56:40Z</time>
                                                <extensions>
                            <sog>8.2</sog>
<cog>73.5</cog>
                        </extensions>
                    </trkpt>
                    <trkpt lat="54.293461666666666" lon="9.682688333333335">
                        <ele>0</ele>
                        <time>2022-08-18T20:56:50Z</time>
                                                <extensions>
                            <sog>8.2</sog>
<cog>73.5</cog>
                        </extensions>
                    </trkpt>
                    <trkpt lat="54.294194999999995" lon="9.686978333333334">
                        <ele>0</ele>
                        <time>2022-08-18T20:57:59Z</time>
                                                <extensions>
                            <sog>8.2</sog>
<cog>72.7</cog>
                        </extensions>
                    </trkpt>
                    <trkpt lat="54.294313333333335" lon="9.687605">
                        <ele>0</ele>
                        <time>2022-08-18T20:58:10Z</time>
                                                <extensions>
                            <sog>8.2</sog>
<cog>71.7</cog>
                        </extensions>
                    </trkpt>
                    <trkpt lat="54.29520166666667" lon="9.691921666666667">
                        <ele>0</ele>
                        <time>2022-08-18T20:59:19Z</time>
                                                <extensions>
                            <sog>8.2</sog>
<cog>69.6</cog>
                        </extensions>
                    </trkpt>
                    <trkpt lat="54.32873666666667" lon="9.7246">
                        <ele>0</ele>
                        <time>2022-08-18T21:17:19Z</time>
                                                <extensions>
                            <sog>8.3</sog>
<cog>45.7</cog>
                        </extensions>
                    </trkpt>
                    <trkpt lat="54.33113166666667" lon="9.729123333333332">
                        <ele>0</ele>
                        <time>2022-08-18T21:18:51Z</time>
                                                <extensions>
                            <sog>8.3</sog>
<cog>49.5</cog>
                        </extensions>
                    </trkpt>
                    <trkpt lat="54.33535166666666" lon="9.737566666666668">
                        <ele>0</ele>
                        <time>2022-08-18T21:21:39Z</time>
                                                <extensions>
                            <sog>8.4</sog>
<cog>49.7</cog>
                        </extensions>
                    </trkpt>
                    <trkpt lat="54.33956333333333" lon="9.746126666666667">
                        <ele>0</ele>
                        <time>2022-08-18T21:24:39Z</time>
                                                <extensions>
                            <sog>6.7</sog>
<cog>50.2</cog>
                        </extensions>
                    </trkpt>
                    <trkpt lat="54.340336666666666" lon="9.74776">
                        <ele>0</ele>
                        <time>2022-08-18T21:25:21Z</time>
                                                <extensions>
                            <sog>6.2</sog>
<cog>50.3</cog>
                        </extensions>
                    </trkpt>
                    <trkpt lat="54.341188333333335" lon="9.749491666666668">
                        <ele>0</ele>
                        <time>2022-08-18T21:26:09Z</time>
                                                <extensions>
                            <sog>5.7</sog>
<cog>50.3</cog>
                        </extensions>
                    </trkpt>
                    <trkpt lat="54.34137333333333" lon="9.749858333333332">
                        <ele>0</ele>
                        <time>2022-08-18T21:26:21Z</time>
                                                <extensions>
                            <sog>5.6</sog>
<cog>50.4</cog>
                        </extensions>
                    </trkpt>
                    <trkpt lat="54.341535" lon="9.750203333333333">
                        <ele>0</ele>
                        <time>2022-08-18T21:26:30Z</time>
                                                <extensions>
                            <sog>5.5</sog>
<cog>50.2</cog>
                        </extensions>
                    </trkpt>
                    <trkpt lat="54.34232833333333" lon="9.751838333333334">
                        <ele>0</ele>
                        <time>2022-08-18T21:27:20Z</time>
                                                <extensions>
                            <sog>5.2</sog>
<cog>50.5</cog>
                        </extensions>
                    </trkpt>
                    <trkpt lat="54.34292333333334" lon="9.752999999999998">
                        <ele>0</ele>
                        <time>2022-08-18T21:27:59Z</time>
                                                <extensions>
                            <sog>5.0</sog>
<cog>51.1</cog>
                        </extensions>
                    </trkpt>
                    <trkpt lat="54.343075" lon="9.7533">
                        <ele>0</ele>
                        <time>2022-08-18T21:28:09Z</time>
                                                <extensions>
                            <sog>5.0</sog>
<cog>50.6</cog>
                        </extensions>
                    </trkpt>
                    <trkpt lat="54.343219999999995" lon="9.753621666666668">
                        <ele>0</ele>
                        <time>2022-08-18T21:28:20Z</time>
                                                <extensions>
                            <sog>5.0</sog>
<cog>50.8</cog>
                        </extensions>
                    </trkpt>
                    <trkpt lat="54.343651666666666" lon="9.754656666666667">
                        <ele>0</ele>
                        <time>2022-08-18T21:28:50Z</time>
                                                <extensions>
                            <sog>4.9</sog>
<cog>51.5</cog>
                        </extensions>
                    </trkpt>
                    <trkpt lat="54.34391" lon="9.755238333333333">
                        <ele>0</ele>
                        <time>2022-08-18T21:29:09Z</time>
                                                <extensions>
                            <sog>4.7</sog>
<cog>51.8</cog>
                        </extensions>
                    </trkpt>
                    <trkpt lat="54.34456333333333" lon="9.756631666666667">
                        <ele>0</ele>
                        <time>2022-08-18T21:29:59Z</time>
                                                <extensions>
                            <sog>4.4</sog>
<cog>52.5</cog>
                        </extensions>
                    </trkpt>
                    <trkpt lat="54.34556333333333" lon="9.758923333333334">
                        <ele>0</ele>
                        <time>2022-08-18T21:31:41Z</time>
                                                <extensions>
                            <sog>2.9</sog>
<cog>56.9</cog>
                        </extensions>
                    </trkpt>
                    <trkpt lat="54.34595" lon="9.759976666666667">
                        <ele>0</ele>
                        <time>2022-08-18T21:32:39Z</time>
                                                <extensions>
                            <sog>2.2</sog>
<cog>53.2</cog>
                        </extensions>
                    </trkpt>
                    <trkpt lat="54.345998333333334" lon="9.760111666666667">
                        <ele>0</ele>
                        <time>2022-08-18T21:32:50Z</time>
                                                <extensions>
                            <sog>2.1</sog>
<cog>53.6</cog>
                        </extensions>
                    </trkpt>
                    <trkpt lat="54.34630666666667" lon="9.76084">
                        <ele>0</ele>
                        <time>2022-08-18T21:33:50Z</time>
                                                <extensions>
                            <sog>1.8</sog>
<cog>56.1</cog>
                        </extensions>
                    </trkpt>
                    <trkpt lat="54.34639666666667" lon="9.761068333333332">
                        <ele>0</ele>
                        <time>2022-08-18T21:34:09Z</time>
                                                <extensions>
                            <sog>1.6</sog>
<cog>55.0</cog>
                        </extensions>
                    </trkpt>
                    <trkpt lat="54.34648833333333" lon="9.761263333333334">
                        <ele>0</ele>
                        <time>2022-08-18T21:34:30Z</time>
                                                <extensions>
                            <sog>1.5</sog>
<cog>50.3</cog>
                        </extensions>
                    </trkpt>
                    <trkpt lat="54.346675" lon="9.761615">
                        <ele>0</ele>
                        <time>2022-08-18T21:35:09Z</time>
                                                <extensions>
                            <sog>1.5</sog>
<cog>48.0</cog>
                        </extensions>
                    </trkpt>
                    <trkpt lat="54.34673" lon="9.761705000000001">
                        <ele>0</ele>
                        <time>2022-08-18T21:35:19Z</time>
                                                <extensions>
                            <sog>1.5</sog>
<cog>48.9</cog>
                        </extensions>
                    </trkpt>
                    <trkpt lat="54.346824999999995" lon="9.761861666666666">
                        <ele>0</ele>
                        <time>2022-08-18T21:35:39Z</time>
                                                <extensions>
                            <sog>1.5</sog>
<cog>49.6</cog>
                        </extensions>
                    </trkpt>
                    <trkpt lat="54.346911666666664" lon="9.762055">
                        <ele>0</ele>
                        <time>2022-08-18T21:35:59Z</time>
                                                <extensions>
                            <sog>1.5</sog>
<cog>49.4</cog>
                        </extensions>
                    </trkpt>
                    <trkpt lat="54.34695833333333" lon="9.762166666666667">
                        <ele>0</ele>
                        <time>2022-08-18T21:36:09Z</time>
                                                <extensions>
                            <sog>1.5</sog>
<cog>49.3</cog>
                        </extensions>
                    </trkpt>
                    <trkpt lat="54.347001666666664" lon="9.762266666666667">
                        <ele>0</ele>
                        <time>2022-08-18T21:36:19Z</time>
                                                <extensions>
                            <sog>1.4</sog>
<cog>49.8</cog>
                        </extensions>
                    </trkpt>
                    <trkpt lat="54.347139999999996" lon="9.762553333333333">
                        <ele>0</ele>
                        <time>2022-08-18T21:36:49Z</time>
                                                <extensions>
                            <sog>1.4</sog>
<cog>50.0</cog>
                        </extensions>
                    </trkpt>
                    <trkpt lat="54.347184999999996" lon="9.762643333333333">
                        <ele>0</ele>
                        <time>2022-08-18T21:36:59Z</time>
                                                <extensions>
                            <sog>1.4</sog>
<cog>49.4</cog>
                        </extensions>
                    </trkpt>
                    <trkpt lat="54.347226666666664" lon="9.76273">
                        <ele>0</ele>
                        <time>2022-08-18T21:37:09Z</time>
                                                <extensions>
                            <sog>1.4</sog>
<cog>49.2</cog>
                        </extensions>
                    </trkpt>
                    <trkpt lat="54.34726833333333" lon="9.762818333333334">
                        <ele>0</ele>
                        <time>2022-08-18T21:37:19Z</time>
                                                <extensions>
                            <sog>1.4</sog>
<cog>48.7</cog>
                        </extensions>
                    </trkpt>
                    <trkpt lat="54.34731333333333" lon="9.762911666666668">
                        <ele>0</ele>
                        <time>2022-08-18T21:37:29Z</time>
                                                <extensions>
                            <sog>1.4</sog>
<cog>47.2</cog>
                        </extensions>
                    </trkpt>
                    <trkpt lat="54.347366666666666" lon="9.762993333333332">
                        <ele>0</ele>
                        <time>2022-08-18T21:37:39Z</time>
                                                <extensions>
                            <sog>1.4</sog>
<cog>42.9</cog>
                        </extensions>
                    </trkpt>
                    <trkpt lat="54.34741666666666" lon="9.76307">
                        <ele>0</ele>
                        <time>2022-08-18T21:37:49Z</time>
                                                <extensions>
                            <sog>1.4</sog>
<cog>41.5</cog>
                        </extensions>
                    </trkpt>
                    <trkpt lat="54.34756333333333" lon="9.763285">
                        <ele>0</ele>
                        <time>2022-08-18T21:38:20Z</time>
                                                <extensions>
                            <sog>1.4</sog>
<cog>44.1</cog>
                        </extensions>
                    </trkpt>
                    <trkpt lat="54.34765" lon="9.763455">
                        <ele>0</ele>
                        <time>2022-08-18T21:38:39Z</time>
                                                <extensions>
                            <sog>1.4</sog>
<cog>48.1</cog>
                        </extensions>
                    </trkpt>
                    <trkpt lat="54.34769166666667" lon="9.763536666666665">
                        <ele>0</ele>
                        <time>2022-08-18T21:38:49Z</time>
                                                <extensions>
                            <sog>1.4</sog>
<cog>48.3</cog>
                        </extensions>
                    </trkpt>
                    <trkpt lat="54.34774166666667" lon="9.763626666666665">
                        <ele>0</ele>
                        <time>2022-08-18T21:39:01Z</time>
                                                <extensions>
                            <sog>1.4</sog>
<cog>48.9</cog>
                        </extensions>
                    </trkpt>
                    <trkpt lat="54.34777666666666" lon="9.763688333333333">
                        <ele>0</ele>
                        <time>2022-08-18T21:39:09Z</time>
                                                <extensions>
                            <sog>1.4</sog>
<cog>49.6</cog>
                        </extensions>
                    </trkpt>
                    <trkpt lat="54.34782333333333" lon="9.763768333333333">
                        <ele>0</ele>
                        <time>2022-08-18T21:39:20Z</time>
                                                <extensions>
                            <sog>1.3</sog>
<cog>50.5</cog>
                        </extensions>
                    </trkpt>
                    <trkpt lat="54.34785333333333" lon="9.763835">
                        <ele>0</ele>
                        <time>2022-08-18T21:39:29Z</time>
                                                <extensions>
                            <sog>1.1</sog>
<cog>51.5</cog>
                        </extensions>
                    </trkpt>
                    <trkpt lat="54.347878333333334" lon="9.763905">
                        <ele>0</ele>
                        <time>2022-08-18T21:39:39Z</time>
                                                <extensions>
                            <sog>1.0</sog>
<cog>51.2</cog>
                        </extensions>
                    </trkpt>
                    <trkpt lat="54.347905" lon="9.763961666666667">
                        <ele>0</ele>
                        <time>2022-08-18T21:39:49Z</time>
                                                <extensions>
                            <sog>0.8</sog>
<cog>50.5</cog>
                        </extensions>
                    </trkpt>
                    <trkpt lat="54.347948333333335" lon="9.764045000000001">
                        <ele>0</ele>
                        <time>2022-08-18T21:40:09Z</time>
                                                <extensions>
                            <sog>0.6</sog>
<cog>47.0</cog>
                        </extensions>
                    </trkpt>
                    <trkpt lat="54.34795666666666" lon="9.764131666666666">
                        <ele>0</ele>
                        <time>2022-08-18T21:40:29Z</time>
                                                <extensions>
                            <sog>0.4</sog>
<cog>43.1</cog>
                        </extensions>
                    </trkpt>
                    <trkpt lat="54.347985" lon="9.764199999999999">
                        <ele>0</ele>
                        <time>2022-08-18T21:40:49Z</time>
                                                <extensions>
                            <sog>0.4</sog>
<cog>55.1</cog>
                        </extensions>
                    </trkpt>
                    <trkpt lat="54.34800166666666" lon="9.764226666666667">
                        <ele>0</ele>
                        <time>2022-08-18T21:41:01Z</time>
                                                <extensions>
                            <sog>0.4</sog>
<cog>61.9</cog>
                        </extensions>
                    </trkpt>
                    <trkpt lat="54.348031666666664" lon="9.764285">
                        <ele>0</ele>
                        <time>2022-08-18T21:41:29Z</time>
                                                <extensions>
                            <sog>0.3</sog>
<cog>63.3</cog>
                        </extensions>
                    </trkpt>
                    <trkpt lat="54.348139999999994" lon="9.764535">
                        <ele>0</ele>
                        <time>2022-08-18T21:42:49Z</time>
                                                <extensions>
                            <sog>0.5</sog>
<cog>41.9</cog>
                        </extensions>
                    </trkpt>
                    <trkpt lat="54.34822166666667" lon="9.764643333333334">
                        <ele>0</ele>
                        <time>2022-08-18T21:43:29Z</time>
                                                <extensions>
                            <sog>0.5</sog>
<cog>46.3</cog>
                        </extensions>
                    </trkpt>
                    <trkpt lat="54.34832166666667" lon="9.764819999999999">
                        <ele>0</ele>
                        <time>2022-08-18T21:44:29Z</time>
                                                <extensions>
                            <sog>0.5</sog>
<cog>46.8</cog>
                        </extensions>
                    </trkpt>
                    <trkpt lat="54.34836166666666" lon="9.764891666666667">
                        <ele>0</ele>
                        <time>2022-08-18T21:44:49Z</time>
                                                <extensions>
                            <sog>0.5</sog>
<cog>47.4</cog>
                        </extensions>
                    </trkpt>
                    <trkpt lat="54.34838666666667" lon="9.76493">
                        <ele>0</ele>
                        <time>2022-08-18T21:45:00Z</time>
                                                <extensions>
                            <sog>0.5</sog>
<cog>47.4</cog>
                        </extensions>
                    </trkpt>
                    <trkpt lat="54.34840666666666" lon="9.76496">
                        <ele>0</ele>
                        <time>2022-08-18T21:45:09Z</time>
                                                <extensions>
                            <sog>0.5</sog>
<cog>47.1</cog>
                        </extensions>
                    </trkpt>
                    <trkpt lat="54.34850166666667" lon="9.765125000000001">
                        <ele>0</ele>
                        <time>2022-08-18T21:46:00Z</time>
                                                <extensions>
                            <sog>0.5</sog>
<cog>47.3</cog>
                        </extensions>
                    </trkpt>
                    <trkpt lat="54.348544999999994" lon="9.76522">
                        <ele>0</ele>
                        <time>2022-08-18T21:46:29Z</time>
                                                <extensions>
                            <sog>0.5</sog>
<cog>49.1</cog>
                        </extensions>
                    </trkpt>
                    <trkpt lat="54.348576666666666" lon="9.765291666666666">
                        <ele>0</ele>
                        <time>2022-08-18T21:46:50Z</time>
                                                <extensions>
                            <sog>0.5</sog>
<cog>50.1</cog>
                        </extensions>
                    </trkpt>
                    <trkpt lat="54.348645000000005" lon="9.765431666666666">
                        <ele>0</ele>
                        <time>2022-08-18T21:47:29Z</time>
                                                <extensions>
                            <sog>0.6</sog>
<cog>52.5</cog>
                        </extensions>
                    </trkpt>
                    <trkpt lat="54.34904166666667" lon="9.766206666666667">
                        <ele>0</ele>
                        <time>2022-08-18T21:48:29Z</time>
                                                <extensions>
                            <sog>3.2</sog>
<cog>47.4</cog>
                        </extensions>
                    </trkpt>
                    <trkpt lat="54.34930166666666" lon="9.766635">
                        <ele>0</ele>
                        <time>2022-08-18T21:48:50Z</time>
                                                <extensions>
                            <sog>4.0</sog>
<cog>43.7</cog>
                        </extensions>
                    </trkpt>
                    <trkpt lat="54.34975333333333" lon="9.767386666666665">
                        <ele>0</ele>
                        <time>2022-08-18T21:49:19Z</time>
                                                <extensions>
                            <sog>5.0</sog>
<cog>45.0</cog>
                        </extensions>
                    </trkpt>
                    <trkpt lat="54.351216666666666" lon="9.769765">
                        <ele>0</ele>
                        <time>2022-08-18T21:50:30Z</time>
                                                <extensions>
                            <sog>6.7</sog>
<cog>43.5</cog>
                        </extensions>
                    </trkpt>
                    <trkpt lat="54.35292833333333" lon="9.772573333333334">
                        <ele>0</ele>
                        <time>2022-08-18T21:51:39Z</time>
                                                <extensions>
                            <sog>7.7</sog>
<cog>44.6</cog>
                        </extensions>
                    </trkpt>
                    <trkpt lat="54.355246666666666" lon="9.77669">
                        <ele>0</ele>
                        <time>2022-08-18T21:53:09Z</time>
                                                <extensions>
                            <sog>8.3</sog>
<cog>46.6</cog>
                        </extensions>
                    </trkpt>
                    <trkpt lat="54.3558" lon="9.777721666666668">
                        <ele>0</ele>
                        <time>2022-08-18T21:53:30Z</time>
                                                <extensions>
                            <sog>8.5</sog>
<cog>47.5</cog>
                        </extensions>
                    </trkpt>
                    <trkpt lat="54.35604166666667" lon="9.778171666666667">
                        <ele>0</ele>
                        <time>2022-08-18T21:53:39Z</time>
                                                <extensions>
                            <sog>8.5</sog>
<cog>47.6</cog>
                        </extensions>
                    </trkpt>
                    <trkpt lat="54.360245" lon="9.788426666666668">
                        <ele>0</ele>
                        <time>2022-08-18T21:56:39Z</time>
                                                <extensions>
                            <sog>8.8</sog>
<cog>60.5</cog>
                        </extensions>
                    </trkpt>
                    <trkpt lat="54.36190333333333" lon="9.794906666666666">
                        <ele>0</ele>
                        <time>2022-08-18T21:58:19Z</time>
                                                <extensions>
                            <sog>9.0</sog>
<cog>71.5</cog>
                        </extensions>
                    </trkpt>
                    <trkpt lat="54.36213333333333" lon="9.796276666666667">
                        <ele>0</ele>
                        <time>2022-08-18T21:58:39Z</time>
                                                <extensions>
                            <sog>8.9</sog>
<cog>74.0</cog>
                        </extensions>
                    </trkpt>
                    <trkpt lat="54.36245833333333" lon="9.798515">
                        <ele>0</ele>
                        <time>2022-08-18T21:59:11Z</time>
                                                <extensions>
                            <sog>8.9</sog>
<cog>76.1</cog>
                        </extensions>
                    </trkpt>
                    <trkpt lat="54.36254833333333" lon="9.799068333333334">
                        <ele>0</ele>
                        <time>2022-08-18T21:59:19Z</time>
                                                <extensions>
                            <sog>8.9</sog>
<cog>76.3</cog>
                        </extensions>
                    </trkpt>
                    <trkpt lat="54.36264666666667" lon="9.799751666666667">
                        <ele>0</ele>
                        <time>2022-08-18T21:59:29Z</time>
                                                <extensions>
                            <sog>8.8</sog>
<cog>76.6</cog>
                        </extensions>
                    </trkpt>
                    <trkpt lat="54.362943333333334" lon="9.801863333333333">
                        <ele>0</ele>
                        <time>2022-08-18T22:00:00Z</time>
                                                <extensions>
                            <sog>8.8</sog>
<cog>77.2</cog>
                        </extensions>
                    </trkpt>
                    <trkpt lat="54.36304166666666" lon="9.802616666666667">
                        <ele>0</ele>
                        <time>2022-08-18T22:00:11Z</time>
                                                <extensions>
                            <sog>8.8</sog>
<cog>77.8</cog>
                        </extensions>
                    </trkpt>
                    <trkpt lat="54.36304166666666" lon="9.802616666666667">
                        <ele>0</ele>
                        <time>2022-08-18T22:00:11Z</time>
                                                <extensions>
                            <sog>8.8</sog>
<cog>77.8</cog>
                        </extensions>
                    </trkpt>
                    <trkpt lat="54.36319833333334" lon="9.803931666666667">
                        <ele>0</ele>
                        <time>2022-08-18T22:00:30Z</time>
                                                <extensions>
                            <sog>8.9</sog>
<cog>79.7</cog>
                        </extensions>
                    </trkpt>
                    <trkpt lat="54.36319833333334" lon="9.803931666666667">
                        <ele>0</ele>
                        <time>2022-08-18T22:00:30Z</time>
                                                <extensions>
                            <sog>8.9</sog>
<cog>79.7</cog>
                        </extensions>
                    </trkpt>
                    <trkpt lat="54.363461666666666" lon="9.808188333333334">
                        <ele>0</ele>
                        <time>2022-08-18T22:01:30Z</time>
                                                <extensions>
                            <sog>9.0</sog>
<cog>86.3</cog>
                        </extensions>
                    </trkpt>
                    <trkpt lat="54.36346" lon="9.810319999999999">
                        <ele>0</ele>
                        <time>2022-08-18T22:02:00Z</time>
                                                <extensions>
                            <sog>8.9</sog>
<cog>88.9</cog>
                        </extensions>
                    </trkpt>
                    <trkpt lat="54.363458333333334" lon="9.813144999999999">
                        <ele>0</ele>
                        <time>2022-08-18T22:02:40Z</time>
                                                <extensions>
                            <sog>8.8</sog>
<cog>88.9</cog>
                        </extensions>
                    </trkpt>
                    <trkpt lat="54.363483333333335" lon="9.81593">
                        <ele>0</ele>
                        <time>2022-08-18T22:03:20Z</time>
                                                <extensions>
                            <sog>8.8</sog>
<cog>88.7</cog>
                        </extensions>
                    </trkpt>
                    <trkpt lat="54.36349499999999" lon="9.816624999999998">
                        <ele>0</ele>
                        <time>2022-08-18T22:03:30Z</time>
                                                <extensions>
                            <sog>8.8</sog>
<cog>88.7</cog>
                        </extensions>
                    </trkpt>
                    <trkpt lat="54.363505" lon="9.817323333333333">
                        <ele>0</ele>
                        <time>2022-08-18T22:03:40Z</time>
                                                <extensions>
                            <sog>8.9</sog>
<cog>88.8</cog>
                        </extensions>
                    </trkpt>
                    <trkpt lat="54.363515" lon="9.818026666666666">
                        <ele>0</ele>
                        <time>2022-08-18T22:03:50Z</time>
                                                <extensions>
                            <sog>8.9</sog>
<cog>88.7</cog>
                        </extensions>
                    </trkpt>
                    <trkpt lat="54.36352333333333" lon="9.818738333333332">
                        <ele>0</ele>
                        <time>2022-08-18T22:04:00Z</time>
                                                <extensions>
                            <sog>8.9</sog>
<cog>88.8</cog>
                        </extensions>
                    </trkpt>
                    <trkpt lat="54.36353" lon="9.819448333333334">
                        <ele>0</ele>
                        <time>2022-08-18T22:04:11Z</time>
                                                <extensions>
                            <sog>8.9</sog>
<cog>89.0</cog>
                        </extensions>
                    </trkpt>
                    <trkpt lat="54.363550000000004" lon="9.820868333333333">
                        <ele>0</ele>
                        <time>2022-08-18T22:04:30Z</time>
                                                <extensions>
                            <sog>8.9</sog>
<cog>88.9</cog>
                        </extensions>
                    </trkpt>
                    <trkpt lat="54.363571666666665" lon="9.822278333333333">
                        <ele>0</ele>
                        <time>2022-08-18T22:04:50Z</time>
                                                <extensions>
                            <sog>8.8</sog>
<cog>88.9</cog>
                        </extensions>
                    </trkpt>
                    <trkpt lat="54.36358" lon="9.822994999999999">
                        <ele>0</ele>
                        <time>2022-08-18T22:05:00Z</time>
                                                <extensions>
                            <sog>8.8</sog>
<cog>88.9</cog>
                        </extensions>
                    </trkpt>
                    <trkpt lat="54.36358666666667" lon="9.823701666666667">
                        <ele>0</ele>
                        <time>2022-08-18T22:05:11Z</time>
                                                <extensions>
                            <sog>8.8</sog>
<cog>88.9</cog>
                        </extensions>
                    </trkpt>
                    <trkpt lat="54.363598333333336" lon="9.825115">
                        <ele>0</ele>
                        <time>2022-08-18T22:05:30Z</time>
                                                <extensions>
                            <sog>8.8</sog>
<cog>89.0</cog>
                        </extensions>
                    </trkpt>
                    <trkpt lat="54.36362" lon="9.826501666666667">
                        <ele>0</ele>
                        <time>2022-08-18T22:05:51Z</time>
                                                <extensions>
                            <sog>8.9</sog>
<cog>89.2</cog>
                        </extensions>
                    </trkpt>
                    <trkpt lat="54.363638333333334" lon="9.827186666666668">
                        <ele>0</ele>
                        <time>2022-08-18T22:06:00Z</time>
                                                <extensions>
                            <sog>8.8</sog>
<cog>89.1</cog>
                        </extensions>
                    </trkpt>
                    <trkpt lat="54.36365333333333" lon="9.827886666666666">
                        <ele>0</ele>
                        <time>2022-08-18T22:06:11Z</time>
                                                <extensions>
                            <sog>8.8</sog>
<cog>89.0</cog>
                        </extensions>
                    </trkpt>
                    <trkpt lat="54.363665" lon="9.828595">
                        <ele>0</ele>
                        <time>2022-08-18T22:06:20Z</time>
                                                <extensions>
                            <sog>8.8</sog>
<cog>89.3</cog>
                        </extensions>
                    </trkpt>
                    <trkpt lat="54.36367499999999" lon="9.829296666666666">
                        <ele>0</ele>
                        <time>2022-08-18T22:06:30Z</time>
                                                <extensions>
                            <sog>8.8</sog>
<cog>89.2</cog>
                        </extensions>
                    </trkpt>
                    <trkpt lat="54.363683333333334" lon="9.830001666666668">
                        <ele>0</ele>
                        <time>2022-08-18T22:06:40Z</time>
                                                <extensions>
                            <sog>8.8</sog>
<cog>89.1</cog>
                        </extensions>
                    </trkpt>
                    <trkpt lat="54.363688333333336" lon="9.830718333333333">
                        <ele>0</ele>
                        <time>2022-08-18T22:06:51Z</time>
                                                <extensions>
                            <sog>8.8</sog>
<cog>89.1</cog>
                        </extensions>
                    </trkpt>
                    <trkpt lat="54.363685000000004" lon="9.831431666666667">
                        <ele>0</ele>
                        <time>2022-08-18T22:07:00Z</time>
                                                <extensions>
                            <sog>8.9</sog>
<cog>89.3</cog>
                        </extensions>
                    </trkpt>
                    <trkpt lat="54.36368166666667" lon="9.832138333333335">
                        <ele>0</ele>
                        <time>2022-08-18T22:07:11Z</time>
                                                <extensions>
                            <sog>8.9</sog>
<cog>89.5</cog>
                        </extensions>
                    </trkpt>
                    <trkpt lat="54.36368" lon="9.832775">
                        <ele>0</ele>
                        <time>2022-08-18T22:07:19Z</time>
                                                <extensions>
                            <sog>8.9</sog>
<cog>89.4</cog>
                        </extensions>
                    </trkpt>
                    <trkpt lat="54.36367833333334" lon="9.833551666666667">
                        <ele>0</ele>
                        <time>2022-08-18T22:07:30Z</time>
                                                <extensions>
                            <sog>8.9</sog>
<cog>89.5</cog>
                        </extensions>
                    </trkpt>
                    <trkpt lat="54.36367666666667" lon="9.834256666666667">
                        <ele>0</ele>
                        <time>2022-08-18T22:07:40Z</time>
                                                <extensions>
                            <sog>8.9</sog>
<cog>89.6</cog>
                        </extensions>
                    </trkpt>
                    <trkpt lat="54.36367833333334" lon="9.834961666666667">
                        <ele>0</ele>
                        <time>2022-08-18T22:07:51Z</time>
                                                <extensions>
                            <sog>8.9</sog>
<cog>89.6</cog>
                        </extensions>
                    </trkpt>
                    <trkpt lat="54.36368" lon="9.83567">
                        <ele>0</ele>
                        <time>2022-08-18T22:08:00Z</time>
                                                <extensions>
                            <sog>8.9</sog>
<cog>89.7</cog>
                        </extensions>
                    </trkpt>
                    <trkpt lat="54.363683333333334" lon="9.836375">
                        <ele>0</ele>
                        <time>2022-08-18T22:08:11Z</time>
                                                <extensions>
                            <sog>8.9</sog>
<cog>89.7</cog>
                        </extensions>
                    </trkpt>
                    <trkpt lat="54.363685000000004" lon="9.837011666666665">
                        <ele>0</ele>
                        <time>2022-08-18T22:08:19Z</time>
                                                <extensions>
                            <sog>8.9</sog>
<cog>89.7</cog>
                        </extensions>
                    </trkpt>
                    <trkpt lat="54.363686666666666" lon="9.837798333333334">
                        <ele>0</ele>
                        <time>2022-08-18T22:08:30Z</time>
                                                <extensions>
                            <sog>8.9</sog>
<cog>89.9</cog>
                        </extensions>
                    </trkpt>
                    <trkpt lat="54.363688333333336" lon="9.838508333333333">
                        <ele>0</ele>
                        <time>2022-08-18T22:08:40Z</time>
                                                <extensions>
                            <sog>8.9</sog>
<cog>89.8</cog>
                        </extensions>
                    </trkpt>
                    <trkpt lat="54.36369166666667" lon="9.839221666666667">
                        <ele>0</ele>
                        <time>2022-08-18T22:08:51Z</time>
                                                <extensions>
                            <sog>8.9</sog>
<cog>89.8</cog>
                        </extensions>
                    </trkpt>
                    <trkpt lat="54.36369333333334" lon="9.839868333333333">
                        <ele>0</ele>
                        <time>2022-08-18T22:09:00Z</time>
                                                <extensions>
                            <sog>9.0</sog>
<cog>89.8</cog>
                        </extensions>
                    </trkpt>
                    <trkpt lat="54.36369833333333" lon="9.840656666666666">
                        <ele>0</ele>
                        <time>2022-08-18T22:09:11Z</time>
                                                <extensions>
                            <sog>9.0</sog>
<cog>89.8</cog>
                        </extensions>
                    </trkpt>
                    <trkpt lat="54.36369833333333" lon="9.841305">
                        <ele>0</ele>
                        <time>2022-08-18T22:09:19Z</time>
                                                <extensions>
                            <sog>8.9</sog>
<cog>89.8</cog>
                        </extensions>
                    </trkpt>
                    <trkpt lat="54.36369833333333" lon="9.842095">
                        <ele>0</ele>
                        <time>2022-08-18T22:09:30Z</time>
                                                <extensions>
                            <sog>8.9</sog>
<cog>89.8</cog>
                        </extensions>
                    </trkpt>
                    <trkpt lat="54.36369833333333" lon="9.842805">
                        <ele>0</ele>
                        <time>2022-08-18T22:09:40Z</time>
                                                <extensions>
                            <sog>8.9</sog>
<cog>89.9</cog>
                        </extensions>
                    </trkpt>
                    <trkpt lat="54.363701666666664" lon="9.843503333333333">
                        <ele>0</ele>
                        <time>2022-08-18T22:09:51Z</time>
                                                <extensions>
                            <sog>8.9</sog>
<cog>90.0</cog>
                        </extensions>
                    </trkpt>
                    <trkpt lat="54.363706666666666" lon="9.844128333333334">
                        <ele>0</ele>
                        <time>2022-08-18T22:10:00Z</time>
                                                <extensions>
                            <sog>8.8</sog>
<cog>89.9</cog>
                        </extensions>
                    </trkpt>
                    <trkpt lat="54.36371" lon="9.844899999999999">
                        <ele>0</ele>
                        <time>2022-08-18T22:10:11Z</time>
                                                <extensions>
                            <sog>8.8</sog>
<cog>89.9</cog>
                        </extensions>
                    </trkpt>
                    <trkpt lat="54.36371" lon="9.845538333333334">
                        <ele>0</ele>
                        <time>2022-08-18T22:10:19Z</time>
                                                <extensions>
                            <sog>8.8</sog>
<cog>90.1</cog>
                        </extensions>
                    </trkpt>
                    <trkpt lat="54.36370333333333" lon="9.846308333333333">
                        <ele>0</ele>
                        <time>2022-08-18T22:10:30Z</time>
                                                <extensions>
                            <sog>8.8</sog>
<cog>90.4</cog>
                        </extensions>
                    </trkpt>
                    <trkpt lat="54.36369166666667" lon="9.847015">
                        <ele>0</ele>
                        <time>2022-08-18T22:10:40Z</time>
                                                <extensions>
                            <sog>8.8</sog>
<cog>90.8</cog>
                        </extensions>
                    </trkpt>
                    <trkpt lat="54.363686666666666" lon="9.847716666666667">
                        <ele>0</ele>
                        <time>2022-08-18T22:10:51Z</time>
                                                <extensions>
                            <sog>8.9</sog>
<cog>90.7</cog>
                        </extensions>
                    </trkpt>
                    <trkpt lat="54.36367166666666" lon="9.848343333333334">
                        <ele>0</ele>
                        <time>2022-08-18T22:11:00Z</time>
                                                <extensions>
                            <sog>8.9</sog>
<cog>91.4</cog>
                        </extensions>
                    </trkpt>
                    <trkpt lat="54.36364833333334" lon="9.849108333333334">
                        <ele>0</ele>
                        <time>2022-08-18T22:11:11Z</time>
                                                <extensions>
                            <sog>8.9</sog>
<cog>92.3</cog>
                        </extensions>
                    </trkpt>
                    <trkpt lat="54.363635" lon="9.849741666666667">
                        <ele>0</ele>
                        <time>2022-08-18T22:11:20Z</time>
                                                <extensions>
                            <sog>9.0</sog>
<cog>92.8</cog>
                        </extensions>
                    </trkpt>
                    <trkpt lat="54.36361333333333" lon="9.850448333333333">
                        <ele>0</ele>
                        <time>2022-08-18T22:11:30Z</time>
                                                <extensions>
                            <sog>9.0</sog>
<cog>93.7</cog>
                        </extensions>
                    </trkpt>
                    <trkpt lat="54.36357666666667" lon="9.851094999999999">
                        <ele>0</ele>
                        <time>2022-08-18T22:11:39Z</time>
                                                <extensions>
                            <sog>9.1</sog>
<cog>94.5</cog>
                        </extensions>
                    </trkpt>
                    <trkpt lat="54.36351166666667" lon="9.85196">
                        <ele>0</ele>
                        <time>2022-08-18T22:11:50Z</time>
                                                <extensions>
                            <sog>9.1</sog>
<cog>95.4</cog>
                        </extensions>
                    </trkpt>
                    <trkpt lat="54.36346833333334" lon="9.852611666666666">
                        <ele>0</ele>
                        <time>2022-08-18T22:12:00Z</time>
                                                <extensions>
                            <sog>9.1</sog>
<cog>96.3</cog>
                        </extensions>
                    </trkpt>
                    <trkpt lat="54.363413333333334" lon="9.853406666666666">
                        <ele>0</ele>
                        <time>2022-08-18T22:12:11Z</time>
                                                <extensions>
                            <sog>9.1</sog>
<cog>97.2</cog>
                        </extensions>
                    </trkpt>
                    <trkpt lat="54.363355" lon="9.854053333333333">
                        <ele>0</ele>
                        <time>2022-08-18T22:12:20Z</time>
                                                <extensions>
                            <sog>9.0</sog>
<cog>98.0</cog>
                        </extensions>
                    </trkpt>
                    <trkpt lat="54.36327166666667" lon="9.854831666666666">
                        <ele>0</ele>
                        <time>2022-08-18T22:12:30Z</time>
                                                <extensions>
                            <sog>9.0</sog>
<cog>98.8</cog>
                        </extensions>
                    </trkpt>
                    <trkpt lat="54.363121666666665" lon="9.856246666666667">
                        <ele>0</ele>
                        <time>2022-08-18T22:12:50Z</time>
                                                <extensions>
                            <sog>9.0</sog>
<cog>100.4</cog>
                        </extensions>
                    </trkpt>
                    <trkpt lat="54.36295833333334" lon="9.857643333333334">
                        <ele>0</ele>
                        <time>2022-08-18T22:13:10Z</time>
                                                <extensions>
                            <sog>9.0</sog>
<cog>102.0</cog>
                        </extensions>
                    </trkpt>
                    <trkpt lat="54.362875" lon="9.858271666666667">
                        <ele>0</ele>
                        <time>2022-08-18T22:13:20Z</time>
                                                <extensions>
                            <sog>9.0</sog>
<cog>102.8</cog>
                        </extensions>
                    </trkpt>
                    <trkpt lat="54.36277666666667" lon="9.858971666666667">
                        <ele>0</ele>
                        <time>2022-08-18T22:13:30Z</time>
                                                <extensions>
                            <sog>9.0</sog>
<cog>103.5</cog>
                        </extensions>
                    </trkpt>
                    <trkpt lat="54.36266666666667" lon="9.859663333333334">
                        <ele>0</ele>
                        <time>2022-08-18T22:13:39Z</time>
                                                <extensions>
                            <sog>9.0</sog>
<cog>104.2</cog>
                        </extensions>
                    </trkpt>
                    <trkpt lat="54.36254666666667" lon="9.860416666666667">
                        <ele>0</ele>
                        <time>2022-08-18T22:13:50Z</time>
                                                <extensions>
                            <sog>8.9</sog>
<cog>105.2</cog>
                        </extensions>
                    </trkpt>
                    <trkpt lat="54.36219833333334" lon="9.862373333333332">
                        <ele>0</ele>
                        <time>2022-08-18T22:14:20Z</time>
                                                <extensions>
                            <sog>8.9</sog>
<cog>107.6</cog>
                        </extensions>
                    </trkpt>
                    <trkpt lat="54.362075" lon="9.863038333333332">
                        <ele>0</ele>
                        <time>2022-08-18T22:14:30Z</time>
                                                <extensions>
                            <sog>8.9</sog>
<cog>108.3</cog>
                        </extensions>
                    </trkpt>
                    <trkpt lat="54.361945" lon="9.863701666666666">
                        <ele>0</ele>
                        <time>2022-08-18T22:14:39Z</time>
                                                <extensions>
                            <sog>8.9</sog>
<cog>109.0</cog>
                        </extensions>
                    </trkpt>
                    <trkpt lat="54.361493333333335" lon="9.865739999999999">
                        <ele>0</ele>
                        <time>2022-08-18T22:15:10Z</time>
                                                <extensions>
                            <sog>8.9</sog>
<cog>112.2</cog>
                        </extensions>
                    </trkpt>
                    <trkpt lat="54.36115333333333" lon="9.866978333333332">
                        <ele>0</ele>
                        <time>2022-08-18T22:15:30Z</time>
                                                <extensions>
                            <sog>8.9</sog>
<cog>114.9</cog>
                        </extensions>
                    </trkpt>
                    <trkpt lat="54.360965" lon="9.867636666666668">
                        <ele>0</ele>
                        <time>2022-08-18T22:15:39Z</time>
                                                <extensions>
                            <sog>8.9</sog>
<cog>116.4</cog>
                        </extensions>
                    </trkpt>
                    <trkpt lat="54.36058" lon="9.868873333333333">
                        <ele>0</ele>
                        <time>2022-08-18T22:16:00Z</time>
                                                <extensions>
                            <sog>8.9</sog>
<cog>118.7</cog>
                        </extensions>
                    </trkpt>
                    <trkpt lat="54.360365" lon="9.869544999999999">
                        <ele>0</ele>
                        <time>2022-08-18T22:16:10Z</time>
                                                <extensions>
                            <sog>8.9</sog>
<cog>119.0</cog>
                        </extensions>
                    </trkpt>
                    <trkpt lat="54.360170000000004" lon="9.870158333333334">
                        <ele>0</ele>
                        <time>2022-08-18T22:16:20Z</time>
                                                <extensions>
                            <sog>8.9</sog>
<cog>119.0</cog>
                        </extensions>
                    </trkpt>
                    <trkpt lat="54.35997166666667" lon="9.87078">
                        <ele>0</ele>
                        <time>2022-08-18T22:16:30Z</time>
                                                <extensions>
                            <sog>8.9</sog>
<cog>118.9</cog>
                        </extensions>
                    </trkpt>
                    <trkpt lat="54.359765" lon="9.8714">
                        <ele>0</ele>
                        <time>2022-08-18T22:16:40Z</time>
                                                <extensions>
                            <sog>8.9</sog>
<cog>118.9</cog>
                        </extensions>
                    </trkpt>
                    <trkpt lat="54.35934833333333" lon="9.872645">
                        <ele>0</ele>
                        <time>2022-08-18T22:17:00Z</time>
                                                <extensions>
                            <sog>8.8</sog>
<cog>118.6</cog>
                        </extensions>
                    </trkpt>
                    <trkpt lat="54.358955" lon="9.873880000000002">
                        <ele>0</ele>
                        <time>2022-08-18T22:17:20Z</time>
                                                <extensions>
                            <sog>8.8</sog>
<cog>118.6</cog>
                        </extensions>
                    </trkpt>
                    <trkpt lat="54.358365000000006" lon="9.875753333333334">
                        <ele>0</ele>
                        <time>2022-08-18T22:17:51Z</time>
                                                <extensions>
                            <sog>8.9</sog>
<cog>118.4</cog>
                        </extensions>
                    </trkpt>
                    <trkpt lat="54.357778333333336" lon="9.877645">
                        <ele>0</ele>
                        <time>2022-08-18T22:18:20Z</time>
                                                <extensions>
                            <sog>9.0</sog>
<cog>118.6</cog>
                        </extensions>
                    </trkpt>
                    <trkpt lat="54.35758166666667" lon="9.878273333333334">
                        <ele>0</ele>
                        <time>2022-08-18T22:18:30Z</time>
                                                <extensions>
                            <sog>9.0</sog>
<cog>118.6</cog>
                        </extensions>
                    </trkpt>
                    <trkpt lat="54.35716166666667" lon="9.879588333333334">
                        <ele>0</ele>
                        <time>2022-08-18T22:18:51Z</time>
                                                <extensions>
                            <sog>9.0</sog>
<cog>118.6</cog>
                        </extensions>
                    </trkpt>
                    <trkpt lat="54.35698166666667" lon="9.880153333333334">
                        <ele>0</ele>
                        <time>2022-08-18T22:19:00Z</time>
                                                <extensions>
                            <sog>9.0</sog>
<cog>118.5</cog>
                        </extensions>
                    </trkpt>
                    <trkpt lat="54.356784999999995" lon="9.880785">
                        <ele>0</ele>
                        <time>2022-08-18T22:19:10Z</time>
                                                <extensions>
                            <sog>9.0</sog>
<cog>118.5</cog>
                        </extensions>
                    </trkpt>
                    <trkpt lat="54.35659166666667" lon="9.881413333333334">
                        <ele>0</ele>
                        <time>2022-08-18T22:19:20Z</time>
                                                <extensions>
                            <sog>9.0</sog>
<cog>118.6</cog>
                        </extensions>
                    </trkpt>
                    <trkpt lat="54.3564" lon="9.88204">
                        <ele>0</ele>
                        <time>2022-08-18T22:19:30Z</time>
                                                <extensions>
                            <sog>9.0</sog>
<cog>118.6</cog>
                        </extensions>
                    </trkpt>
                    <trkpt lat="54.356205" lon="9.882661666666667">
                        <ele>0</ele>
                        <time>2022-08-18T22:19:40Z</time>
                                                <extensions>
                            <sog>9.0</sog>
<cog>118.6</cog>
                        </extensions>
                    </trkpt>
                    <trkpt lat="54.356004999999996" lon="9.883281666666667">
                        <ele>0</ele>
                        <time>2022-08-18T22:19:50Z</time>
                                                <extensions>
                            <sog>8.9</sog>
<cog>118.6</cog>
                        </extensions>
                    </trkpt>
                    <trkpt lat="54.35579666666667" lon="9.883894999999999">
                        <ele>0</ele>
                        <time>2022-08-18T22:20:00Z</time>
                                                <extensions>
                            <sog>8.9</sog>
<cog>118.6</cog>
                        </extensions>
                    </trkpt>
                    <trkpt lat="54.35558833333334" lon="9.884511666666667">
                        <ele>0</ele>
                        <time>2022-08-18T22:20:10Z</time>
                                                <extensions>
                            <sog>8.9</sog>
<cog>118.6</cog>
                        </extensions>
                    </trkpt>
                    <trkpt lat="54.355178333333335" lon="9.885743333333332">
                        <ele>0</ele>
                        <time>2022-08-18T22:20:30Z</time>
                                                <extensions>
                            <sog>8.9</sog>
<cog>118.8</cog>
                        </extensions>
                    </trkpt>
                    <trkpt lat="54.354998333333334" lon="9.886293333333333">
                        <ele>0</ele>
                        <time>2022-08-18T22:20:39Z</time>
                                                <extensions>
                            <sog>8.9</sog>
<cog>118.7</cog>
                        </extensions>
                    </trkpt>
                    <trkpt lat="54.35478" lon="9.88697">
                        <ele>0</ele>
                        <time>2022-08-18T22:20:50Z</time>
                                                <extensions>
                            <sog>8.9</sog>
<cog>118.8</cog>
                        </extensions>
                    </trkpt>
                    <trkpt lat="54.35457833333333" lon="9.887596666666667">
                        <ele>0</ele>
                        <time>2022-08-18T22:21:00Z</time>
                                                <extensions>
                            <sog>8.9</sog>
<cog>118.8</cog>
                        </extensions>
                    </trkpt>
                    <trkpt lat="54.354396666666666" lon="9.888158333333333">
                        <ele>0</ele>
                        <time>2022-08-18T22:21:09Z</time>
                                                <extensions>
                            <sog>8.9</sog>
<cog>118.8</cog>
                        </extensions>
                    </trkpt>
                    <trkpt lat="54.354175000000005" lon="9.888843333333334">
                        <ele>0</ele>
                        <time>2022-08-18T22:21:20Z</time>
                                                <extensions>
                            <sog>8.9</sog>
<cog>118.8</cog>
                        </extensions>
                    </trkpt>
                    <trkpt lat="54.353995000000005" lon="9.889401666666666">
                        <ele>0</ele>
                        <time>2022-08-18T22:21:29Z</time>
                                                <extensions>
                            <sog>8.9</sog>
<cog>118.7</cog>
                        </extensions>
                    </trkpt>
                    <trkpt lat="54.353790000000004" lon="9.890023333333334">
                        <ele>0</ele>
                        <time>2022-08-18T22:21:39Z</time>
                                                <extensions>
                            <sog>8.8</sog>
<cog>118.8</cog>
                        </extensions>
                    </trkpt>
                    <trkpt lat="54.353575" lon="9.890696666666665">
                        <ele>0</ele>
                        <time>2022-08-18T22:21:50Z</time>
                                                <extensions>
                            <sog>8.8</sog>
<cog>118.9</cog>
                        </extensions>
                    </trkpt>
                    <trkpt lat="54.35338333333333" lon="9.891303333333333">
                        <ele>0</ele>
                        <time>2022-08-18T22:22:00Z</time>
                                                <extensions>
                            <sog>8.8</sog>
<cog>118.9</cog>
                        </extensions>
                    </trkpt>
                    <trkpt lat="54.353206666666665" lon="9.891851666666668">
                        <ele>0</ele>
                        <time>2022-08-18T22:22:09Z</time>
                                                <extensions>
                            <sog>8.8</sog>
<cog>119.0</cog>
                        </extensions>
                    </trkpt>
                    <trkpt lat="54.35298833333333" lon="9.892526666666667">
                        <ele>0</ele>
                        <time>2022-08-18T22:22:20Z</time>
                                                <extensions>
                            <sog>8.8</sog>
<cog>118.9</cog>
                        </extensions>
                    </trkpt>
                    <trkpt lat="54.352805" lon="9.893076666666667">
                        <ele>0</ele>
                        <time>2022-08-18T22:22:29Z</time>
                                                <extensions>
                            <sog>8.8</sog>
<cog>119.0</cog>
                        </extensions>
                    </trkpt>
                    <trkpt lat="54.352605000000004" lon="9.89369">
                        <ele>0</ele>
                        <time>2022-08-18T22:22:39Z</time>
                                                <extensions>
                            <sog>8.7</sog>
<cog>119.2</cog>
                        </extensions>
                    </trkpt>
                    <trkpt lat="54.352383333333336" lon="9.894363333333333">
                        <ele>0</ele>
                        <time>2022-08-18T22:22:50Z</time>
                                                <extensions>
                            <sog>8.7</sog>
<cog>119.2</cog>
                        </extensions>
                    </trkpt>
                    <trkpt lat="54.35218666666666" lon="9.89497">
                        <ele>0</ele>
                        <time>2022-08-18T22:23:00Z</time>
                                                <extensions>
                            <sog>8.7</sog>
<cog>119.2</cog>
                        </extensions>
                    </trkpt>
                    <trkpt lat="54.35201166666666" lon="9.89551">
                        <ele>0</ele>
                        <time>2022-08-18T22:23:09Z</time>
                                                <extensions>
                            <sog>8.6</sog>
<cog>119.2</cog>
                        </extensions>
                    </trkpt>
                    <trkpt lat="54.351798333333335" lon="9.896165">
                        <ele>0</ele>
                        <time>2022-08-18T22:23:20Z</time>
                                                <extensions>
                            <sog>8.6</sog>
<cog>119.2</cog>
                        </extensions>
                    </trkpt>
                    <trkpt lat="54.351625" lon="9.896696666666665">
                        <ele>0</ele>
                        <time>2022-08-18T22:23:29Z</time>
                                                <extensions>
                            <sog>8.6</sog>
<cog>119.3</cog>
                        </extensions>
                    </trkpt>
                    <trkpt lat="54.35142833333334" lon="9.89729">
                        <ele>0</ele>
                        <time>2022-08-18T22:23:39Z</time>
                                                <extensions>
                            <sog>8.6</sog>
<cog>119.3</cog>
                        </extensions>
                    </trkpt>
                    <trkpt lat="54.35120833333334" lon="9.897953333333334">
                        <ele>0</ele>
                        <time>2022-08-18T22:23:50Z</time>
                                                <extensions>
                            <sog>8.7</sog>
<cog>119.3</cog>
                        </extensions>
                    </trkpt>
                    <trkpt lat="54.351009999999995" lon="9.898556666666668">
                        <ele>0</ele>
                        <time>2022-08-18T22:24:00Z</time>
                                                <extensions>
                            <sog>8.7</sog>
<cog>119.4</cog>
                        </extensions>
                    </trkpt>
                    <trkpt lat="54.350831666666664" lon="9.8991">
                        <ele>0</ele>
                        <time>2022-08-18T22:24:09Z</time>
                                                <extensions>
                            <sog>8.7</sog>
<cog>119.3</cog>
                        </extensions>
                    </trkpt>
                    <trkpt lat="54.350635000000004" lon="9.899698333333333">
                        <ele>0</ele>
                        <time>2022-08-18T22:24:19Z</time>
                                                <extensions>
                            <sog>8.7</sog>
<cog>119.4</cog>
                        </extensions>
                    </trkpt>
                    <trkpt lat="54.35043666666666" lon="9.900298333333334">
                        <ele>0</ele>
                        <time>2022-08-18T22:24:29Z</time>
                                                <extensions>
                            <sog>8.7</sog>
<cog>119.5</cog>
                        </extensions>
                    </trkpt>
                    <trkpt lat="54.35023666666667" lon="9.900901666666666">
                        <ele>0</ele>
                        <time>2022-08-18T22:24:39Z</time>
                                                <extensions>
                            <sog>8.7</sog>
<cog>119.5</cog>
                        </extensions>
                    </trkpt>
                    <trkpt lat="54.35001833333333" lon="9.901563333333334">
                        <ele>0</ele>
                        <time>2022-08-18T22:24:50Z</time>
                                                <extensions>
                            <sog>8.7</sog>
<cog>119.4</cog>
                        </extensions>
                    </trkpt>
                    <trkpt lat="54.34964166666667" lon="9.902706666666667">
                        <ele>0</ele>
                        <time>2022-08-18T22:25:09Z</time>
                                                <extensions>
                            <sog>8.7</sog>
<cog>119.4</cog>
                        </extensions>
                    </trkpt>
                    <trkpt lat="54.349441666666664" lon="9.903306666666667">
                        <ele>0</ele>
                        <time>2022-08-18T22:25:19Z</time>
                                                <extensions>
                            <sog>8.6</sog>
<cog>119.3</cog>
                        </extensions>
                    </trkpt>
                    <trkpt lat="54.349241666666664" lon="9.90391">
                        <ele>0</ele>
                        <time>2022-08-18T22:25:29Z</time>
                                                <extensions>
                            <sog>8.7</sog>
<cog>119.3</cog>
                        </extensions>
                    </trkpt>
                    <trkpt lat="54.349043333333334" lon="9.904513333333334">
                        <ele>0</ele>
                        <time>2022-08-18T22:25:39Z</time>
                                                <extensions>
                            <sog>8.7</sog>
<cog>119.4</cog>
                        </extensions>
                    </trkpt>
                    <trkpt lat="54.34883" lon="9.905176666666668">
                        <ele>0</ele>
                        <time>2022-08-18T22:25:50Z</time>
                                                <extensions>
                            <sog>8.7</sog>
<cog>119.1</cog>
                        </extensions>
                    </trkpt>
                    <trkpt lat="54.34863666666667" lon="9.905781666666666">
                        <ele>0</ele>
                        <time>2022-08-18T22:26:00Z</time>
                                                <extensions>
                            <sog>8.7</sog>
<cog>118.9</cog>
                        </extensions>
                    </trkpt>
                    <trkpt lat="54.34846166666667" lon="9.906328333333333">
                        <ele>0</ele>
                        <time>2022-08-18T22:26:09Z</time>
                                                <extensions>
                            <sog>8.7</sog>
<cog>118.8</cog>
                        </extensions>
                    </trkpt>
                    <trkpt lat="54.34826666666667" lon="9.906936666666667">
                        <ele>0</ele>
                        <time>2022-08-18T22:26:19Z</time>
                                                <extensions>
                            <sog>8.7</sog>
<cog>118.7</cog>
                        </extensions>
                    </trkpt>
                    <trkpt lat="54.34807" lon="9.907545">
                        <ele>0</ele>
                        <time>2022-08-18T22:26:29Z</time>
                                                <extensions>
                            <sog>8.7</sog>
<cog>118.8</cog>
                        </extensions>
                    </trkpt>
                    <trkpt lat="54.347875" lon="9.908148333333333">
                        <ele>0</ele>
                        <time>2022-08-18T22:26:39Z</time>
                                                <extensions>
                            <sog>8.7</sog>
<cog>118.8</cog>
                        </extensions>
                    </trkpt>
                    <trkpt lat="54.34766" lon="9.908823333333334">
                        <ele>0</ele>
                        <time>2022-08-18T22:26:50Z</time>
                                                <extensions>
                            <sog>8.7</sog>
<cog>118.7</cog>
                        </extensions>
                    </trkpt>
                    <trkpt lat="54.34746166666666" lon="9.909436666666666">
                        <ele>0</ele>
                        <time>2022-08-18T22:27:00Z</time>
                                                <extensions>
                            <sog>8.8</sog>
<cog>118.8</cog>
                        </extensions>
                    </trkpt>
                    <trkpt lat="54.34728166666666" lon="9.909995">
                        <ele>0</ele>
                        <time>2022-08-18T22:27:09Z</time>
                                                <extensions>
                            <sog>8.8</sog>
<cog>118.8</cog>
                        </extensions>
                    </trkpt>
                    <trkpt lat="54.34708666666667" lon="9.910615">
                        <ele>0</ele>
                        <time>2022-08-18T22:27:19Z</time>
                                                <extensions>
                            <sog>8.7</sog>
<cog>118.7</cog>
                        </extensions>
                    </trkpt>
                    <trkpt lat="54.34689166666667" lon="9.911226666666666">
                        <ele>0</ele>
                        <time>2022-08-18T22:27:30Z</time>
                                                <extensions>
                            <sog>8.7</sog>
<cog>118.7</cog>
                        </extensions>
                    </trkpt>
                    <trkpt lat="54.34669333333333" lon="9.911828333333334">
                        <ele>0</ele>
                        <time>2022-08-18T22:27:39Z</time>
                                                <extensions>
                            <sog>8.7</sog>
<cog>118.8</cog>
                        </extensions>
                    </trkpt>
                    <trkpt lat="54.34647833333334" lon="9.912483333333334">
                        <ele>0</ele>
                        <time>2022-08-18T22:27:50Z</time>
                                                <extensions>
                            <sog>8.6</sog>
<cog>118.6</cog>
                        </extensions>
                    </trkpt>
                    <trkpt lat="54.34628333333333" lon="9.91308">
                        <ele>0</ele>
                        <time>2022-08-18T22:28:00Z</time>
                                                <extensions>
                            <sog>8.6</sog>
<cog>118.6</cog>
                        </extensions>
                    </trkpt>
                    <trkpt lat="54.346109999999996" lon="9.913618333333334">
                        <ele>0</ele>
                        <time>2022-08-18T22:28:09Z</time>
                                                <extensions>
                            <sog>8.6</sog>
<cog>118.4</cog>
                        </extensions>
                    </trkpt>
                    <trkpt lat="54.34589833333334" lon="9.914295000000001">
                        <ele>0</ele>
                        <time>2022-08-18T22:28:20Z</time>
                                                <extensions>
                            <sog>8.7</sog>
<cog>118.2</cog>
                        </extensions>
                    </trkpt>
                    <trkpt lat="54.34572166666667" lon="9.914856666666667">
                        <ele>0</ele>
                        <time>2022-08-18T22:28:30Z</time>
                                                <extensions>
                            <sog>8.7</sog>
<cog>117.9</cog>
                        </extensions>
                    </trkpt>
                    <trkpt lat="54.34553833333334" lon="9.915471666666667">
                        <ele>0</ele>
                        <time>2022-08-18T22:28:39Z</time>
                                                <extensions>
                            <sog>8.7</sog>
<cog>117.8</cog>
                        </extensions>
                    </trkpt>
                    <trkpt lat="54.34534166666666" lon="9.91614">
                        <ele>0</ele>
                        <time>2022-08-18T22:28:50Z</time>
                                                <extensions>
                            <sog>8.7</sog>
<cog>117.9</cog>
                        </extensions>
                    </trkpt>
                    <trkpt lat="54.344993333333335" lon="9.917321666666668">
                        <ele>0</ele>
                        <time>2022-08-18T22:29:09Z</time>
                                                <extensions>
                            <sog>8.8</sog>
<cog>118.0</cog>
                        </extensions>
                    </trkpt>
                    <trkpt lat="54.34478333333333" lon="9.918000000000001">
                        <ele>0</ele>
                        <time>2022-08-18T22:29:20Z</time>
                                                <extensions>
                            <sog>8.8</sog>
<cog>118.2</cog>
                        </extensions>
                    </trkpt>
                    <trkpt lat="54.344605" lon="9.918555">
                        <ele>0</ele>
                        <time>2022-08-18T22:29:30Z</time>
                                                <extensions>
                            <sog>8.8</sog>
<cog>118.1</cog>
                        </extensions>
                    </trkpt>
                    <trkpt lat="54.34439666666666" lon="9.919196666666666">
                        <ele>0</ele>
                        <time>2022-08-18T22:29:39Z</time>
                                                <extensions>
                            <sog>8.8</sog>
<cog>117.8</cog>
                        </extensions>
                    </trkpt>
                    <trkpt lat="54.344188333333335" lon="9.919886666666667">
                        <ele>0</ele>
                        <time>2022-08-18T22:29:50Z</time>
                                                <extensions>
                            <sog>8.8</sog>
<cog>117.1</cog>
                        </extensions>
                    </trkpt>
                    <trkpt lat="54.34403333333333" lon="9.920451666666667">
                        <ele>0</ele>
                        <time>2022-08-18T22:29:59Z</time>
                                                <extensions>
                            <sog>8.8</sog>
<cog>116.7</cog>
                        </extensions>
                    </trkpt>
                    <trkpt lat="54.34386666666667" lon="9.921098333333333">
                        <ele>0</ele>
                        <time>2022-08-18T22:30:09Z</time>
                                                <extensions>
                            <sog>8.8</sog>
<cog>116.1</cog>
                        </extensions>
                    </trkpt>
                    <trkpt lat="54.34367666666667" lon="9.921813333333334">
                        <ele>0</ele>
                        <time>2022-08-18T22:30:20Z</time>
                                                <extensions>
                            <sog>8.8</sog>
<cog>115.8</cog>
                        </extensions>
                    </trkpt>
                    <trkpt lat="54.343505" lon="9.922445000000002">
                        <ele>0</ele>
                        <time>2022-08-18T22:30:30Z</time>
                                                <extensions>
                            <sog>8.8</sog>
<cog>115.4</cog>
                        </extensions>
                    </trkpt>
                    <trkpt lat="54.34342" lon="9.92276">
                        <ele>0</ele>
                        <time>2022-08-18T22:30:39Z</time>
                                                <extensions>
                            <sog>8.8</sog>
<cog>115.2</cog>
                        </extensions>
                    </trkpt>
                    <trkpt lat="54.34312666666666" lon="9.923771666666665">
                        <ele>0</ele>
                        <time>2022-08-18T22:30:51Z</time>
                                                <extensions>
                            <sog>8.8</sog>
<cog>114.9</cog>
                        </extensions>
                    </trkpt>
                    <trkpt lat="54.342985" lon="9.924273333333334">
                        <ele>0</ele>
                        <time>2022-08-18T22:30:59Z</time>
                                                <extensions>
                            <sog>8.8</sog>
<cog>114.0</cog>
                        </extensions>
                    </trkpt>
                    <trkpt lat="54.342818333333334" lon="9.924900000000001">
                        <ele>0</ele>
                        <time>2022-08-18T22:31:09Z</time>
                                                <extensions>
                            <sog>8.7</sog>
<cog>113.0</cog>
                        </extensions>
                    </trkpt>
                    <trkpt lat="54.34263833333333" lon="9.925583333333332">
                        <ele>0</ele>
                        <time>2022-08-18T22:31:20Z</time>
                                                <extensions>
                            <sog>8.7</sog>
<cog>111.9</cog>
                        </extensions>
                    </trkpt>
                    <trkpt lat="54.34249833333333" lon="9.926221666666667">
                        <ele>0</ele>
                        <time>2022-08-18T22:31:30Z</time>
                                                <extensions>
                            <sog>8.7</sog>
<cog>110.9</cog>
                        </extensions>
                    </trkpt>
                    <trkpt lat="54.342375" lon="9.926799999999998">
                        <ele>0</ele>
                        <time>2022-08-18T22:31:39Z</time>
                                                <extensions>
                            <sog>8.6</sog>
<cog>109.8</cog>
                        </extensions>
                    </trkpt>
                    <trkpt lat="54.342234999999995" lon="9.927581666666667">
                        <ele>0</ele>
                        <time>2022-08-18T22:31:51Z</time>
                                                <extensions>
                            <sog>8.6</sog>
<cog>108.3</cog>
                        </extensions>
                    </trkpt>
                    <trkpt lat="54.34214" lon="9.928103333333333">
                        <ele>0</ele>
                        <time>2022-08-18T22:31:59Z</time>
                                                <extensions>
                            <sog>8.7</sog>
<cog>107.4</cog>
                        </extensions>
                    </trkpt>
                    <trkpt lat="54.34202166666667" lon="9.928763333333334">
                        <ele>0</ele>
                        <time>2022-08-18T22:32:09Z</time>
                                                <extensions>
                            <sog>8.7</sog>
<cog>106.5</cog>
                        </extensions>
                    </trkpt>
                    <trkpt lat="54.341901666666665" lon="9.929499999999999">
                        <ele>0</ele>
                        <time>2022-08-18T22:32:20Z</time>
                                                <extensions>
                            <sog>8.7</sog>
<cog>105.5</cog>
                        </extensions>
                    </trkpt>
                    <trkpt lat="54.34181" lon="9.930106666666667">
                        <ele>0</ele>
                        <time>2022-08-18T22:32:30Z</time>
                                                <extensions>
                            <sog>8.7</sog>
<cog>104.9</cog>
                        </extensions>
                    </trkpt>
                    <trkpt lat="54.34170833333334" lon="9.930776666666667">
                        <ele>0</ele>
                        <time>2022-08-18T22:32:39Z</time>
                                                <extensions>
                            <sog>8.7</sog>
<cog>104.3</cog>
                        </extensions>
                    </trkpt>
                    <trkpt lat="54.341588333333334" lon="9.931583333333332">
                        <ele>0</ele>
                        <time>2022-08-18T22:32:51Z</time>
                                                <extensions>
                            <sog>8.7</sog>
<cog>103.9</cog>
                        </extensions>
                    </trkpt>
                    <trkpt lat="54.34141833333333" lon="9.932795">
                        <ele>0</ele>
                        <time>2022-08-18T22:33:09Z</time>
                                                <extensions>
                            <sog>8.7</sog>
<cog>103.5</cog>
                        </extensions>
                    </trkpt>
                    <trkpt lat="54.341323333333335" lon="9.933536666666667">
                        <ele>0</ele>
                        <time>2022-08-18T22:33:20Z</time>
                                                <extensions>
                            <sog>8.6</sog>
<cog>102.8</cog>
                        </extensions>
                    </trkpt>
                    <trkpt lat="54.341245" lon="9.934216666666666">
                        <ele>0</ele>
                        <time>2022-08-18T22:33:30Z</time>
                                                <extensions>
                            <sog>8.6</sog>
<cog>102.0</cog>
                        </extensions>
                    </trkpt>
                    <trkpt lat="54.341175" lon="9.934828333333334">
                        <ele>0</ele>
                        <time>2022-08-18T22:33:39Z</time>
                                                <extensions>
                            <sog>8.6</sog>
<cog>100.8</cog>
                        </extensions>
                    </trkpt>
                    <trkpt lat="54.34108833333333" lon="9.935643333333333">
                        <ele>0</ele>
                        <time>2022-08-18T22:33:51Z</time>
                                                <extensions>
                            <sog>8.6</sog>
<cog>99.4</cog>
                        </extensions>
                    </trkpt>
                    <trkpt lat="54.34103666666667" lon="9.936186666666666">
                        <ele>0</ele>
                        <time>2022-08-18T22:33:59Z</time>
                                                <extensions>
                            <sog>8.6</sog>
<cog>98.2</cog>
                        </extensions>
                    </trkpt>
                    <trkpt lat="54.340986666666666" lon="9.93687">
                        <ele>0</ele>
                        <time>2022-08-18T22:34:09Z</time>
                                                <extensions>
                            <sog>8.5</sog>
<cog>96.9</cog>
                        </extensions>
                    </trkpt>
                    <trkpt lat="54.34095333333333" lon="9.937610000000001">
                        <ele>0</ele>
                        <time>2022-08-18T22:34:20Z</time>
                                                <extensions>
                            <sog>8.5</sog>
<cog>95.5</cog>
                        </extensions>
                    </trkpt>
                    <trkpt lat="54.34092833333333" lon="9.938279999999999">
                        <ele>0</ele>
                        <time>2022-08-18T22:34:30Z</time>
                                                <extensions>
                            <sog>8.5</sog>
<cog>94.3</cog>
                        </extensions>
                    </trkpt>
                    <trkpt lat="54.34090333333334" lon="9.939701666666668">
                        <ele>0</ele>
                        <time>2022-08-18T22:34:51Z</time>
                                                <extensions>
                            <sog>8.5</sog>
<cog>91.5</cog>
                        </extensions>
                    </trkpt>
                    <trkpt lat="54.340896666666666" lon="9.940246666666667">
                        <ele>0</ele>
                        <time>2022-08-18T22:34:59Z</time>
                                                <extensions>
                            <sog>8.5</sog>
<cog>90.2</cog>
                        </extensions>
                    </trkpt>
                    <trkpt lat="54.34090166666667" lon="9.940911666666667">
                        <ele>0</ele>
                        <time>2022-08-18T22:35:09Z</time>
                                                <extensions>
                            <sog>8.5</sog>
<cog>88.4</cog>
                        </extensions>
                    </trkpt>
                    <trkpt lat="54.34090833333333" lon="9.941581666666668">
                        <ele>0</ele>
                        <time>2022-08-18T22:35:19Z</time>
                                                <extensions>
                            <sog>8.5</sog>
<cog>87.9</cog>
                        </extensions>
                    </trkpt>
                    <trkpt lat="54.34093" lon="9.94233">
                        <ele>0</ele>
                        <time>2022-08-18T22:35:30Z</time>
                                                <extensions>
                            <sog>8.6</sog>
<cog>88.0</cog>
                        </extensions>
                    </trkpt>
                    <trkpt lat="54.34094833333334" lon="9.94295">
                        <ele>0</ele>
                        <time>2022-08-18T22:35:39Z</time>
                                                <extensions>
                            <sog>8.6</sog>
<cog>88.0</cog>
                        </extensions>
                    </trkpt>
                    <trkpt lat="54.340961666666665" lon="9.943705">
                        <ele>0</ele>
                        <time>2022-08-18T22:35:50Z</time>
                                                <extensions>
                            <sog>8.6</sog>
<cog>88.5</cog>
                        </extensions>
                    </trkpt>
                    <trkpt lat="54.34096833333333" lon="9.9444">
                        <ele>0</ele>
                        <time>2022-08-18T22:36:00Z</time>
                                                <extensions>
                            <sog>8.7</sog>
<cog>88.8</cog>
                        </extensions>
                    </trkpt>
<trkpt lat="54.34097333333333" lon="9.944749999999999">
    <ele>0</ele>
    <time>2022-08-18T22:36:10Z</time>
    
</trkpt>
                    <trkpt lat="54.340983333333334" lon="9.945736666666667">
                        <ele>0</ele>
                        <time>2022-08-18T22:36:19Z</time>
                                                <extensions>
                            <sog>8.8</sog>
<cog>88.2</cog>
                        </extensions>
                    </trkpt>
                    <trkpt lat="54.34099666666667" lon="9.94651">
                        <ele>0</ele>
                        <time>2022-08-18T22:36:30Z</time>
                                                <extensions>
                            <sog>8.8</sog>
<cog>87.9</cog>
                        </extensions>
                    </trkpt>
                    <trkpt lat="54.34101333333333" lon="9.947148333333333">
                        <ele>0</ele>
                        <time>2022-08-18T22:36:39Z</time>
                                                <extensions>
                            <sog>8.8</sog>
<cog>87.6</cog>
                        </extensions>
                    </trkpt>
                    <trkpt lat="54.34104833333333" lon="9.947928333333333">
                        <ele>0</ele>
                        <time>2022-08-18T22:36:50Z</time>
                                                <extensions>
                            <sog>8.8</sog>
<cog>87.0</cog>
                        </extensions>
                    </trkpt>
                    <trkpt lat="54.341076666666666" lon="9.948638333333333">
                        <ele>0</ele>
                        <time>2022-08-18T22:37:00Z</time>
                                                <extensions>
                            <sog>8.8</sog>
<cog>86.5</cog>
                        </extensions>
                    </trkpt>
                    <trkpt lat="54.3411" lon="9.949346666666665">
                        <ele>0</ele>
                        <time>2022-08-18T22:37:10Z</time>
                                                <extensions>
                            <sog>8.8</sog>
<cog>86.0</cog>
                        </extensions>
                    </trkpt>
                    <trkpt lat="54.341121666666666" lon="9.949978333333332">
                        <ele>0</ele>
                        <time>2022-08-18T22:37:19Z</time>
                                                <extensions>
                            <sog>8.9</sog>
<cog>85.6</cog>
                        </extensions>
                    </trkpt>
                    <trkpt lat="54.34115666666666" lon="9.950686666666666">
                        <ele>0</ele>
                        <time>2022-08-18T22:37:29Z</time>
                                                <extensions>
                            <sog>8.9</sog>
<cog>85.2</cog>
                        </extensions>
                    </trkpt>
                    <trkpt lat="54.34119833333333" lon="9.951455000000001">
                        <ele>0</ele>
                        <time>2022-08-18T22:37:40Z</time>
                                                <extensions>
                            <sog>8.8</sog>
<cog>84.6</cog>
                        </extensions>
                    </trkpt>
                    <trkpt lat="54.34123833333333" lon="9.952151666666667">
                        <ele>0</ele>
                        <time>2022-08-18T22:37:50Z</time>
                                                <extensions>
                            <sog>8.8</sog>
<cog>84.2</cog>
                        </extensions>
                    </trkpt>
                    <trkpt lat="54.341285" lon="9.952850000000002">
                        <ele>0</ele>
                        <time>2022-08-18T22:38:00Z</time>
                                                <extensions>
                            <sog>8.8</sog>
<cog>83.8</cog>
                        </extensions>
                    </trkpt>
                    <trkpt lat="54.34133833333333" lon="9.953555">
                        <ele>0</ele>
                        <time>2022-08-18T22:38:10Z</time>
                                                <extensions>
                            <sog>8.8</sog>
<cog>83.1</cog>
                        </extensions>
                    </trkpt>
                    <trkpt lat="54.34138666666667" lon="9.954180000000001">
                        <ele>0</ele>
                        <time>2022-08-18T22:38:19Z</time>
                                                <extensions>
                            <sog>8.8</sog>
<cog>82.8</cog>
                        </extensions>
                    </trkpt>
                    <trkpt lat="54.341438333333336" lon="9.95487">
                        <ele>0</ele>
                        <time>2022-08-18T22:38:29Z</time>
                                                <extensions>
                            <sog>8.8</sog>
<cog>82.6</cog>
                        </extensions>
                    </trkpt>
                    <trkpt lat="54.34149166666667" lon="9.955625">
                        <ele>0</ele>
                        <time>2022-08-18T22:38:40Z</time>
                                                <extensions>
                            <sog>8.8</sog>
<cog>82.6</cog>
                        </extensions>
                    </trkpt>
                    <trkpt lat="54.34154" lon="9.956311666666666">
                        <ele>0</ele>
                        <time>2022-08-18T22:38:50Z</time>
                                                <extensions>
                            <sog>8.8</sog>
<cog>82.7</cog>
                        </extensions>
                    </trkpt>
                    <trkpt lat="54.341588333333334" lon="9.957001666666667">
                        <ele>0</ele>
                        <time>2022-08-18T22:39:00Z</time>
                                                <extensions>
                            <sog>8.8</sog>
<cog>82.8</cog>
                        </extensions>
                    </trkpt>
                    <trkpt lat="54.341636666666666" lon="9.957691666666667">
                        <ele>0</ele>
                        <time>2022-08-18T22:39:10Z</time>
                                                <extensions>
                            <sog>8.8</sog>
<cog>82.9</cog>
                        </extensions>
                    </trkpt>
                    <trkpt lat="54.341683333333336" lon="9.958318333333333">
                        <ele>0</ele>
                        <time>2022-08-18T22:39:19Z</time>
                                                <extensions>
                            <sog>8.8</sog>
<cog>83.0</cog>
                        </extensions>
                    </trkpt>
                    <trkpt lat="54.341735" lon="9.959018333333335">
                        <ele>0</ele>
                        <time>2022-08-18T22:39:29Z</time>
                                                <extensions>
                            <sog>8.8</sog>
<cog>82.9</cog>
                        </extensions>
                    </trkpt>
                    <trkpt lat="54.3418" lon="9.959778333333333">
                        <ele>0</ele>
                        <time>2022-08-18T22:39:40Z</time>
                                                <extensions>
                            <sog>8.8</sog>
<cog>82.9</cog>
                        </extensions>
                    </trkpt>
                    <trkpt lat="54.341856666666665" lon="9.960466666666667">
                        <ele>0</ele>
                        <time>2022-08-18T22:39:50Z</time>
                                                <extensions>
                            <sog>8.8</sog>
<cog>83.0</cog>
                        </extensions>
                    </trkpt>
                    <trkpt lat="54.341905" lon="9.961166666666665">
                        <ele>0</ele>
                        <time>2022-08-18T22:40:00Z</time>
                                                <extensions>
                            <sog>8.8</sog>
<cog>83.5</cog>
                        </extensions>
                    </trkpt>
                    <trkpt lat="54.34195333333333" lon="9.961861666666666">
                        <ele>0</ele>
                        <time>2022-08-18T22:40:10Z</time>
                                                <extensions>
                            <sog>8.8</sog>
<cog>83.3</cog>
                        </extensions>
                    </trkpt>
                    <trkpt lat="54.342005" lon="9.962556666666668">
                        <ele>0</ele>
                        <time>2022-08-18T22:40:20Z</time>
                                                <extensions>
                            <sog>8.8</sog>
<cog>82.9</cog>
                        </extensions>
                    </trkpt>
                    <trkpt lat="54.342054999999995" lon="9.963185000000001">
                        <ele>0</ele>
                        <time>2022-08-18T22:40:29Z</time>
                                                <extensions>
                            <sog>8.8</sog>
<cog>82.5</cog>
                        </extensions>
                    </trkpt>
                    <trkpt lat="54.34216" lon="9.964533333333332">
                        <ele>0</ele>
                        <time>2022-08-18T22:40:50Z</time>
                                                <extensions>
                            <sog>8.8</sog>
<cog>81.3</cog>
                        </extensions>
                    </trkpt>
                    <trkpt lat="54.34222833333333" lon="9.965286666666666">
                        <ele>0</ele>
                        <time>2022-08-18T22:41:00Z</time>
                                                <extensions>
                            <sog>8.8</sog>
<cog>81.1</cog>
                        </extensions>
                    </trkpt>
                    <trkpt lat="54.34229166666667" lon="9.965918333333333">
                        <ele>0</ele>
                        <time>2022-08-18T22:41:09Z</time>
                                                <extensions>
                            <sog>8.8</sog>
<cog>80.6</cog>
                        </extensions>
                    </trkpt>
                    <trkpt lat="54.34236333333333" lon="9.966693333333334">
                        <ele>0</ele>
                        <time>2022-08-18T22:41:20Z</time>
                                                <extensions>
                            <sog>8.8</sog>
<cog>80.2</cog>
                        </extensions>
                    </trkpt>
                    <trkpt lat="54.34243333333333" lon="9.967393333333332">
                        <ele>0</ele>
                        <time>2022-08-18T22:41:30Z</time>
                                                <extensions>
                            <sog>8.8</sog>
<cog>79.7</cog>
                        </extensions>
                    </trkpt>
                    <trkpt lat="54.34250833333333" lon="9.968088333333332">
                        <ele>0</ele>
                        <time>2022-08-18T22:41:40Z</time>
                                                <extensions>
                            <sog>8.8</sog>
<cog>79.3</cog>
                        </extensions>
                    </trkpt>
                    <trkpt lat="54.342576666666666" lon="9.968706666666666">
                        <ele>0</ele>
                        <time>2022-08-18T22:41:50Z</time>
                                                <extensions>
                            <sog>8.8</sog>
<cog>79.5</cog>
                        </extensions>
                    </trkpt>
                    <trkpt lat="54.34265333333334" lon="9.96946">
                        <ele>0</ele>
                        <time>2022-08-18T22:42:00Z</time>
                                                <extensions>
                            <sog>8.8</sog>
<cog>79.6</cog>
                        </extensions>
                    </trkpt>
                    <trkpt lat="54.34272166666666" lon="9.970078333333333">
                        <ele>0</ele>
                        <time>2022-08-18T22:42:09Z</time>
                                                <extensions>
                            <sog>8.8</sog>
<cog>79.6</cog>
                        </extensions>
                    </trkpt>
                    <trkpt lat="54.342805" lon="9.970830000000001">
                        <ele>0</ele>
                        <time>2022-08-18T22:42:20Z</time>
                                                <extensions>
                            <sog>8.8</sog>
<cog>79.8</cog>
                        </extensions>
                    </trkpt>
                    <trkpt lat="54.34287500000001" lon="9.971515">
                        <ele>0</ele>
                        <time>2022-08-18T22:42:30Z</time>
                                                <extensions>
                            <sog>8.8</sog>
<cog>79.9</cog>
                        </extensions>
                    </trkpt>
                    <trkpt lat="54.34294666666666" lon="9.972198333333333">
                        <ele>0</ele>
                        <time>2022-08-18T22:42:40Z</time>
                                                <extensions>
                            <sog>8.8</sog>
<cog>80.1</cog>
                        </extensions>
                    </trkpt>
                    <trkpt lat="54.34301833333333" lon="9.97281">
                        <ele>0</ele>
                        <time>2022-08-18T22:42:50Z</time>
                                                <extensions>
                            <sog>8.7</sog>
<cog>79.4</cog>
                        </extensions>
                    </trkpt>
                    <trkpt lat="54.343105" lon="9.973555000000001">
                        <ele>0</ele>
                        <time>2022-08-18T22:43:00Z</time>
                                                <extensions>
                            <sog>8.7</sog>
<cog>78.6</cog>
                        </extensions>
                    </trkpt>
                    <trkpt lat="54.34319166666667" lon="9.974173333333333">
                        <ele>0</ele>
                        <time>2022-08-18T22:43:09Z</time>
                                                <extensions>
                            <sog>8.7</sog>
<cog>77.8</cog>
                        </extensions>
                    </trkpt>
                    <trkpt lat="54.34330833333333" lon="9.974915000000001">
                        <ele>0</ele>
                        <time>2022-08-18T22:43:20Z</time>
                                                <extensions>
                            <sog>8.7</sog>
<cog>76.9</cog>
                        </extensions>
                    </trkpt>
                    <trkpt lat="54.34341" lon="9.97559">
                        <ele>0</ele>
                        <time>2022-08-18T22:43:30Z</time>
                                                <extensions>
                            <sog>8.7</sog>
<cog>76.0</cog>
                        </extensions>
                    </trkpt>
                    <trkpt lat="54.34352" lon="9.976273333333333">
                        <ele>0</ele>
                        <time>2022-08-18T22:43:40Z</time>
                                                <extensions>
                            <sog>8.7</sog>
<cog>74.6</cog>
                        </extensions>
                    </trkpt>
                    <trkpt lat="54.34362833333333" lon="9.976876666666668">
                        <ele>0</ele>
                        <time>2022-08-18T22:43:50Z</time>
                                                <extensions>
                            <sog>8.7</sog>
<cog>73.8</cog>
                        </extensions>
                    </trkpt>
                    <trkpt lat="54.34387" lon="9.978198333333333">
                        <ele>0</ele>
                        <time>2022-08-18T22:44:09Z</time>
                                                <extensions>
                            <sog>8.7</sog>
<cog>73.2</cog>
                        </extensions>
                    </trkpt>
                    <trkpt lat="54.34399833333334" lon="9.978926666666666">
                        <ele>0</ele>
                        <time>2022-08-18T22:44:20Z</time>
                                                <extensions>
                            <sog>8.7</sog>
<cog>73.2</cog>
                        </extensions>
                    </trkpt>
                    <trkpt lat="54.34411" lon="9.979595">
                        <ele>0</ele>
                        <time>2022-08-18T22:44:30Z</time>
                                                <extensions>
                            <sog>8.7</sog>
<cog>73.5</cog>
                        </extensions>
                    </trkpt>
                    <trkpt lat="54.34422" lon="9.980265000000001">
                        <ele>0</ele>
                        <time>2022-08-18T22:44:40Z</time>
                                                <extensions>
                            <sog>8.7</sog>
<cog>73.4</cog>
                        </extensions>
                    </trkpt>
                    <trkpt lat="54.344325000000005" lon="9.980870000000001">
                        <ele>0</ele>
                        <time>2022-08-18T22:44:50Z</time>
                                                <extensions>
                            <sog>8.7</sog>
<cog>73.1</cog>
                        </extensions>
                    </trkpt>
                    <trkpt lat="54.344455" lon="9.98159">
                        <ele>0</ele>
                        <time>2022-08-18T22:45:00Z</time>
                                                <extensions>
                            <sog>8.7</sog>
<cog>72.1</cog>
                        </extensions>
                    </trkpt>
                    <trkpt lat="54.34471666666666" lon="9.982904999999999">
                        <ele>0</ele>
                        <time>2022-08-18T22:45:20Z</time>
                                                <extensions>
                            <sog>8.7</sog>
<cog>69.7</cog>
                        </extensions>
                    </trkpt>
                    <trkpt lat="54.34484666666666" lon="9.98352">
                        <ele>0</ele>
                        <time>2022-08-18T22:45:30Z</time>
                                                <extensions>
                            <sog>8.7</sog>
<cog>68.5</cog>
                        </extensions>
                    </trkpt>
                    <trkpt lat="54.34518333333333" lon="9.984805">
                        <ele>0</ele>
                        <time>2022-08-18T22:45:51Z</time>
                                                <extensions>
                            <sog>8.7</sog>
<cog>65.3</cog>
                        </extensions>
                    </trkpt>
                    <trkpt lat="54.345710000000004" lon="9.986633333333334">
                        <ele>0</ele>
                        <time>2022-08-18T22:46:20Z</time>
                                                <extensions>
                            <sog>8.6</sog>
<cog>62.9</cog>
                        </extensions>
                    </trkpt>
                    <trkpt lat="54.34590166666667" lon="9.987236666666666">
                        <ele>0</ele>
                        <time>2022-08-18T22:46:30Z</time>
                                                <extensions>
                            <sog>8.7</sog>
<cog>62.0</cog>
                        </extensions>
                    </trkpt>
                    <trkpt lat="54.347166666666666" lon="9.99077">
                        <ele>0</ele>
                        <time>2022-08-18T22:47:30Z</time>
                                                <extensions>
                            <sog>8.6</sog>
<cog>56.7</cog>
                        </extensions>
                    </trkpt>
                    <trkpt lat="54.347393333333336" lon="9.991346666666667">
                        <ele>0</ele>
                        <time>2022-08-18T22:47:40Z</time>
                                                <extensions>
                            <sog>8.7</sog>
<cog>55.9</cog>
                        </extensions>
                    </trkpt>
                    <trkpt lat="54.347625" lon="9.991915">
                        <ele>0</ele>
                        <time>2022-08-18T22:47:51Z</time>
                                                <extensions>
                            <sog>8.7</sog>
<cog>55.2</cog>
                        </extensions>
                    </trkpt>
                    <trkpt lat="54.34834" lon="9.99358">
                        <ele>0</ele>
                        <time>2022-08-18T22:48:20Z</time>
                                                <extensions>
                            <sog>8.7</sog>
<cog>53.0</cog>
                        </extensions>
                    </trkpt>
                    <trkpt lat="54.348836666666664" lon="9.994673333333333">
                        <ele>0</ele>
                        <time>2022-08-18T22:48:40Z</time>
                                                <extensions>
                            <sog>8.8</sog>
<cog>51.5</cog>
                        </extensions>
                    </trkpt>
                    <trkpt lat="54.34991" lon="9.996788333333335">
                        <ele>0</ele>
                        <time>2022-08-18T22:49:20Z</time>
                                                <extensions>
                            <sog>8.8</sog>
<cog>48.5</cog>
                        </extensions>
                    </trkpt>
                    <trkpt lat="54.350159999999995" lon="9.99726">
                        <ele>0</ele>
                        <time>2022-08-18T22:49:30Z</time>
                                                <extensions>
                            <sog>8.8</sog>
<cog>48.5</cog>
                        </extensions>
                    </trkpt>
                    <trkpt lat="54.35074" lon="9.998361666666666">
                        <ele>0</ele>
                        <time>2022-08-18T22:49:51Z</time>
                                                <extensions>
                            <sog>8.8</sog>
<cog>49.1</cog>
                        </extensions>
                    </trkpt>
                    <trkpt lat="54.35451" lon="10.00562">
                        <ele>0</ele>
                        <time>2022-08-18T22:52:09Z</time>
                                                <extensions>
                            <sog>8.7</sog>
<cog>48.8</cog>
                        </extensions>
                    </trkpt>
                    <trkpt lat="54.35478333333333" lon="10.00617">
                        <ele>0</ele>
                        <time>2022-08-18T22:52:20Z</time>
                                                <extensions>
                            <sog>8.8</sog>
<cog>49.6</cog>
                        </extensions>
                    </trkpt>
                    <trkpt lat="54.35505166666667" lon="10.006713333333332">
                        <ele>0</ele>
                        <time>2022-08-18T22:52:30Z</time>
                                                <extensions>
                            <sog>8.8</sog>
<cog>49.7</cog>
                        </extensions>
                    </trkpt>
                    <trkpt lat="54.35699" lon="10.011173333333334">
                        <ele>0</ele>
                        <time>2022-08-18T22:53:49Z</time>
                                                <extensions>
                            <sog>8.7</sog>
<cog>56.4</cog>
                        </extensions>
                    </trkpt>
                    <trkpt lat="54.35719666666667" lon="10.011725">
                        <ele>0</ele>
                        <time>2022-08-18T22:53:59Z</time>
                                                <extensions>
                            <sog>8.7</sog>
<cog>56.9</cog>
                        </extensions>
                    </trkpt>
                    <trkpt lat="54.357413333333334" lon="10.012298333333332">
                        <ele>0</ele>
                        <time>2022-08-18T22:54:09Z</time>
                                                <extensions>
                            <sog>8.7</sog>
<cog>57.2</cog>
                        </extensions>
                    </trkpt>
                    <trkpt lat="54.35785166666667" lon="10.013478333333333">
                        <ele>0</ele>
                        <time>2022-08-18T22:54:29Z</time>
                                                <extensions>
                            <sog>8.7</sog>
<cog>58.4</cog>
                        </extensions>
                    </trkpt>
                    <trkpt lat="54.358261666666664" lon="10.014710000000001">
                        <ele>0</ele>
                        <time>2022-08-18T22:54:49Z</time>
                                                <extensions>
                            <sog>8.8</sog>
<cog>60.2</cog>
                        </extensions>
                    </trkpt>
                    <trkpt lat="54.35846" lon="10.01533">
                        <ele>0</ele>
                        <time>2022-08-18T22:54:59Z</time>
                                                <extensions>
                            <sog>8.8</sog>
<cog>61.0</cog>
                        </extensions>
                    </trkpt>
                    <trkpt lat="54.35850000000001" lon="10.015455">
                        <ele>0</ele>
                        <time>2022-08-18T22:55:01Z</time>
                                                <extensions>
                            <sog>8.8</sog>
<cog>61.1</cog>
                        </extensions>
                    </trkpt>
                    <trkpt lat="54.35850000000001" lon="10.015455">
                        <ele>0</ele>
                        <time>2022-08-18T22:55:01Z</time>
                                                <extensions>
                            <sog>8.8</sog>
<cog>61.1</cog>
                        </extensions>
                    </trkpt>
                    <trkpt lat="54.35865" lon="10.015946666666668">
                        <ele>0</ele>
                        <time>2022-08-18T22:55:09Z</time>
                                                <extensions>
                            <sog>8.8</sog>
<cog>62.1</cog>
                        </extensions>
                    </trkpt>
                    <trkpt lat="54.358668333333334" lon="10.01601">
                        <ele>0</ele>
                        <time>2022-08-18T22:55:10Z</time>
                                                <extensions>
                            <sog>8.8</sog>
<cog>62.3</cog>
                        </extensions>
                    </trkpt>
                    <trkpt lat="54.358668333333334" lon="10.01601">
                        <ele>0</ele>
                        <time>2022-08-18T22:55:10Z</time>
                                                <extensions>
                            <sog>8.8</sog>
<cog>62.3</cog>
                        </extensions>
                    </trkpt>
                    <trkpt lat="54.358775" lon="10.016381666666666">
                        <ele>0</ele>
                        <time>2022-08-18T22:55:16Z</time>
                                                <extensions>
                            <sog>8.8</sog>
<cog>63.2</cog>
                        </extensions>
                    </trkpt>
                    <trkpt lat="54.358775" lon="10.016381666666666">
                        <ele>0</ele>
                        <time>2022-08-18T22:55:16Z</time>
                                                <extensions>
                            <sog>8.8</sog>
<cog>63.2</cog>
                        </extensions>
                    </trkpt>
                    <trkpt lat="54.35884333333333" lon="10.016633333333335">
                        <ele>0</ele>
                        <time>2022-08-18T22:55:20Z</time>
                                                <extensions>
                            <sog>8.8</sog>
<cog>63.9</cog>
                        </extensions>
                    </trkpt>
                    <trkpt lat="54.358895" lon="10.016825">
                        <ele>0</ele>
                        <time>2022-08-18T22:55:24Z</time>
                                                <extensions>
                            <sog>8.8</sog>
<cog>64.6</cog>
                        </extensions>
                    </trkpt>
                    <trkpt lat="54.35894666666666" lon="10.01702">
                        <ele>0</ele>
                        <time>2022-08-18T22:55:26Z</time>
                                                <extensions>
                            <sog>8.8</sog>
<cog>65.1</cog>
                        </extensions>
                    </trkpt>
                    <trkpt lat="54.358981666666665" lon="10.017148333333333">
                        <ele>0</ele>
                        <time>2022-08-18T22:55:28Z</time>
                                                <extensions>
                            <sog>8.8</sog>
<cog>65.3</cog>
                        </extensions>
                    </trkpt>
                    <trkpt lat="54.35899833333334" lon="10.017213333333332">
                        <ele>0</ele>
                        <time>2022-08-18T22:55:29Z</time>
                                                <extensions>
                            <sog>8.8</sog>
<cog>65.5</cog>
                        </extensions>
                    </trkpt>
                    <trkpt lat="54.35912166666667" lon="10.017725">
                        <ele>0</ele>
                        <time>2022-08-18T22:55:38Z</time>
                                                <extensions>
                            <sog>8.8</sog>
<cog>67.0</cog>
                        </extensions>
                    </trkpt>
                    <trkpt lat="54.35915166666667" lon="10.017853333333333">
                        <ele>0</ele>
                        <time>2022-08-18T22:55:39Z</time>
                                                <extensions>
                            <sog>8.8</sog>
<cog>67.5</cog>
                        </extensions>
                    </trkpt>
                    <trkpt lat="54.35929833333333" lon="10.018498333333334">
                        <ele>0</ele>
                        <time>2022-08-18T22:55:49Z</time>
                                                <extensions>
                            <sog>8.9</sog>
<cog>69.5</cog>
                        </extensions>
                    </trkpt>
                    <trkpt lat="54.359425" lon="10.019161666666667">
                        <ele>0</ele>
                        <time>2022-08-18T22:55:59Z</time>
                                                <extensions>
                            <sog>8.9</sog>
<cog>71.3</cog>
                        </extensions>
                    </trkpt>
                    <trkpt lat="54.359561666666664" lon="10.0199">
                        <ele>0</ele>
                        <time>2022-08-18T22:56:11Z</time>
                                                <extensions>
                            <sog>8.9</sog>
<cog>73.0</cog>
                        </extensions>
                    </trkpt>
                    <trkpt lat="54.359675" lon="10.020576666666667">
                        <ele>0</ele>
                        <time>2022-08-18T22:56:20Z</time>
                                                <extensions>
                            <sog>8.9</sog>
<cog>74.7</cog>
                        </extensions>
                    </trkpt>
                    <trkpt lat="54.359775" lon="10.021276666666667">
                        <ele>0</ele>
                        <time>2022-08-18T22:56:30Z</time>
                                                <extensions>
                            <sog>8.9</sog>
<cog>75.9</cog>
                        </extensions>
                    </trkpt>
                    <trkpt lat="54.35986166666667" lon="10.021911666666666">
                        <ele>0</ele>
                        <time>2022-08-18T22:56:40Z</time>
                                                <extensions>
                            <sog>8.8</sog>
<cog>76.8</cog>
                        </extensions>
                    </trkpt>
                    <trkpt lat="54.35995166666667" lon="10.022603333333333">
                        <ele>0</ele>
                        <time>2022-08-18T22:56:49Z</time>
                                                <extensions>
                            <sog>8.9</sog>
<cog>77.8</cog>
                        </extensions>
                    </trkpt>
                    <trkpt lat="54.360035" lon="10.023298333333335">
                        <ele>0</ele>
                        <time>2022-08-18T22:56:59Z</time>
                                                <extensions>
                            <sog>8.9</sog>
<cog>78.5</cog>
                        </extensions>
                    </trkpt>
                    <trkpt lat="54.36014333333333" lon="10.024123333333334">
                        <ele>0</ele>
                        <time>2022-08-18T22:57:11Z</time>
                                                <extensions>
                            <sog>8.8</sog>
<cog>78.6</cog>
                        </extensions>
                    </trkpt>
                    <trkpt lat="54.36022333333334" lon="10.024735">
                        <ele>0</ele>
                        <time>2022-08-18T22:57:20Z</time>
                                                <extensions>
                            <sog>8.8</sog>
<cog>78.6</cog>
                        </extensions>
                    </trkpt>
                    <trkpt lat="54.360308333333336" lon="10.025418333333333">
                        <ele>0</ele>
                        <time>2022-08-18T22:57:30Z</time>
                                                <extensions>
                            <sog>8.8</sog>
<cog>78.7</cog>
                        </extensions>
                    </trkpt>
                    <trkpt lat="54.36038166666666" lon="10.026033333333334">
                        <ele>0</ele>
                        <time>2022-08-18T22:57:40Z</time>
                                                <extensions>
                            <sog>8.9</sog>
<cog>78.8</cog>
                        </extensions>
                    </trkpt>
                    <trkpt lat="54.360654999999994" lon="10.028915000000001">
                        <ele>0</ele>
                        <time>2022-08-18T22:58:20Z</time>
                                                <extensions>
                            <sog>8.9</sog>
<cog>81.7</cog>
                        </extensions>
                    </trkpt>
                    <trkpt lat="54.360675" lon="10.029203333333333">
                        <ele>0</ele>
                        <time>2022-08-18T22:58:24Z</time>
                                                <extensions>
                            <sog>8.9</sog>
<cog>82.2</cog>
                        </extensions>
                    </trkpt>
                    <trkpt lat="54.360675" lon="10.029203333333333">
                        <ele>0</ele>
                        <time>2022-08-18T22:58:24Z</time>
                                                <extensions>
                            <sog>8.9</sog>
<cog>82.2</cog>
                        </extensions>
                    </trkpt>
                    <trkpt lat="54.360681666666665" lon="10.029343333333333">
                        <ele>0</ele>
                        <time>2022-08-18T22:58:26Z</time>
                                                <extensions>
                            <sog>8.9</sog>
<cog>82.4</cog>
                        </extensions>
                    </trkpt>
                    <trkpt lat="54.36069666666666" lon="10.029623333333332">
                        <ele>0</ele>
                        <time>2022-08-18T22:58:30Z</time>
                                                <extensions>
                            <sog>8.8</sog>
<cog>83.4</cog>
                        </extensions>
                    </trkpt>
                    <trkpt lat="54.360744999999994" lon="10.030931666666667">
                        <ele>0</ele>
                        <time>2022-08-18T22:58:49Z</time>
                                                <extensions>
                            <sog>8.8</sog>
<cog>86.7</cog>
                        </extensions>
                    </trkpt>
                    <trkpt lat="54.36075833333334" lon="10.031628333333334">
                        <ele>0</ele>
                        <time>2022-08-18T22:58:59Z</time>
                                                <extensions>
                            <sog>8.9</sog>
<cog>88.2</cog>
                        </extensions>
                    </trkpt>
                    <trkpt lat="54.36075833333334" lon="10.032448333333333">
                        <ele>0</ele>
                        <time>2022-08-18T22:59:11Z</time>
                                                <extensions>
                            <sog>8.9</sog>
<cog>89.9</cog>
                        </extensions>
                    </trkpt>
                    <trkpt lat="54.36075666666667" lon="10.033078333333332">
                        <ele>0</ele>
                        <time>2022-08-18T22:59:20Z</time>
                                                <extensions>
                            <sog>8.9</sog>
<cog>91.8</cog>
                        </extensions>
                    </trkpt>
                    <trkpt lat="54.36074333333333" lon="10.03379">
                        <ele>0</ele>
                        <time>2022-08-18T22:59:30Z</time>
                                                <extensions>
                            <sog>8.8</sog>
<cog>92.4</cog>
                        </extensions>
                    </trkpt>
                    <trkpt lat="54.36072166666667" lon="10.034428333333333">
                        <ele>0</ele>
                        <time>2022-08-18T22:59:39Z</time>
                                                <extensions>
                            <sog>8.8</sog>
<cog>92.9</cog>
                        </extensions>
                    </trkpt>
                    <trkpt lat="54.360699999999994" lon="10.035133333333333">
                        <ele>0</ele>
                        <time>2022-08-18T22:59:49Z</time>
                                                <extensions>
                            <sog>8.8</sog>
<cog>93.1</cog>
                        </extensions>
                    </trkpt>
                    <trkpt lat="54.360683333333334" lon="10.035826666666667">
                        <ele>0</ele>
                        <time>2022-08-18T22:59:59Z</time>
                                                <extensions>
                            <sog>8.8</sog>
<cog>93.5</cog>
                        </extensions>
                    </trkpt>
                    <trkpt lat="54.36065166666666" lon="10.036573333333333">
                        <ele>0</ele>
                        <time>2022-08-18T23:00:11Z</time>
                                                <extensions>
                            <sog>8.8</sog>
<cog>94.2</cog>
                        </extensions>
                    </trkpt>
                    <trkpt lat="54.36065166666666" lon="10.036573333333333">
                        <ele>0</ele>
                        <time>2022-08-18T23:00:11Z</time>
                                                <extensions>
                            <sog>8.8</sog>
<cog>94.2</cog>
                        </extensions>
                    </trkpt>
                    <trkpt lat="54.360609999999994" lon="10.037278333333335">
                        <ele>0</ele>
                        <time>2022-08-18T23:00:20Z</time>
                                                <extensions>
                            <sog>8.8</sog>
<cog>95.1</cog>
                        </extensions>
                    </trkpt>
                    <trkpt lat="54.360609999999994" lon="10.037278333333335">
                        <ele>0</ele>
                        <time>2022-08-18T23:00:20Z</time>
                                                <extensions>
                            <sog>8.8</sog>
<cog>95.1</cog>
                        </extensions>
                    </trkpt>
                    <trkpt lat="54.36056833333334" lon="10.037975">
                        <ele>0</ele>
                        <time>2022-08-18T23:00:30Z</time>
                                                <extensions>
                            <sog>8.8</sog>
<cog>96.3</cog>
                        </extensions>
                    </trkpt>
                    <trkpt lat="54.36056833333334" lon="10.037975">
                        <ele>0</ele>
                        <time>2022-08-18T23:00:30Z</time>
                                                <extensions>
                            <sog>8.8</sog>
<cog>96.3</cog>
                        </extensions>
                    </trkpt>
                    <trkpt lat="54.360515" lon="10.038615">
                        <ele>0</ele>
                        <time>2022-08-18T23:00:39Z</time>
                                                <extensions>
                            <sog>8.7</sog>
<cog>97.7</cog>
                        </extensions>
                    </trkpt>
                    <trkpt lat="54.360515" lon="10.038615">
                        <ele>0</ele>
                        <time>2022-08-18T23:00:39Z</time>
                                                <extensions>
                            <sog>8.7</sog>
<cog>97.7</cog>
                        </extensions>
                    </trkpt>
                    <trkpt lat="54.36043166666666" lon="10.039388333333333">
                        <ele>0</ele>
                        <time>2022-08-18T23:00:50Z</time>
                                                <extensions>
                            <sog>8.8</sog>
<cog>99.0</cog>
                        </extensions>
                    </trkpt>
                    <trkpt lat="54.36043166666666" lon="10.039388333333333">
                        <ele>0</ele>
                        <time>2022-08-18T23:00:50Z</time>
                                                <extensions>
                            <sog>8.8</sog>
<cog>99.0</cog>
                        </extensions>
                    </trkpt>
                    <trkpt lat="54.36035666666667" lon="10.040085">
                        <ele>0</ele>
                        <time>2022-08-18T23:01:00Z</time>
                                                <extensions>
                            <sog>8.8</sog>
<cog>99.4</cog>
                        </extensions>
                    </trkpt>
                    <trkpt lat="54.36035666666667" lon="10.040085">
                        <ele>0</ele>
                        <time>2022-08-18T23:01:00Z</time>
                                                <extensions>
                            <sog>8.8</sog>
<cog>99.4</cog>
                        </extensions>
                    </trkpt>
                    <trkpt lat="54.360283333333335" lon="10.040775">
                        <ele>0</ele>
                        <time>2022-08-18T23:01:10Z</time>
                                                <extensions>
                            <sog>8.8</sog>
<cog>99.7</cog>
                        </extensions>
                    </trkpt>
                    <trkpt lat="54.36021166666667" lon="10.041464999999999">
                        <ele>0</ele>
                        <time>2022-08-18T23:01:20Z</time>
                                                <extensions>
                            <sog>8.8</sog>
<cog>99.7</cog>
                        </extensions>
                    </trkpt>
                    <trkpt lat="54.360141666666664" lon="10.042148333333333">
                        <ele>0</ele>
                        <time>2022-08-18T23:01:30Z</time>
                                                <extensions>
                            <sog>8.8</sog>
<cog>99.8</cog>
                        </extensions>
                    </trkpt>
                    <trkpt lat="54.36008" lon="10.042766666666667">
                        <ele>0</ele>
                        <time>2022-08-18T23:01:39Z</time>
                                                <extensions>
                            <sog>8.8</sog>
<cog>99.9</cog>
                        </extensions>
                    </trkpt>
                    <trkpt lat="54.360015" lon="10.043518333333333">
                        <ele>0</ele>
                        <time>2022-08-18T23:01:50Z</time>
                                                <extensions>
                            <sog>8.7</sog>
<cog>99.4</cog>
                        </extensions>
                    </trkpt>
                    <trkpt lat="54.359955" lon="10.044195">
                        <ele>0</ele>
                        <time>2022-08-18T23:02:00Z</time>
                                                <extensions>
                            <sog>8.7</sog>
<cog>99.3</cog>
                        </extensions>
                    </trkpt>
                    <trkpt lat="54.359898333333334" lon="10.044878333333333">
                        <ele>0</ele>
                        <time>2022-08-18T23:02:10Z</time>
                                                <extensions>
                            <sog>8.7</sog>
<cog>98.8</cog>
                        </extensions>
                    </trkpt>
                    <trkpt lat="54.35984333333333" lon="10.04556">
                        <ele>0</ele>
                        <time>2022-08-18T23:02:20Z</time>
                                                <extensions>
                            <sog>8.7</sog>
<cog>97.9</cog>
                        </extensions>
                    </trkpt>
                    <trkpt lat="54.35979333333333" lon="10.046243333333333">
                        <ele>0</ele>
                        <time>2022-08-18T23:02:30Z</time>
                                                <extensions>
                            <sog>8.7</sog>
<cog>96.9</cog>
                        </extensions>
                    </trkpt>
                    <trkpt lat="54.35975166666666" lon="10.04686">
                        <ele>0</ele>
                        <time>2022-08-18T23:02:39Z</time>
                                                <extensions>
                            <sog>8.7</sog>
<cog>96.1</cog>
                        </extensions>
                    </trkpt>
                    <trkpt lat="54.35971166666666" lon="10.047611666666667">
                        <ele>0</ele>
                        <time>2022-08-18T23:02:50Z</time>
                                                <extensions>
                            <sog>8.7</sog>
<cog>94.9</cog>
                        </extensions>
                    </trkpt>
                    <trkpt lat="54.359685" lon="10.048295">
                        <ele>0</ele>
                        <time>2022-08-18T23:03:00Z</time>
                                                <extensions>
                            <sog>8.7</sog>
<cog>94.1</cog>
                        </extensions>
                    </trkpt>
                    <trkpt lat="54.35966833333334" lon="10.048985">
                        <ele>0</ele>
                        <time>2022-08-18T23:03:10Z</time>
                                                <extensions>
                            <sog>8.7</sog>
<cog>93.0</cog>
                        </extensions>
                    </trkpt>
                    <trkpt lat="54.359656666666666" lon="10.049681666666666">
                        <ele>0</ele>
                        <time>2022-08-18T23:03:20Z</time>
                                                <extensions>
                            <sog>8.7</sog>
<cog>91.8</cog>
                        </extensions>
                    </trkpt>
                    <trkpt lat="54.359651666666664" lon="10.050366666666667">
                        <ele>0</ele>
                        <time>2022-08-18T23:03:30Z</time>
                                                <extensions>
                            <sog>8.8</sog>
<cog>90.9</cog>
                        </extensions>
                    </trkpt>
                    <trkpt lat="54.35964666666666" lon="10.050986666666667">
                        <ele>0</ele>
                        <time>2022-08-18T23:03:39Z</time>
                                                <extensions>
                            <sog>8.8</sog>
<cog>90.1</cog>
                        </extensions>
                    </trkpt>
                    <trkpt lat="54.359653333333334" lon="10.051758333333334">
                        <ele>0</ele>
                        <time>2022-08-18T23:03:50Z</time>
                                                <extensions>
                            <sog>8.8</sog>
<cog>89.1</cog>
                        </extensions>
                    </trkpt>
                    <trkpt lat="54.359655" lon="10.052488333333335">
                        <ele>0</ele>
                        <time>2022-08-18T23:04:00Z</time>
                                                <extensions>
                            <sog>8.8</sog>
<cog>88.0</cog>
                        </extensions>
                    </trkpt>
                    <trkpt lat="54.35968166666667" lon="10.05321">
                        <ele>0</ele>
                        <time>2022-08-18T23:04:10Z</time>
                                                <extensions>
                            <sog>8.8</sog>
<cog>87.0</cog>
                        </extensions>
                    </trkpt>
                    <trkpt lat="54.35970833333333" lon="10.053901666666667">
                        <ele>0</ele>
                        <time>2022-08-18T23:04:20Z</time>
                                                <extensions>
                            <sog>8.8</sog>
<cog>85.9</cog>
                        </extensions>
                    </trkpt>
                    <trkpt lat="54.35974" lon="10.054616666666668">
                        <ele>0</ele>
                        <time>2022-08-18T23:04:30Z</time>
                                                <extensions>
                            <sog>8.8</sog>
<cog>85.2</cog>
                        </extensions>
                    </trkpt>
                    <trkpt lat="54.35984166666666" lon="10.056025">
                        <ele>0</ele>
                        <time>2022-08-18T23:04:50Z</time>
                                                <extensions>
                            <sog>8.8</sog>
<cog>83.3</cog>
                        </extensions>
                    </trkpt>
                    <trkpt lat="54.359876666666665" lon="10.056508333333333">
                        <ele>0</ele>
                        <time>2022-08-18T23:04:57Z</time>
                                                <extensions>
                            <sog>8.8</sog>
<cog>82.8</cog>
                        </extensions>
                    </trkpt>
                    <trkpt lat="54.35989" lon="10.056713333333333">
                        <ele>0</ele>
                        <time>2022-08-18T23:05:00Z</time>
                                                <extensions>
                            <sog>8.8</sog>
<cog>82.8</cog>
                        </extensions>
                    </trkpt>
                    <trkpt lat="54.35990666666667" lon="10.056993333333333">
                        <ele>0</ele>
                        <time>2022-08-18T23:05:04Z</time>
                                                <extensions>
                            <sog>8.8</sog>
<cog>82.4</cog>
                        </extensions>
                    </trkpt>
                    <trkpt lat="54.359921666666665" lon="10.057203333333332">
                        <ele>0</ele>
                        <time>2022-08-18T23:05:07Z</time>
                                                <extensions>
                            <sog>8.8</sog>
<cog>81.8</cog>
                        </extensions>
                    </trkpt>
                    <trkpt lat="54.35996" lon="10.057618333333332">
                        <ele>0</ele>
                        <time>2022-08-18T23:05:13Z</time>
                                                <extensions>
                            <sog>8.8</sog>
<cog>80.8</cog>
                        </extensions>
                    </trkpt>
                    <trkpt lat="54.359993333333335" lon="10.057888333333333">
                        <ele>0</ele>
                        <time>2022-08-18T23:05:17Z</time>
                                                <extensions>
                            <sog>8.7</sog>
<cog>79.7</cog>
                        </extensions>
                    </trkpt>
                    <trkpt lat="54.36001833333333" lon="10.058088333333334">
                        <ele>0</ele>
                        <time>2022-08-18T23:05:20Z</time>
                                                <extensions>
                            <sog>8.7</sog>
<cog>79.3</cog>
                        </extensions>
                    </trkpt>
                    <trkpt lat="54.360036666666666" lon="10.058221666666666">
                        <ele>0</ele>
                        <time>2022-08-18T23:05:22Z</time>
                                                <extensions>
                            <sog>8.7</sog>
<cog>78.9</cog>
                        </extensions>
                    </trkpt>
                    <trkpt lat="54.36007333333334" lon="10.058488333333335">
                        <ele>0</ele>
                        <time>2022-08-18T23:05:26Z</time>
                                                <extensions>
                            <sog>8.7</sog>
<cog>77.9</cog>
                        </extensions>
                    </trkpt>
                    <trkpt lat="54.360115" lon="10.058753333333334">
                        <ele>0</ele>
                        <time>2022-08-18T23:05:30Z</time>
                                                <extensions>
                            <sog>8.7</sog>
<cog>77.3</cog>
                        </extensions>
                    </trkpt>
                    <trkpt lat="54.36017833333334" lon="10.059148333333333">
                        <ele>0</ele>
                        <time>2022-08-18T23:05:36Z</time>
                                                <extensions>
                            <sog>8.7</sog>
<cog>75.7</cog>
                        </extensions>
                    </trkpt>
                    <trkpt lat="54.36043333333334" lon="10.060443333333334">
                        <ele>0</ele>
                        <time>2022-08-18T23:05:56Z</time>
                                                <extensions>
                            <sog>8.7</sog>
<cog>71.0</cog>
                        </extensions>
                    </trkpt>
                    <trkpt lat="54.360623333333336" lon="10.061278333333332">
                        <ele>0</ele>
                        <time>2022-08-18T23:06:09Z</time>
                                                <extensions>
                            <sog>8.6</sog>
<cog>67.9</cog>
                        </extensions>
                    </trkpt>
                    <trkpt lat="54.36073833333333" lon="10.061713333333334">
                        <ele>0</ele>
                        <time>2022-08-18T23:06:16Z</time>
                                                <extensions>
                            <sog>8.6</sog>
<cog>66.3</cog>
                        </extensions>
                    </trkpt>
                    <trkpt lat="54.36081" lon="10.061964999999999">
                        <ele>0</ele>
                        <time>2022-08-18T23:06:20Z</time>
                                                <extensions>
                            <sog>8.6</sog>
<cog>65.1</cog>
                        </extensions>
                    </trkpt>
                    <trkpt lat="54.360866666666666" lon="10.062153333333333">
                        <ele>0</ele>
                        <time>2022-08-18T23:06:23Z</time>
                                                <extensions>
                            <sog>8.6</sog>
<cog>64.6</cog>
                        </extensions>
                    </trkpt>
                    <trkpt lat="54.36107666666667" lon="10.062825">
                        <ele>0</ele>
                        <time>2022-08-18T23:06:34Z</time>
                                                <extensions>
                            <sog>8.6</sog>
<cog>62.1</cog>
                        </extensions>
                    </trkpt>
                    <trkpt lat="54.36145" lon="10.063881666666667">
                        <ele>0</ele>
                        <time>2022-08-18T23:06:52Z</time>
                                                <extensions>
                            <sog>8.5</sog>
<cog>57.6</cog>
                        </extensions>
                    </trkpt>
                    <trkpt lat="54.361560000000004" lon="10.064158333333333">
                        <ele>0</ele>
                        <time>2022-08-18T23:06:57Z</time>
                                                <extensions>
                            <sog>8.5</sog>
<cog>56.3</cog>
                        </extensions>
                    </trkpt>
                    <trkpt lat="54.361605000000004" lon="10.064266666666667">
                        <ele>0</ele>
                        <time>2022-08-18T23:06:59Z</time>
                                                <extensions>
                            <sog>8.5</sog>
<cog>55.7</cog>
                        </extensions>
                    </trkpt>
                    <trkpt lat="54.36169666666667" lon="10.064483333333333">
                        <ele>0</ele>
                        <time>2022-08-18T23:07:03Z</time>
                                                <extensions>
                            <sog>8.5</sog>
<cog>54.8</cog>
                        </extensions>
                    </trkpt>
                    <trkpt lat="54.361765" lon="10.064645">
                        <ele>0</ele>
                        <time>2022-08-18T23:07:06Z</time>
                                                <extensions>
                            <sog>8.5</sog>
<cog>54.2</cog>
                        </extensions>
                    </trkpt>
                    <trkpt lat="54.36183666666667" lon="10.064805">
                        <ele>0</ele>
                        <time>2022-08-18T23:07:09Z</time>
                                                <extensions>
                            <sog>8.5</sog>
<cog>53.7</cog>
                        </extensions>
                    </trkpt>
                    <trkpt lat="54.36193333333333" lon="10.065014999999999">
                        <ele>0</ele>
                        <time>2022-08-18T23:07:13Z</time>
                                                <extensions>
                            <sog>8.5</sog>
<cog>52.8</cog>
                        </extensions>
                    </trkpt>
                    <trkpt lat="54.361981666666665" lon="10.06512">
                        <ele>0</ele>
                        <time>2022-08-18T23:07:15Z</time>
                                                <extensions>
                            <sog>8.5</sog>
<cog>52.1</cog>
                        </extensions>
                    </trkpt>
                    <trkpt lat="54.36211" lon="10.065373333333334">
                        <ele>0</ele>
                        <time>2022-08-18T23:07:20Z</time>
                                                <extensions>
                            <sog>8.5</sog>
<cog>50.1</cog>
                        </extensions>
                    </trkpt>
                    <trkpt lat="54.362370000000006" lon="10.065871666666668">
                        <ele>0</ele>
                        <time>2022-08-18T23:07:30Z</time>
                                                <extensions>
                            <sog>8.6</sog>
<cog>48.3</cog>
                        </extensions>
                    </trkpt>
                    <trkpt lat="54.36344999999999" lon="10.067783333333333">
                        <ele>0</ele>
                        <time>2022-08-18T23:08:09Z</time>
                                                <extensions>
                            <sog>8.6</sog>
<cog>44.5</cog>
                        </extensions>
                    </trkpt>
                    <trkpt lat="54.36377" lon="10.06831">
                        <ele>0</ele>
                        <time>2022-08-18T23:08:20Z</time>
                                                <extensions>
                            <sog>8.6</sog>
<cog>44.4</cog>
                        </extensions>
                    </trkpt>
                    <trkpt lat="54.364356666666666" lon="10.069283333333335">
                        <ele>0</ele>
                        <time>2022-08-18T23:08:40Z</time>
                                                <extensions>
                            <sog>8.6</sog>
<cog>44.4</cog>
                        </extensions>
                    </trkpt>
                    <trkpt lat="54.36465333333333" lon="10.069768333333334">
                        <ele>0</ele>
                        <time>2022-08-18T23:08:50Z</time>
                                                <extensions>
                            <sog>8.7</sog>
<cog>44.0</cog>
                        </extensions>
                    </trkpt>
                    <trkpt lat="54.364918333333335" lon="10.07019">
                        <ele>0</ele>
                        <time>2022-08-18T23:08:59Z</time>
                                                <extensions>
                            <sog>8.7</sog>
<cog>44.5</cog>
                        </extensions>
                    </trkpt>
                    <trkpt lat="54.36521166666667" lon="10.070666666666666">
                        <ele>0</ele>
                        <time>2022-08-18T23:09:09Z</time>
                                                <extensions>
                            <sog>8.7</sog>
<cog>45.8</cog>
                        </extensions>
                    </trkpt>
                    <trkpt lat="54.365523333333336" lon="10.071215">
                        <ele>0</ele>
                        <time>2022-08-18T23:09:20Z</time>
                                                <extensions>
                            <sog>8.7</sog>
<cog>46.7</cog>
                        </extensions>
                    </trkpt>
                    <trkpt lat="54.365795000000006" lon="10.071733333333333">
                        <ele>0</ele>
                        <time>2022-08-18T23:09:30Z</time>
                                                <extensions>
                            <sog>8.7</sog>
<cog>46.8</cog>
                        </extensions>
                    </trkpt>
                    <trkpt lat="54.366065000000006" lon="10.072255">
                        <ele>0</ele>
                        <time>2022-08-18T23:09:40Z</time>
                                                <extensions>
                            <sog>8.8</sog>
<cog>47.0</cog>
                        </extensions>
                    </trkpt>
                    <trkpt lat="54.36657" lon="10.073256666666667">
                        <ele>0</ele>
                        <time>2022-08-18T23:09:59Z</time>
                                                <extensions>
                            <sog>8.8</sog>
<cog>48.7</cog>
                        </extensions>
                    </trkpt>
                    <trkpt lat="54.36682333333333" lon="10.073820000000001">
                        <ele>0</ele>
                        <time>2022-08-18T23:10:09Z</time>
                                                <extensions>
                            <sog>8.8</sog>
<cog>49.5</cog>
                        </extensions>
                    </trkpt>
                    <trkpt lat="54.36708833333333" lon="10.074358333333333">
                        <ele>0</ele>
                        <time>2022-08-18T23:10:19Z</time>
                                                <extensions>
                            <sog>8.8</sog>
<cog>50.5</cog>
                        </extensions>
                    </trkpt>
                    <trkpt lat="54.36764333333333" lon="10.075486666666666">
                        <ele>0</ele>
                        <time>2022-08-18T23:10:40Z</time>
                                                <extensions>
                            <sog>8.9</sog>
<cog>52.4</cog>
                        </extensions>
                    </trkpt>
                    <trkpt lat="54.368096666666666" lon="10.076561666666667">
                        <ele>0</ele>
                        <time>2022-08-18T23:10:59Z</time>
                                                <extensions>
                            <sog>8.8</sog>
<cog>54.0</cog>
                        </extensions>
                    </trkpt>
                    <trkpt lat="54.368341666666666" lon="10.077141666666668">
                        <ele>0</ele>
                        <time>2022-08-18T23:11:09Z</time>
                                                <extensions>
                            <sog>8.8</sog>
<cog>55.0</cog>
                        </extensions>
                    </trkpt>
                    <trkpt lat="54.36857" lon="10.077733333333333">
                        <ele>0</ele>
                        <time>2022-08-18T23:11:19Z</time>
                                                <extensions>
                            <sog>8.8</sog>
<cog>55.6</cog>
                        </extensions>
                    </trkpt>
                    <trkpt lat="54.369425" lon="10.080163333333333">
                        <ele>0</ele>
                        <time>2022-08-18T23:11:59Z</time>
                                                <extensions>
                            <sog>9.0</sog>
<cog>61.0</cog>
                        </extensions>
                    </trkpt>
                    <trkpt lat="54.369611666666664" lon="10.080793333333334">
                        <ele>0</ele>
                        <time>2022-08-18T23:12:09Z</time>
                                                <extensions>
                            <sog>9.0</sog>
<cog>62.3</cog>
                        </extensions>
                    </trkpt>
                    <trkpt lat="54.36978666666666" lon="10.081455">
                        <ele>0</ele>
                        <time>2022-08-18T23:12:19Z</time>
                                                <extensions>
                            <sog>9.1</sog>
<cog>63.6</cog>
                        </extensions>
                    </trkpt>
                    <trkpt lat="54.37043666666667" lon="10.08413">
                        <ele>0</ele>
                        <time>2022-08-18T23:12:59Z</time>
                                                <extensions>
                            <sog>9.0</sog>
<cog>68.6</cog>
                        </extensions>
                    </trkpt>
                    <trkpt lat="54.370580000000004" lon="10.084808333333333">
                        <ele>0</ele>
                        <time>2022-08-18T23:13:09Z</time>
                                                <extensions>
                            <sog>9.1</sog>
<cog>69.9</cog>
                        </extensions>
                    </trkpt>
                    <trkpt lat="54.370713333333335" lon="10.085491666666666">
                        <ele>0</ele>
                        <time>2022-08-18T23:13:19Z</time>
                                                <extensions>
                            <sog>9.1</sog>
<cog>71.1</cog>
                        </extensions>
                    </trkpt>
                    <trkpt lat="54.370848333333335" lon="10.086185">
                        <ele>0</ele>
                        <time>2022-08-18T23:13:29Z</time>
                                                <extensions>
                            <sog>9.1</sog>
<cog>72.4</cog>
                        </extensions>
                    </trkpt>
                    <trkpt lat="54.370985000000005" lon="10.086948333333334">
                        <ele>0</ele>
                        <time>2022-08-18T23:13:40Z</time>
                                                <extensions>
                            <sog>9.1</sog>
<cog>73.7</cog>
                        </extensions>
                    </trkpt>
                    <trkpt lat="54.37118666666667" lon="10.088296666666668">
                        <ele>0</ele>
                        <time>2022-08-18T23:13:59Z</time>
                                                <extensions>
                            <sog>9.1</sog>
<cog>76.0</cog>
                        </extensions>
                    </trkpt>
                    <trkpt lat="54.37134833333334" lon="10.089776666666667">
                        <ele>0</ele>
                        <time>2022-08-18T23:14:20Z</time>
                                                <extensions>
                            <sog>9.1</sog>
<cog>78.5</cog>
                        </extensions>
                    </trkpt>
                    <trkpt lat="54.37148666666667" lon="10.091168333333334">
                        <ele>0</ele>
                        <time>2022-08-18T23:14:40Z</time>
                                                <extensions>
                            <sog>9.1</sog>
<cog>81.3</cog>
                        </extensions>
                    </trkpt>
                    <trkpt lat="54.37153833333333" lon="10.091798333333333">
                        <ele>0</ele>
                        <time>2022-08-18T23:14:49Z</time>
                                                <extensions>
                            <sog>9.0</sog>
<cog>82.4</cog>
                        </extensions>
                    </trkpt>
                    <trkpt lat="54.371586666666666" lon="10.092514999999999">
                        <ele>0</ele>
                        <time>2022-08-18T23:14:59Z</time>
                                                <extensions>
                            <sog>9.1</sog>
<cog>83.6</cog>
                        </extensions>
                    </trkpt>
                    <trkpt lat="54.371626666666664" lon="10.093311666666667">
                        <ele>0</ele>
                        <time>2022-08-18T23:15:10Z</time>
                                                <extensions>
                            <sog>9.1</sog>
<cog>84.8</cog>
                        </extensions>
                    </trkpt>
                    <trkpt lat="54.371655000000004" lon="10.09403">
                        <ele>0</ele>
                        <time>2022-08-18T23:15:20Z</time>
                                                <extensions>
                            <sog>9.1</sog>
<cog>86.1</cog>
                        </extensions>
                    </trkpt>
                    <trkpt lat="54.37168333333333" lon="10.095451666666666">
                        <ele>0</ele>
                        <time>2022-08-18T23:15:40Z</time>
                                                <extensions>
                            <sog>9.0</sog>
<cog>88.3</cog>
                        </extensions>
                    </trkpt>
                    <trkpt lat="54.37169166666667" lon="10.096095">
                        <ele>0</ele>
                        <time>2022-08-18T23:15:49Z</time>
                                                <extensions>
                            <sog>9.0</sog>
<cog>89.6</cog>
                        </extensions>
                    </trkpt>
                    <trkpt lat="54.37169333333333" lon="10.096816666666665">
                        <ele>0</ele>
                        <time>2022-08-18T23:15:59Z</time>
                                                <extensions>
                            <sog>9.1</sog>
<cog>90.7</cog>
                        </extensions>
                    </trkpt>
                    <trkpt lat="54.37169166666667" lon="10.097608333333334">
                        <ele>0</ele>
                        <time>2022-08-18T23:16:10Z</time>
                                                <extensions>
                            <sog>9.1</sog>
<cog>91.9</cog>
                        </extensions>
                    </trkpt>
                    <trkpt lat="54.37168666666666" lon="10.098341666666666">
                        <ele>0</ele>
                        <time>2022-08-18T23:16:20Z</time>
                                                <extensions>
                            <sog>9.1</sog>
<cog>92.9</cog>
                        </extensions>
                    </trkpt>
                    <trkpt lat="54.37166" lon="10.098996666666666">
                        <ele>0</ele>
                        <time>2022-08-18T23:16:29Z</time>
                                                <extensions>
                            <sog>9.1</sog>
<cog>94.1</cog>
                        </extensions>
                    </trkpt>
                    <trkpt lat="54.37161166666667" lon="10.09978">
                        <ele>0</ele>
                        <time>2022-08-18T23:16:40Z</time>
                                                <extensions>
                            <sog>9.0</sog>
<cog>95.3</cog>
                        </extensions>
                    </trkpt>
                    <trkpt lat="54.37156166666667" lon="10.100413333333334">
                        <ele>0</ele>
                        <time>2022-08-18T23:16:49Z</time>
                                                <extensions>
                            <sog>9.0</sog>
<cog>96.5</cog>
                        </extensions>
                    </trkpt>
                    <trkpt lat="54.371498333333335" lon="10.101115">
                        <ele>0</ele>
                        <time>2022-08-18T23:16:59Z</time>
                                                <extensions>
                            <sog>8.9</sog>
<cog>97.8</cog>
                        </extensions>
                    </trkpt>
                    <trkpt lat="54.37141833333333" lon="10.10188">
                        <ele>0</ele>
                        <time>2022-08-18T23:17:10Z</time>
                                                <extensions>
                            <sog>8.9</sog>
<cog>99.2</cog>
                        </extensions>
                    </trkpt>
                    <trkpt lat="54.371345" lon="10.102573333333334">
                        <ele>0</ele>
                        <time>2022-08-18T23:17:20Z</time>
                                                <extensions>
                            <sog>8.8</sog>
<cog>99.4</cog>
                        </extensions>
                    </trkpt>
                    <trkpt lat="54.37127833333333" lon="10.103191666666667">
                        <ele>0</ele>
                        <time>2022-08-18T23:17:29Z</time>
                                                <extensions>
                            <sog>8.8</sog>
<cog>99.6</cog>
                        </extensions>
                    </trkpt>
                    <trkpt lat="54.37120166666667" lon="10.103943333333332">
                        <ele>0</ele>
                        <time>2022-08-18T23:17:40Z</time>
                                                <extensions>
                            <sog>8.8</sog>
<cog>99.6</cog>
                        </extensions>
                    </trkpt>
                    <trkpt lat="54.37114666666666" lon="10.104546666666666">
                        <ele>0</ele>
                        <time>2022-08-18T23:17:49Z</time>
                                                <extensions>
                            <sog>8.7</sog>
<cog>99.5</cog>
                        </extensions>
                    </trkpt>
                    <trkpt lat="54.371085" lon="10.105231666666667">
                        <ele>0</ele>
                        <time>2022-08-18T23:17:59Z</time>
                                                <extensions>
                            <sog>8.7</sog>
<cog>99.3</cog>
                        </extensions>
                    </trkpt>
                    <trkpt lat="54.37101" lon="10.105993333333334">
                        <ele>0</ele>
                        <time>2022-08-18T23:18:10Z</time>
                                                <extensions>
                            <sog>8.7</sog>
<cog>99.2</cog>
                        </extensions>
                    </trkpt>
                    <trkpt lat="54.370940000000004" lon="10.106689999999999">
                        <ele>0</ele>
                        <time>2022-08-18T23:18:20Z</time>
                                                <extensions>
                            <sog>8.7</sog>
<cog>99.3</cog>
                        </extensions>
                    </trkpt>
                    <trkpt lat="54.370875" lon="10.107318333333334">
                        <ele>0</ele>
                        <time>2022-08-18T23:18:29Z</time>
                                                <extensions>
                            <sog>8.7</sog>
<cog>99.6</cog>
                        </extensions>
                    </trkpt>
                    <trkpt lat="54.37079166666667" lon="10.108075000000001">
                        <ele>0</ele>
                        <time>2022-08-18T23:18:40Z</time>
                                                <extensions>
                            <sog>8.7</sog>
<cog>99.8</cog>
                        </extensions>
                    </trkpt>
                    <trkpt lat="54.370725" lon="10.108686666666667">
                        <ele>0</ele>
                        <time>2022-08-18T23:18:49Z</time>
                                                <extensions>
                            <sog>8.6</sog>
<cog>100.1</cog>
                        </extensions>
                    </trkpt>
                    <trkpt lat="54.37065" lon="10.109363333333333">
                        <ele>0</ele>
                        <time>2022-08-18T23:18:59Z</time>
                                                <extensions>
                            <sog>8.6</sog>
<cog>100.4</cog>
                        </extensions>
                    </trkpt>
                    <trkpt lat="54.37057" lon="10.110096666666667">
                        <ele>0</ele>
                        <time>2022-08-18T23:19:10Z</time>
                                                <extensions>
                            <sog>8.6</sog>
<cog>100.5</cog>
                        </extensions>
                    </trkpt>
                    <trkpt lat="54.370491666666666" lon="10.110755000000001">
                        <ele>0</ele>
                        <time>2022-08-18T23:19:20Z</time>
                                                <extensions>
                            <sog>8.6</sog>
<cog>101.4</cog>
                        </extensions>
                    </trkpt>
                    <trkpt lat="54.37040666666667" lon="10.111410000000001">
                        <ele>0</ele>
                        <time>2022-08-18T23:19:30Z</time>
                                                <extensions>
                            <sog>8.6</sog>
<cog>102.4</cog>
                        </extensions>
                    </trkpt>
                    <trkpt lat="54.37032166666667" lon="10.112065">
                        <ele>0</ele>
                        <time>2022-08-18T23:19:40Z</time>
                                                <extensions>
                            <sog>8.6</sog>
<cog>102.9</cog>
                        </extensions>
                    </trkpt>
                    <trkpt lat="54.37024666666667" lon="10.112653333333332">
                        <ele>0</ele>
                        <time>2022-08-18T23:19:49Z</time>
                                                <extensions>
                            <sog>8.6</sog>
<cog>103.1</cog>
                        </extensions>
                    </trkpt>
                    <trkpt lat="54.370149999999995" lon="10.113381666666667">
                        <ele>0</ele>
                        <time>2022-08-18T23:20:00Z</time>
                                                <extensions>
                            <sog>8.6</sog>
<cog>103.1</cog>
                        </extensions>
                    </trkpt>
<trkpt lat="54.370104999999995" lon="10.113713333333333">
    <ele>0</ele>
    <time>2022-08-18T23:20:10Z</time>
    
</trkpt>
                    <trkpt lat="54.369969999999995" lon="10.114713333333333">
                        <ele>0</ele>
                        <time>2022-08-18T23:20:20Z</time>
                                                <extensions>
                            <sog>8.6</sog>
<cog>103.2</cog>
                        </extensions>
                    </trkpt>
                    <trkpt lat="54.369879999999995" lon="10.115388333333334">
                        <ele>0</ele>
                        <time>2022-08-18T23:20:30Z</time>
                                                <extensions>
                            <sog>8.6</sog>
<cog>103.3</cog>
                        </extensions>
                    </trkpt>
                    <trkpt lat="54.369793333333334" lon="10.116066666666667">
                        <ele>0</ele>
                        <time>2022-08-18T23:20:40Z</time>
                                                <extensions>
                            <sog>8.6</sog>
<cog>103.2</cog>
                        </extensions>
                    </trkpt>
                    <trkpt lat="54.36971333333334" lon="10.116665000000001">
                        <ele>0</ele>
                        <time>2022-08-18T23:20:49Z</time>
                                                <extensions>
                            <sog>8.5</sog>
<cog>103.0</cog>
                        </extensions>
                    </trkpt>
                    <trkpt lat="54.369616666666666" lon="10.117393333333332">
                        <ele>0</ele>
                        <time>2022-08-18T23:21:00Z</time>
                                                <extensions>
                            <sog>8.5</sog>
<cog>103.1</cog>
                        </extensions>
                    </trkpt>
                    <trkpt lat="54.36953166666667" lon="10.118045">
                        <ele>0</ele>
                        <time>2022-08-18T23:21:10Z</time>
                                                <extensions>
                            <sog>8.5</sog>
<cog>103.2</cog>
                        </extensions>
                    </trkpt>
                    <trkpt lat="54.369434999999996" lon="10.118689999999999">
                        <ele>0</ele>
                        <time>2022-08-18T23:21:20Z</time>
                                                <extensions>
                            <sog>8.4</sog>
<cog>103.2</cog>
                        </extensions>
                    </trkpt>
                    <trkpt lat="54.369344999999996" lon="10.11933">
                        <ele>0</ele>
                        <time>2022-08-18T23:21:30Z</time>
                                                <extensions>
                            <sog>8.4</sog>
<cog>103.0</cog>
                        </extensions>
                    </trkpt>
                    <trkpt lat="54.369260000000004" lon="10.119965">
                        <ele>0</ele>
                        <time>2022-08-18T23:21:40Z</time>
                                                <extensions>
                            <sog>8.3</sog>
<cog>103.2</cog>
                        </extensions>
                    </trkpt>
                    <trkpt lat="54.36918333333333" lon="10.120519999999999">
                        <ele>0</ele>
                        <time>2022-08-18T23:21:49Z</time>
                                                <extensions>
                            <sog>8.1</sog>
<cog>103.3</cog>
                        </extensions>
                    </trkpt>
                    <trkpt lat="54.36909" lon="10.121188333333333">
                        <ele>0</ele>
                        <time>2022-08-18T23:22:00Z</time>
                                                <extensions>
                            <sog>7.9</sog>
<cog>103.4</cog>
                        </extensions>
                    </trkpt>
                    <trkpt lat="54.369013333333335" lon="10.121791666666667">
                        <ele>0</ele>
                        <time>2022-08-18T23:22:10Z</time>
                                                <extensions>
                            <sog>7.7</sog>
<cog>103.5</cog>
                        </extensions>
                    </trkpt>
                    <trkpt lat="54.36894333333333" lon="10.122356666666667">
                        <ele>0</ele>
                        <time>2022-08-18T23:22:20Z</time>
                                                <extensions>
                            <sog>7.5</sog>
<cog>103.5</cog>
                        </extensions>
                    </trkpt>
                    <trkpt lat="54.36885333333333" lon="10.122928333333334">
                        <ele>0</ele>
                        <time>2022-08-18T23:22:30Z</time>
                                                <extensions>
                            <sog>7.3</sog>
<cog>103.5</cog>
                        </extensions>
                    </trkpt>
                    <trkpt lat="54.36875833333333" lon="10.123493333333332">
                        <ele>0</ele>
                        <time>2022-08-18T23:22:40Z</time>
                                                <extensions>
                            <sog>7.1</sog>
<cog>103.6</cog>
                        </extensions>
                    </trkpt>
                    <trkpt lat="54.368695" lon="10.123988333333333">
                        <ele>0</ele>
                        <time>2022-08-18T23:22:49Z</time>
                                                <extensions>
                            <sog>7.0</sog>
<cog>103.7</cog>
                        </extensions>
                    </trkpt>
                    <trkpt lat="54.36862833333333" lon="10.124563333333333">
                        <ele>0</ele>
                        <time>2022-08-18T23:23:00Z</time>
                                                <extensions>
                            <sog>6.8</sog>
<cog>104.2</cog>
                        </extensions>
                    </trkpt>
                    <trkpt lat="54.368583333333326" lon="10.125018333333333">
                        <ele>0</ele>
                        <time>2022-08-18T23:23:09Z</time>
                                                <extensions>
                            <sog>6.7</sog>
<cog>103.9</cog>
                        </extensions>
                    </trkpt>
                    <trkpt lat="54.368525" lon="10.125580000000001">
                        <ele>0</ele>
                        <time>2022-08-18T23:23:20Z</time>
                                                <extensions>
                            <sog>6.5</sog>
<cog>103.6</cog>
                        </extensions>
                    </trkpt>
                    <trkpt lat="54.368453333333335" lon="10.12608">
                        <ele>0</ele>
                        <time>2022-08-18T23:23:30Z</time>
                                                <extensions>
                            <sog>6.3</sog>
<cog>105.1</cog>
                        </extensions>
                    </trkpt>
                    <trkpt lat="54.368383333333334" lon="10.126521666666667">
                        <ele>0</ele>
                        <time>2022-08-18T23:23:39Z</time>
                                                <extensions>
                            <sog>6.2</sog>
<cog>104.8</cog>
                        </extensions>
                    </trkpt>
                    <trkpt lat="54.36830833333333" lon="10.126985">
                        <ele>0</ele>
                        <time>2022-08-18T23:23:49Z</time>
                                                <extensions>
                            <sog>6.0</sog>
<cog>102.9</cog>
                        </extensions>
                    </trkpt>
                    <trkpt lat="54.368225" lon="10.127486666666666">
                        <ele>0</ele>
                        <time>2022-08-18T23:24:00Z</time>
                                                <extensions>
                            <sog>5.9</sog>
<cog>102.7</cog>
                        </extensions>
                    </trkpt>
                    <trkpt lat="54.36816833333333" lon="10.127896666666667">
                        <ele>0</ele>
                        <time>2022-08-18T23:24:09Z</time>
                                                <extensions>
                            <sog>5.7</sog>
<cog>103.0</cog>
                        </extensions>
                    </trkpt>
                    <trkpt lat="54.368084999999994" lon="10.128373333333334">
                        <ele>0</ele>
                        <time>2022-08-18T23:24:20Z</time>
                                                <extensions>
                            <sog>5.5</sog>
<cog>105.7</cog>
                        </extensions>
                    </trkpt>
                    <trkpt lat="54.36801833333333" lon="10.128788333333334">
                        <ele>0</ele>
                        <time>2022-08-18T23:24:30Z</time>
                                                <extensions>
                            <sog>5.4</sog>
<cog>104.5</cog>
                        </extensions>
                    </trkpt>
                    <trkpt lat="54.36796666666667" lon="10.129150000000001">
                        <ele>0</ele>
                        <time>2022-08-18T23:24:39Z</time>
                                                <extensions>
                            <sog>5.3</sog>
<cog>103.8</cog>
                        </extensions>
                    </trkpt>
                    <trkpt lat="54.36791" lon="10.129539999999999">
                        <ele>0</ele>
                        <time>2022-08-18T23:24:49Z</time>
                                                <extensions>
                            <sog>5.2</sog>
<cog>103.6</cog>
                        </extensions>
                    </trkpt>
                    <trkpt lat="54.36783833333333" lon="10.129958333333333">
                        <ele>0</ele>
                        <time>2022-08-18T23:25:00Z</time>
                                                <extensions>
                            <sog>5.0</sog>
<cog>105.5</cog>
                        </extensions>
                    </trkpt>
                    <trkpt lat="54.367783333333335" lon="10.130294999999998">
                        <ele>0</ele>
                        <time>2022-08-18T23:25:09Z</time>
                                                <extensions>
                            <sog>4.9</sog>
<cog>104.9</cog>
                        </extensions>
                    </trkpt>
                    <trkpt lat="54.36772166666666" lon="10.130701666666665">
                        <ele>0</ele>
                        <time>2022-08-18T23:25:20Z</time>
                                                <extensions>
                            <sog>4.8</sog>
<cog>104.3</cog>
                        </extensions>
                    </trkpt>
                    <trkpt lat="54.367666666666665" lon="10.13107">
                        <ele>0</ele>
                        <time>2022-08-18T23:25:30Z</time>
                                                <extensions>
                            <sog>4.7</sog>
<cog>104.3</cog>
                        </extensions>
                    </trkpt>
                    <trkpt lat="54.36761833333333" lon="10.131395">
                        <ele>0</ele>
                        <time>2022-08-18T23:25:39Z</time>
                                                <extensions>
                            <sog>4.6</sog>
<cog>104.4</cog>
                        </extensions>
                    </trkpt>
                    <trkpt lat="54.36756333333334" lon="10.131748333333332">
                        <ele>0</ele>
                        <time>2022-08-18T23:25:49Z</time>
                                                <extensions>
                            <sog>4.5</sog>
<cog>104.4</cog>
                        </extensions>
                    </trkpt>
                    <trkpt lat="54.36749833333333" lon="10.132125">
                        <ele>0</ele>
                        <time>2022-08-18T23:26:00Z</time>
                                                <extensions>
                            <sog>4.4</sog>
<cog>105.8</cog>
                        </extensions>
                    </trkpt>
                    <trkpt lat="54.36744833333333" lon="10.132428333333333">
                        <ele>0</ele>
                        <time>2022-08-18T23:26:09Z</time>
                                                <extensions>
                            <sog>4.3</sog>
<cog>105.6</cog>
                        </extensions>
                    </trkpt>
                    <trkpt lat="54.36739" lon="10.13279">
                        <ele>0</ele>
                        <time>2022-08-18T23:26:20Z</time>
                                                <extensions>
                            <sog>4.2</sog>
<cog>105.3</cog>
                        </extensions>
                    </trkpt>
                    <trkpt lat="54.36734" lon="10.133111666666668">
                        <ele>0</ele>
                        <time>2022-08-18T23:26:30Z</time>
                                                <extensions>
                            <sog>4.1</sog>
<cog>104.8</cog>
                        </extensions>
                    </trkpt>
                    <trkpt lat="54.36729666666667" lon="10.133396666666666">
                        <ele>0</ele>
                        <time>2022-08-18T23:26:39Z</time>
                                                <extensions>
                            <sog>4.1</sog>
<cog>104.4</cog>
                        </extensions>
                    </trkpt>
                    <trkpt lat="54.367243333333334" lon="10.133735">
                        <ele>0</ele>
                        <time>2022-08-18T23:26:50Z</time>
                                                <extensions>
                            <sog>4.0</sog>
<cog>104.2</cog>
                        </extensions>
                    </trkpt>
                    <trkpt lat="54.36719666666667" lon="10.13404">
                        <ele>0</ele>
                        <time>2022-08-18T23:27:00Z</time>
                                                <extensions>
                            <sog>3.9</sog>
<cog>104.1</cog>
                        </extensions>
                    </trkpt>
                    <trkpt lat="54.367156666666666" lon="10.13431">
                        <ele>0</ele>
                        <time>2022-08-18T23:27:09Z</time>
                                                <extensions>
                            <sog>3.8</sog>
<cog>104.0</cog>
                        </extensions>
                    </trkpt>
                    <trkpt lat="54.367108333333334" lon="10.134636666666667">
                        <ele>0</ele>
                        <time>2022-08-18T23:27:20Z</time>
                                                <extensions>
                            <sog>3.8</sog>
<cog>104.0</cog>
                        </extensions>
                    </trkpt>
                    <trkpt lat="54.367065000000004" lon="10.134928333333333">
                        <ele>0</ele>
                        <time>2022-08-18T23:27:30Z</time>
                                                <extensions>
                            <sog>3.7</sog>
<cog>104.1</cog>
                        </extensions>
                    </trkpt>
                    <trkpt lat="54.36702666666667" lon="10.135186666666668">
                        <ele>0</ele>
                        <time>2022-08-18T23:27:39Z</time>
                                                <extensions>
                            <sog>3.7</sog>
<cog>104.1</cog>
                        </extensions>
                    </trkpt>
                    <trkpt lat="54.366976666666666" lon="10.135498333333334">
                        <ele>0</ele>
                        <time>2022-08-18T23:27:50Z</time>
                                                <extensions>
                            <sog>3.6</sog>
<cog>104.6</cog>
                        </extensions>
                    </trkpt>
                    <trkpt lat="54.366925" lon="10.135774999999999">
                        <ele>0</ele>
                        <time>2022-08-18T23:28:00Z</time>
                                                <extensions>
                            <sog>3.5</sog>
<cog>104.9</cog>
                        </extensions>
                    </trkpt>
                    <trkpt lat="54.366883333333334" lon="10.136018333333334">
                        <ele>0</ele>
                        <time>2022-08-18T23:28:09Z</time>
                                                <extensions>
                            <sog>3.5</sog>
<cog>105.1</cog>
                        </extensions>
                    </trkpt>
                    <trkpt lat="54.366835" lon="10.13631">
                        <ele>0</ele>
                        <time>2022-08-18T23:28:20Z</time>
                                                <extensions>
                            <sog>3.4</sog>
<cog>104.9</cog>
                        </extensions>
                    </trkpt>
                    <trkpt lat="54.36679166666667" lon="10.136565">
                        <ele>0</ele>
                        <time>2022-08-18T23:28:30Z</time>
                                                <extensions>
                            <sog>3.4</sog>
<cog>104.4</cog>
                        </extensions>
                    </trkpt>
                    <trkpt lat="54.36675666666667" lon="10.136793333333333">
                        <ele>0</ele>
                        <time>2022-08-18T23:28:39Z</time>
                                                <extensions>
                            <sog>3.3</sog>
<cog>104.2</cog>
                        </extensions>
                    </trkpt>
                    <trkpt lat="54.36671666666667" lon="10.137066666666668">
                        <ele>0</ele>
                        <time>2022-08-18T23:28:50Z</time>
                                                <extensions>
                            <sog>3.2</sog>
<cog>104.2</cog>
                        </extensions>
                    </trkpt>
                    <trkpt lat="54.366681666666665" lon="10.137301666666668">
                        <ele>0</ele>
                        <time>2022-08-18T23:29:00Z</time>
                                                <extensions>
                            <sog>3.0</sog>
<cog>104.1</cog>
                        </extensions>
                    </trkpt>
                    <trkpt lat="54.36665333333334" lon="10.1375">
                        <ele>0</ele>
                        <time>2022-08-18T23:29:09Z</time>
                                                <extensions>
                            <sog>2.9</sog>
<cog>103.8</cog>
                        </extensions>
                    </trkpt>
                    <trkpt lat="54.366625" lon="10.137731666666667">
                        <ele>0</ele>
                        <time>2022-08-18T23:29:20Z</time>
                                                <extensions>
                            <sog>2.7</sog>
<cog>102.1</cog>
                        </extensions>
                    </trkpt>
                    <trkpt lat="54.36660333333334" lon="10.137928333333333">
                        <ele>0</ele>
                        <time>2022-08-18T23:29:30Z</time>
                                                <extensions>
                            <sog>2.5</sog>
<cog>100.4</cog>
                        </extensions>
                    </trkpt>
                    <trkpt lat="54.36658666666666" lon="10.138111666666667">
                        <ele>0</ele>
                        <time>2022-08-18T23:29:40Z</time>
                                                <extensions>
                            <sog>2.3</sog>
<cog>99.0</cog>
                        </extensions>
                    </trkpt>
                    <trkpt lat="54.366573333333335" lon="10.138278333333334">
                        <ele>0</ele>
                        <time>2022-08-18T23:29:50Z</time>
                                                <extensions>
                            <sog>2.1</sog>
<cog>98.6</cog>
                        </extensions>
                    </trkpt>
                    <trkpt lat="54.36655833333334" lon="10.138444999999999">
                        <ele>0</ele>
                        <time>2022-08-18T23:30:00Z</time>
                                                <extensions>
                            <sog>2.0</sog>
<cog>99.4</cog>
                        </extensions>
                    </trkpt>
                    <trkpt lat="54.36654333333333" lon="10.138585">
                        <ele>0</ele>
                        <time>2022-08-18T23:30:09Z</time>
                                                <extensions>
                            <sog>2.0</sog>
<cog>100.6</cog>
                        </extensions>
                    </trkpt>
                    <trkpt lat="54.366528333333335" lon="10.138758333333334">
                        <ele>0</ele>
                        <time>2022-08-18T23:30:20Z</time>
                                                <extensions>
                            <sog>1.9</sog>
<cog>102.5</cog>
                        </extensions>
                    </trkpt>
                    <trkpt lat="54.36651166666666" lon="10.138910000000001">
                        <ele>0</ele>
                        <time>2022-08-18T23:30:30Z</time>
                                                <extensions>
                            <sog>1.9</sog>
<cog>104.0</cog>
                        </extensions>
                    </trkpt>
                    <trkpt lat="54.36649333333333" lon="10.139056666666667">
                        <ele>0</ele>
                        <time>2022-08-18T23:30:40Z</time>
                                                <extensions>
                            <sog>1.9</sog>
<cog>104.9</cog>
                        </extensions>
                    </trkpt>
                    <trkpt lat="54.36647833333333" lon="10.139199999999999">
                        <ele>0</ele>
                        <time>2022-08-18T23:30:50Z</time>
                                                <extensions>
                            <sog>1.7</sog>
<cog>105.1</cog>
                        </extensions>
                    </trkpt>
                    <trkpt lat="54.36646833333334" lon="10.139334999999999">
                        <ele>0</ele>
                        <time>2022-08-18T23:31:00Z</time>
                                                <extensions>
                            <sog>1.6</sog>
<cog>104.4</cog>
                        </extensions>
                    </trkpt>
                    <trkpt lat="54.366461666666666" lon="10.139441666666666">
                        <ele>0</ele>
                        <time>2022-08-18T23:31:09Z</time>
                                                <extensions>
                            <sog>1.4</sog>
<cog>102.6</cog>
                        </extensions>
                    </trkpt>
                    <trkpt lat="54.36645166666666" lon="10.139550000000002">
                        <ele>0</ele>
                        <time>2022-08-18T23:31:20Z</time>
                                                <extensions>
                            <sog>1.3</sog>
<cog>101.6</cog>
                        </extensions>
                    </trkpt>
                    <trkpt lat="54.366436666666665" lon="10.139641666666668">
                        <ele>0</ele>
                        <time>2022-08-18T23:31:30Z</time>
                                                <extensions>
                            <sog>1.2</sog>
<cog>103.8</cog>
                        </extensions>
                    </trkpt>
                    <trkpt lat="54.36641833333333" lon="10.139728333333332">
                        <ele>0</ele>
                        <time>2022-08-18T23:31:40Z</time>
                                                <extensions>
                            <sog>1.2</sog>
<cog>108.8</cog>
                        </extensions>
                    </trkpt>
                    <trkpt lat="54.36640166666667" lon="10.139811666666667">
                        <ele>0</ele>
                        <time>2022-08-18T23:31:50Z</time>
                                                <extensions>
                            <sog>1.1</sog>
<cog>108.9</cog>
                        </extensions>
                    </trkpt>
                    <trkpt lat="54.36639" lon="10.139873333333332">
                        <ele>0</ele>
                        <time>2022-08-18T23:31:59Z</time>
                                                <extensions>
                            <sog>1.0</sog>
<cog>107.2</cog>
                        </extensions>
                    </trkpt>
                    <trkpt lat="54.36636166666666" lon="10.140021666666666">
                        <ele>0</ele>
                        <time>2022-08-18T23:32:20Z</time>
                                                <extensions>
                            <sog>0.9</sog>
<cog>107.1</cog>
                        </extensions>
                    </trkpt>
                    <trkpt lat="54.36634166666667" lon="10.140099999999999">
                        <ele>0</ele>
                        <time>2022-08-18T23:32:30Z</time>
                                                <extensions>
                            <sog>0.9</sog>
<cog>109.1</cog>
                        </extensions>
                    </trkpt>
                    <trkpt lat="54.36633" lon="10.140166666666666">
                        <ele>0</ele>
                        <time>2022-08-18T23:32:40Z</time>
                                                <extensions>
                            <sog>0.9</sog>
<cog>108.1</cog>
                        </extensions>
                    </trkpt>
                    <trkpt lat="54.36631333333333" lon="10.140248333333334">
                        <ele>0</ele>
                        <time>2022-08-18T23:32:50Z</time>
                                                <extensions>
                            <sog>0.9</sog>
<cog>106.1</cog>
                        </extensions>
                    </trkpt>
                    <trkpt lat="54.366303333333335" lon="10.1403">
                        <ele>0</ele>
                        <time>2022-08-18T23:32:59Z</time>
                                                <extensions>
                            <sog>0.8</sog>
<cog>105.5</cog>
                        </extensions>
                    </trkpt>
                    <trkpt lat="54.366290000000006" lon="10.140350000000002">
                        <ele>0</ele>
                        <time>2022-08-18T23:33:09Z</time>
                                                <extensions>
                            <sog>0.7</sog>
<cog>105.3</cog>
                        </extensions>
                    </trkpt>
                    <trkpt lat="54.366281666666666" lon="10.140391666666666">
                        <ele>0</ele>
                        <time>2022-08-18T23:33:20Z</time>
                                                <extensions>
                            <sog>0.6</sog>
<cog>105.3</cog>
                        </extensions>
                    </trkpt>
                    <trkpt lat="54.366276666666664" lon="10.140438333333332">
                        <ele>0</ele>
                        <time>2022-08-18T23:33:30Z</time>
                                                <extensions>
                            <sog>0.5</sog>
<cog>105.0</cog>
                        </extensions>
                    </trkpt>
                    <trkpt lat="54.36627166666666" lon="10.140473333333334">
                        <ele>0</ele>
                        <time>2022-08-18T23:33:40Z</time>
                                                <extensions>
                            <sog>0.5</sog>
<cog>104.9</cog>
                        </extensions>
                    </trkpt>
                    <trkpt lat="54.366265" lon="10.140525">
                        <ele>0</ele>
                        <time>2022-08-18T23:33:50Z</time>
                                                <extensions>
                            <sog>0.5</sog>
<cog>105.9</cog>
                        </extensions>
                    </trkpt>
                    <trkpt lat="54.36626666666667" lon="10.14057">
                        <ele>0</ele>
                        <time>2022-08-18T23:33:59Z</time>
                                                <extensions>
                            <sog>0.4</sog>
<cog>104.5</cog>
                        </extensions>
                    </trkpt>
                    <trkpt lat="54.36627" lon="10.14061">
                        <ele>0</ele>
                        <time>2022-08-18T23:34:09Z</time>
                                                <extensions>
                            <sog>0.3</sog>
<cog>98.6</cog>
                        </extensions>
                    </trkpt>
                    <trkpt lat="54.36627333333333" lon="10.140631666666668">
                        <ele>0</ele>
                        <time>2022-08-18T23:34:20Z</time>
                                                <extensions>
                            <sog>0.2</sog>
<cog>89.9</cog>
                        </extensions>
                    </trkpt>
                    <trkpt lat="54.366276666666664" lon="10.140636666666667">
                        <ele>0</ele>
                        <time>2022-08-18T23:34:30Z</time>
                                                <extensions>
                            <sog>0.1</sog>
<cog>86.9</cog>
                        </extensions>
                    </trkpt>
                    <trkpt lat="54.366278333333334" lon="10.140636666666667">
                        <ele>0</ele>
                        <time>2022-08-18T23:34:40Z</time>
                                                <extensions>
                            <sog>0.0</sog>
<cog>86.9</cog>
                        </extensions>
                    </trkpt>
                    <trkpt lat="54.366278333333334" lon="10.14064">
                        <ele>0</ele>
                        <time>2022-08-18T23:34:49Z</time>
                                                <extensions>
                            <sog>0.0</sog>
<cog>86.9</cog>
                        </extensions>
                    </trkpt>
                    <trkpt lat="54.366275" lon="10.140635">
                        <ele>0</ele>
                        <time>2022-08-18T23:34:59Z</time>
                                                <extensions>
                            <sog>0.0</sog>
<cog>86.9</cog>
                        </extensions>
                    </trkpt>
                    <trkpt lat="54.36627" lon="10.140623333333334">
                        <ele>0</ele>
                        <time>2022-08-18T23:35:09Z</time>
                                                <extensions>
                            <sog>0.0</sog>
<cog>86.9</cog>
                        </extensions>
                    </trkpt>
                    <trkpt lat="54.366265" lon="10.140604999999999">
                        <ele>0</ele>
                        <time>2022-08-18T23:35:20Z</time>
                                                <extensions>
                            <sog>0.0</sog>
<cog>86.9</cog>
                        </extensions>
                    </trkpt>
                    <trkpt lat="54.366265" lon="10.140595">
                        <ele>0</ele>
                        <time>2022-08-18T23:35:29Z</time>
                                                <extensions>
                            <sog>0.0</sog>
<cog>86.9</cog>
                        </extensions>
                    </trkpt>
                    <trkpt lat="54.366256666666665" lon="10.140588333333334">
                        <ele>0</ele>
                        <time>2022-08-18T23:35:40Z</time>
                                                <extensions>
                            <sog>0.1</sog>
<cog>86.9</cog>
                        </extensions>
                    </trkpt>
                    <trkpt lat="54.36624" lon="10.140616666666666">
                        <ele>0</ele>
                        <time>2022-08-18T23:35:49Z</time>
                                                <extensions>
                            <sog>0.2</sog>
<cog>177.7</cog>
                        </extensions>
                    </trkpt>
                    <trkpt lat="54.366213333333334" lon="10.140625">
                        <ele>0</ele>
                        <time>2022-08-18T23:35:59Z</time>
                                                <extensions>
                            <sog>0.2</sog>
<cog>168.8</cog>
                        </extensions>
                    </trkpt>
                    <trkpt lat="54.36619833333334" lon="10.140641666666665">
                        <ele>0</ele>
                        <time>2022-08-18T23:36:09Z</time>
                                                <extensions>
                            <sog>0.3</sog>
<cog>152.5</cog>
                        </extensions>
                    </trkpt>
                    <trkpt lat="54.366186666666664" lon="10.140636666666667">
                        <ele>0</ele>
                        <time>2022-08-18T23:36:20Z</time>
                                                <extensions>
                            <sog>0.2</sog>
<cog>165.0</cog>
                        </extensions>
                    </trkpt>
                    <trkpt lat="54.36617666666667" lon="10.14061">
                        <ele>0</ele>
                        <time>2022-08-18T23:36:29Z</time>
                                                <extensions>
                            <sog>0.1</sog>
<cog>167.4</cog>
                        </extensions>
                    </trkpt>
                    <trkpt lat="54.36615833333334" lon="10.140591666666667">
                        <ele>0</ele>
                        <time>2022-08-18T23:36:39Z</time>
                                                <extensions>
                            <sog>0.0</sog>
<cog>167.4</cog>
                        </extensions>
                    </trkpt>
                    <trkpt lat="54.36615166666666" lon="10.140598333333333">
                        <ele>0</ele>
                        <time>2022-08-18T23:36:49Z</time>
                                                <extensions>
                            <sog>0.0</sog>
<cog>167.4</cog>
                        </extensions>
                    </trkpt>
                    <trkpt lat="54.366155000000006" lon="10.140575">
                        <ele>0</ele>
                        <time>2022-08-18T23:36:59Z</time>
                                                <extensions>
                            <sog>0.0</sog>
<cog>167.4</cog>
                        </extensions>
                    </trkpt>
                    <trkpt lat="54.36616" lon="10.140576666666668">
                        <ele>0</ele>
                        <time>2022-08-18T23:37:09Z</time>
                                                <extensions>
                            <sog>0.0</sog>
<cog>167.4</cog>
                        </extensions>
                    </trkpt>
                    <trkpt lat="54.366165" lon="10.140591666666667">
                        <ele>0</ele>
                        <time>2022-08-18T23:37:20Z</time>
                                                <extensions>
                            <sog>0.0</sog>
<cog>167.4</cog>
                        </extensions>
                    </trkpt>
                    <trkpt lat="54.366168333333334" lon="10.140598333333333">
                        <ele>0</ele>
                        <time>2022-08-18T23:37:29Z</time>
                                                <extensions>
                            <sog>0.0</sog>
<cog>167.4</cog>
                        </extensions>
                    </trkpt>
                    <trkpt lat="54.366166666666665" lon="10.140601666666667">
                        <ele>0</ele>
                        <time>2022-08-18T23:37:39Z</time>
                                                <extensions>
                            <sog>0.0</sog>
<cog>167.4</cog>
                        </extensions>
                    </trkpt>
                    <trkpt lat="54.36616333333333" lon="10.14061">
                        <ele>0</ele>
                        <time>2022-08-18T23:37:49Z</time>
                                                <extensions>
                            <sog>0.0</sog>
<cog>167.4</cog>
                        </extensions>
                    </trkpt>
                    <trkpt lat="54.366165" lon="10.140618333333332">
                        <ele>0</ele>
                        <time>2022-08-18T23:37:59Z</time>
                                                <extensions>
                            <sog>0.0</sog>
<cog>167.4</cog>
                        </extensions>
                    </trkpt>
                    <trkpt lat="54.36616333333333" lon="10.140635">
                        <ele>0</ele>
                        <time>2022-08-18T23:38:09Z</time>
                                                <extensions>
                            <sog>0.0</sog>
<cog>167.4</cog>
                        </extensions>
                    </trkpt>
                    <trkpt lat="54.366173333333336" lon="10.140623333333334">
                        <ele>0</ele>
                        <time>2022-08-18T23:38:20Z</time>
                                                <extensions>
                            <sog>0.0</sog>
<cog>167.4</cog>
                        </extensions>
                    </trkpt>
                    <trkpt lat="54.366173333333336" lon="10.140626666666666">
                        <ele>0</ele>
                        <time>2022-08-18T23:38:29Z</time>
                                                <extensions>
                            <sog>0.0</sog>
<cog>167.4</cog>
                        </extensions>
                    </trkpt>
                    <trkpt lat="54.366173333333336" lon="10.14063">
                        <ele>0</ele>
                        <time>2022-08-18T23:38:39Z</time>
                                                <extensions>
                            <sog>0.0</sog>
<cog>167.4</cog>
                        </extensions>
                    </trkpt>
                    <trkpt lat="54.36617833333333" lon="10.140635">
                        <ele>0</ele>
                        <time>2022-08-18T23:38:50Z</time>
                                                <extensions>
                            <sog>0.0</sog>
<cog>167.4</cog>
                        </extensions>
                    </trkpt>
                    <trkpt lat="54.36618" lon="10.140638333333333">
                        <ele>0</ele>
                        <time>2022-08-18T23:39:01Z</time>
                                                <extensions>
                            <sog>0.0</sog>
<cog>167.4</cog>
                        </extensions>
                    </trkpt>
                    <trkpt lat="54.36618" lon="10.140641666666665">
                        <ele>0</ele>
                        <time>2022-08-18T23:39:09Z</time>
                                                <extensions>
                            <sog>0.0</sog>
<cog>167.4</cog>
                        </extensions>
                    </trkpt>
                    <trkpt lat="54.36618333333333" lon="10.140641666666665">
                        <ele>0</ele>
                        <time>2022-08-18T23:39:20Z</time>
                                                <extensions>
                            <sog>0.0</sog>
<cog>167.4</cog>
                        </extensions>
                    </trkpt>
                    <trkpt lat="54.36618333333333" lon="10.14064">
                        <ele>0</ele>
                        <time>2022-08-18T23:39:29Z</time>
                                                <extensions>
                            <sog>0.0</sog>
<cog>167.4</cog>
                        </extensions>
                    </trkpt>
                    <trkpt lat="54.366185" lon="10.140638333333333">
                        <ele>0</ele>
                        <time>2022-08-18T23:39:39Z</time>
                                                <extensions>
                            <sog>0.0</sog>
<cog>167.4</cog>
                        </extensions>
                    </trkpt>
                    <trkpt lat="54.366186666666664" lon="10.140636666666667">
                        <ele>0</ele>
                        <time>2022-08-18T23:39:50Z</time>
                                                <extensions>
                            <sog>0.0</sog>
<cog>167.4</cog>
                        </extensions>
                    </trkpt>
                    <trkpt lat="54.366185" lon="10.14061">
                        <ele>0</ele>
                        <time>2022-08-18T23:40:01Z</time>
                                                <extensions>
                            <sog>0.0</sog>
<cog>167.4</cog>
                        </extensions>
                    </trkpt>
                    <trkpt lat="54.366188333333334" lon="10.140601666666667">
                        <ele>0</ele>
                        <time>2022-08-18T23:40:09Z</time>
                                                <extensions>
                            <sog>0.0</sog>
<cog>167.4</cog>
                        </extensions>
                    </trkpt>
                    <trkpt lat="54.36619833333334" lon="10.140581666666666">
                        <ele>0</ele>
                        <time>2022-08-18T23:40:20Z</time>
                                                <extensions>
                            <sog>0.0</sog>
<cog>167.4</cog>
                        </extensions>
                    </trkpt>
                    <trkpt lat="54.36620333333334" lon="10.140566666666667">
                        <ele>0</ele>
                        <time>2022-08-18T23:40:29Z</time>
                                                <extensions>
                            <sog>0.0</sog>
<cog>167.4</cog>
                        </extensions>
                    </trkpt>
                    <trkpt lat="54.36620166666667" lon="10.140561666666667">
                        <ele>0</ele>
                        <time>2022-08-18T23:40:39Z</time>
                                                <extensions>
                            <sog>0.0</sog>
<cog>167.4</cog>
                        </extensions>
                    </trkpt>
                    <trkpt lat="54.366200000000006" lon="10.140565">
                        <ele>0</ele>
                        <time>2022-08-18T23:40:50Z</time>
                                                <extensions>
                            <sog>0.0</sog>
<cog>167.4</cog>
                        </extensions>
                    </trkpt>
                    <trkpt lat="54.366188333333334" lon="10.140585">
                        <ele>0</ele>
                        <time>2022-08-18T23:41:01Z</time>
                                                <extensions>
                            <sog>0.0</sog>
<cog>167.4</cog>
                        </extensions>
                    </trkpt>
                    <trkpt lat="54.36618166666666" lon="10.140591666666667">
                        <ele>0</ele>
                        <time>2022-08-18T23:41:09Z</time>
                                                <extensions>
                            <sog>0.0</sog>
<cog>167.4</cog>
                        </extensions>
                    </trkpt>
                    <trkpt lat="54.366173333333336" lon="10.140603333333333">
                        <ele>0</ele>
                        <time>2022-08-18T23:41:20Z</time>
                                                <extensions>
                            <sog>0.0</sog>
<cog>167.4</cog>
                        </extensions>
                    </trkpt>
                    <trkpt lat="54.366165" lon="10.140611666666667">
                        <ele>0</ele>
                        <time>2022-08-18T23:41:29Z</time>
                                                <extensions>
                            <sog>0.0</sog>
<cog>167.4</cog>
                        </extensions>
                    </trkpt>
                    <trkpt lat="54.366155000000006" lon="10.140618333333332">
                        <ele>0</ele>
                        <time>2022-08-18T23:41:39Z</time>
                                                <extensions>
                            <sog>0.0</sog>
<cog>167.4</cog>
                        </extensions>
                    </trkpt>
                    <trkpt lat="54.36614833333333" lon="10.140623333333334">
                        <ele>0</ele>
                        <time>2022-08-18T23:41:50Z</time>
                                                <extensions>
                            <sog>0.0</sog>
<cog>167.4</cog>
                        </extensions>
                    </trkpt>
                    <trkpt lat="54.36615" lon="10.140613333333333">
                        <ele>0</ele>
                        <time>2022-08-18T23:42:01Z</time>
                                                <extensions>
                            <sog>0.0</sog>
<cog>167.4</cog>
                        </extensions>
                    </trkpt>
                    <trkpt lat="54.36615666666667" lon="10.140595">
                        <ele>0</ele>
                        <time>2022-08-18T23:42:09Z</time>
                                                <extensions>
                            <sog>0.0</sog>
<cog>167.4</cog>
                        </extensions>
                    </trkpt>
                    <trkpt lat="54.36615833333334" lon="10.140576666666668">
                        <ele>0</ele>
                        <time>2022-08-18T23:42:20Z</time>
                                                <extensions>
                            <sog>0.0</sog>
<cog>167.4</cog>
                        </extensions>
                    </trkpt>
                    <trkpt lat="54.366166666666665" lon="10.140573333333332">
                        <ele>0</ele>
                        <time>2022-08-18T23:42:29Z</time>
                                                <extensions>
                            <sog>0.0</sog>
<cog>167.4</cog>
                        </extensions>
                    </trkpt>
                    <trkpt lat="54.366173333333336" lon="10.140571666666666">
                        <ele>0</ele>
                        <time>2022-08-18T23:42:39Z</time>
                                                <extensions>
                            <sog>0.0</sog>
<cog>167.4</cog>
                        </extensions>
                    </trkpt>
                    <trkpt lat="54.36617833333333" lon="10.140575">
                        <ele>0</ele>
                        <time>2022-08-18T23:42:50Z</time>
                                                <extensions>
                            <sog>0.0</sog>
<cog>167.4</cog>
                        </extensions>
                    </trkpt>
                    <trkpt lat="54.36618" lon="10.140573333333332">
                        <ele>0</ele>
                        <time>2022-08-18T23:42:59Z</time>
                                                <extensions>
                            <sog>0.0</sog>
<cog>167.4</cog>
                        </extensions>
                    </trkpt>
                    <trkpt lat="54.36618333333333" lon="10.140575">
                        <ele>0</ele>
                        <time>2022-08-18T23:43:10Z</time>
                                                <extensions>
                            <sog>0.0</sog>
<cog>167.4</cog>
                        </extensions>
                    </trkpt>
                    <trkpt lat="54.366188333333334" lon="10.140585">
                        <ele>0</ele>
                        <time>2022-08-18T23:43:20Z</time>
                                                <extensions>
                            <sog>0.0</sog>
<cog>167.4</cog>
                        </extensions>
                    </trkpt>
                    <trkpt lat="54.366188333333334" lon="10.140593333333333">
                        <ele>0</ele>
                        <time>2022-08-18T23:43:29Z</time>
                                                <extensions>
                            <sog>0.0</sog>
<cog>167.4</cog>
                        </extensions>
                    </trkpt>
                    <trkpt lat="54.366185" lon="10.140626666666666">
                        <ele>0</ele>
                        <time>2022-08-18T23:43:39Z</time>
                                                <extensions>
                            <sog>0.0</sog>
<cog>167.4</cog>
                        </extensions>
                    </trkpt>
                    <trkpt lat="54.36619666666666" lon="10.140636666666667">
                        <ele>0</ele>
                        <time>2022-08-18T23:43:50Z</time>
                                                <extensions>
                            <sog>0.0</sog>
<cog>167.4</cog>
                        </extensions>
                    </trkpt>
                    <trkpt lat="54.36619833333334" lon="10.140633333333334">
                        <ele>0</ele>
                        <time>2022-08-18T23:43:59Z</time>
                                                <extensions>
                            <sog>0.0</sog>
<cog>167.4</cog>
                        </extensions>
                    </trkpt>
                    <trkpt lat="54.366195" lon="10.140641666666665">
                        <ele>0</ele>
                        <time>2022-08-18T23:44:10Z</time>
                                                <extensions>
                            <sog>0.0</sog>
<cog>167.4</cog>
                        </extensions>
                    </trkpt>
                    <trkpt lat="54.366185" lon="10.140658333333333">
                        <ele>0</ele>
                        <time>2022-08-18T23:44:20Z</time>
                                                <extensions>
                            <sog>0.0</sog>
<cog>167.4</cog>
                        </extensions>
                    </trkpt>
                    <trkpt lat="54.366171666666666" lon="10.14067">
                        <ele>0</ele>
                        <time>2022-08-18T23:44:29Z</time>
                                                <extensions>
                            <sog>0.0</sog>
<cog>167.4</cog>
                        </extensions>
                    </trkpt>
                    <trkpt lat="54.36616166666667" lon="10.140675">
                        <ele>0</ele>
                        <time>2022-08-18T23:44:39Z</time>
                                                <extensions>
                            <sog>0.0</sog>
<cog>167.4</cog>
                        </extensions>
                    </trkpt>
                    <trkpt lat="54.36616" lon="10.140675">
                        <ele>0</ele>
                        <time>2022-08-18T23:44:49Z</time>
                                                <extensions>
                            <sog>0.0</sog>
<cog>167.4</cog>
                        </extensions>
                    </trkpt>
                    <trkpt lat="54.36615666666667" lon="10.140676666666668">
                        <ele>0</ele>
                        <time>2022-08-18T23:44:59Z</time>
                                                <extensions>
                            <sog>0.0</sog>
<cog>167.4</cog>
                        </extensions>
                    </trkpt>
                    <trkpt lat="54.36615166666666" lon="10.140678333333334">
                        <ele>0</ele>
                        <time>2022-08-18T23:45:10Z</time>
                                                <extensions>
                            <sog>0.0</sog>
<cog>167.4</cog>
                        </extensions>
                    </trkpt>
                    <trkpt lat="54.366141666666664" lon="10.140666666666668">
                        <ele>0</ele>
                        <time>2022-08-18T23:45:20Z</time>
                                                <extensions>
                            <sog>0.0</sog>
<cog>167.4</cog>
                        </extensions>
                    </trkpt>
                    <trkpt lat="54.36613166666667" lon="10.140655">
                        <ele>0</ele>
                        <time>2022-08-18T23:45:29Z</time>
                                                <extensions>
                            <sog>0.0</sog>
<cog>167.4</cog>
                        </extensions>
                    </trkpt>
                    <trkpt lat="54.36612" lon="10.14063">
                        <ele>0</ele>
                        <time>2022-08-18T23:45:39Z</time>
                                                <extensions>
                            <sog>0.0</sog>
<cog>167.4</cog>
                        </extensions>
                    </trkpt>
                    <trkpt lat="54.366115" lon="10.140635">
                        <ele>0</ele>
                        <time>2022-08-18T23:45:49Z</time>
                                                <extensions>
                            <sog>0.0</sog>
<cog>167.4</cog>
                        </extensions>
                    </trkpt>
                    <trkpt lat="54.36611166666667" lon="10.140641666666665">
                        <ele>0</ele>
                        <time>2022-08-18T23:45:59Z</time>
                                                <extensions>
                            <sog>0.0</sog>
<cog>167.4</cog>
                        </extensions>
                    </trkpt>
                    <trkpt lat="54.36610666666666" lon="10.140643333333333">
                        <ele>0</ele>
                        <time>2022-08-18T23:46:10Z</time>
                                                <extensions>
                            <sog>0.0</sog>
<cog>167.4</cog>
                        </extensions>
                    </trkpt>
                    <trkpt lat="54.366105" lon="10.140643333333333">
                        <ele>0</ele>
                        <time>2022-08-18T23:46:20Z</time>
                                                <extensions>
                            <sog>0.0</sog>
<cog>167.4</cog>
                        </extensions>
                    </trkpt>
                    <trkpt lat="54.36610666666666" lon="10.14064">
                        <ele>0</ele>
                        <time>2022-08-18T23:46:29Z</time>
                                                <extensions>
                            <sog>0.0</sog>
<cog>167.4</cog>
                        </extensions>
                    </trkpt>
                    <trkpt lat="54.36611333333334" lon="10.140638333333333">
                        <ele>0</ele>
                        <time>2022-08-18T23:46:39Z</time>
                                                <extensions>
                            <sog>0.0</sog>
<cog>167.4</cog>
                        </extensions>
                    </trkpt>
                    <trkpt lat="54.366123333333334" lon="10.140631666666668">
                        <ele>0</ele>
                        <time>2022-08-18T23:46:49Z</time>
                                                <extensions>
                            <sog>0.0</sog>
<cog>167.4</cog>
                        </extensions>
                    </trkpt>
                    <trkpt lat="54.36613" lon="10.140628333333332">
                        <ele>0</ele>
                        <time>2022-08-18T23:46:59Z</time>
                                                <extensions>
                            <sog>0.0</sog>
<cog>167.4</cog>
                        </extensions>
                    </trkpt>
                    <trkpt lat="54.36613333333333" lon="10.140628333333332">
                        <ele>0</ele>
                        <time>2022-08-18T23:47:10Z</time>
                                                <extensions>
                            <sog>0.0</sog>
<cog>167.4</cog>
                        </extensions>
                    </trkpt>
                    <trkpt lat="54.36613333333333" lon="10.140633333333334">
                        <ele>0</ele>
                        <time>2022-08-18T23:47:20Z</time>
                                                <extensions>
                            <sog>0.0</sog>
<cog>167.4</cog>
                        </extensions>
                    </trkpt>
                    <trkpt lat="54.366135" lon="10.140638333333333">
                        <ele>0</ele>
                        <time>2022-08-18T23:47:29Z</time>
                                                <extensions>
                            <sog>0.0</sog>
<cog>167.4</cog>
                        </extensions>
                    </trkpt>
                    <trkpt lat="54.36613666666666" lon="10.140643333333333">
                        <ele>0</ele>
                        <time>2022-08-18T23:47:39Z</time>
                                                <extensions>
                            <sog>0.0</sog>
<cog>167.4</cog>
                        </extensions>
                    </trkpt>
                    <trkpt lat="54.36614833333333" lon="10.140635">
                        <ele>0</ele>
                        <time>2022-08-18T23:47:49Z</time>
                                                <extensions>
                            <sog>0.0</sog>
<cog>167.4</cog>
                        </extensions>
                    </trkpt>
                    <trkpt lat="54.36615833333334" lon="10.140646666666667">
                        <ele>0</ele>
                        <time>2022-08-18T23:48:01Z</time>
                                                <extensions>
                            <sog>0.0</sog>
<cog>167.4</cog>
                        </extensions>
                    </trkpt>
                    <trkpt lat="54.36616166666667" lon="10.140648333333333">
                        <ele>0</ele>
                        <time>2022-08-18T23:48:10Z</time>
                                                <extensions>
                            <sog>0.0</sog>
<cog>167.4</cog>
                        </extensions>
                    </trkpt>
                    <trkpt lat="54.366165" lon="10.140631666666668">
                        <ele>0</ele>
                        <time>2022-08-18T23:48:20Z</time>
                                                <extensions>
                            <sog>0.0</sog>
<cog>167.4</cog>
                        </extensions>
                    </trkpt>
                    <trkpt lat="54.366166666666665" lon="10.140635">
                        <ele>0</ele>
                        <time>2022-08-18T23:48:30Z</time>
                                                <extensions>
                            <sog>0.0</sog>
<cog>167.4</cog>
                        </extensions>
                    </trkpt>
                    <trkpt lat="54.366165" lon="10.14064">
                        <ele>0</ele>
                        <time>2022-08-18T23:48:40Z</time>
                                                <extensions>
                            <sog>0.0</sog>
<cog>167.4</cog>
                        </extensions>
                    </trkpt>
                    <trkpt lat="54.366166666666665" lon="10.140643333333333">
                        <ele>0</ele>
                        <time>2022-08-18T23:48:49Z</time>
                                                <extensions>
                            <sog>0.0</sog>
<cog>167.4</cog>
                        </extensions>
                    </trkpt>
                    <trkpt lat="54.366168333333334" lon="10.140648333333333">
                        <ele>0</ele>
                        <time>2022-08-18T23:49:01Z</time>
                                                <extensions>
                            <sog>0.0</sog>
<cog>167.4</cog>
                        </extensions>
                    </trkpt>
                    <trkpt lat="54.366168333333334" lon="10.140643333333333">
                        <ele>0</ele>
                        <time>2022-08-18T23:49:10Z</time>
                                                <extensions>
                            <sog>0.0</sog>
<cog>167.4</cog>
                        </extensions>
                    </trkpt>
                    <trkpt lat="54.366168333333334" lon="10.140636666666667">
                        <ele>0</ele>
                        <time>2022-08-18T23:49:20Z</time>
                                                <extensions>
                            <sog>0.0</sog>
<cog>167.4</cog>
                        </extensions>
                    </trkpt>
                    <trkpt lat="54.366168333333334" lon="10.14063">
                        <ele>0</ele>
                        <time>2022-08-18T23:49:30Z</time>
                                                <extensions>
                            <sog>0.0</sog>
<cog>167.4</cog>
                        </extensions>
                    </trkpt>
                    <trkpt lat="54.366171666666666" lon="10.140621666666668">
                        <ele>0</ele>
                        <time>2022-08-18T23:49:40Z</time>
                                                <extensions>
                            <sog>0.0</sog>
<cog>167.4</cog>
                        </extensions>
                    </trkpt>
                    <trkpt lat="54.366173333333336" lon="10.140618333333332">
                        <ele>0</ele>
                        <time>2022-08-18T23:49:49Z</time>
                                                <extensions>
                            <sog>0.0</sog>
<cog>167.4</cog>
                        </extensions>
                    </trkpt>
                    <trkpt lat="54.366191666666666" lon="10.140621666666668">
                        <ele>0</ele>
                        <time>2022-08-18T23:50:01Z</time>
                                                <extensions>
                            <sog>0.0</sog>
<cog>167.4</cog>
                        </extensions>
                    </trkpt>
                    <trkpt lat="54.36620666666667" lon="10.140621666666668">
                        <ele>0</ele>
                        <time>2022-08-18T23:50:10Z</time>
                                                <extensions>
                            <sog>0.0</sog>
<cog>167.4</cog>
                        </extensions>
                    </trkpt>
                    <trkpt lat="54.366216666666666" lon="10.14062">
                        <ele>0</ele>
                        <time>2022-08-18T23:50:19Z</time>
                                                <extensions>
                            <sog>0.0</sog>
<cog>167.4</cog>
                        </extensions>
                    </trkpt>
                    <trkpt lat="54.366218333333336" lon="10.14062">
                        <ele>0</ele>
                        <time>2022-08-18T23:50:30Z</time>
                                                <extensions>
                            <sog>0.0</sog>
<cog>167.4</cog>
                        </extensions>
                    </trkpt>
                    <trkpt lat="54.366213333333334" lon="10.14062">
                        <ele>0</ele>
                        <time>2022-08-18T23:50:40Z</time>
                                                <extensions>
                            <sog>0.0</sog>
<cog>167.4</cog>
                        </extensions>
                    </trkpt>
                    <trkpt lat="54.36621" lon="10.140621666666668">
                        <ele>0</ele>
                        <time>2022-08-18T23:50:49Z</time>
                                                <extensions>
                            <sog>0.0</sog>
<cog>167.4</cog>
                        </extensions>
                    </trkpt>
                    <trkpt lat="54.366216666666666" lon="10.140615">
                        <ele>0</ele>
                        <time>2022-08-18T23:51:01Z</time>
                                                <extensions>
                            <sog>0.0</sog>
<cog>167.4</cog>
                        </extensions>
                    </trkpt>
                    <trkpt lat="54.36622333333333" lon="10.140611666666667">
                        <ele>0</ele>
                        <time>2022-08-18T23:51:10Z</time>
                                                <extensions>
                            <sog>0.0</sog>
<cog>167.4</cog>
                        </extensions>
                    </trkpt>
                    <trkpt lat="54.366225" lon="10.140613333333333">
                        <ele>0</ele>
                        <time>2022-08-18T23:51:19Z</time>
                                                <extensions>
                            <sog>0.0</sog>
<cog>167.4</cog>
                        </extensions>
                    </trkpt>
                    <trkpt lat="54.36622833333333" lon="10.140615">
                        <ele>0</ele>
                        <time>2022-08-18T23:51:30Z</time>
                                                <extensions>
                            <sog>0.0</sog>
<cog>167.4</cog>
                        </extensions>
                    </trkpt>
                    <trkpt lat="54.366233333333334" lon="10.140616666666666">
                        <ele>0</ele>
                        <time>2022-08-18T23:51:40Z</time>
                                                <extensions>
                            <sog>0.0</sog>
<cog>167.4</cog>
                        </extensions>
                    </trkpt>
                    <trkpt lat="54.366231666666664" lon="10.140618333333332">
                        <ele>0</ele>
                        <time>2022-08-18T23:51:49Z</time>
                                                <extensions>
                            <sog>0.0</sog>
<cog>167.4</cog>
                        </extensions>
                    </trkpt>
                    <trkpt lat="54.366218333333336" lon="10.140623333333334">
                        <ele>0</ele>
                        <time>2022-08-18T23:52:01Z</time>
                                                <extensions>
                            <sog>0.0</sog>
<cog>167.4</cog>
                        </extensions>
                    </trkpt>
                    <trkpt lat="54.36620666666667" lon="10.140626666666666">
                        <ele>0</ele>
                        <time>2022-08-18T23:52:10Z</time>
                                                <extensions>
                            <sog>0.0</sog>
<cog>167.4</cog>
                        </extensions>
                    </trkpt>
                    <trkpt lat="54.36619666666666" lon="10.14063">
                        <ele>0</ele>
                        <time>2022-08-18T23:52:19Z</time>
                                                <extensions>
                            <sog>0.0</sog>
<cog>167.4</cog>
                        </extensions>
                    </trkpt>
                    <trkpt lat="54.366185" lon="10.14063">
                        <ele>0</ele>
                        <time>2022-08-18T23:52:30Z</time>
                                                <extensions>
                            <sog>0.0</sog>
<cog>167.4</cog>
                        </extensions>
                    </trkpt>
                    <trkpt lat="54.36617833333333" lon="10.14063">
                        <ele>0</ele>
                        <time>2022-08-18T23:52:40Z</time>
                                                <extensions>
                            <sog>0.0</sog>
<cog>167.4</cog>
                        </extensions>
                    </trkpt>
                    <trkpt lat="54.366175" lon="10.140628333333332">
                        <ele>0</ele>
                        <time>2022-08-18T23:52:50Z</time>
                                                <extensions>
                            <sog>0.0</sog>
<cog>167.4</cog>
                        </extensions>
                    </trkpt>
                    <trkpt lat="54.366173333333336" lon="10.140628333333332">
                        <ele>0</ele>
                        <time>2022-08-18T23:53:01Z</time>
                                                <extensions>
                            <sog>0.0</sog>
<cog>167.4</cog>
                        </extensions>
                    </trkpt>
                    <trkpt lat="54.366170000000004" lon="10.140623333333334">
                        <ele>0</ele>
                        <time>2022-08-18T23:53:10Z</time>
                                                <extensions>
                            <sog>0.0</sog>
<cog>167.4</cog>
                        </extensions>
                    </trkpt>
                    <trkpt lat="54.366168333333334" lon="10.14062">
                        <ele>0</ele>
                        <time>2022-08-18T23:53:19Z</time>
                                                <extensions>
                            <sog>0.0</sog>
<cog>167.4</cog>
                        </extensions>
                    </trkpt>
                    <trkpt lat="54.366166666666665" lon="10.140616666666666">
                        <ele>0</ele>
                        <time>2022-08-18T23:53:30Z</time>
                                                <extensions>
                            <sog>0.0</sog>
<cog>167.4</cog>
                        </extensions>
                    </trkpt>
                    <trkpt lat="54.366173333333336" lon="10.140608333333335">
                        <ele>0</ele>
                        <time>2022-08-18T23:53:40Z</time>
                                                <extensions>
                            <sog>0.0</sog>
<cog>167.4</cog>
                        </extensions>
                    </trkpt>
                    <trkpt lat="54.366186666666664" lon="10.140608333333335">
                        <ele>0</ele>
                        <time>2022-08-18T23:53:50Z</time>
                                                <extensions>
                            <sog>0.0</sog>
<cog>167.4</cog>
                        </extensions>
                    </trkpt>
                    <trkpt lat="54.36619333333333" lon="10.140600000000001">
                        <ele>0</ele>
                        <time>2022-08-18T23:54:01Z</time>
                                                <extensions>
                            <sog>0.0</sog>
<cog>167.4</cog>
                        </extensions>
                    </trkpt>
                    <trkpt lat="54.36619666666666" lon="10.140593333333333">
                        <ele>0</ele>
                        <time>2022-08-18T23:54:10Z</time>
                                                <extensions>
                            <sog>0.0</sog>
<cog>167.4</cog>
                        </extensions>
                    </trkpt>
                    <trkpt lat="54.36620166666667" lon="10.140588333333334">
                        <ele>0</ele>
                        <time>2022-08-18T23:54:19Z</time>
                                                <extensions>
                            <sog>0.0</sog>
<cog>167.4</cog>
                        </extensions>
                    </trkpt>
                    <trkpt lat="54.36620166666667" lon="10.14059">
                        <ele>0</ele>
                        <time>2022-08-18T23:54:30Z</time>
                                                <extensions>
                            <sog>0.0</sog>
<cog>167.4</cog>
                        </extensions>
                    </trkpt>
                    <trkpt lat="54.366200000000006" lon="10.140595">
                        <ele>0</ele>
                        <time>2022-08-18T23:54:40Z</time>
                                                <extensions>
                            <sog>0.0</sog>
<cog>167.4</cog>
                        </extensions>
                    </trkpt>
                    <trkpt lat="54.36620333333334" lon="10.140606666666667">
                        <ele>0</ele>
                        <time>2022-08-18T23:54:50Z</time>
                                                <extensions>
                            <sog>0.0</sog>
<cog>167.4</cog>
                        </extensions>
                    </trkpt>
                    <trkpt lat="54.36620333333334" lon="10.14061">
                        <ele>0</ele>
                        <time>2022-08-18T23:55:00Z</time>
                                                <extensions>
                            <sog>0.0</sog>
<cog>167.4</cog>
                        </extensions>
                    </trkpt>
                    <trkpt lat="54.36620333333334" lon="10.140611666666667">
                        <ele>0</ele>
                        <time>2022-08-18T23:55:10Z</time>
                                                <extensions>
                            <sog>0.0</sog>
<cog>167.4</cog>
                        </extensions>
                    </trkpt>
                    <trkpt lat="54.36620166666667" lon="10.14062">
                        <ele>0</ele>
                        <time>2022-08-18T23:55:19Z</time>
                                                <extensions>
                            <sog>0.0</sog>
<cog>167.4</cog>
                        </extensions>
                    </trkpt>
                    <trkpt lat="54.366200000000006" lon="10.140626666666666">
                        <ele>0</ele>
                        <time>2022-08-18T23:55:30Z</time>
                                                <extensions>
                            <sog>0.0</sog>
<cog>167.4</cog>
                        </extensions>
                    </trkpt>
                    <trkpt lat="54.36620333333334" lon="10.140626666666666">
                        <ele>0</ele>
                        <time>2022-08-18T23:55:39Z</time>
                                                <extensions>
                            <sog>0.0</sog>
<cog>167.4</cog>
                        </extensions>
                    </trkpt>
                    <trkpt lat="54.36620333333334" lon="10.140633333333334">
                        <ele>0</ele>
                        <time>2022-08-18T23:55:50Z</time>
                                                <extensions>
                            <sog>0.0</sog>
<cog>167.4</cog>
                        </extensions>
                    </trkpt>
                    <trkpt lat="54.36620666666667" lon="10.140625">
                        <ele>0</ele>
                        <time>2022-08-18T23:56:00Z</time>
                                                <extensions>
                            <sog>0.0</sog>
<cog>167.4</cog>
                        </extensions>
                    </trkpt>
                    <trkpt lat="54.36621" lon="10.14062">
                        <ele>0</ele>
                        <time>2022-08-18T23:56:10Z</time>
                                                <extensions>
                            <sog>0.0</sog>
<cog>167.4</cog>
                        </extensions>
                    </trkpt>
                    <trkpt lat="54.36621" lon="10.140615">
                        <ele>0</ele>
                        <time>2022-08-18T23:56:19Z</time>
                                                <extensions>
                            <sog>0.0</sog>
<cog>167.4</cog>
                        </extensions>
                    </trkpt>
                    <trkpt lat="54.36621" lon="10.14062">
                        <ele>0</ele>
                        <time>2022-08-18T23:56:29Z</time>
                                                <extensions>
                            <sog>0.0</sog>
<cog>167.4</cog>
                        </extensions>
                    </trkpt>
                    <trkpt lat="54.366213333333334" lon="10.140625">
                        <ele>0</ele>
                        <time>2022-08-18T23:56:39Z</time>
                                                <extensions>
                            <sog>0.0</sog>
<cog>167.4</cog>
                        </extensions>
                    </trkpt>
                    <trkpt lat="54.366213333333334" lon="10.14063">
                        <ele>0</ele>
                        <time>2022-08-18T23:56:50Z</time>
                                                <extensions>
                            <sog>0.0</sog>
<cog>167.4</cog>
                        </extensions>
                    </trkpt>
                    <trkpt lat="54.36621" lon="10.140633333333334">
                        <ele>0</ele>
                        <time>2022-08-18T23:57:00Z</time>
                                                <extensions>
                            <sog>0.0</sog>
<cog>167.4</cog>
                        </extensions>
                    </trkpt>
                    <trkpt lat="54.36620833333333" lon="10.140635">
                        <ele>0</ele>
                        <time>2022-08-18T23:57:10Z</time>
                                                <extensions>
                            <sog>0.0</sog>
<cog>167.4</cog>
                        </extensions>
                    </trkpt>
                    <trkpt lat="54.36620666666667" lon="10.140633333333334">
                        <ele>0</ele>
                        <time>2022-08-18T23:57:19Z</time>
                                                <extensions>
                            <sog>0.0</sog>
<cog>167.4</cog>
                        </extensions>
                    </trkpt>
                    <trkpt lat="54.366205" lon="10.140631666666668">
                        <ele>0</ele>
                        <time>2022-08-18T23:57:29Z</time>
                                                <extensions>
                            <sog>0.0</sog>
<cog>167.4</cog>
                        </extensions>
                    </trkpt>
                    <trkpt lat="54.36619666666666" lon="10.140618333333332">
                        <ele>0</ele>
                        <time>2022-08-18T23:57:39Z</time>
                                                <extensions>
                            <sog>0.0</sog>
<cog>167.4</cog>
                        </extensions>
                    </trkpt>
                    <trkpt lat="54.36619666666666" lon="10.140615">
                        <ele>0</ele>
                        <time>2022-08-18T23:57:50Z</time>
                                                <extensions>
                            <sog>0.0</sog>
<cog>167.4</cog>
                        </extensions>
                    </trkpt>
                    <trkpt lat="54.366200000000006" lon="10.140618333333332">
                        <ele>0</ele>
                        <time>2022-08-18T23:58:00Z</time>
                                                <extensions>
                            <sog>0.0</sog>
<cog>167.4</cog>
                        </extensions>
                    </trkpt>
                    <trkpt lat="54.36619666666666" lon="10.140631666666668">
                        <ele>0</ele>
                        <time>2022-08-18T23:58:10Z</time>
                                                <extensions>
                            <sog>0.0</sog>
<cog>167.4</cog>
                        </extensions>
                    </trkpt>
                    <trkpt lat="54.36619666666666" lon="10.140636666666667">
                        <ele>0</ele>
                        <time>2022-08-18T23:58:20Z</time>
                                                <extensions>
                            <sog>0.0</sog>
<cog>167.4</cog>
                        </extensions>
                    </trkpt>
                    <trkpt lat="54.36619833333334" lon="10.140631666666668">
                        <ele>0</ele>
                        <time>2022-08-18T23:58:29Z</time>
                                                <extensions>
                            <sog>0.0</sog>
<cog>167.4</cog>
                        </extensions>
                    </trkpt>
                    <trkpt lat="54.366200000000006" lon="10.140631666666668">
                        <ele>0</ele>
                        <time>2022-08-18T23:58:39Z</time>
                                                <extensions>
                            <sog>0.0</sog>
<cog>167.4</cog>
                        </extensions>
                    </trkpt>
                    <trkpt lat="54.36620166666667" lon="10.140631666666668">
                        <ele>0</ele>
                        <time>2022-08-18T23:58:50Z</time>
                                                <extensions>
                            <sog>0.0</sog>
<cog>167.4</cog>
                        </extensions>
                    </trkpt>
                    <trkpt lat="54.36620666666667" lon="10.140628333333332">
                        <ele>0</ele>
                        <time>2022-08-18T23:59:00Z</time>
                                                <extensions>
                            <sog>0.0</sog>
<cog>167.4</cog>
                        </extensions>
                    </trkpt>
                    <trkpt lat="54.366213333333334" lon="10.140623333333334">
                        <ele>0</ele>
                        <time>2022-08-18T23:59:10Z</time>
                                                <extensions>
                            <sog>0.0</sog>
<cog>167.4</cog>
                        </extensions>
                    </trkpt>
                    <trkpt lat="54.366216666666666" lon="10.140616666666666">
                        <ele>0</ele>
                        <time>2022-08-18T23:59:20Z</time>
                                                <extensions>
                            <sog>0.0</sog>
<cog>167.4</cog>
                        </extensions>
                    </trkpt>
                    <trkpt lat="54.36622" lon="10.140611666666667">
                        <ele>0</ele>
                        <time>2022-08-18T23:59:29Z</time>
                                                <extensions>
                            <sog>0.0</sog>
<cog>167.4</cog>
                        </extensions>
                    </trkpt>
                    <trkpt lat="54.36622166666667" lon="10.14061">
                        <ele>0</ele>
                        <time>2022-08-18T23:59:39Z</time>
                                                <extensions>
                            <sog>0.0</sog>
<cog>167.4</cog>
                        </extensions>
                    </trkpt>
                    <trkpt lat="54.36622166666667" lon="10.140613333333333">
                        <ele>0</ele>
                        <time>2022-08-18T23:59:50Z</time>
                                                <extensions>
                            <sog>0.0</sog>
<cog>167.4</cog>
                        </extensions>
                    </trkpt>
                    </trkseg>
                </trk>
</gpx>